pattern_seed,start_kind,start_id,arm,gate_activated,probe_rate,probe_r2,probe_initial_speed,outcome,outcome_pure_id,target_preserved,mixture_escaped,converged,plasticity_exposure,max_weight_deviation,final_weight_deviation,final_state_speed,tail_speed_max
20000,pure,0,frozen,False,0.8116692778213882,0.999992426173747,0.06234177939209566,pure,0,True,False,True,0.0,0.0,0.0,1.1316663619319978e-12,2.4544199089182452e-12
20000,pure,0,always_on,True,0.8116692778213882,0.999992426173747,0.06234177939209566,pure,2,False,False,False,1.0000000000000004,0.4053604206559261,0.0012272508651595803,0.004911976237233037,0.005661518581417532
20000,pure,0,initial_speed_gate,True,0.8116692778213882,0.999992426173747,0.06234177939209566,pure,2,False,False,False,1.0000000000000004,0.4053604206559261,0.0012272508651595803,0.004911976237233037,0.005661518581417532
20000,pure,0,decay_rate_gate,True,0.8116692778213882,0.999992426173747,0.06234177939209566,pure,2,False,False,False,1.0000000000000004,0.4053604206559261,0.0012272508651595803,0.004911976237233037,0.005661518581417532
20000,pure,1,frozen,False,0.9963571809510778,0.9999999999993047,0.0007385319574346037,pure,1,True,False,True,0.0,0.0,0.0,1.2412670766236365e-14,1.2412670766236365e-14
20000,pure,1,always_on,True,0.9963571809510778,0.9999999999993047,0.0007385319574346037,pure,2,False,False,False,1.0000000000000004,0.43982175941635954,0.0013315844548561044,0.0026841286681286974,0.0031350916663301703
20000,pure,1,initial_speed_gate,False,0.9963571809510778,0.9999999999993047,0.0007385319574346037,pure,1,True,False,True,0.0,0.0,0.0,1.2412670766236365e-14,1.2412670766236365e-14
20000,pure,1,decay_rate_gate,False,0.9963571809510778,0.9999999999993047,0.0007385319574346037,pure,1,True,False,True,0.0,0.0,0.0,1.2412670766236365e-14,1.2412670766236365e-14
20000,pure,2,frozen,False,0.5548339125249904,0.9995430192400018,0.23524849011185553,pure,2,True,False,True,0.0,0.0,0.0,4.7908492674990354e-06,6.5418797350757365e-06
20000,pure,2,always_on,True,0.5548339125249904,0.9995430192400018,0.23524849011185553,pure,0,False,False,False,1.0000000000000004,0.4060470964867429,0.0012293298138297381,0.00032374138374323316,0.0003909866257221242
20000,pure,2,initial_speed_gate,True,0.5548339125249904,0.9995430192400018,0.23524849011185553,pure,0,False,False,False,1.0000000000000004,0.4060470964867429,0.0012293298138297381,0.00032374138374323316,0.0003909866257221242
20000,pure,2,decay_rate_gate,True,0.5548339125249904,0.9995430192400018,0.23524849011185553,pure,0,False,False,False,1.0000000000000004,0.4060470964867429,0.0012293298138297381,0.00032374138374323316,0.0003909866257221242
20000,mixture,3,frozen,False,0.5718275821074245,0.9995361925251749,0.23559385183341597,mixture,-1,False,False,True,0.0,0.0,0.0,3.5582196411226458e-06,4.905769176384339e-06
20000,mixture,3,always_on,True,0.5718275821074245,0.9995361925251749,0.23559385183341597,pure,2,False,False,False,1.0000000000000004,0.4029541130499182,0.0012199656371487207,0.003976956659995259,0.004611308073321455
20000,mixture,3,initial_speed_gate,True,0.5718275821074245,0.9995361925251749,0.23559385183341597,pure,2,False,False,False,1.0000000000000004,0.4029541130499182,0.0012199656371487207,0.003976956659995259,0.004611308073321455
20000,mixture,3,decay_rate_gate,True,0.5718275821074245,0.9995361925251749,0.23559385183341597,pure,2,False,False,False,1.0000000000000004,0.4029541130499182,0.0012199656371487207,0.003976956659995259,0.004611308073321455
20005,pure,0,frozen,False,0.9993668388220774,0.9999999999999993,0.00017214723843679035,pure,0,True,False,True,0.0,0.0,0.0,1.2412670766236365e-14,1.2412670766236365e-14
20005,pure,0,always_on,True,0.9993668388220774,0.9999999999999993,0.00017214723843679035,pure,0,True,False,True,1.0000000000000004,0.4412225278512266,0.0013358253579795385,9.22427618430743e-07,1.1289617281575428e-06
20005,pure,0,initial_speed_gate,False,0.9993668388220774,0.9999999999999993,0.00017214723843679035,pure,0,True,False,True,0.0,0.0,0.0,1.2412670766236365e-14,1.2412670766236365e-14
20005,pure,0,decay_rate_gate,False,0.9993668388220774,0.9999999999999993,0.00017214723843679035,pure,0,True,False,True,0.0,0.0,0.0,1.2412670766236365e-14,1.2412670766236365e-14
20005,pure,1,frozen,False,0.9993668388220774,0.9999999999999993,0.00017214723843679035,pure,1,True,False,True,0.0,0.0,0.0,1.2412670766236365e-14,1.2412670766236365e-14
20005,pure,1,always_on,True,0.9993668388220774,0.9999999999999993,0.00017214723843679035,pure,1,True,False,True,1.0000000000000004,0.4412225278512267,0.0013358253579795385,9.22427618430743e-07,1.1289617281575428e-06
20005,pure,1,initial_speed_gate,False,0.9993668388220774,0.9999999999999993,0.00017214723843679035,pure,1,True,False,True,0.0,0.0,0.0,1.2412670766236365e-14,1.2412670766236365e-14
20005,pure,1,decay_rate_gate,False,0.9993668388220774,0.9999999999999993,0.00017214723843679035,pure,1,True,False,True,0.0,0.0,0.0,1.2412670766236365e-14,1.2412670766236365e-14
20005,pure,2,frozen,False,0.999966257630878,1.0,1.1095311534288534e-05,pure,2,True,False,True,0.0,0.0,0.0,1.2412670766236365e-14,1.2412670766236365e-14
20005,pure,2,always_on,True,0.999966257630878,1.0,1.1095311534288534e-05,pure,2,True,False,True,1.0000000000000004,0.4416503778414528,0.0013371206972474688,5.947857452280573e-08,7.279600287516575e-08
20005,pure,2,initial_speed_gate,False,0.999966257630878,1.0,1.1095311534288534e-05,pure,2,True,False,True,0.0,0.0,0.0,1.2412670766236365e-14,1.2412670766236365e-14
20005,pure,2,decay_rate_gate,False,0.999966257630878,1.0,1.1095311534288534e-05,pure,2,True,False,True,0.0,0.0,0.0,1.2412670766236365e-14,1.2412670766236365e-14
20005,mixture,3,frozen,False,0.8479088115448891,0.9999969662576954,0.10174547747947252,mixture,-1,False,False,True,0.0,0.0,0.0,4.818788207260243e-13,1.0900005914171254e-12
20005,mixture,3,always_on,True,0.8479088115448891,0.9999969662576954,0.10174547747947252,other,-1,False,False,False,1.0000000000000004,0.36675193294507613,0.0011103615549773395,0.00019823151874216093,0.00024048951661735315
20005,mixture,3,initial_speed_gate,True,0.8479088115448891,0.9999969662576954,0.10174547747947252,other,-1,False,False,False,1.0000000000000004,0.36675193294507613,0.0011103615549773395,0.00019823151874216093,0.00024048951661735315
20005,mixture,3,decay_rate_gate,True,0.8479088115448891,0.9999969662576954,0.10174547747947252,other,-1,False,False,False,1.0000000000000004,0.36675193294507613,0.0011103615549773395,0.00019823151874216093,0.00024048951661735315
20010,pure,0,frozen,False,0.9995433625859085,0.9999999999999999,0.00012197905074121552,pure,0,True,False,True,0.0,0.0,0.0,1.2412670766236365e-14,1.2412670766236365e-14
20010,pure,0,always_on,True,0.9995433625859085,0.9999999999999999,0.00012197905074121552,pure,0,True,False,True,1.0000000000000004,0.4414371220530659,0.0013364750536737657,6.535250833513249e-07,7.998500237299172e-07
20010,pure,0,initial_speed_gate,False,0.9995433625859085,0.9999999999999999,0.00012197905074121552,pure,0,True,False,True,0.0,0.0,0.0,1.2412670766236365e-14,1.2412670766236365e-14
20010,pure,0,decay_rate_gate,False,0.9995433625859085,0.9999999999999999,0.00012197905074121552,pure,0,True,False,True,0.0,0.0,0.0,1.2412670766236365e-14,1.2412670766236365e-14
20010,pure,1,frozen,False,0.9998517685704069,1.0,3.690246169482102e-05,pure,1,True,False,True,0.0,0.0,0.0,1.2412670766236365e-14,1.2412670766236365e-14
20010,pure,1,always_on,True,0.9998517685704069,1.0,3.690246169482102e-05,pure,1,True,False,True,1.0000000000000004,0.4415857241913584,0.00133692495478232,1.9781684779207174e-07,2.421086965435088e-07
20010,pure,1,initial_speed_gate,False,0.9998517685704069,1.0,3.690246169482102e-05,pure,1,True,False,True,0.0,0.0,0.0,1.2412670766236365e-14,1.2412670766236365e-14
20010,pure,1,decay_rate_gate,False,0.9998517685704069,1.0,3.690246169482102e-05,pure,1,True,False,True,0.0,0.0,0.0,1.2412670766236365e-14,1.2412670766236365e-14
20010,pure,2,frozen,False,0.9998517685704069,1.0,3.690246169482102e-05,pure,2,True,False,True,0.0,0.0,0.0,1.2412670766236365e-14,1.2412670766236365e-14
20010,pure,2,always_on,True,0.9998517685704069,1.0,3.690246169482102e-05,pure,2,True,False,True,1.0000000000000004,0.4415857241913584,0.00133692495478232,1.9781684779207174e-07,2.421086965435088e-07
20010,pure,2,initial_speed_gate,False,0.9998517685704069,1.0,3.690246169482102e-05,pure,2,True,False,True,0.0,0.0,0.0,1.2412670766236365e-14,1.2412670766236365e-14
20010,pure,2,decay_rate_gate,False,0.9998517685704069,1.0,3.690246169482102e-05,pure,2,True,False,True,0.0,0.0,0.0,1.2412670766236365e-14,1.2412670766236365e-14
20010,mixture,3,frozen,False,0.7860790470892682,0.9999818741941322,0.11381347621665762,mixture,-1,False,False,True,0.0,0.0,0.0,8.829621594539711e-12,1.8244013504452232e-11
20010,mixture,3,always_on,True,0.7860790470892682,0.9999818741941322,0.11381347621665762,other,-1,False,False,True,1.0000000000000004,0.3424431851823498,0.0010367654903335106,7.63496921914805e-05,9.303627054108245e-05
20010,mixture,3,initial_speed_gate,True,0.7860790470892682,0.9999818741941322,0.11381347621665762,other,-1,False,False,True,1.0000000000000004,0.3424431851823498,0.0010367654903335106,7.63496921914805e-05,9.303627054108245e-05
20010,mixture,3,decay_rate_gate,True,0.7860790470892682,0.9999818741941322,0.11381347621665762,other,-1,False,False,True,1.0000000000000004,0.3424431851823498,0.0010367654903335106,7.63496921914805e-05,9.303627054108245e-05
20015,pure,0,frozen,False,0.999966257630878,1.0,1.1095311534288534e-05,pure,0,True,False,True,0.0,0.0,0.0,1.2412670766236365e-14,1.2412670766236365e-14
20015,pure,0,always_on,True,0.999966257630878,1.0,1.1095311534288534e-05,pure,0,True,False,True,1.0000000000000004,0.44165037784145283,0.0013371206972474744,5.947857452280573e-08,7.279600287516575e-08
20015,pure,0,initial_speed_gate,False,0.999966257630878,1.0,1.1095311534288534e-05,pure,0,True,False,True,0.0,0.0,0.0,1.2412670766236365e-14,1.2412670766236365e-14
20015,pure,0,decay_rate_gate,False,0.999966257630878,1.0,1.1095311534288534e-05,pure,0,True,False,True,0.0,0.0,0.0,1.2412670766236365e-14,1.2412670766236365e-14
20015,pure,1,frozen,False,0.999966257630878,1.0,1.1095311534288534e-05,pure,1,True,False,True,0.0,0.0,0.0,1.2412670766236365e-14,1.2412670766236365e-14
20015,pure,1,always_on,True,0.999966257630878,1.0,1.1095311534288534e-05,pure,1,True,False,True,1.0000000000000004,0.44165037784145283,0.0013371206972474744,5.947857452280573e-08,7.279600287516575e-08
20015,pure,1,initial_speed_gate,False,0.999966257630878,1.0,1.1095311534288534e-05,pure,1,True,False,True,0.0,0.0,0.0,1.2412670766236365e-14,1.2412670766236365e-14
20015,pure,1,decay_rate_gate,False,0.999966257630878,1.0,1.1095311534288534e-05,pure,1,True,False,True,0.0,0.0,0.0,1.2412670766236365e-14,1.2412670766236365e-14
20015,pure,2,frozen,False,0.999966257630878,1.0,1.1095311534288534e-05,pure,2,True,False,True,0.0,0.0,0.0,1.2412670766236365e-14,1.2412670766236365e-14
20015,pure,2,always_on,True,0.999966257630878,1.0,1.1095311534288534e-05,pure,2,True,False,True,1.0000000000000004,0.44165037784145283,0.0013371206972474744,5.947857452280573e-08,7.279600287516575e-08
20015,pure,2,initial_speed_gate,False,0.999966257630878,1.0,1.1095311534288534e-05,pure,2,True,False,True,0.0,0.0,0.0,1.2412670766236365e-14,1.2412670766236365e-14
20015,pure,2,decay_rate_gate,False,0.999966257630878,1.0,1.1095311534288534e-05,pure,2,True,False,True,0.0,0.0,0.0,1.2412670766236365e-14,1.2412670766236365e-14
20015,mixture,3,frozen,False,0.9881824949178573,0.9999999999211552,0.028537999547896948,mixture,-1,False,False,True,0.0,0.0,0.0,1.2412670766236365e-14,1.2412670766236365e-14
20015,mixture,3,always_on,True,0.9881824949178573,0.9999999999211552,0.028537999547896948,mixture,-1,False,False,False,1.0000000000000004,0.39600093853336915,0.0011989145206451873,0.0001366605097017212,0.00016714556923946687
20015,mixture,3,initial_speed_gate,False,0.9881824949178573,0.9999999999211552,0.028537999547896948,mixture,-1,False,False,True,0.0,0.0,0.0,1.2412670766236365e-14,1.2412670766236365e-14
20015,mixture,3,decay_rate_gate,False,0.9881824949178573,0.9999999999211552,0.028537999547896948,mixture,-1,False,False,True,0.0,0.0,0.0,1.2412670766236365e-14,1.2412670766236365e-14
20021,pure,0,frozen,False,0.9993668388220777,0.9999999999999993,0.00017214723843679035,pure,0,True,False,True,0.0,0.0,0.0,1.2412670766236365e-14,1.2412670766236365e-14
20021,pure,0,always_on,True,0.9993668388220777,0.9999999999999993,0.00017214723843679035,pure,0,True,False,True,1.0000000000000004,0.4412225278512266,0.0013358253579795385,9.22427618430743e-07,1.1289617281575428e-06
20021,pure,0,initial_speed_gate,False,0.9993668388220777,0.9999999999999993,0.00017214723843679035,pure,0,True,False,True,0.0,0.0,0.0,1.2412670766236365e-14,1.2412670766236365e-14
20021,pure,0,decay_rate_gate,False,0.9993668388220777,0.9999999999999993,0.00017214723843679035,pure,0,True,False,True,0.0,0.0,0.0,1.2412670766236365e-14,1.2412670766236365e-14
20021,pure,1,frozen,False,0.9993668388220777,0.9999999999999993,0.00017214723843679035,pure,1,True,False,True,0.0,0.0,0.0,1.2412670766236365e-14,1.2412670766236365e-14
20021,pure,1,always_on,True,0.9993668388220777,0.9999999999999993,0.00017214723843679035,pure,1,True,False,True,1.0000000000000004,0.4412225278512267,0.0013358253579795385,9.22427618430743e-07,1.1289617281575428e-06
20021,pure,1,initial_speed_gate,False,0.9993668388220777,0.9999999999999993,0.00017214723843679035,pure,1,True,False,True,0.0,0.0,0.0,1.2412670766236365e-14,1.2412670766236365e-14
20021,pure,1,decay_rate_gate,False,0.9993668388220777,0.9999999999999993,0.00017214723843679035,pure,1,True,False,True,0.0,0.0,0.0,1.2412670766236365e-14,1.2412670766236365e-14
20021,pure,2,frozen,False,0.999966257630878,1.0,1.1095311534288534e-05,pure,2,True,False,True,0.0,0.0,0.0,1.2412670766236365e-14,1.2412670766236365e-14
20021,pure,2,always_on,True,0.999966257630878,1.0,1.1095311534288534e-05,pure,2,True,False,True,1.0000000000000004,0.4416503778414528,0.0013371206972474688,5.947857452280573e-08,7.279600287516575e-08
20021,pure,2,initial_speed_gate,False,0.999966257630878,1.0,1.1095311534288534e-05,pure,2,True,False,True,0.0,0.0,0.0,1.2412670766236365e-14,1.2412670766236365e-14
20021,pure,2,decay_rate_gate,False,0.999966257630878,1.0,1.1095311534288534e-05,pure,2,True,False,True,0.0,0.0,0.0,1.2412670766236365e-14,1.2412670766236365e-14
20021,mixture,3,frozen,False,0.8479088115448887,0.9999969662576954,0.1017454774794725,mixture,-1,False,False,True,0.0,0.0,0.0,4.819180700180265e-13,1.0900005914171254e-12
20021,mixture,3,always_on,True,0.8479088115448887,0.9999969662576954,0.1017454774794725,other,-1,False,False,False,1.0000000000000004,0.36675193294507613,0.0011103615549773395,0.0001982315187422787,0.0002404895166175494
20021,mixture,3,initial_speed_gate,True,0.8479088115448887,0.9999969662576954,0.1017454774794725,other,-1,False,False,False,1.0000000000000004,0.36675193294507613,0.0011103615549773395,0.0001982315187422787,0.0002404895166175494
20021,mixture,3,decay_rate_gate,True,0.8479088115448887,0.9999969662576954,0.1017454774794725,other,-1,False,False,False,1.0000000000000004,0.36675193294507613,0.0011103615549773395,0.0001982315187422787,0.0002404895166175494
20030,pure,0,frozen,False,0.9855685305556936,0.9999999998228525,0.003336347906056895,pure,0,True,False,True,0.0,0.0,0.0,1.2412670766236365e-14,1.2412670766236365e-14
20030,pure,0,always_on,True,0.9855685305556936,0.9999999998228525,0.003336347906056895,mixture,-1,False,False,True,1.0000000000000004,0.433747660913112,0.001313194789109602,4.765549001401646e-05,5.814896765227993e-05
20030,pure,0,initial_speed_gate,False,0.9855685305556936,0.9999999998228525,0.003336347906056895,pure,0,True,False,True,0.0,0.0,0.0,1.2412670766236365e-14,1.2412670766236365e-14
20030,pure,0,decay_rate_gate,False,0.9855685305556936,0.9999999998228525,0.003336347906056895,pure,0,True,False,True,0.0,0.0,0.0,1.2412670766236365e-14,1.2412670766236365e-14
20030,pure,1,frozen,False,0.8140720145006327,0.999992711500223,0.062306148160613306,pure,1,True,False,True,0.0,0.0,0.0,1.060255193676455e-12,2.3037377225397313e-12
20030,pure,1,always_on,True,0.8140720145006327,0.999992711500223,0.062306148160613306,mixture,-1,False,False,True,1.0000000000000004,0.40898760076526275,0.001238232351512733,6.769813432821003e-05,8.249201342681003e-05
20030,pure,1,initial_speed_gate,True,0.8140720145006327,0.999992711500223,0.062306148160613306,mixture,-1,False,False,True,1.0000000000000004,0.40898760076526275,0.001238232351512733,6.769813432821003e-05,8.249201342681003e-05
20030,pure,1,decay_rate_gate,True,0.8140720145006327,0.999992711500223,0.062306148160613306,mixture,-1,False,False,True,1.0000000000000004,0.40898760076526275,0.001238232351512733,6.769813432821003e-05,8.249201342681003e-05
20030,pure,2,frozen,False,0.8140720145006336,0.999992711500223,0.062306148160613306,pure,2,True,False,True,0.0,0.0,0.0,1.0603833798468627e-12,2.3037377225397313e-12
20030,pure,2,always_on,True,0.8140720145006336,0.999992711500223,0.062306148160613306,mixture,-1,False,False,True,1.0000000000000004,0.4089876007652627,0.001238232351512733,6.769813432821003e-05,8.249201342686087e-05
20030,pure,2,initial_speed_gate,True,0.8140720145006336,0.999992711500223,0.062306148160613306,mixture,-1,False,False,True,1.0000000000000004,0.4089876007652627,0.001238232351512733,6.769813432821003e-05,8.249201342686087e-05
20030,pure,2,decay_rate_gate,True,0.8140720145006336,0.999992711500223,0.062306148160613306,mixture,-1,False,False,True,1.0000000000000004,0.4089876007652627,0.001238232351512733,6.769813432821003e-05,8.249201342686087e-05
20030,mixture,3,frozen,False,0.982267683812964,0.9999999995808976,0.018049036602986186,mixture,-1,False,False,True,0.0,0.0,0.0,1.15484543030194e-14,1.15484543030194e-14
20030,mixture,3,always_on,True,0.982267683812964,0.9999999995808976,0.018049036602986186,mixture,-1,False,False,False,1.0000000000000004,0.4188687350634276,0.0012681480265461817,8.897170375748064e-05,0.00010884449026060811
20030,mixture,3,initial_speed_gate,False,0.982267683812964,0.9999999995808976,0.018049036602986186,mixture,-1,False,False,True,0.0,0.0,0.0,1.15484543030194e-14,1.15484543030194e-14
20030,mixture,3,decay_rate_gate,False,0.982267683812964,0.9999999995808976,0.018049036602986186,mixture,-1,False,False,True,0.0,0.0,0.0,1.15484543030194e-14,1.15484543030194e-14
20035,pure,0,frozen,False,0.999401158115884,0.9999999999999996,0.000136275115391252,pure,0,True,False,True,0.0,0.0,0.0,1.2412670766236365e-14,1.2412670766236365e-14
20035,pure,0,always_on,True,0.999401158115884,0.9999999999999996,0.000136275115391252,pure,0,True,False,True,1.0000000000000004,0.44138138499053714,0.0013363063066654738,7.303035986107304e-07,8.93821247422828e-07
20035,pure,0,initial_speed_gate,False,0.999401158115884,0.9999999999999996,0.000136275115391252,pure,0,True,False,True,0.0,0.0,0.0,1.2412670766236365e-14,1.2412670766236365e-14
20035,pure,0,decay_rate_gate,False,0.999401158115884,0.9999999999999996,0.000136275115391252,pure,0,True,False,True,0.0,0.0,0.0,1.2412670766236365e-14,1.2412670766236365e-14
20035,pure,1,frozen,False,0.9977883323758457,0.999999999999908,0.0006033432389334415,pure,1,True,False,True,0.0,0.0,0.0,1.2412670766236365e-14,1.2412670766236365e-14
20035,pure,1,always_on,True,0.9977883323758457,0.999999999999908,0.0006033432389334415,pure,1,True,False,True,1.0000000000000004,0.4404682169433876,0.0013335416404110592,3.2245092281946615e-06,3.946451716175806e-06
20035,pure,1,initial_speed_gate,False,0.9977883323758457,0.999999999999908,0.0006033432389334415,pure,1,True,False,True,0.0,0.0,0.0,1.2412670766236365e-14,1.2412670766236365e-14
20035,pure,1,decay_rate_gate,False,0.9977883323758457,0.999999999999908,0.0006033432389334415,pure,1,True,False,True,0.0,0.0,0.0,1.2412670766236365e-14,1.2412670766236365e-14
20035,pure,2,frozen,False,0.9977883323758383,0.999999999999908,0.0006033432389334416,pure,2,True,False,True,0.0,0.0,0.0,1.2412670766236365e-14,1.2412670766236365e-14
20035,pure,2,always_on,True,0.9977883323758383,0.999999999999908,0.0006033432389334416,pure,2,True,False,True,1.0000000000000004,0.4404682169433876,0.0013335416404110592,3.2245092281946615e-06,3.946451716175806e-06
20035,pure,2,initial_speed_gate,False,0.9977883323758383,0.999999999999908,0.0006033432389334416,pure,2,True,False,True,0.0,0.0,0.0,1.2412670766236365e-14,1.2412670766236365e-14
20035,pure,2,decay_rate_gate,False,0.9977883323758383,0.999999999999908,0.0006033432389334416,pure,2,True,False,True,0.0,0.0,0.0,1.2412670766236365e-14,1.2412670766236365e-14
20035,mixture,3,frozen,False,0.9714254311394996,0.9999999956817994,0.02085210369750745,mixture,-1,False,False,True,0.0,0.0,0.0,1.2265829192012248e-14,1.2265829192012248e-14
20035,mixture,3,always_on,True,0.9714254311394996,0.9999999956817994,0.02085210369750745,mixture,-1,False,False,False,1.0000000000000004,0.4095265330797209,0.0012398639985981114,0.00010506010263840598,0.00013030951125926783
20035,mixture,3,initial_speed_gate,False,0.9714254311394996,0.9999999956817994,0.02085210369750745,mixture,-1,False,False,True,0.0,0.0,0.0,1.2265829192012248e-14,1.2265829192012248e-14
20035,mixture,3,decay_rate_gate,False,0.9714254311394996,0.9999999956817994,0.02085210369750745,mixture,-1,False,False,True,0.0,0.0,0.0,1.2265829192012248e-14,1.2265829192012248e-14
20036,pure,0,frozen,False,0.9998517685704069,1.0,3.690246169482102e-05,pure,0,True,False,True,0.0,0.0,0.0,1.2412670766236365e-14,1.2412670766236365e-14
20036,pure,0,always_on,True,0.9998517685704069,1.0,3.690246169482102e-05,pure,0,True,False,True,1.0000000000000004,0.4415857241913584,0.00133692495478232,1.9781684779207174e-07,2.421086965435088e-07
20036,pure,0,initial_speed_gate,False,0.9998517685704069,1.0,3.690246169482102e-05,pure,0,True,False,True,0.0,0.0,0.0,1.2412670766236365e-14,1.2412670766236365e-14
20036,pure,0,decay_rate_gate,False,0.9998517685704069,1.0,3.690246169482102e-05,pure,0,True,False,True,0.0,0.0,0.0,1.2412670766236365e-14,1.2412670766236365e-14
20036,pure,1,frozen,False,0.9995433625859083,0.9999999999999999,0.00012197905074121552,pure,1,True,False,True,0.0,0.0,0.0,1.2412670766236365e-14,1.2412670766236365e-14
20036,pure,1,always_on,True,0.9995433625859083,0.9999999999999999,0.00012197905074121552,pure,1,True,False,True,1.0000000000000004,0.44143712205306596,0.0013364750536737657,6.53525083351325e-07,7.998500237299172e-07
20036,pure,1,initial_speed_gate,False,0.9995433625859083,0.9999999999999999,0.00012197905074121552,pure,1,True,False,True,0.0,0.0,0.0,1.2412670766236365e-14,1.2412670766236365e-14
20036,pure,1,decay_rate_gate,False,0.9995433625859083,0.9999999999999999,0.00012197905074121552,pure,1,True,False,True,0.0,0.0,0.0,1.2412670766236365e-14,1.2412670766236365e-14
20036,pure,2,frozen,False,0.9998517685704071,1.0,3.690246169482102e-05,pure,2,True,False,True,0.0,0.0,0.0,1.2412670766236365e-14,1.2412670766236365e-14
20036,pure,2,always_on,True,0.9998517685704071,1.0,3.690246169482102e-05,pure,2,True,False,True,1.0000000000000004,0.4415857241913584,0.00133692495478232,1.978168477920717e-07,2.421086965435088e-07
20036,pure,2,initial_speed_gate,False,0.9998517685704071,1.0,3.690246169482102e-05,pure,2,True,False,True,0.0,0.0,0.0,1.2412670766236365e-14,1.2412670766236365e-14
20036,pure,2,decay_rate_gate,False,0.9998517685704071,1.0,3.690246169482102e-05,pure,2,True,False,True,0.0,0.0,0.0,1.2412670766236365e-14,1.2412670766236365e-14
20036,mixture,3,frozen,False,0.7860790470892683,0.9999818741941322,0.11381347621665758,mixture,-1,False,False,True,0.0,0.0,0.0,8.829411018619208e-12,1.8243978407844308e-11
20036,mixture,3,always_on,True,0.7860790470892683,0.9999818741941322,0.11381347621665758,other,-1,False,False,True,1.0000000000000004,0.3424431851823498,0.0010367654903335106,7.634969219136955e-05,9.303627054108122e-05
20036,mixture,3,initial_speed_gate,True,0.7860790470892683,0.9999818741941322,0.11381347621665758,other,-1,False,False,True,1.0000000000000004,0.3424431851823498,0.0010367654903335106,7.634969219136955e-05,9.303627054108122e-05
20036,mixture,3,decay_rate_gate,True,0.7860790470892683,0.9999818741941322,0.11381347621665758,other,-1,False,False,True,1.0000000000000004,0.3424431851823498,0.0010367654903335106,7.634969219136955e-05,9.303627054108122e-05
20037,pure,0,frozen,False,0.9995433625859087,0.9999999999999999,0.00012197905074121552,pure,0,True,False,True,0.0,0.0,0.0,1.2412670766236365e-14,1.2412670766236365e-14
20037,pure,0,always_on,True,0.9995433625859087,0.9999999999999999,0.00012197905074121552,pure,0,True,False,True,1.0000000000000004,0.44143712205306596,0.0013364750536737657,6.53525083351325e-07,7.998500237299172e-07
20037,pure,0,initial_speed_gate,False,0.9995433625859087,0.9999999999999999,0.00012197905074121552,pure,0,True,False,True,0.0,0.0,0.0,1.2412670766236365e-14,1.2412670766236365e-14
20037,pure,0,decay_rate_gate,False,0.9995433625859087,0.9999999999999999,0.00012197905074121552,pure,0,True,False,True,0.0,0.0,0.0,1.2412670766236365e-14,1.2412670766236365e-14
20037,pure,1,frozen,False,0.9998517685704071,1.0,3.690246169482102e-05,pure,1,True,False,True,0.0,0.0,0.0,1.2412670766236365e-14,1.2412670766236365e-14
20037,pure,1,always_on,True,0.9998517685704071,1.0,3.690246169482102e-05,pure,1,True,False,True,1.0000000000000004,0.4415857241913584,0.00133692495478232,1.978168477920717e-07,2.421086965435088e-07
20037,pure,1,initial_speed_gate,False,0.9998517685704071,1.0,3.690246169482102e-05,pure,1,True,False,True,0.0,0.0,0.0,1.2412670766236365e-14,1.2412670766236365e-14
20037,pure,1,decay_rate_gate,False,0.9998517685704071,1.0,3.690246169482102e-05,pure,1,True,False,True,0.0,0.0,0.0,1.2412670766236365e-14,1.2412670766236365e-14
20037,pure,2,frozen,False,0.9998517685704069,1.0,3.690246169482102e-05,pure,2,True,False,True,0.0,0.0,0.0,1.2412670766236365e-14,1.2412670766236365e-14
20037,pure,2,always_on,True,0.9998517685704069,1.0,3.690246169482102e-05,pure,2,True,False,True,1.0000000000000004,0.4415857241913584,0.00133692495478232,1.9781684779207174e-07,2.421086965435088e-07
20037,pure,2,initial_speed_gate,False,0.9998517685704069,1.0,3.690246169482102e-05,pure,2,True,False,True,0.0,0.0,0.0,1.2412670766236365e-14,1.2412670766236365e-14
20037,pure,2,decay_rate_gate,False,0.9998517685704069,1.0,3.690246169482102e-05,pure,2,True,False,True,0.0,0.0,0.0,1.2412670766236365e-14,1.2412670766236365e-14
20037,mixture,3,frozen,False,0.7860790470892681,0.9999818741941322,0.11381347621665762,mixture,-1,False,False,True,0.0,0.0,0.0,8.82958649890171e-12,1.824408369746553e-11
20037,mixture,3,always_on,True,0.7860790470892681,0.9999818741941322,0.11381347621665762,other,-1,False,False,True,1.0000000000000004,0.3424431851823498,0.0010367654903335104,7.634969219148051e-05,9.303627054107753e-05
20037,mixture,3,initial_speed_gate,True,0.7860790470892681,0.9999818741941322,0.11381347621665762,other,-1,False,False,True,1.0000000000000004,0.3424431851823498,0.0010367654903335104,7.634969219148051e-05,9.303627054107753e-05
20037,mixture,3,decay_rate_gate,True,0.7860790470892681,0.9999818741941322,0.11381347621665762,other,-1,False,False,True,1.0000000000000004,0.3424431851823498,0.0010367654903335104,7.634969219148051e-05,9.303627054107753e-05
20043,pure,0,frozen,False,0.9998517685704071,1.0,3.690246169482102e-05,pure,0,True,False,True,0.0,0.0,0.0,1.2412670766236365e-14,1.2412670766236365e-14
20043,pure,0,always_on,True,0.9998517685704071,1.0,3.690246169482102e-05,pure,0,True,False,True,1.0000000000000004,0.4415857241913584,0.00133692495478232,1.9781684779207174e-07,2.421086965435088e-07
20043,pure,0,initial_speed_gate,False,0.9998517685704071,1.0,3.690246169482102e-05,pure,0,True,False,True,0.0,0.0,0.0,1.2412670766236365e-14,1.2412670766236365e-14
20043,pure,0,decay_rate_gate,False,0.9998517685704071,1.0,3.690246169482102e-05,pure,0,True,False,True,0.0,0.0,0.0,1.2412670766236365e-14,1.2412670766236365e-14
20043,pure,1,frozen,False,0.9995433625859087,0.9999999999999999,0.0001219790507412155,pure,1,True,False,True,0.0,0.0,0.0,1.2412670766236365e-14,1.2412670766236365e-14
20043,pure,1,always_on,True,0.9995433625859087,0.9999999999999999,0.0001219790507412155,pure,1,True,False,True,1.0000000000000004,0.44143712205306596,0.001336475053673766,6.53525083351325e-07,7.998500237299172e-07
20043,pure,1,initial_speed_gate,False,0.9995433625859087,0.9999999999999999,0.0001219790507412155,pure,1,True,False,True,0.0,0.0,0.0,1.2412670766236365e-14,1.2412670766236365e-14
20043,pure,1,decay_rate_gate,False,0.9995433625859087,0.9999999999999999,0.0001219790507412155,pure,1,True,False,True,0.0,0.0,0.0,1.2412670766236365e-14,1.2412670766236365e-14
20043,pure,2,frozen,False,0.9998517685704069,1.0,3.690246169482102e-05,pure,2,True,False,True,0.0,0.0,0.0,1.2412670766236365e-14,1.2412670766236365e-14
20043,pure,2,always_on,True,0.9998517685704069,1.0,3.690246169482102e-05,pure,2,True,False,True,1.0000000000000004,0.4415857241913584,0.00133692495478232,1.9781684779207174e-07,2.421086965435088e-07
20043,pure,2,initial_speed_gate,False,0.9998517685704069,1.0,3.690246169482102e-05,pure,2,True,False,True,0.0,0.0,0.0,1.2412670766236365e-14,1.2412670766236365e-14
20043,pure,2,decay_rate_gate,False,0.9998517685704069,1.0,3.690246169482102e-05,pure,2,True,False,True,0.0,0.0,0.0,1.2412670766236365e-14,1.2412670766236365e-14
20043,mixture,3,frozen,False,0.7198817075221267,0.9999368420474559,0.07209939210314947,mixture,-1,False,False,True,0.0,0.0,0.0,1.277794346599819e-10,2.3865834592371254e-10
20043,mixture,3,always_on,True,0.7198817075221267,0.9999368420474559,0.07209939210314947,pure,1,False,True,True,1.0000000000000004,0.39212479121845806,0.0011871792724469532,3.07299366212644e-07,3.727589001633965e-07
20043,mixture,3,initial_speed_gate,True,0.7198817075221267,0.9999368420474559,0.07209939210314947,pure,1,False,True,True,1.0000000000000004,0.39212479121845806,0.0011871792724469532,3.07299366212644e-07,3.727589001633965e-07
20043,mixture,3,decay_rate_gate,True,0.7198817075221267,0.9999368420474559,0.07209939210314947,pure,1,False,True,True,1.0000000000000004,0.39212479121845806,0.0011871792724469532,3.07299366212644e-07,3.727589001633965e-07
20051,pure,0,frozen,False,0.9891895364012077,0.9999999999447733,0.0029841235861076303,pure,0,True,False,True,0.0,0.0,0.0,1.2412670766236365e-14,1.2412670766236365e-14
20051,pure,0,always_on,True,0.9891895364012077,0.9999999999447733,0.0029841235861076303,mixture,-1,False,False,True,1.0000000000000004,0.4358811360325346,0.0013196540018312005,1.6888792225857823e-05,2.0559200244373743e-05
20051,pure,0,initial_speed_gate,False,0.9891895364012077,0.9999999999447733,0.0029841235861076303,pure,0,True,False,True,0.0,0.0,0.0,1.2412670766236365e-14,1.2412670766236365e-14
20051,pure,0,decay_rate_gate,False,0.9891895364012077,0.9999999999447733,0.0029841235861076303,pure,0,True,False,True,0.0,0.0,0.0,1.2412670766236365e-14,1.2412670766236365e-14
20051,pure,1,frozen,False,0.9891895364012028,0.9999999999447733,0.0029841235861076303,pure,1,True,False,True,0.0,0.0,0.0,1.2412670766236365e-14,1.2412670766236365e-14
20051,pure,1,always_on,True,0.9891895364012028,0.9999999999447733,0.0029841235861076303,mixture,-1,False,False,True,1.0000000000000004,0.4358811360325346,0.0013196540018312005,1.6888792225857823e-05,2.0559200244373743e-05
20051,pure,1,initial_speed_gate,False,0.9891895364012028,0.9999999999447733,0.0029841235861076303,pure,1,True,False,True,0.0,0.0,0.0,1.2412670766236365e-14,1.2412670766236365e-14
20051,pure,1,decay_rate_gate,False,0.9891895364012028,0.9999999999447733,0.0029841235861076303,pure,1,True,False,True,0.0,0.0,0.0,1.2412670766236365e-14,1.2412670766236365e-14
20051,pure,2,frozen,False,0.9891895364011944,0.9999999999447733,0.0029841235861076303,pure,2,True,False,True,0.0,0.0,0.0,1.2412670766236365e-14,1.2412670766236365e-14
20051,pure,2,always_on,True,0.9891895364011944,0.9999999999447733,0.0029841235861076303,mixture,-1,False,False,True,1.0000000000000004,0.4358811360325346,0.0013196540018312005,1.6888792225857823e-05,2.0559200244373743e-05
20051,pure,2,initial_speed_gate,False,0.9891895364011944,0.9999999999447733,0.0029841235861076303,pure,2,True,False,True,0.0,0.0,0.0,1.2412670766236365e-14,1.2412670766236365e-14
20051,pure,2,decay_rate_gate,False,0.9891895364011944,0.9999999999447733,0.0029841235861076303,pure,2,True,False,True,0.0,0.0,0.0,1.2412670766236365e-14,1.2412670766236365e-14
20051,mixture,3,frozen,False,0.9988065108902788,0.999999999999992,0.005168639376466315,mixture,-1,False,False,True,0.0,0.0,0.0,1.2412670766236365e-14,1.2412670766236365e-14
20051,mixture,3,always_on,True,0.9988065108902788,0.999999999999992,0.005168639376466315,mixture,-1,False,False,True,1.0000000000000004,0.42905722212381237,0.0012989942288953505,2.6665768275194452e-05,3.26286469704038e-05
20051,mixture,3,initial_speed_gate,False,0.9988065108902788,0.999999999999992,0.005168639376466315,mixture,-1,False,False,True,0.0,0.0,0.0,1.2412670766236365e-14,1.2412670766236365e-14
20051,mixture,3,decay_rate_gate,False,0.9988065108902788,0.999999999999992,0.005168639376466315,mixture,-1,False,False,True,0.0,0.0,0.0,1.2412670766236365e-14,1.2412670766236365e-14
20067,pure,0,frozen,False,0.9998517685704071,1.0,3.690246169482102e-05,pure,0,True,False,True,0.0,0.0,0.0,1.2412670766236365e-14,1.2412670766236365e-14
20067,pure,0,always_on,True,0.9998517685704071,1.0,3.690246169482102e-05,pure,0,True,False,True,1.0000000000000004,0.4415857241913584,0.00133692495478232,1.9781684779207174e-07,2.421086965435088e-07
20067,pure,0,initial_speed_gate,False,0.9998517685704071,1.0,3.690246169482102e-05,pure,0,True,False,True,0.0,0.0,0.0,1.2412670766236365e-14,1.2412670766236365e-14
20067,pure,0,decay_rate_gate,False,0.9998517685704071,1.0,3.690246169482102e-05,pure,0,True,False,True,0.0,0.0,0.0,1.2412670766236365e-14,1.2412670766236365e-14
20067,pure,1,frozen,False,0.9998517685704071,1.0,3.690246169482102e-05,pure,1,True,False,True,0.0,0.0,0.0,1.2412670766236365e-14,1.2412670766236365e-14
20067,pure,1,always_on,True,0.9998517685704071,1.0,3.690246169482102e-05,pure,1,True,False,True,1.0000000000000004,0.4415857241913584,0.00133692495478232,1.9781684779207174e-07,2.421086965435088e-07
20067,pure,1,initial_speed_gate,False,0.9998517685704071,1.0,3.690246169482102e-05,pure,1,True,False,True,0.0,0.0,0.0,1.2412670766236365e-14,1.2412670766236365e-14
20067,pure,1,decay_rate_gate,False,0.9998517685704071,1.0,3.690246169482102e-05,pure,1,True,False,True,0.0,0.0,0.0,1.2412670766236365e-14,1.2412670766236365e-14
20067,pure,2,frozen,False,0.9995433625859604,0.9999999999999999,0.0001219790507412155,pure,2,True,False,True,0.0,0.0,0.0,1.2412670766236365e-14,1.2412670766236365e-14
20067,pure,2,always_on,True,0.9995433625859604,0.9999999999999999,0.0001219790507412155,pure,2,True,False,True,1.0000000000000004,0.4414371220530659,0.0013364750536737657,6.535250833513249e-07,7.998500237299172e-07
20067,pure,2,initial_speed_gate,False,0.9995433625859604,0.9999999999999999,0.0001219790507412155,pure,2,True,False,True,0.0,0.0,0.0,1.2412670766236365e-14,1.2412670766236365e-14
20067,pure,2,decay_rate_gate,False,0.9995433625859604,0.9999999999999999,0.0001219790507412155,pure,2,True,False,True,0.0,0.0,0.0,1.2412670766236365e-14,1.2412670766236365e-14
20067,mixture,3,frozen,False,0.7198817075221261,0.9999368420474559,0.07209939210314947,mixture,-1,False,False,True,0.0,0.0,0.0,1.2777937915787784e-10,2.3865840142570874e-10
20067,mixture,3,always_on,True,0.7198817075221261,0.9999368420474559,0.07209939210314947,pure,2,False,True,True,1.0000000000000004,0.39212479121845806,0.0011871792724469532,3.0729936621264395e-07,3.7275890016339646e-07
20067,mixture,3,initial_speed_gate,True,0.7198817075221261,0.9999368420474559,0.07209939210314947,pure,2,False,True,True,1.0000000000000004,0.39212479121845806,0.0011871792724469532,3.0729936621264395e-07,3.7275890016339646e-07
20067,mixture,3,decay_rate_gate,True,0.7198817075221261,0.9999368420474559,0.07209939210314947,pure,2,False,True,True,1.0000000000000004,0.39212479121845806,0.0011871792724469532,3.0729936621264395e-07,3.7275890016339646e-07
20071,pure,0,frozen,False,0.9963912962794494,0.9999999999993296,0.0021101056919005587,pure,0,True,False,True,0.0,0.0,0.0,1.2265829192012248e-14,1.2265829192012248e-14
20071,pure,0,always_on,True,0.9963912962794494,0.9999999999993296,0.0021101056919005587,pure,0,True,False,True,1.0000000000000004,0.43918381335781836,0.0013296530382405811,1.104735739292465e-05,1.351918208755074e-05
20071,pure,0,initial_speed_gate,False,0.9963912962794494,0.9999999999993296,0.0021101056919005587,pure,0,True,False,True,0.0,0.0,0.0,1.2265829192012248e-14,1.2265829192012248e-14
20071,pure,0,decay_rate_gate,False,0.9963912962794494,0.9999999999993296,0.0021101056919005587,pure,0,True,False,True,0.0,0.0,0.0,1.2265829192012248e-14,1.2265829192012248e-14
20071,pure,1,frozen,False,0.9963912962794494,0.9999999999993296,0.0021101056919005587,pure,1,True,False,True,0.0,0.0,0.0,1.2265829192012248e-14,1.2265829192012248e-14
20071,pure,1,always_on,True,0.9963912962794494,0.9999999999993296,0.0021101056919005587,pure,1,True,False,True,1.0000000000000004,0.43918381335781836,0.0013296530382405811,1.1047357392924652e-05,1.351918208755074e-05
20071,pure,1,initial_speed_gate,False,0.9963912962794494,0.9999999999993296,0.0021101056919005587,pure,1,True,False,True,0.0,0.0,0.0,1.2265829192012248e-14,1.2265829192012248e-14
20071,pure,1,decay_rate_gate,False,0.9963912962794494,0.9999999999993296,0.0021101056919005587,pure,1,True,False,True,0.0,0.0,0.0,1.2265829192012248e-14,1.2265829192012248e-14
20071,pure,2,frozen,False,0.9963912962794427,0.9999999999993296,0.0021101056919005587,pure,2,True,False,True,0.0,0.0,0.0,1.2265829192012248e-14,1.2265829192012248e-14
20071,pure,2,always_on,True,0.9963912962794427,0.9999999999993296,0.0021101056919005587,pure,2,True,False,True,1.0000000000000004,0.43918381335781836,0.0013296530382405811,1.104735739292465e-05,1.351918208755074e-05
20071,pure,2,initial_speed_gate,False,0.9963912962794427,0.9999999999993296,0.0021101056919005587,pure,2,True,False,True,0.0,0.0,0.0,1.2265829192012248e-14,1.2265829192012248e-14
20071,pure,2,decay_rate_gate,False,0.9963912962794427,0.9999999999993296,0.0021101056919005587,pure,2,True,False,True,0.0,0.0,0.0,1.2265829192012248e-14,1.2265829192012248e-14
20071,mixture,3,frozen,False,0.9113867031130389,0.9999997084084172,0.1526180523845466,mixture,-1,False,False,True,0.0,0.0,0.0,7.426487537891737e-14,1.797401016701724e-13
20071,mixture,3,always_on,True,0.9113867031130389,0.9999997084084172,0.1526180523845466,pure,0,False,True,True,1.0000000000000004,0.32166928123174376,0.0009738713588475553,3.504437668487717e-06,4.2700253427948375e-06
20071,mixture,3,initial_speed_gate,True,0.9113867031130389,0.9999997084084172,0.1526180523845466,pure,0,False,True,True,1.0000000000000004,0.32166928123174376,0.0009738713588475553,3.504437668487717e-06,4.2700253427948375e-06
20071,mixture,3,decay_rate_gate,True,0.9113867031130389,0.9999997084084172,0.1526180523845466,pure,0,False,True,True,1.0000000000000004,0.32166928123174376,0.0009738713588475553,3.504437668487717e-06,4.2700253427948375e-06
20076,pure,0,frozen,False,0.9633989909363297,0.9999999925526583,0.012773255144479663,pure,0,True,False,True,0.0,0.0,0.0,1.2216489778430634e-14,1.2216489778430634e-14
20076,pure,0,always_on,True,0.9633989909363297,0.9999999925526583,0.012773255144479663,pure,1,False,False,True,1.0000000000000004,0.42640957866952445,0.001290978343390444,3.4774820343506323e-05,4.216673104878757e-05
20076,pure,0,initial_speed_gate,False,0.9633989909363297,0.9999999925526583,0.012773255144479663,pure,0,True,False,True,0.0,0.0,0.0,1.2216489778430634e-14,1.2216489778430634e-14
20076,pure,0,decay_rate_gate,False,0.9633989909363297,0.9999999925526583,0.012773255144479663,pure,0,True,False,True,0.0,0.0,0.0,1.2216489778430634e-14,1.2216489778430634e-14
20076,pure,1,frozen,False,0.9633989909363286,0.9999999925526583,0.012773255144479663,pure,1,True,False,True,0.0,0.0,0.0,1.2216489778430634e-14,1.2216489778430634e-14
20076,pure,1,always_on,True,0.9633989909363286,0.9999999925526583,0.012773255144479663,pure,0,False,False,True,1.0000000000000004,0.42640957866952445,0.001290978343390444,3.4774820343506323e-05,4.216673104878757e-05
20076,pure,1,initial_speed_gate,False,0.9633989909363286,0.9999999925526583,0.012773255144479663,pure,1,True,False,True,0.0,0.0,0.0,1.2216489778430634e-14,1.2216489778430634e-14
20076,pure,1,decay_rate_gate,False,0.9633989909363286,0.9999999925526583,0.012773255144479663,pure,1,True,False,True,0.0,0.0,0.0,1.2216489778430634e-14,1.2216489778430634e-14
20076,pure,2,frozen,False,0.9992588615996515,0.9999999999999989,0.00014920765841628254,pure,2,True,False,True,0.0,0.0,0.0,1.2412670766236365e-14,1.2412670766236365e-14
20076,pure,2,always_on,True,0.9992588615996515,0.9999999999999989,0.00014920765841628254,pure,2,True,False,True,1.0000000000000004,0.4413251170477381,0.0013361359523880918,7.998120468413702e-07,9.788949983095134e-07
20076,pure,2,initial_speed_gate,False,0.9992588615996515,0.9999999999999989,0.00014920765841628254,pure,2,True,False,True,0.0,0.0,0.0,1.2412670766236365e-14,1.2412670766236365e-14
20076,pure,2,decay_rate_gate,False,0.9992588615996515,0.9999999999999989,0.00014920765841628254,pure,2,True,False,True,0.0,0.0,0.0,1.2412670766236365e-14,1.2412670766236365e-14
20076,mixture,3,frozen,False,0.9113974533039414,0.9999997081401636,0.08811407383694372,mixture,-1,False,False,True,0.0,0.0,0.0,4.394071425608604e-14,1.0413134435184247e-13
20076,mixture,3,always_on,True,0.9113974533039414,0.9999997081401636,0.08811407383694372,mixture,-1,False,False,False,1.0000000000000004,0.38894750519433785,0.0011775598650674063,0.00041926163159178976,0.0005129462061100373
20076,mixture,3,initial_speed_gate,True,0.9113974533039414,0.9999997081401636,0.08811407383694372,mixture,-1,False,False,False,1.0000000000000004,0.38894750519433785,0.0011775598650674063,0.00041926163159178976,0.0005129462061100373
20076,mixture,3,decay_rate_gate,True,0.9113974533039414,0.9999997081401636,0.08811407383694372,mixture,-1,False,False,False,1.0000000000000004,0.38894750519433785,0.0011775598650674063,0.00041926163159178976,0.0005129462061100373
20091,pure,0,frozen,False,0.9891895364012038,0.9999999999447733,0.0029841235861076303,pure,0,True,False,True,0.0,0.0,0.0,1.2412670766236365e-14,1.2412670766236365e-14
20091,pure,0,always_on,True,0.9891895364012038,0.9999999999447733,0.0029841235861076303,mixture,-1,False,False,True,1.0000000000000004,0.4358811360325346,0.0013196540018312005,1.6888792225857823e-05,2.0559200244373743e-05
20091,pure,0,initial_speed_gate,False,0.9891895364012038,0.9999999999447733,0.0029841235861076303,pure,0,True,False,True,0.0,0.0,0.0,1.2412670766236365e-14,1.2412670766236365e-14
20091,pure,0,decay_rate_gate,False,0.9891895364012038,0.9999999999447733,0.0029841235861076303,pure,0,True,False,True,0.0,0.0,0.0,1.2412670766236365e-14,1.2412670766236365e-14
20091,pure,1,frozen,False,0.989189536401205,0.9999999999447733,0.0029841235861076303,pure,1,True,False,True,0.0,0.0,0.0,1.2412670766236365e-14,1.2412670766236365e-14
20091,pure,1,always_on,True,0.989189536401205,0.9999999999447733,0.0029841235861076303,mixture,-1,False,False,True,1.0000000000000004,0.4358811360325346,0.0013196540018312005,1.6888792225857823e-05,2.0559200244373743e-05
20091,pure,1,initial_speed_gate,False,0.989189536401205,0.9999999999447733,0.0029841235861076303,pure,1,True,False,True,0.0,0.0,0.0,1.2412670766236365e-14,1.2412670766236365e-14
20091,pure,1,decay_rate_gate,False,0.989189536401205,0.9999999999447733,0.0029841235861076303,pure,1,True,False,True,0.0,0.0,0.0,1.2412670766236365e-14,1.2412670766236365e-14
20091,pure,2,frozen,False,0.9891895364012013,0.9999999999447733,0.0029841235861076303,pure,2,True,False,True,0.0,0.0,0.0,1.2412670766236365e-14,1.2412670766236365e-14
20091,pure,2,always_on,True,0.9891895364012013,0.9999999999447733,0.0029841235861076303,mixture,-1,False,False,True,1.0000000000000004,0.4358811360325346,0.0013196540018312005,1.6888792225857823e-05,2.0559200244373743e-05
20091,pure,2,initial_speed_gate,False,0.9891895364012013,0.9999999999447733,0.0029841235861076303,pure,2,True,False,True,0.0,0.0,0.0,1.2412670766236365e-14,1.2412670766236365e-14
20091,pure,2,decay_rate_gate,False,0.9891895364012013,0.9999999999447733,0.0029841235861076303,pure,2,True,False,True,0.0,0.0,0.0,1.2412670766236365e-14,1.2412670766236365e-14
20091,mixture,3,frozen,False,0.9988065108902687,0.999999999999992,0.005168639376466315,mixture,-1,False,False,True,0.0,0.0,0.0,1.2412670766236365e-14,1.2412670766236365e-14
20091,mixture,3,always_on,True,0.9988065108902687,0.999999999999992,0.005168639376466315,mixture,-1,False,False,True,1.0000000000000004,0.42905722212381237,0.0012989942288953505,2.666576827519445e-05,3.26286469704038e-05
20091,mixture,3,initial_speed_gate,False,0.9988065108902687,0.999999999999992,0.005168639376466315,mixture,-1,False,False,True,0.0,0.0,0.0,1.2412670766236365e-14,1.2412670766236365e-14
20091,mixture,3,decay_rate_gate,False,0.9988065108902687,0.999999999999992,0.005168639376466315,mixture,-1,False,False,True,0.0,0.0,0.0,1.2412670766236365e-14,1.2412670766236365e-14
20102,pure,0,frozen,False,0.9995433625859085,0.9999999999999999,0.0001219790507412155,pure,0,True,False,True,0.0,0.0,0.0,1.2412670766236365e-14,1.2412670766236365e-14
20102,pure,0,always_on,True,0.9995433625859085,0.9999999999999999,0.0001219790507412155,pure,0,True,False,True,1.0000000000000004,0.4414371220530659,0.0013364750536737657,6.53525083351325e-07,7.998500237299172e-07
20102,pure,0,initial_speed_gate,False,0.9995433625859085,0.9999999999999999,0.0001219790507412155,pure,0,True,False,True,0.0,0.0,0.0,1.2412670766236365e-14,1.2412670766236365e-14
20102,pure,0,decay_rate_gate,False,0.9995433625859085,0.9999999999999999,0.0001219790507412155,pure,0,True,False,True,0.0,0.0,0.0,1.2412670766236365e-14,1.2412670766236365e-14
20102,pure,1,frozen,False,0.9998517685704071,1.0,3.690246169482102e-05,pure,1,True,False,True,0.0,0.0,0.0,1.2412670766236365e-14,1.2412670766236365e-14
20102,pure,1,always_on,True,0.9998517685704071,1.0,3.690246169482102e-05,pure,1,True,False,True,1.0000000000000004,0.4415857241913584,0.00133692495478232,1.9781684779207174e-07,2.421086965435088e-07
20102,pure,1,initial_speed_gate,False,0.9998517685704071,1.0,3.690246169482102e-05,pure,1,True,False,True,0.0,0.0,0.0,1.2412670766236365e-14,1.2412670766236365e-14
20102,pure,1,decay_rate_gate,False,0.9998517685704071,1.0,3.690246169482102e-05,pure,1,True,False,True,0.0,0.0,0.0,1.2412670766236365e-14,1.2412670766236365e-14
20102,pure,2,frozen,False,0.9998517685704071,1.0,3.690246169482102e-05,pure,2,True,False,True,0.0,0.0,0.0,1.2412670766236365e-14,1.2412670766236365e-14
20102,pure,2,always_on,True,0.9998517685704071,1.0,3.690246169482102e-05,pure,2,True,False,True,1.0000000000000004,0.4415857241913584,0.00133692495478232,1.9781684779207174e-07,2.421086965435088e-07
20102,pure,2,initial_speed_gate,False,0.9998517685704071,1.0,3.690246169482102e-05,pure,2,True,False,True,0.0,0.0,0.0,1.2412670766236365e-14,1.2412670766236365e-14
20102,pure,2,decay_rate_gate,False,0.9998517685704071,1.0,3.690246169482102e-05,pure,2,True,False,True,0.0,0.0,0.0,1.2412670766236365e-14,1.2412670766236365e-14
20102,mixture,3,frozen,False,0.7198817075221263,0.9999368420474559,0.07209939210314947,mixture,-1,False,False,True,0.0,0.0,0.0,1.2777937915787784e-10,2.3865845692769197e-10
20102,mixture,3,always_on,True,0.7198817075221263,0.9999368420474559,0.07209939210314947,pure,0,False,True,True,1.0000000000000004,0.39212479121845806,0.001187179272446953,3.0729936621264395e-07,3.7275890016339646e-07
20102,mixture,3,initial_speed_gate,True,0.7198817075221263,0.9999368420474559,0.07209939210314947,pure,0,False,True,True,1.0000000000000004,0.39212479121845806,0.001187179272446953,3.0729936621264395e-07,3.7275890016339646e-07
20102,mixture,3,decay_rate_gate,True,0.7198817075221263,0.9999368420474559,0.07209939210314947,pure,0,False,True,True,1.0000000000000004,0.39212479121845806,0.001187179272446953,3.0729936621264395e-07,3.7275890016339646e-07
20112,pure,0,frozen,False,0.9998517685704071,1.0,3.6902461694821026e-05,pure,0,True,False,True,0.0,0.0,0.0,1.2412670766236365e-14,1.2412670766236365e-14
20112,pure,0,always_on,True,0.9998517685704071,1.0,3.6902461694821026e-05,pure,0,True,False,True,1.0000000000000004,0.4415857241913584,0.00133692495478232,1.9781684779207174e-07,2.421086965435088e-07
20112,pure,0,initial_speed_gate,False,0.9998517685704071,1.0,3.6902461694821026e-05,pure,0,True,False,True,0.0,0.0,0.0,1.2412670766236365e-14,1.2412670766236365e-14
20112,pure,0,decay_rate_gate,False,0.9998517685704071,1.0,3.6902461694821026e-05,pure,0,True,False,True,0.0,0.0,0.0,1.2412670766236365e-14,1.2412670766236365e-14
20112,pure,1,frozen,False,0.9995433625859087,0.9999999999999999,0.00012197905074121552,pure,1,True,False,True,0.0,0.0,0.0,1.2412670766236365e-14,1.2412670766236365e-14
20112,pure,1,always_on,True,0.9995433625859087,0.9999999999999999,0.00012197905074121552,pure,1,True,False,True,1.0000000000000004,0.44143712205306596,0.0013364750536737657,6.53525083351325e-07,7.998500237299173e-07
20112,pure,1,initial_speed_gate,False,0.9995433625859087,0.9999999999999999,0.00012197905074121552,pure,1,True,False,True,0.0,0.0,0.0,1.2412670766236365e-14,1.2412670766236365e-14
20112,pure,1,decay_rate_gate,False,0.9995433625859087,0.9999999999999999,0.00012197905074121552,pure,1,True,False,True,0.0,0.0,0.0,1.2412670766236365e-14,1.2412670766236365e-14
20112,pure,2,frozen,False,0.9998517685704071,1.0,3.690246169482102e-05,pure,2,True,False,True,0.0,0.0,0.0,1.2412670766236365e-14,1.2412670766236365e-14
20112,pure,2,always_on,True,0.9998517685704071,1.0,3.690246169482102e-05,pure,2,True,False,True,1.0000000000000004,0.4415857241913584,0.00133692495478232,1.9781684779207174e-07,2.421086965435088e-07
20112,pure,2,initial_speed_gate,False,0.9998517685704071,1.0,3.690246169482102e-05,pure,2,True,False,True,0.0,0.0,0.0,1.2412670766236365e-14,1.2412670766236365e-14
20112,pure,2,decay_rate_gate,False,0.9998517685704071,1.0,3.690246169482102e-05,pure,2,True,False,True,0.0,0.0,0.0,1.2412670766236365e-14,1.2412670766236365e-14
20112,mixture,3,frozen,False,0.7860790470892679,0.9999818741941322,0.11381347621665762,mixture,-1,False,False,True,0.0,0.0,0.0,8.829375922144195e-12,1.8243978407844308e-11
20112,mixture,3,always_on,True,0.7860790470892679,0.9999818741941322,0.11381347621665762,other,-1,False,False,True,1.0000000000000004,0.34244318518234984,0.0010367654903335106,7.63496921914805e-05,9.303627054108123e-05
20112,mixture,3,initial_speed_gate,True,0.7860790470892679,0.9999818741941322,0.11381347621665762,other,-1,False,False,True,1.0000000000000004,0.34244318518234984,0.0010367654903335106,7.63496921914805e-05,9.303627054108123e-05
20112,mixture,3,decay_rate_gate,True,0.7860790470892679,0.9999818741941322,0.11381347621665762,other,-1,False,False,True,1.0000000000000004,0.34244318518234984,0.0010367654903335106,7.63496921914805e-05,9.303627054108123e-05
20118,pure,0,frozen,False,0.9998517685704069,1.0,3.690246169482102e-05,pure,0,True,False,True,0.0,0.0,0.0,1.2412670766236365e-14,1.2412670766236365e-14
20118,pure,0,always_on,True,0.9998517685704069,1.0,3.690246169482102e-05,pure,0,True,False,True,1.0000000000000004,0.4415857241913584,0.00133692495478232,1.9781684779207174e-07,2.421086965435088e-07
20118,pure,0,initial_speed_gate,False,0.9998517685704069,1.0,3.690246169482102e-05,pure,0,True,False,True,0.0,0.0,0.0,1.2412670766236365e-14,1.2412670766236365e-14
20118,pure,0,decay_rate_gate,False,0.9998517685704069,1.0,3.690246169482102e-05,pure,0,True,False,True,0.0,0.0,0.0,1.2412670766236365e-14,1.2412670766236365e-14
20118,pure,1,frozen,False,0.9998517685704071,1.0,3.6902461694821026e-05,pure,1,True,False,True,0.0,0.0,0.0,1.2412670766236365e-14,1.2412670766236365e-14
20118,pure,1,always_on,True,0.9998517685704071,1.0,3.6902461694821026e-05,pure,1,True,False,True,1.0000000000000004,0.4415857241913584,0.00133692495478232,1.9781684779207174e-07,2.421086965435088e-07
20118,pure,1,initial_speed_gate,False,0.9998517685704071,1.0,3.6902461694821026e-05,pure,1,True,False,True,0.0,0.0,0.0,1.2412670766236365e-14,1.2412670766236365e-14
20118,pure,1,decay_rate_gate,False,0.9998517685704071,1.0,3.6902461694821026e-05,pure,1,True,False,True,0.0,0.0,0.0,1.2412670766236365e-14,1.2412670766236365e-14
20118,pure,2,frozen,False,0.9995433625859087,0.9999999999999999,0.00012197905074121552,pure,2,True,False,True,0.0,0.0,0.0,1.2412670766236365e-14,1.2412670766236365e-14
20118,pure,2,always_on,True,0.9995433625859087,0.9999999999999999,0.00012197905074121552,pure,2,True,False,True,1.0000000000000004,0.44143712205306596,0.001336475053673766,6.53525083351325e-07,7.998500237299172e-07
20118,pure,2,initial_speed_gate,False,0.9995433625859087,0.9999999999999999,0.00012197905074121552,pure,2,True,False,True,0.0,0.0,0.0,1.2412670766236365e-14,1.2412670766236365e-14
20118,pure,2,decay_rate_gate,False,0.9995433625859087,0.9999999999999999,0.00012197905074121552,pure,2,True,False,True,0.0,0.0,0.0,1.2412670766236365e-14,1.2412670766236365e-14
20118,mixture,3,frozen,False,0.7860790470892677,0.9999818741941322,0.11381347621665766,mixture,-1,False,False,True,0.0,0.0,0.0,8.829340825529675e-12,1.8244013504452232e-11
20118,mixture,3,always_on,True,0.7860790470892677,0.9999818741941322,0.11381347621665766,other,-1,False,False,True,1.0000000000000004,0.3424431851823498,0.0010367654903335106,7.634969219153598e-05,9.303627054107877e-05
20118,mixture,3,initial_speed_gate,True,0.7860790470892677,0.9999818741941322,0.11381347621665766,other,-1,False,False,True,1.0000000000000004,0.3424431851823498,0.0010367654903335106,7.634969219153598e-05,9.303627054107877e-05
20118,mixture,3,decay_rate_gate,True,0.7860790470892677,0.9999818741941322,0.11381347621665766,other,-1,False,False,True,1.0000000000000004,0.3424431851823498,0.0010367654903335106,7.634969219153598e-05,9.303627054107877e-05
20119,pure,0,frozen,False,0.9995433625859085,0.9999999999999999,0.00012197905074121552,pure,0,True,False,True,0.0,0.0,0.0,1.2412670766236365e-14,1.2412670766236365e-14
20119,pure,0,always_on,True,0.9995433625859085,0.9999999999999999,0.00012197905074121552,pure,0,True,False,True,1.0000000000000004,0.44143712205306596,0.001336475053673766,6.535250833513249e-07,7.998500237299172e-07
20119,pure,0,initial_speed_gate,False,0.9995433625859085,0.9999999999999999,0.00012197905074121552,pure,0,True,False,True,0.0,0.0,0.0,1.2412670766236365e-14,1.2412670766236365e-14
20119,pure,0,decay_rate_gate,False,0.9995433625859085,0.9999999999999999,0.00012197905074121552,pure,0,True,False,True,0.0,0.0,0.0,1.2412670766236365e-14,1.2412670766236365e-14
20119,pure,1,frozen,False,0.9998517685704071,1.0,3.690246169482102e-05,pure,1,True,False,True,0.0,0.0,0.0,1.2412670766236365e-14,1.2412670766236365e-14
20119,pure,1,always_on,True,0.9998517685704071,1.0,3.690246169482102e-05,pure,1,True,False,True,1.0000000000000004,0.4415857241913584,0.00133692495478232,1.978168477920717e-07,2.421086965435088e-07
20119,pure,1,initial_speed_gate,False,0.9998517685704071,1.0,3.690246169482102e-05,pure,1,True,False,True,0.0,0.0,0.0,1.2412670766236365e-14,1.2412670766236365e-14
20119,pure,1,decay_rate_gate,False,0.9998517685704071,1.0,3.690246169482102e-05,pure,1,True,False,True,0.0,0.0,0.0,1.2412670766236365e-14,1.2412670766236365e-14
20119,pure,2,frozen,False,0.9998517685704071,1.0,3.690246169482102e-05,pure,2,True,False,True,0.0,0.0,0.0,1.2412670766236365e-14,1.2412670766236365e-14
20119,pure,2,always_on,True,0.9998517685704071,1.0,3.690246169482102e-05,pure,2,True,False,True,1.0000000000000004,0.4415857241913584,0.00133692495478232,1.9781684779207174e-07,2.421086965435088e-07
20119,pure,2,initial_speed_gate,False,0.9998517685704071,1.0,3.690246169482102e-05,pure,2,True,False,True,0.0,0.0,0.0,1.2412670766236365e-14,1.2412670766236365e-14
20119,pure,2,decay_rate_gate,False,0.9998517685704071,1.0,3.690246169482102e-05,pure,2,True,False,True,0.0,0.0,0.0,1.2412670766236365e-14,1.2412670766236365e-14
20119,mixture,3,frozen,False,0.7860790470892678,0.9999818741941322,0.11381347621665765,mixture,-1,False,False,True,0.0,0.0,0.0,8.829621594539711e-12,1.824404860099264e-11
20119,mixture,3,always_on,True,0.7860790470892678,0.9999818741941322,0.11381347621665765,other,-1,False,False,True,1.0000000000000004,0.3424431851823498,0.0010367654903335106,7.634969219136955e-05,9.303627054086053e-05
20119,mixture,3,initial_speed_gate,True,0.7860790470892678,0.9999818741941322,0.11381347621665765,other,-1,False,False,True,1.0000000000000004,0.3424431851823498,0.0010367654903335106,7.634969219136955e-05,9.303627054086053e-05
20119,mixture,3,decay_rate_gate,True,0.7860790470892678,0.9999818741941322,0.11381347621665765,other,-1,False,False,True,1.0000000000000004,0.3424431851823498,0.0010367654903335106,7.634969219136955e-05,9.303627054086053e-05
20120,pure,0,frozen,False,0.9998517685704071,1.0,3.690246169482102e-05,pure,0,True,False,True,0.0,0.0,0.0,1.2412670766236365e-14,1.2412670766236365e-14
20120,pure,0,always_on,True,0.9998517685704071,1.0,3.690246169482102e-05,pure,0,True,False,True,1.0000000000000004,0.4415857241913584,0.00133692495478232,1.978168477920717e-07,2.421086965435088e-07
20120,pure,0,initial_speed_gate,False,0.9998517685704071,1.0,3.690246169482102e-05,pure,0,True,False,True,0.0,0.0,0.0,1.2412670766236365e-14,1.2412670766236365e-14
20120,pure,0,decay_rate_gate,False,0.9998517685704071,1.0,3.690246169482102e-05,pure,0,True,False,True,0.0,0.0,0.0,1.2412670766236365e-14,1.2412670766236365e-14
20120,pure,1,frozen,False,0.9995433625859085,0.9999999999999999,0.0001219790507412155,pure,1,True,False,True,0.0,0.0,0.0,1.2412670766236365e-14,1.2412670766236365e-14
20120,pure,1,always_on,True,0.9995433625859085,0.9999999999999999,0.0001219790507412155,pure,1,True,False,True,1.0000000000000004,0.44143712205306596,0.0013364750536737657,6.535250833513249e-07,7.998500237299172e-07
20120,pure,1,initial_speed_gate,False,0.9995433625859085,0.9999999999999999,0.0001219790507412155,pure,1,True,False,True,0.0,0.0,0.0,1.2412670766236365e-14,1.2412670766236365e-14
20120,pure,1,decay_rate_gate,False,0.9995433625859085,0.9999999999999999,0.0001219790507412155,pure,1,True,False,True,0.0,0.0,0.0,1.2412670766236365e-14,1.2412670766236365e-14
20120,pure,2,frozen,False,0.9998517685704071,1.0,3.690246169482102e-05,pure,2,True,False,True,0.0,0.0,0.0,1.2412670766236365e-14,1.2412670766236365e-14
20120,pure,2,always_on,True,0.9998517685704071,1.0,3.690246169482102e-05,pure,2,True,False,True,1.0000000000000004,0.4415857241913584,0.00133692495478232,1.9781684779207174e-07,2.421086965435088e-07
20120,pure,2,initial_speed_gate,False,0.9998517685704071,1.0,3.690246169482102e-05,pure,2,True,False,True,0.0,0.0,0.0,1.2412670766236365e-14,1.2412670766236365e-14
20120,pure,2,decay_rate_gate,False,0.9998517685704071,1.0,3.690246169482102e-05,pure,2,True,False,True,0.0,0.0,0.0,1.2412670766236365e-14,1.2412670766236365e-14
20120,mixture,3,frozen,False,0.7198817075221264,0.9999368420474559,0.07209939210314947,mixture,-1,False,False,True,0.0,0.0,0.0,1.277795456638283e-10,2.3865845692769197e-10
20120,mixture,3,always_on,True,0.7198817075221264,0.9999368420474559,0.07209939210314947,pure,1,False,True,True,1.0000000000000004,0.39212479121845806,0.0011871792724469532,3.0729936621264395e-07,3.7275890016339646e-07
20120,mixture,3,initial_speed_gate,True,0.7198817075221264,0.9999368420474559,0.07209939210314947,pure,1,False,True,True,1.0000000000000004,0.39212479121845806,0.0011871792724469532,3.0729936621264395e-07,3.7275890016339646e-07
20120,mixture,3,decay_rate_gate,True,0.7198817075221264,0.9999368420474559,0.07209939210314947,pure,1,False,True,True,1.0000000000000004,0.39212479121845806,0.0011871792724469532,3.0729936621264395e-07,3.7275890016339646e-07
20121,pure,0,frozen,False,0.9993668388220777,0.9999999999999993,0.00017214723843679035,pure,0,True,False,True,0.0,0.0,0.0,1.2412670766236365e-14,1.2412670766236365e-14
20121,pure,0,always_on,True,0.9993668388220777,0.9999999999999993,0.00017214723843679035,pure,0,True,False,True,1.0000000000000004,0.4412225278512266,0.0013358253579795385,9.22427618430743e-07,1.1289617281575428e-06
20121,pure,0,initial_speed_gate,False,0.9993668388220777,0.9999999999999993,0.00017214723843679035,pure,0,True,False,True,0.0,0.0,0.0,1.2412670766236365e-14,1.2412670766236365e-14
20121,pure,0,decay_rate_gate,False,0.9993668388220777,0.9999999999999993,0.00017214723843679035,pure,0,True,False,True,0.0,0.0,0.0,1.2412670766236365e-14,1.2412670766236365e-14
20121,pure,1,frozen,False,0.999966257630878,1.0,1.1095311534288534e-05,pure,1,True,False,True,0.0,0.0,0.0,1.2412670766236365e-14,1.2412670766236365e-14
20121,pure,1,always_on,True,0.999966257630878,1.0,1.1095311534288534e-05,pure,1,True,False,True,1.0000000000000004,0.4416503778414528,0.0013371206972474688,5.947857452280573e-08,7.279600287516575e-08
20121,pure,1,initial_speed_gate,False,0.999966257630878,1.0,1.1095311534288534e-05,pure,1,True,False,True,0.0,0.0,0.0,1.2412670766236365e-14,1.2412670766236365e-14
20121,pure,1,decay_rate_gate,False,0.999966257630878,1.0,1.1095311534288534e-05,pure,1,True,False,True,0.0,0.0,0.0,1.2412670766236365e-14,1.2412670766236365e-14
20121,pure,2,frozen,False,0.9993668388220777,0.9999999999999993,0.00017214723843679035,pure,2,True,False,True,0.0,0.0,0.0,1.2412670766236365e-14,1.2412670766236365e-14
20121,pure,2,always_on,True,0.9993668388220777,0.9999999999999993,0.00017214723843679035,pure,2,True,False,True,1.0000000000000004,0.4412225278512267,0.0013358253579795385,9.22427618430743e-07,1.1289617281575428e-06
20121,pure,2,initial_speed_gate,False,0.9993668388220777,0.9999999999999993,0.00017214723843679035,pure,2,True,False,True,0.0,0.0,0.0,1.2412670766236365e-14,1.2412670766236365e-14
20121,pure,2,decay_rate_gate,False,0.9993668388220777,0.9999999999999993,0.00017214723843679035,pure,2,True,False,True,0.0,0.0,0.0,1.2412670766236365e-14,1.2412670766236365e-14
20121,mixture,3,frozen,False,0.8479088115448885,0.9999969662576954,0.10174547747947243,mixture,-1,False,False,True,0.0,0.0,0.0,4.818003125498285e-13,1.0900005914171254e-12
20121,mixture,3,always_on,True,0.8479088115448885,0.9999969662576954,0.10174547747947243,other,-1,False,False,False,1.0000000000000004,0.36675193294507613,0.0011103615549773395,0.00019823151874223942,0.00024048951661751014
20121,mixture,3,initial_speed_gate,True,0.8479088115448885,0.9999969662576954,0.10174547747947243,other,-1,False,False,False,1.0000000000000004,0.36675193294507613,0.0011103615549773395,0.00019823151874223942,0.00024048951661751014
20121,mixture,3,decay_rate_gate,True,0.8479088115448885,0.9999969662576954,0.10174547747947243,other,-1,False,False,False,1.0000000000000004,0.36675193294507613,0.0011103615549773395,0.00019823151874223942,0.00024048951661751014
20134,pure,0,frozen,False,0.9998517685704069,1.0,3.690246169482102e-05,pure,0,True,False,True,0.0,0.0,0.0,1.2412670766236365e-14,1.2412670766236365e-14
20134,pure,0,always_on,True,0.9998517685704069,1.0,3.690246169482102e-05,pure,0,True,False,True,1.0000000000000004,0.4415857241913584,0.00133692495478232,1.9781684779207174e-07,2.421086965435088e-07
20134,pure,0,initial_speed_gate,False,0.9998517685704069,1.0,3.690246169482102e-05,pure,0,True,False,True,0.0,0.0,0.0,1.2412670766236365e-14,1.2412670766236365e-14
20134,pure,0,decay_rate_gate,False,0.9998517685704069,1.0,3.690246169482102e-05,pure,0,True,False,True,0.0,0.0,0.0,1.2412670766236365e-14,1.2412670766236365e-14
20134,pure,1,frozen,False,0.9995433625859083,0.9999999999999999,0.00012197905074121552,pure,1,True,False,True,0.0,0.0,0.0,1.2412670766236365e-14,1.2412670766236365e-14
20134,pure,1,always_on,True,0.9995433625859083,0.9999999999999999,0.00012197905074121552,pure,1,True,False,True,1.0000000000000004,0.4414371220530659,0.0013364750536737657,6.53525083351325e-07,7.998500237299172e-07
20134,pure,1,initial_speed_gate,False,0.9995433625859083,0.9999999999999999,0.00012197905074121552,pure,1,True,False,True,0.0,0.0,0.0,1.2412670766236365e-14,1.2412670766236365e-14
20134,pure,1,decay_rate_gate,False,0.9995433625859083,0.9999999999999999,0.00012197905074121552,pure,1,True,False,True,0.0,0.0,0.0,1.2412670766236365e-14,1.2412670766236365e-14
20134,pure,2,frozen,False,0.9998517685704071,1.0,3.690246169482102e-05,pure,2,True,False,True,0.0,0.0,0.0,1.2412670766236365e-14,1.2412670766236365e-14
20134,pure,2,always_on,True,0.9998517685704071,1.0,3.690246169482102e-05,pure,2,True,False,True,1.0000000000000004,0.4415857241913584,0.00133692495478232,1.9781684779207174e-07,2.421086965435088e-07
20134,pure,2,initial_speed_gate,False,0.9998517685704071,1.0,3.690246169482102e-05,pure,2,True,False,True,0.0,0.0,0.0,1.2412670766236365e-14,1.2412670766236365e-14
20134,pure,2,decay_rate_gate,False,0.9998517685704071,1.0,3.690246169482102e-05,pure,2,True,False,True,0.0,0.0,0.0,1.2412670766236365e-14,1.2412670766236365e-14
20134,mixture,3,frozen,False,0.7860790470892682,0.9999818741941322,0.11381347621665765,mixture,-1,False,False,True,0.0,0.0,0.0,8.829481213942715e-12,1.8244013504452232e-11
20134,mixture,3,always_on,True,0.7860790470892682,0.9999818741941322,0.11381347621665765,other,-1,False,False,True,1.0000000000000004,0.3424431851823498,0.0010367654903335106,7.634969219142502e-05,9.303627054107385e-05
20134,mixture,3,initial_speed_gate,True,0.7860790470892682,0.9999818741941322,0.11381347621665765,other,-1,False,False,True,1.0000000000000004,0.3424431851823498,0.0010367654903335106,7.634969219142502e-05,9.303627054107385e-05
20134,mixture,3,decay_rate_gate,True,0.7860790470892682,0.9999818741941322,0.11381347621665765,other,-1,False,False,True,1.0000000000000004,0.3424431851823498,0.0010367654903335106,7.634969219142502e-05,9.303627054107385e-05
20135,pure,0,frozen,False,0.9998517685704069,1.0,3.690246169482102e-05,pure,0,True,False,True,0.0,0.0,0.0,1.2412670766236365e-14,1.2412670766236365e-14
20135,pure,0,always_on,True,0.9998517685704069,1.0,3.690246169482102e-05,pure,0,True,False,True,1.0000000000000004,0.4415857241913584,0.00133692495478232,1.9781684779207174e-07,2.421086965435088e-07
20135,pure,0,initial_speed_gate,False,0.9998517685704069,1.0,3.690246169482102e-05,pure,0,True,False,True,0.0,0.0,0.0,1.2412670766236365e-14,1.2412670766236365e-14
20135,pure,0,decay_rate_gate,False,0.9998517685704069,1.0,3.690246169482102e-05,pure,0,True,False,True,0.0,0.0,0.0,1.2412670766236365e-14,1.2412670766236365e-14
20135,pure,1,frozen,False,0.9995433625859083,0.9999999999999999,0.00012197905074121552,pure,1,True,False,True,0.0,0.0,0.0,1.2412670766236365e-14,1.2412670766236365e-14
20135,pure,1,always_on,True,0.9995433625859083,0.9999999999999999,0.00012197905074121552,pure,1,True,False,True,1.0000000000000004,0.4414371220530659,0.001336475053673766,6.535250833513249e-07,7.998500237299172e-07
20135,pure,1,initial_speed_gate,False,0.9995433625859083,0.9999999999999999,0.00012197905074121552,pure,1,True,False,True,0.0,0.0,0.0,1.2412670766236365e-14,1.2412670766236365e-14
20135,pure,1,decay_rate_gate,False,0.9995433625859083,0.9999999999999999,0.00012197905074121552,pure,1,True,False,True,0.0,0.0,0.0,1.2412670766236365e-14,1.2412670766236365e-14
20135,pure,2,frozen,False,0.9998517685704071,1.0,3.690246169482102e-05,pure,2,True,False,True,0.0,0.0,0.0,1.2412670766236365e-14,1.2412670766236365e-14
20135,pure,2,always_on,True,0.9998517685704071,1.0,3.690246169482102e-05,pure,2,True,False,True,1.0000000000000004,0.4415857241913584,0.00133692495478232,1.9781684779207174e-07,2.421086965435088e-07
20135,pure,2,initial_speed_gate,False,0.9998517685704071,1.0,3.690246169482102e-05,pure,2,True,False,True,0.0,0.0,0.0,1.2412670766236365e-14,1.2412670766236365e-14
20135,pure,2,decay_rate_gate,False,0.9998517685704071,1.0,3.690246169482102e-05,pure,2,True,False,True,0.0,0.0,0.0,1.2412670766236365e-14,1.2412670766236365e-14
20135,mixture,3,frozen,False,0.7860790470892671,0.9999818741941322,0.11381347621665765,mixture,-1,False,False,True,0.0,0.0,0.0,8.829516307207215e-12,1.8244013504452232e-11
20135,mixture,3,always_on,True,0.7860790470892671,0.9999818741941322,0.11381347621665765,other,-1,False,False,True,1.0000000000000004,0.3424431851823498,0.0010367654903335106,7.634969219142502e-05,9.303627054101838e-05
20135,mixture,3,initial_speed_gate,True,0.7860790470892671,0.9999818741941322,0.11381347621665765,other,-1,False,False,True,1.0000000000000004,0.3424431851823498,0.0010367654903335106,7.634969219142502e-05,9.303627054101838e-05
20135,mixture,3,decay_rate_gate,True,0.7860790470892671,0.9999818741941322,0.11381347621665765,other,-1,False,False,True,1.0000000000000004,0.3424431851823498,0.0010367654903335106,7.634969219142502e-05,9.303627054101838e-05
20137,pure,0,frozen,False,0.9998517685704071,1.0,3.690246169482102e-05,pure,0,True,False,True,0.0,0.0,0.0,1.2412670766236365e-14,1.2412670766236365e-14
20137,pure,0,always_on,True,0.9998517685704071,1.0,3.690246169482102e-05,pure,0,True,False,True,1.0000000000000004,0.44158572419135844,0.00133692495478232,1.9781684779207174e-07,2.421086965435088e-07
20137,pure,0,initial_speed_gate,False,0.9998517685704071,1.0,3.690246169482102e-05,pure,0,True,False,True,0.0,0.0,0.0,1.2412670766236365e-14,1.2412670766236365e-14
20137,pure,0,decay_rate_gate,False,0.9998517685704071,1.0,3.690246169482102e-05,pure,0,True,False,True,0.0,0.0,0.0,1.2412670766236365e-14,1.2412670766236365e-14
20137,pure,1,frozen,False,0.9995433625859085,0.9999999999999999,0.00012197905074121552,pure,1,True,False,True,0.0,0.0,0.0,1.2412670766236365e-14,1.2412670766236365e-14
20137,pure,1,always_on,True,0.9995433625859085,0.9999999999999999,0.00012197905074121552,pure,1,True,False,True,1.0000000000000004,0.44143712205306596,0.0013364750536737657,6.53525083351325e-07,7.998500237299172e-07
20137,pure,1,initial_speed_gate,False,0.9995433625859085,0.9999999999999999,0.00012197905074121552,pure,1,True,False,True,0.0,0.0,0.0,1.2412670766236365e-14,1.2412670766236365e-14
20137,pure,1,decay_rate_gate,False,0.9995433625859085,0.9999999999999999,0.00012197905074121552,pure,1,True,False,True,0.0,0.0,0.0,1.2412670766236365e-14,1.2412670766236365e-14
20137,pure,2,frozen,False,0.9998517685704071,1.0,3.690246169482102e-05,pure,2,True,False,True,0.0,0.0,0.0,1.2412670766236365e-14,1.2412670766236365e-14
20137,pure,2,always_on,True,0.9998517685704071,1.0,3.690246169482102e-05,pure,2,True,False,True,1.0000000000000004,0.4415857241913584,0.00133692495478232,1.9781684779207174e-07,2.421086965435088e-07
20137,pure,2,initial_speed_gate,False,0.9998517685704071,1.0,3.690246169482102e-05,pure,2,True,False,True,0.0,0.0,0.0,1.2412670766236365e-14,1.2412670766236365e-14
20137,pure,2,decay_rate_gate,False,0.9998517685704071,1.0,3.690246169482102e-05,pure,2,True,False,True,0.0,0.0,0.0,1.2412670766236365e-14,1.2412670766236365e-14
20137,mixture,3,frozen,False,0.7860790470892673,0.9999818741941322,0.11381347621665769,mixture,-1,False,False,True,0.0,0.0,0.0,8.82958649890171e-12,1.824404860099264e-11
20137,mixture,3,always_on,True,0.7860790470892673,0.9999818741941322,0.11381347621665769,other,-1,False,False,True,1.0000000000000004,0.3424431851823498,0.0010367654903335106,7.634969219148051e-05,9.303627054108244e-05
20137,mixture,3,initial_speed_gate,True,0.7860790470892673,0.9999818741941322,0.11381347621665769,other,-1,False,False,True,1.0000000000000004,0.3424431851823498,0.0010367654903335106,7.634969219148051e-05,9.303627054108244e-05
20137,mixture,3,decay_rate_gate,True,0.7860790470892673,0.9999818741941322,0.11381347621665769,other,-1,False,False,True,1.0000000000000004,0.3424431851823498,0.0010367654903335106,7.634969219148051e-05,9.303627054108244e-05
20142,pure,0,frozen,False,0.9977883323758455,0.999999999999908,0.0006033432389334415,pure,0,True,False,True,0.0,0.0,0.0,1.2412670766236365e-14,1.2412670766236365e-14
20142,pure,0,always_on,True,0.9977883323758455,0.999999999999908,0.0006033432389334415,pure,0,True,False,True,1.0000000000000004,0.4404682169433876,0.0013335416404110592,3.224509228194662e-06,3.946451716175806e-06
20142,pure,0,initial_speed_gate,False,0.9977883323758455,0.999999999999908,0.0006033432389334415,pure,0,True,False,True,0.0,0.0,0.0,1.2412670766236365e-14,1.2412670766236365e-14
20142,pure,0,decay_rate_gate,False,0.9977883323758455,0.999999999999908,0.0006033432389334415,pure,0,True,False,True,0.0,0.0,0.0,1.2412670766236365e-14,1.2412670766236365e-14
20142,pure,1,frozen,False,0.999401158115884,0.9999999999999996,0.00013627511539125197,pure,1,True,False,True,0.0,0.0,0.0,1.2412670766236365e-14,1.2412670766236365e-14
20142,pure,1,always_on,True,0.999401158115884,0.9999999999999996,0.00013627511539125197,pure,1,True,False,True,1.0000000000000004,0.44138138499053714,0.0013363063066654738,7.303035986107303e-07,8.93821247422828e-07
20142,pure,1,initial_speed_gate,False,0.999401158115884,0.9999999999999996,0.00013627511539125197,pure,1,True,False,True,0.0,0.0,0.0,1.2412670766236365e-14,1.2412670766236365e-14
20142,pure,1,decay_rate_gate,False,0.999401158115884,0.9999999999999996,0.00013627511539125197,pure,1,True,False,True,0.0,0.0,0.0,1.2412670766236365e-14,1.2412670766236365e-14
20142,pure,2,frozen,False,0.9977883323758381,0.999999999999908,0.0006033432389334415,pure,2,True,False,True,0.0,0.0,0.0,1.2412670766236365e-14,1.2412670766236365e-14
20142,pure,2,always_on,True,0.9977883323758381,0.999999999999908,0.0006033432389334415,pure,2,True,False,True,1.0000000000000004,0.4404682169433876,0.0013335416404110592,3.224509228194662e-06,3.946451716175806e-06
20142,pure,2,initial_speed_gate,False,0.9977883323758381,0.999999999999908,0.0006033432389334415,pure,2,True,False,True,0.0,0.0,0.0,1.2412670766236365e-14,1.2412670766236365e-14
20142,pure,2,decay_rate_gate,False,0.9977883323758381,0.999999999999908,0.0006033432389334415,pure,2,True,False,True,0.0,0.0,0.0,1.2412670766236365e-14,1.2412670766236365e-14
20142,mixture,3,frozen,False,0.9714254311395002,0.9999999956817994,0.02085210369750749,mixture,-1,False,False,True,0.0,0.0,0.0,1.2265829192012248e-14,1.2265829192012248e-14
20142,mixture,3,always_on,True,0.9714254311395002,0.9999999956817994,0.02085210369750749,mixture,-1,False,False,False,1.0000000000000004,0.4095265330797209,0.0012398639985981114,0.0001050601026380921,0.00013030951125926786
20142,mixture,3,initial_speed_gate,False,0.9714254311395002,0.9999999956817994,0.02085210369750749,mixture,-1,False,False,True,0.0,0.0,0.0,1.2265829192012248e-14,1.2265829192012248e-14
20142,mixture,3,decay_rate_gate,False,0.9714254311395002,0.9999999956817994,0.02085210369750749,mixture,-1,False,False,True,0.0,0.0,0.0,1.2265829192012248e-14,1.2265829192012248e-14
20144,pure,0,frozen,False,0.9993668388220777,0.9999999999999993,0.00017214723843679035,pure,0,True,False,True,0.0,0.0,0.0,1.2412670766236365e-14,1.2412670766236365e-14
20144,pure,0,always_on,True,0.9993668388220777,0.9999999999999993,0.00017214723843679035,pure,0,True,False,True,1.0000000000000004,0.4412225278512266,0.0013358253579795385,9.22427618430743e-07,1.1289617281575428e-06
20144,pure,0,initial_speed_gate,False,0.9993668388220777,0.9999999999999993,0.00017214723843679035,pure,0,True,False,True,0.0,0.0,0.0,1.2412670766236365e-14,1.2412670766236365e-14
20144,pure,0,decay_rate_gate,False,0.9993668388220777,0.9999999999999993,0.00017214723843679035,pure,0,True,False,True,0.0,0.0,0.0,1.2412670766236365e-14,1.2412670766236365e-14
20144,pure,1,frozen,False,0.9993668388220777,0.9999999999999993,0.00017214723843679035,pure,1,True,False,True,0.0,0.0,0.0,1.2412670766236365e-14,1.2412670766236365e-14
20144,pure,1,always_on,True,0.9993668388220777,0.9999999999999993,0.00017214723843679035,pure,1,True,False,True,1.0000000000000004,0.4412225278512266,0.0013358253579795385,9.22427618430743e-07,1.1289617281575428e-06
20144,pure,1,initial_speed_gate,False,0.9993668388220777,0.9999999999999993,0.00017214723843679035,pure,1,True,False,True,0.0,0.0,0.0,1.2412670766236365e-14,1.2412670766236365e-14
20144,pure,1,decay_rate_gate,False,0.9993668388220777,0.9999999999999993,0.00017214723843679035,pure,1,True,False,True,0.0,0.0,0.0,1.2412670766236365e-14,1.2412670766236365e-14
20144,pure,2,frozen,False,0.999966257630878,1.0,1.1095311534288534e-05,pure,2,True,False,True,0.0,0.0,0.0,1.2412670766236365e-14,1.2412670766236365e-14
20144,pure,2,always_on,True,0.999966257630878,1.0,1.1095311534288534e-05,pure,2,True,False,True,1.0000000000000004,0.4416503778414528,0.0013371206972474688,5.947857452280573e-08,7.279600287516575e-08
20144,pure,2,initial_speed_gate,False,0.999966257630878,1.0,1.1095311534288534e-05,pure,2,True,False,True,0.0,0.0,0.0,1.2412670766236365e-14,1.2412670766236365e-14
20144,pure,2,decay_rate_gate,False,0.999966257630878,1.0,1.1095311534288534e-05,pure,2,True,False,True,0.0,0.0,0.0,1.2412670766236365e-14,1.2412670766236365e-14
20144,mixture,3,frozen,False,0.8479088115448896,0.9999969662576954,0.10174547747947252,mixture,-1,False,False,True,0.0,0.0,0.0,4.820357987190231e-13,1.0900005914171254e-12
20144,mixture,3,always_on,True,0.8479088115448896,0.9999969662576954,0.10174547747947252,other,-1,False,False,False,1.0000000000000004,0.36675193294507613,0.0011103615549773395,0.00019823151874208243,0.00024048951661727463
20144,mixture,3,initial_speed_gate,True,0.8479088115448896,0.9999969662576954,0.10174547747947252,other,-1,False,False,False,1.0000000000000004,0.36675193294507613,0.0011103615549773395,0.00019823151874208243,0.00024048951661727463
20144,mixture,3,decay_rate_gate,True,0.8479088115448896,0.9999969662576954,0.10174547747947252,other,-1,False,False,False,1.0000000000000004,0.36675193294507613,0.0011103615549773395,0.00019823151874208243,0.00024048951661727463
20147,pure,0,frozen,False,0.999966257630878,1.0,1.1095311534288534e-05,pure,0,True,False,True,0.0,0.0,0.0,1.2412670766236365e-14,1.2412670766236365e-14
20147,pure,0,always_on,True,0.999966257630878,1.0,1.1095311534288534e-05,pure,0,True,False,True,1.0000000000000004,0.44165037784145283,0.0013371206972474744,5.947857452280573e-08,7.279600287516575e-08
20147,pure,0,initial_speed_gate,False,0.999966257630878,1.0,1.1095311534288534e-05,pure,0,True,False,True,0.0,0.0,0.0,1.2412670766236365e-14,1.2412670766236365e-14
20147,pure,0,decay_rate_gate,False,0.999966257630878,1.0,1.1095311534288534e-05,pure,0,True,False,True,0.0,0.0,0.0,1.2412670766236365e-14,1.2412670766236365e-14
20147,pure,1,frozen,False,0.999966257630878,1.0,1.1095311534288534e-05,pure,1,True,False,True,0.0,0.0,0.0,1.2412670766236365e-14,1.2412670766236365e-14
20147,pure,1,always_on,True,0.999966257630878,1.0,1.1095311534288534e-05,pure,1,True,False,True,1.0000000000000004,0.44165037784145283,0.0013371206972474744,5.947857452280573e-08,7.279600287516575e-08
20147,pure,1,initial_speed_gate,False,0.999966257630878,1.0,1.1095311534288534e-05,pure,1,True,False,True,0.0,0.0,0.0,1.2412670766236365e-14,1.2412670766236365e-14
20147,pure,1,decay_rate_gate,False,0.999966257630878,1.0,1.1095311534288534e-05,pure,1,True,False,True,0.0,0.0,0.0,1.2412670766236365e-14,1.2412670766236365e-14
20147,pure,2,frozen,False,0.999966257630878,1.0,1.1095311534288534e-05,pure,2,True,False,True,0.0,0.0,0.0,1.2412670766236365e-14,1.2412670766236365e-14
20147,pure,2,always_on,True,0.999966257630878,1.0,1.1095311534288534e-05,pure,2,True,False,True,1.0000000000000004,0.44165037784145283,0.0013371206972474744,5.947857452280573e-08,7.279600287516575e-08
20147,pure,2,initial_speed_gate,False,0.999966257630878,1.0,1.1095311534288534e-05,pure,2,True,False,True,0.0,0.0,0.0,1.2412670766236365e-14,1.2412670766236365e-14
20147,pure,2,decay_rate_gate,False,0.999966257630878,1.0,1.1095311534288534e-05,pure,2,True,False,True,0.0,0.0,0.0,1.2412670766236365e-14,1.2412670766236365e-14
20147,mixture,3,frozen,False,0.988182494917859,0.9999999999211552,0.028537999547897035,mixture,-1,False,False,True,0.0,0.0,0.0,1.2412670766236365e-14,1.2412670766236365e-14
20147,mixture,3,always_on,True,0.988182494917859,0.9999999999211552,0.028537999547897035,mixture,-1,False,False,False,1.0000000000000004,0.39600093853336915,0.0011989145206451873,0.00013666050970163518,0.0001671455692393809
20147,mixture,3,initial_speed_gate,False,0.988182494917859,0.9999999999211552,0.028537999547897035,mixture,-1,False,False,True,0.0,0.0,0.0,1.2412670766236365e-14,1.2412670766236365e-14
20147,mixture,3,decay_rate_gate,False,0.988182494917859,0.9999999999211552,0.028537999547897035,mixture,-1,False,False,True,0.0,0.0,0.0,1.2412670766236365e-14,1.2412670766236365e-14
20156,pure,0,frozen,False,0.9998517685704069,1.0,3.690246169482102e-05,pure,0,True,False,True,0.0,0.0,0.0,1.2412670766236365e-14,1.2412670766236365e-14
20156,pure,0,always_on,True,0.9998517685704069,1.0,3.690246169482102e-05,pure,0,True,False,True,1.0000000000000004,0.4415857241913584,0.00133692495478232,1.9781684779207174e-07,2.421086965435088e-07
20156,pure,0,initial_speed_gate,False,0.9998517685704069,1.0,3.690246169482102e-05,pure,0,True,False,True,0.0,0.0,0.0,1.2412670766236365e-14,1.2412670766236365e-14
20156,pure,0,decay_rate_gate,False,0.9998517685704069,1.0,3.690246169482102e-05,pure,0,True,False,True,0.0,0.0,0.0,1.2412670766236365e-14,1.2412670766236365e-14
20156,pure,1,frozen,False,0.9995433625859085,0.9999999999999999,0.00012197905074121552,pure,1,True,False,True,0.0,0.0,0.0,1.2412670766236365e-14,1.2412670766236365e-14
20156,pure,1,always_on,True,0.9995433625859085,0.9999999999999999,0.00012197905074121552,pure,1,True,False,True,1.0000000000000004,0.44143712205306596,0.0013364750536737657,6.535250833513249e-07,7.998500237299172e-07
20156,pure,1,initial_speed_gate,False,0.9995433625859085,0.9999999999999999,0.00012197905074121552,pure,1,True,False,True,0.0,0.0,0.0,1.2412670766236365e-14,1.2412670766236365e-14
20156,pure,1,decay_rate_gate,False,0.9995433625859085,0.9999999999999999,0.00012197905074121552,pure,1,True,False,True,0.0,0.0,0.0,1.2412670766236365e-14,1.2412670766236365e-14
20156,pure,2,frozen,False,0.9998517685704071,1.0,3.690246169482102e-05,pure,2,True,False,True,0.0,0.0,0.0,1.2412670766236365e-14,1.2412670766236365e-14
20156,pure,2,always_on,True,0.9998517685704071,1.0,3.690246169482102e-05,pure,2,True,False,True,1.0000000000000004,0.44158572419135844,0.00133692495478232,1.978168477920717e-07,2.421086965435088e-07
20156,pure,2,initial_speed_gate,False,0.9998517685704071,1.0,3.690246169482102e-05,pure,2,True,False,True,0.0,0.0,0.0,1.2412670766236365e-14,1.2412670766236365e-14
20156,pure,2,decay_rate_gate,False,0.9998517685704071,1.0,3.690246169482102e-05,pure,2,True,False,True,0.0,0.0,0.0,1.2412670766236365e-14,1.2412670766236365e-14
20156,mixture,3,frozen,False,0.7198817075221263,0.9999368420474559,0.07209939210314947,mixture,-1,False,False,True,0.0,0.0,0.0,1.2777932365584615e-10,2.3865845692769197e-10
20156,mixture,3,always_on,True,0.7198817075221263,0.9999368420474559,0.07209939210314947,pure,1,False,True,True,1.0000000000000004,0.39212479121845806,0.0011871792724469532,3.0729936621264395e-07,3.727589001633965e-07
20156,mixture,3,initial_speed_gate,True,0.7198817075221263,0.9999368420474559,0.07209939210314947,pure,1,False,True,True,1.0000000000000004,0.39212479121845806,0.0011871792724469532,3.0729936621264395e-07,3.727589001633965e-07
20156,mixture,3,decay_rate_gate,True,0.7198817075221263,0.9999368420474559,0.07209939210314947,pure,1,False,True,True,1.0000000000000004,0.39212479121845806,0.0011871792724469532,3.0729936621264395e-07,3.727589001633965e-07
20167,pure,0,frozen,False,0.999966257630878,1.0,1.1095311534288534e-05,pure,0,True,False,True,0.0,0.0,0.0,1.2412670766236365e-14,1.2412670766236365e-14
20167,pure,0,always_on,True,0.999966257630878,1.0,1.1095311534288534e-05,pure,0,True,False,True,1.0000000000000004,0.4416503778414528,0.0013371206972474688,5.947857452280573e-08,7.279600287516575e-08
20167,pure,0,initial_speed_gate,False,0.999966257630878,1.0,1.1095311534288534e-05,pure,0,True,False,True,0.0,0.0,0.0,1.2412670766236365e-14,1.2412670766236365e-14
20167,pure,0,decay_rate_gate,False,0.999966257630878,1.0,1.1095311534288534e-05,pure,0,True,False,True,0.0,0.0,0.0,1.2412670766236365e-14,1.2412670766236365e-14
20167,pure,1,frozen,False,0.9993668388220774,0.9999999999999993,0.00017214723843679035,pure,1,True,False,True,0.0,0.0,0.0,1.2412670766236365e-14,1.2412670766236365e-14
20167,pure,1,always_on,True,0.9993668388220774,0.9999999999999993,0.00017214723843679035,pure,1,True,False,True,1.0000000000000004,0.4412225278512266,0.0013358253579795385,9.22427618430743e-07,1.1289617281575428e-06
20167,pure,1,initial_speed_gate,False,0.9993668388220774,0.9999999999999993,0.00017214723843679035,pure,1,True,False,True,0.0,0.0,0.0,1.2412670766236365e-14,1.2412670766236365e-14
20167,pure,1,decay_rate_gate,False,0.9993668388220774,0.9999999999999993,0.00017214723843679035,pure,1,True,False,True,0.0,0.0,0.0,1.2412670766236365e-14,1.2412670766236365e-14
20167,pure,2,frozen,False,0.9993668388220774,0.9999999999999993,0.00017214723843679035,pure,2,True,False,True,0.0,0.0,0.0,1.2412670766236365e-14,1.2412670766236365e-14
20167,pure,2,always_on,True,0.9993668388220774,0.9999999999999993,0.00017214723843679035,pure,2,True,False,True,1.0000000000000004,0.4412225278512266,0.0013358253579795385,9.22427618430743e-07,1.1289617281575428e-06
20167,pure,2,initial_speed_gate,False,0.9993668388220774,0.9999999999999993,0.00017214723843679035,pure,2,True,False,True,0.0,0.0,0.0,1.2412670766236365e-14,1.2412670766236365e-14
20167,pure,2,decay_rate_gate,False,0.9993668388220774,0.9999999999999993,0.00017214723843679035,pure,2,True,False,True,0.0,0.0,0.0,1.2412670766236365e-14,1.2412670766236365e-14
20167,mixture,3,frozen,False,0.8479088115448881,0.9999969662576954,0.10174547747947252,mixture,-1,False,False,True,0.0,0.0,0.0,4.821142685483162e-13,1.0901183543709727e-12
20167,mixture,3,always_on,True,0.8479088115448881,0.9999969662576954,0.10174547747947252,other,-1,False,False,False,1.0000000000000004,0.3667519329450762,0.0011103615549773395,0.00019823151874220015,0.0002404895166174709
20167,mixture,3,initial_speed_gate,True,0.8479088115448881,0.9999969662576954,0.10174547747947252,other,-1,False,False,False,1.0000000000000004,0.3667519329450762,0.0011103615549773395,0.00019823151874220015,0.0002404895166174709
20167,mixture,3,decay_rate_gate,True,0.8479088115448881,0.9999969662576954,0.10174547747947252,other,-1,False,False,False,1.0000000000000004,0.3667519329450762,0.0011103615549773395,0.00019823151874220015,0.0002404895166174709
20179,pure,0,frozen,False,0.9998517685704071,1.0,3.690246169482102e-05,pure,0,True,False,True,0.0,0.0,0.0,1.2412670766236365e-14,1.2412670766236365e-14
20179,pure,0,always_on,True,0.9998517685704071,1.0,3.690246169482102e-05,pure,0,True,False,True,1.0000000000000004,0.4415857241913584,0.00133692495478232,1.9781684779207174e-07,2.421086965435088e-07
20179,pure,0,initial_speed_gate,False,0.9998517685704071,1.0,3.690246169482102e-05,pure,0,True,False,True,0.0,0.0,0.0,1.2412670766236365e-14,1.2412670766236365e-14
20179,pure,0,decay_rate_gate,False,0.9998517685704071,1.0,3.690246169482102e-05,pure,0,True,False,True,0.0,0.0,0.0,1.2412670766236365e-14,1.2412670766236365e-14
20179,pure,1,frozen,False,0.9998517685704069,1.0,3.690246169482102e-05,pure,1,True,False,True,0.0,0.0,0.0,1.2412670766236365e-14,1.2412670766236365e-14
20179,pure,1,always_on,True,0.9998517685704069,1.0,3.690246169482102e-05,pure,1,True,False,True,1.0000000000000004,0.4415857241913584,0.00133692495478232,1.9781684779207174e-07,2.421086965435088e-07
20179,pure,1,initial_speed_gate,False,0.9998517685704069,1.0,3.690246169482102e-05,pure,1,True,False,True,0.0,0.0,0.0,1.2412670766236365e-14,1.2412670766236365e-14
20179,pure,1,decay_rate_gate,False,0.9998517685704069,1.0,3.690246169482102e-05,pure,1,True,False,True,0.0,0.0,0.0,1.2412670766236365e-14,1.2412670766236365e-14
20179,pure,2,frozen,False,0.9995433625859083,0.9999999999999999,0.00012197905074121552,pure,2,True,False,True,0.0,0.0,0.0,1.2412670766236365e-14,1.2412670766236365e-14
20179,pure,2,always_on,True,0.9995433625859083,0.9999999999999999,0.00012197905074121552,pure,2,True,False,True,1.0000000000000004,0.44143712205306596,0.0013364750536737657,6.53525083351325e-07,7.998500237299173e-07
20179,pure,2,initial_speed_gate,False,0.9995433625859083,0.9999999999999999,0.00012197905074121552,pure,2,True,False,True,0.0,0.0,0.0,1.2412670766236365e-14,1.2412670766236365e-14
20179,pure,2,decay_rate_gate,False,0.9995433625859083,0.9999999999999999,0.00012197905074121552,pure,2,True,False,True,0.0,0.0,0.0,1.2412670766236365e-14,1.2412670766236365e-14
20179,mixture,3,frozen,False,0.7860790470892676,0.9999818741941322,0.11381347621665765,mixture,-1,False,False,True,0.0,0.0,0.0,8.82958649890171e-12,1.8243978407844308e-11
20179,mixture,3,always_on,True,0.7860790470892676,0.9999818741941322,0.11381347621665765,other,-1,False,False,True,1.0000000000000004,0.3424431851823498,0.0010367654903335106,7.634969219136955e-05,9.303627054097026e-05
20179,mixture,3,initial_speed_gate,True,0.7860790470892676,0.9999818741941322,0.11381347621665765,other,-1,False,False,True,1.0000000000000004,0.3424431851823498,0.0010367654903335106,7.634969219136955e-05,9.303627054097026e-05
20179,mixture,3,decay_rate_gate,True,0.7860790470892676,0.9999818741941322,0.11381347621665765,other,-1,False,False,True,1.0000000000000004,0.3424431851823498,0.0010367654903335106,7.634969219136955e-05,9.303627054097026e-05
20183,pure,0,frozen,False,0.9640677777971682,0.9999999928778645,0.012762605098794734,pure,0,True,False,True,0.0,0.0,0.0,1.2216489778430634e-14,1.2216489778430634e-14
20183,pure,0,always_on,True,0.9640677777971682,0.9999999928778645,0.012762605098794734,mixture,-1,False,False,False,1.0000000000000004,0.4274934234889403,0.0012942597429168184,0.00036217388979703865,0.0004370507059457897
20183,pure,0,initial_speed_gate,False,0.9640677777971682,0.9999999928778645,0.012762605098794734,pure,0,True,False,True,0.0,0.0,0.0,1.2216489778430634e-14,1.2216489778430634e-14
20183,pure,0,decay_rate_gate,False,0.9640677777971682,0.9999999928778645,0.012762605098794734,pure,0,True,False,True,0.0,0.0,0.0,1.2216489778430634e-14,1.2216489778430634e-14
20183,pure,1,frozen,False,0.9890653247985516,0.9999999999434035,0.002985976781857216,pure,1,True,False,True,0.0,0.0,0.0,1.2412670766236365e-14,1.2412670766236365e-14
20183,pure,1,always_on,True,0.9890653247985516,0.9999999999434035,0.002985976781857216,pure,0,False,False,True,1.0000000000000004,0.435696950999908,0.0013190963715621973,2.676897444997695e-05,3.2483551146907864e-05
20183,pure,1,initial_speed_gate,False,0.9890653247985516,0.9999999999434035,0.002985976781857216,pure,1,True,False,True,0.0,0.0,0.0,1.2412670766236365e-14,1.2412670766236365e-14
20183,pure,1,decay_rate_gate,False,0.9890653247985516,0.9999999999434035,0.002985976781857216,pure,1,True,False,True,0.0,0.0,0.0,1.2412670766236365e-14,1.2412670766236365e-14
20183,pure,2,frozen,False,0.9970731176226697,0.9999999999997133,0.000674333936606665,pure,2,True,False,True,0.0,0.0,0.0,1.2412670766236365e-14,1.2412670766236365e-14
20183,pure,2,always_on,True,0.9970731176226697,0.9999999999997133,0.000674333936606665,mixture,-1,False,False,False,1.0000000000000004,0.44015307583076674,0.0013325875334398779,0.00025231163137040525,0.00030871371511495175
20183,pure,2,initial_speed_gate,False,0.9970731176226697,0.9999999999997133,0.000674333936606665,pure,2,True,False,True,0.0,0.0,0.0,1.2412670766236365e-14,1.2412670766236365e-14
20183,pure,2,decay_rate_gate,False,0.9970731176226697,0.9999999999997133,0.000674333936606665,pure,2,True,False,True,0.0,0.0,0.0,1.2412670766236365e-14,1.2412670766236365e-14
20183,mixture,3,frozen,False,0.8195792157005657,0.999992417418946,0.06237762781264654,mixture,-1,False,False,True,0.0,0.0,0.0,1.0535719465126282e-12,2.285860657748647e-12
20183,mixture,3,always_on,True,0.8195792157005657,0.999992417418946,0.06237762781264654,pure,0,False,True,True,1.0000000000000004,0.4078648763957077,0.0012348332420191572,4.117116082539709e-05,4.9892670665244304e-05
20183,mixture,3,initial_speed_gate,True,0.8195792157005657,0.999992417418946,0.06237762781264654,pure,0,False,True,True,1.0000000000000004,0.4078648763957077,0.0012348332420191572,4.117116082539709e-05,4.9892670665244304e-05
20183,mixture,3,decay_rate_gate,True,0.8195792157005657,0.999992417418946,0.06237762781264654,pure,0,False,True,True,1.0000000000000004,0.4078648763957077,0.0012348332420191572,4.117116082539709e-05,4.9892670665244304e-05
20185,pure,0,frozen,False,0.9993668388220777,0.9999999999999993,0.00017214723843679035,pure,0,True,False,True,0.0,0.0,0.0,1.2412670766236365e-14,1.2412670766236365e-14
20185,pure,0,always_on,True,0.9993668388220777,0.9999999999999993,0.00017214723843679035,pure,0,True,False,True,1.0000000000000004,0.4412225278512266,0.0013358253579795385,9.22427618430743e-07,1.1289617281575428e-06
20185,pure,0,initial_speed_gate,False,0.9993668388220777,0.9999999999999993,0.00017214723843679035,pure,0,True,False,True,0.0,0.0,0.0,1.2412670766236365e-14,1.2412670766236365e-14
20185,pure,0,decay_rate_gate,False,0.9993668388220777,0.9999999999999993,0.00017214723843679035,pure,0,True,False,True,0.0,0.0,0.0,1.2412670766236365e-14,1.2412670766236365e-14
20185,pure,1,frozen,False,0.9993668388220777,0.9999999999999993,0.00017214723843679035,pure,1,True,False,True,0.0,0.0,0.0,1.2412670766236365e-14,1.2412670766236365e-14
20185,pure,1,always_on,True,0.9993668388220777,0.9999999999999993,0.00017214723843679035,pure,1,True,False,True,1.0000000000000004,0.4412225278512266,0.0013358253579795385,9.22427618430743e-07,1.1289617281575428e-06
20185,pure,1,initial_speed_gate,False,0.9993668388220777,0.9999999999999993,0.00017214723843679035,pure,1,True,False,True,0.0,0.0,0.0,1.2412670766236365e-14,1.2412670766236365e-14
20185,pure,1,decay_rate_gate,False,0.9993668388220777,0.9999999999999993,0.00017214723843679035,pure,1,True,False,True,0.0,0.0,0.0,1.2412670766236365e-14,1.2412670766236365e-14
20185,pure,2,frozen,False,0.999966257630878,1.0,1.1095311534288534e-05,pure,2,True,False,True,0.0,0.0,0.0,1.2412670766236365e-14,1.2412670766236365e-14
20185,pure,2,always_on,True,0.999966257630878,1.0,1.1095311534288534e-05,pure,2,True,False,True,1.0000000000000004,0.4416503778414528,0.0013371206972474688,5.947857452280573e-08,7.279600287516575e-08
20185,pure,2,initial_speed_gate,False,0.999966257630878,1.0,1.1095311534288534e-05,pure,2,True,False,True,0.0,0.0,0.0,1.2412670766236365e-14,1.2412670766236365e-14
20185,pure,2,decay_rate_gate,False,0.999966257630878,1.0,1.1095311534288534e-05,pure,2,True,False,True,0.0,0.0,0.0,1.2412670766236365e-14,1.2412670766236365e-14
20185,mixture,3,frozen,False,0.8479088115448883,0.9999969662576954,0.1017454774794725,mixture,-1,False,False,True,0.0,0.0,0.0,4.819180700180265e-13,1.0900398471486939e-12
20185,mixture,3,always_on,True,0.8479088115448883,0.9999969662576954,0.1017454774794725,other,-1,False,False,False,1.0000000000000004,0.36675193294507613,0.0011103615549773395,0.00019823151874231792,0.00024048951661758864
20185,mixture,3,initial_speed_gate,True,0.8479088115448883,0.9999969662576954,0.1017454774794725,other,-1,False,False,False,1.0000000000000004,0.36675193294507613,0.0011103615549773395,0.00019823151874231792,0.00024048951661758864
20185,mixture,3,decay_rate_gate,True,0.8479088115448883,0.9999969662576954,0.1017454774794725,other,-1,False,False,False,1.0000000000000004,0.36675193294507613,0.0011103615549773395,0.00019823151874231792,0.00024048951661758864
20186,pure,0,frozen,False,0.8140720145006329,0.999992711500223,0.062306148160613306,pure,0,True,False,True,0.0,0.0,0.0,1.0603192886987752e-12,2.3037377225397313e-12
20186,pure,0,always_on,True,0.8140720145006329,0.999992711500223,0.062306148160613306,mixture,-1,False,False,True,1.0000000000000004,0.40898760076526275,0.001238232351512733,6.769813432821004e-05,8.249201342670836e-05
20186,pure,0,initial_speed_gate,True,0.8140720145006329,0.999992711500223,0.062306148160613306,mixture,-1,False,False,True,1.0000000000000004,0.40898760076526275,0.001238232351512733,6.769813432821004e-05,8.249201342670836e-05
20186,pure,0,decay_rate_gate,True,0.8140720145006329,0.999992711500223,0.062306148160613306,mixture,-1,False,False,True,1.0000000000000004,0.40898760076526275,0.001238232351512733,6.769813432821004e-05,8.249201342670836e-05
20186,pure,1,frozen,False,0.8140720145006328,0.999992711500223,0.062306148160613306,pure,1,True,False,True,0.0,0.0,0.0,1.060255193676455e-12,2.3036736263579326e-12
20186,pure,1,always_on,True,0.8140720145006328,0.999992711500223,0.062306148160613306,mixture,-1,False,False,True,1.0000000000000004,0.40898760076526275,0.001238232351512733,6.769813432821004e-05,8.249201342686088e-05
20186,pure,1,initial_speed_gate,True,0.8140720145006328,0.999992711500223,0.062306148160613306,mixture,-1,False,False,True,1.0000000000000004,0.40898760076526275,0.001238232351512733,6.769813432821004e-05,8.249201342686088e-05
20186,pure,1,decay_rate_gate,True,0.8140720145006328,0.999992711500223,0.062306148160613306,mixture,-1,False,False,True,1.0000000000000004,0.40898760076526275,0.001238232351512733,6.769813432821004e-05,8.249201342686088e-05
20186,pure,2,frozen,False,0.9855685305556905,0.9999999998228525,0.003336347906056895,pure,2,True,False,True,0.0,0.0,0.0,1.2412670766236365e-14,1.2412670766236365e-14
20186,pure,2,always_on,True,0.9855685305556905,0.9999999998228525,0.003336347906056895,mixture,-1,False,False,True,1.0000000000000004,0.433747660913112,0.001313194789109602,4.7655490014016455e-05,5.814896765227993e-05
20186,pure,2,initial_speed_gate,False,0.9855685305556905,0.9999999998228525,0.003336347906056895,pure,2,True,False,True,0.0,0.0,0.0,1.2412670766236365e-14,1.2412670766236365e-14
20186,pure,2,decay_rate_gate,False,0.9855685305556905,0.9999999998228525,0.003336347906056895,pure,2,True,False,True,0.0,0.0,0.0,1.2412670766236365e-14,1.2412670766236365e-14
20186,mixture,3,frozen,False,0.9822676838129645,0.9999999995808976,0.018049036602986228,mixture,-1,False,False,True,0.0,0.0,0.0,1.15484543030194e-14,1.15484543030194e-14
20186,mixture,3,always_on,True,0.9822676838129645,0.9999999995808976,0.018049036602986228,mixture,-1,False,False,False,1.0000000000000004,0.4188687350634276,0.001268148026546182,8.897170375748064e-05,0.00010884449026060811
20186,mixture,3,initial_speed_gate,False,0.9822676838129645,0.9999999995808976,0.018049036602986228,mixture,-1,False,False,True,0.0,0.0,0.0,1.15484543030194e-14,1.15484543030194e-14
20186,mixture,3,decay_rate_gate,False,0.9822676838129645,0.9999999995808976,0.018049036602986228,mixture,-1,False,False,True,0.0,0.0,0.0,1.15484543030194e-14,1.15484543030194e-14
20190,pure,0,frozen,False,0.9993668388220777,0.9999999999999993,0.00017214723843679032,pure,0,True,False,True,0.0,0.0,0.0,1.2412670766236365e-14,1.2412670766236365e-14
20190,pure,0,always_on,True,0.9993668388220777,0.9999999999999993,0.00017214723843679032,pure,0,True,False,True,1.0000000000000004,0.4412225278512266,0.0013358253579795385,9.22427618430743e-07,1.1289617281575428e-06
20190,pure,0,initial_speed_gate,False,0.9993668388220777,0.9999999999999993,0.00017214723843679032,pure,0,True,False,True,0.0,0.0,0.0,1.2412670766236365e-14,1.2412670766236365e-14
20190,pure,0,decay_rate_gate,False,0.9993668388220777,0.9999999999999993,0.00017214723843679032,pure,0,True,False,True,0.0,0.0,0.0,1.2412670766236365e-14,1.2412670766236365e-14
20190,pure,1,frozen,False,0.999966257630878,1.0,1.1095311534288534e-05,pure,1,True,False,True,0.0,0.0,0.0,1.2412670766236365e-14,1.2412670766236365e-14
20190,pure,1,always_on,True,0.999966257630878,1.0,1.1095311534288534e-05,pure,1,True,False,True,1.0000000000000004,0.4416503778414528,0.0013371206972474688,5.947857452280573e-08,7.279600287516575e-08
20190,pure,1,initial_speed_gate,False,0.999966257630878,1.0,1.1095311534288534e-05,pure,1,True,False,True,0.0,0.0,0.0,1.2412670766236365e-14,1.2412670766236365e-14
20190,pure,1,decay_rate_gate,False,0.999966257630878,1.0,1.1095311534288534e-05,pure,1,True,False,True,0.0,0.0,0.0,1.2412670766236365e-14,1.2412670766236365e-14
20190,pure,2,frozen,False,0.9993668388220777,0.9999999999999993,0.00017214723843679032,pure,2,True,False,True,0.0,0.0,0.0,1.2412670766236365e-14,1.2412670766236365e-14
20190,pure,2,always_on,True,0.9993668388220777,0.9999999999999993,0.00017214723843679032,pure,2,True,False,True,1.0000000000000004,0.4412225278512266,0.0013358253579795385,9.22427618430743e-07,1.1289617281575428e-06
20190,pure,2,initial_speed_gate,False,0.9993668388220777,0.9999999999999993,0.00017214723843679032,pure,2,True,False,True,0.0,0.0,0.0,1.2412670766236365e-14,1.2412670766236365e-14
20190,pure,2,decay_rate_gate,False,0.9993668388220777,0.9999999999999993,0.00017214723843679032,pure,2,True,False,True,0.0,0.0,0.0,1.2412670766236365e-14,1.2412670766236365e-14
20190,mixture,3,frozen,False,0.8479088115448881,0.9999969662576954,0.1017454774794725,mixture,-1,False,False,True,0.0,0.0,0.0,4.820750352302867e-13,1.0901576058619884e-12
20190,mixture,3,always_on,True,0.8479088115448881,0.9999969662576954,0.1017454774794725,other,-1,False,False,False,1.0000000000000004,0.3667519329450762,0.0011103615549773395,0.00019823151874220018,0.0002404895166174709
20190,mixture,3,initial_speed_gate,True,0.8479088115448881,0.9999969662576954,0.1017454774794725,other,-1,False,False,False,1.0000000000000004,0.3667519329450762,0.0011103615549773395,0.00019823151874220018,0.0002404895166174709
20190,mixture,3,decay_rate_gate,True,0.8479088115448881,0.9999969662576954,0.1017454774794725,other,-1,False,False,False,1.0000000000000004,0.3667519329450762,0.0011103615549773395,0.00019823151874220018,0.0002404895166174709
20193,pure,0,frozen,False,0.9995433625859083,0.9999999999999999,0.00012197905074121552,pure,0,True,False,True,0.0,0.0,0.0,1.2412670766236365e-14,1.2412670766236365e-14
20193,pure,0,always_on,True,0.9995433625859083,0.9999999999999999,0.00012197905074121552,pure,0,True,False,True,1.0000000000000004,0.4414371220530659,0.0013364750536737657,6.53525083351325e-07,7.998500237299173e-07
20193,pure,0,initial_speed_gate,False,0.9995433625859083,0.9999999999999999,0.00012197905074121552,pure,0,True,False,True,0.0,0.0,0.0,1.2412670766236365e-14,1.2412670766236365e-14
20193,pure,0,decay_rate_gate,False,0.9995433625859083,0.9999999999999999,0.00012197905074121552,pure,0,True,False,True,0.0,0.0,0.0,1.2412670766236365e-14,1.2412670766236365e-14
20193,pure,1,frozen,False,0.9998517685704069,1.0,3.690246169482102e-05,pure,1,True,False,True,0.0,0.0,0.0,1.2412670766236365e-14,1.2412670766236365e-14
20193,pure,1,always_on,True,0.9998517685704069,1.0,3.690246169482102e-05,pure,1,True,False,True,1.0000000000000004,0.4415857241913584,0.00133692495478232,1.9781684779207174e-07,2.421086965435088e-07
20193,pure,1,initial_speed_gate,False,0.9998517685704069,1.0,3.690246169482102e-05,pure,1,True,False,True,0.0,0.0,0.0,1.2412670766236365e-14,1.2412670766236365e-14
20193,pure,1,decay_rate_gate,False,0.9998517685704069,1.0,3.690246169482102e-05,pure,1,True,False,True,0.0,0.0,0.0,1.2412670766236365e-14,1.2412670766236365e-14
20193,pure,2,frozen,False,0.9998517685704071,1.0,3.690246169482102e-05,pure,2,True,False,True,0.0,0.0,0.0,1.2412670766236365e-14,1.2412670766236365e-14
20193,pure,2,always_on,True,0.9998517685704071,1.0,3.690246169482102e-05,pure,2,True,False,True,1.0000000000000004,0.4415857241913584,0.00133692495478232,1.9781684779207174e-07,2.421086965435088e-07
20193,pure,2,initial_speed_gate,False,0.9998517685704071,1.0,3.690246169482102e-05,pure,2,True,False,True,0.0,0.0,0.0,1.2412670766236365e-14,1.2412670766236365e-14
20193,pure,2,decay_rate_gate,False,0.9998517685704071,1.0,3.690246169482102e-05,pure,2,True,False,True,0.0,0.0,0.0,1.2412670766236365e-14,1.2412670766236365e-14
20193,mixture,3,frozen,False,0.7198817075221258,0.9999368420474559,0.07209939210314947,mixture,-1,False,False,True,0.0,0.0,0.0,1.2777943465988542e-10,2.3865845692769197e-10
20193,mixture,3,always_on,True,0.7198817075221258,0.9999368420474559,0.07209939210314947,pure,0,False,True,True,1.0000000000000004,0.39212479121845806,0.001187179272446953,3.0729936621264395e-07,3.7275890016339646e-07
20193,mixture,3,initial_speed_gate,True,0.7198817075221258,0.9999368420474559,0.07209939210314947,pure,0,False,True,True,1.0000000000000004,0.39212479121845806,0.001187179272446953,3.0729936621264395e-07,3.7275890016339646e-07
20193,mixture,3,decay_rate_gate,True,0.7198817075221258,0.9999368420474559,0.07209939210314947,pure,0,False,True,True,1.0000000000000004,0.39212479121845806,0.001187179272446953,3.0729936621264395e-07,3.7275890016339646e-07
20197,pure,0,frozen,False,0.999966257630878,1.0,1.1095311534288534e-05,pure,0,True,False,True,0.0,0.0,0.0,1.2412670766236365e-14,1.2412670766236365e-14
20197,pure,0,always_on,True,0.999966257630878,1.0,1.1095311534288534e-05,pure,0,True,False,True,1.0000000000000004,0.4416503778414529,0.0013371206972474744,5.947857452280573e-08,7.279600287516575e-08
20197,pure,0,initial_speed_gate,False,0.999966257630878,1.0,1.1095311534288534e-05,pure,0,True,False,True,0.0,0.0,0.0,1.2412670766236365e-14,1.2412670766236365e-14
20197,pure,0,decay_rate_gate,False,0.999966257630878,1.0,1.1095311534288534e-05,pure,0,True,False,True,0.0,0.0,0.0,1.2412670766236365e-14,1.2412670766236365e-14
20197,pure,1,frozen,False,0.999966257630878,1.0,1.1095311534288534e-05,pure,1,True,False,True,0.0,0.0,0.0,1.2412670766236365e-14,1.2412670766236365e-14
20197,pure,1,always_on,True,0.999966257630878,1.0,1.1095311534288534e-05,pure,1,True,False,True,1.0000000000000004,0.4416503778414529,0.0013371206972474744,5.947857452280573e-08,7.279600287516575e-08
20197,pure,1,initial_speed_gate,False,0.999966257630878,1.0,1.1095311534288534e-05,pure,1,True,False,True,0.0,0.0,0.0,1.2412670766236365e-14,1.2412670766236365e-14
20197,pure,1,decay_rate_gate,False,0.999966257630878,1.0,1.1095311534288534e-05,pure,1,True,False,True,0.0,0.0,0.0,1.2412670766236365e-14,1.2412670766236365e-14
20197,pure,2,frozen,False,0.999966257630878,1.0,1.1095311534288534e-05,pure,2,True,False,True,0.0,0.0,0.0,1.2412670766236365e-14,1.2412670766236365e-14
20197,pure,2,always_on,True,0.999966257630878,1.0,1.1095311534288534e-05,pure,2,True,False,True,1.0000000000000004,0.4416503778414529,0.0013371206972474744,5.947857452280573e-08,7.279600287516575e-08
20197,pure,2,initial_speed_gate,False,0.999966257630878,1.0,1.1095311534288534e-05,pure,2,True,False,True,0.0,0.0,0.0,1.2412670766236365e-14,1.2412670766236365e-14
20197,pure,2,decay_rate_gate,False,0.999966257630878,1.0,1.1095311534288534e-05,pure,2,True,False,True,0.0,0.0,0.0,1.2412670766236365e-14,1.2412670766236365e-14
20197,mixture,3,frozen,False,0.988182494917858,0.9999999999211552,0.028537999547897007,mixture,-1,False,False,True,0.0,0.0,0.0,1.2412670766236365e-14,1.2412670766236365e-14
20197,mixture,3,always_on,True,0.988182494917858,0.9999999999211552,0.028537999547897007,mixture,-1,False,False,False,1.0000000000000004,0.39600093853336915,0.0011989145206451873,0.0001366605097016065,0.00016714556923935222
20197,mixture,3,initial_speed_gate,False,0.988182494917858,0.9999999999211552,0.028537999547897007,mixture,-1,False,False,True,0.0,0.0,0.0,1.2412670766236365e-14,1.2412670766236365e-14
20197,mixture,3,decay_rate_gate,False,0.988182494917858,0.9999999999211552,0.028537999547897007,mixture,-1,False,False,True,0.0,0.0,0.0,1.2412670766236365e-14,1.2412670766236365e-14
20201,pure,0,frozen,False,0.9451862479994897,0.9999999601849846,0.014743123382914563,pure,0,True,False,True,0.0,0.0,0.0,1.1765745319130594e-14,1.1765745319130594e-14
20201,pure,0,always_on,True,0.9451862479994897,0.9999999601849846,0.014743123382914563,pure,2,False,False,False,1.0000000000000004,0.4196412030219522,0.0012704867155801285,0.004270317375837222,0.0049419902115362385
20201,pure,0,initial_speed_gate,False,0.9451862479994897,0.9999999601849846,0.014743123382914563,pure,0,True,False,True,0.0,0.0,0.0,1.1765745319130594e-14,1.1765745319130594e-14
20201,pure,0,decay_rate_gate,False,0.9451862479994897,0.9999999601849846,0.014743123382914563,pure,0,True,False,True,0.0,0.0,0.0,1.1765745319130594e-14,1.1765745319130594e-14
20201,pure,1,frozen,False,0.9854875078892141,0.9999999998208156,0.0033374524860470406,pure,1,True,False,True,0.0,0.0,0.0,1.2412670766236365e-14,1.2412670766236365e-14
20201,pure,1,always_on,True,0.9854875078892141,0.9999999998208156,0.0033374524860470406,pure,2,False,False,False,1.0000000000000004,0.4336201800321331,0.001312808833763065,0.003486512478384563,0.004054734889956413
20201,pure,1,initial_speed_gate,False,0.9854875078892141,0.9999999998208156,0.0033374524860470406,pure,1,True,False,True,0.0,0.0,0.0,1.2412670766236365e-14,1.2412670766236365e-14
20201,pure,1,decay_rate_gate,False,0.9854875078892141,0.9999999998208156,0.0033374524860470406,pure,1,True,False,True,0.0,0.0,0.0,1.2412670766236365e-14,1.2412670766236365e-14
20201,pure,2,frozen,False,0.5556960931120182,0.9995472950927436,0.2352479120881409,pure,2,True,False,True,0.0,0.0,0.0,4.480020934277292e-06,6.132136751020374e-06
20201,pure,2,always_on,True,0.5556960931120182,0.9995472950927436,0.2352479120881409,mixture,-1,False,False,False,1.0000000000000004,0.40761878705334487,0.0012340881930629542,0.003909008961337953,0.004536427403974077
20201,pure,2,initial_speed_gate,True,0.5556960931120182,0.9995472950927436,0.2352479120881409,mixture,-1,False,False,False,1.0000000000000004,0.40761878705334487,0.0012340881930629542,0.003909008961337953,0.004536427403974077
20201,pure,2,decay_rate_gate,True,0.5556960931120182,0.9995472950927436,0.2352479120881409,mixture,-1,False,False,False,1.0000000000000004,0.40761878705334487,0.0012340881930629542,0.003909008961337953,0.004536427403974077
20201,mixture,3,frozen,False,0.5566020527963975,0.9995470814268873,0.23524868481964165,mixture,-1,False,False,True,0.0,0.0,0.0,4.403560082944295e-06,6.030875022269526e-06
20201,mixture,3,always_on,True,0.5566020527963975,0.9995470814268873,0.23524868481964165,pure,2,False,False,False,1.0000000000000004,0.4074403408109122,0.0012335479372949053,0.003919074668175705,0.004547371651151051
20201,mixture,3,initial_speed_gate,True,0.5566020527963975,0.9995470814268873,0.23524868481964165,pure,2,False,False,False,1.0000000000000004,0.4074403408109122,0.0012335479372949053,0.003919074668175705,0.004547371651151051
20201,mixture,3,decay_rate_gate,True,0.5566020527963975,0.9995470814268873,0.23524868481964165,pure,2,False,False,False,1.0000000000000004,0.4074403408109122,0.0012335479372949053,0.003919074668175705,0.004547371651151051
20204,pure,0,frozen,False,0.9977883323758383,0.999999999999908,0.0006033432389334416,pure,0,True,False,True,0.0,0.0,0.0,1.2412670766236365e-14,1.2412670766236365e-14
20204,pure,0,always_on,True,0.9977883323758383,0.999999999999908,0.0006033432389334416,pure,0,True,False,True,1.0000000000000004,0.4404682169433876,0.0013335416404110592,3.2245092281946615e-06,3.946451716175806e-06
20204,pure,0,initial_speed_gate,False,0.9977883323758383,0.999999999999908,0.0006033432389334416,pure,0,True,False,True,0.0,0.0,0.0,1.2412670766236365e-14,1.2412670766236365e-14
20204,pure,0,decay_rate_gate,False,0.9977883323758383,0.999999999999908,0.0006033432389334416,pure,0,True,False,True,0.0,0.0,0.0,1.2412670766236365e-14,1.2412670766236365e-14
20204,pure,1,frozen,False,0.999401158115884,0.9999999999999996,0.00013627511539125197,pure,1,True,False,True,0.0,0.0,0.0,1.2412670766236365e-14,1.2412670766236365e-14
20204,pure,1,always_on,True,0.999401158115884,0.9999999999999996,0.00013627511539125197,pure,1,True,False,True,1.0000000000000004,0.44138138499053714,0.0013363063066654738,7.303035986107304e-07,8.938212474228279e-07
20204,pure,1,initial_speed_gate,False,0.999401158115884,0.9999999999999996,0.00013627511539125197,pure,1,True,False,True,0.0,0.0,0.0,1.2412670766236365e-14,1.2412670766236365e-14
20204,pure,1,decay_rate_gate,False,0.999401158115884,0.9999999999999996,0.00013627511539125197,pure,1,True,False,True,0.0,0.0,0.0,1.2412670766236365e-14,1.2412670766236365e-14
20204,pure,2,frozen,False,0.9977883323758457,0.999999999999908,0.0006033432389334416,pure,2,True,False,True,0.0,0.0,0.0,1.2412670766236365e-14,1.2412670766236365e-14
20204,pure,2,always_on,True,0.9977883323758457,0.999999999999908,0.0006033432389334416,pure,2,True,False,True,1.0000000000000004,0.4404682169433876,0.0013335416404110592,3.224509228194662e-06,3.946451716175806e-06
20204,pure,2,initial_speed_gate,False,0.9977883323758457,0.999999999999908,0.0006033432389334416,pure,2,True,False,True,0.0,0.0,0.0,1.2412670766236365e-14,1.2412670766236365e-14
20204,pure,2,decay_rate_gate,False,0.9977883323758457,0.999999999999908,0.0006033432389334416,pure,2,True,False,True,0.0,0.0,0.0,1.2412670766236365e-14,1.2412670766236365e-14
20204,mixture,3,frozen,False,0.9714254311395,0.9999999956817994,0.02085210369750741,mixture,-1,False,False,True,0.0,0.0,0.0,1.236391735211212e-14,1.236391735211212e-14
20204,mixture,3,always_on,True,0.9714254311395,0.9999999956817994,0.02085210369750741,mixture,-1,False,False,False,1.0000000000000004,0.4095265330797209,0.0012398639985981114,0.00010506010263817057,0.00013030951125942477
20204,mixture,3,initial_speed_gate,False,0.9714254311395,0.9999999956817994,0.02085210369750741,mixture,-1,False,False,True,0.0,0.0,0.0,1.236391735211212e-14,1.236391735211212e-14
20204,mixture,3,decay_rate_gate,False,0.9714254311395,0.9999999956817994,0.02085210369750741,mixture,-1,False,False,True,0.0,0.0,0.0,1.236391735211212e-14,1.236391735211212e-14
20207,pure,0,frozen,False,0.9995433625859085,0.9999999999999999,0.0001219790507412155,pure,0,True,False,True,0.0,0.0,0.0,1.2412670766236365e-14,1.2412670766236365e-14
20207,pure,0,always_on,True,0.9995433625859085,0.9999999999999999,0.0001219790507412155,pure,0,True,False,True,1.0000000000000004,0.44143712205306596,0.0013364750536737657,6.535250833513249e-07,7.998500237299172e-07
20207,pure,0,initial_speed_gate,False,0.9995433625859085,0.9999999999999999,0.0001219790507412155,pure,0,True,False,True,0.0,0.0,0.0,1.2412670766236365e-14,1.2412670766236365e-14
20207,pure,0,decay_rate_gate,False,0.9995433625859085,0.9999999999999999,0.0001219790507412155,pure,0,True,False,True,0.0,0.0,0.0,1.2412670766236365e-14,1.2412670766236365e-14
20207,pure,1,frozen,False,0.9998517685704071,1.0,3.690246169482102e-05,pure,1,True,False,True,0.0,0.0,0.0,1.2412670766236365e-14,1.2412670766236365e-14
20207,pure,1,always_on,True,0.9998517685704071,1.0,3.690246169482102e-05,pure,1,True,False,True,1.0000000000000004,0.4415857241913584,0.00133692495478232,1.9781684779207174e-07,2.421086965435088e-07
20207,pure,1,initial_speed_gate,False,0.9998517685704071,1.0,3.690246169482102e-05,pure,1,True,False,True,0.0,0.0,0.0,1.2412670766236365e-14,1.2412670766236365e-14
20207,pure,1,decay_rate_gate,False,0.9998517685704071,1.0,3.690246169482102e-05,pure,1,True,False,True,0.0,0.0,0.0,1.2412670766236365e-14,1.2412670766236365e-14
20207,pure,2,frozen,False,0.9998517685704071,1.0,3.690246169482102e-05,pure,2,True,False,True,0.0,0.0,0.0,1.2412670766236365e-14,1.2412670766236365e-14
20207,pure,2,always_on,True,0.9998517685704071,1.0,3.690246169482102e-05,pure,2,True,False,True,1.0000000000000004,0.4415857241913584,0.00133692495478232,1.9781684779207174e-07,2.421086965435088e-07
20207,pure,2,initial_speed_gate,False,0.9998517685704071,1.0,3.690246169482102e-05,pure,2,True,False,True,0.0,0.0,0.0,1.2412670766236365e-14,1.2412670766236365e-14
20207,pure,2,decay_rate_gate,False,0.9998517685704071,1.0,3.690246169482102e-05,pure,2,True,False,True,0.0,0.0,0.0,1.2412670766236365e-14,1.2412670766236365e-14
20207,mixture,3,frozen,False,0.7198817075221261,0.9999368420474559,0.07209939210314947,mixture,-1,False,False,True,0.0,0.0,0.0,1.277795456638283e-10,2.3865851242971397e-10
20207,mixture,3,always_on,True,0.7198817075221261,0.9999368420474559,0.07209939210314947,pure,0,False,True,True,1.0000000000000004,0.39212479121845806,0.001187179272446953,3.0729936621264395e-07,3.7275890016339646e-07
20207,mixture,3,initial_speed_gate,True,0.7198817075221261,0.9999368420474559,0.07209939210314947,pure,0,False,True,True,1.0000000000000004,0.39212479121845806,0.001187179272446953,3.0729936621264395e-07,3.7275890016339646e-07
20207,mixture,3,decay_rate_gate,True,0.7198817075221261,0.9999368420474559,0.07209939210314947,pure,0,False,True,True,1.0000000000000004,0.39212479121845806,0.001187179272446953,3.0729936621264395e-07,3.7275890016339646e-07
20208,pure,0,frozen,False,0.9995433625859087,0.9999999999999999,0.00012197905074121552,pure,0,True,False,True,0.0,0.0,0.0,1.2412670766236365e-14,1.2412670766236365e-14
20208,pure,0,always_on,True,0.9995433625859087,0.9999999999999999,0.00012197905074121552,pure,0,True,False,True,1.0000000000000004,0.44143712205306596,0.0013364750536737657,6.53525083351325e-07,7.998500237299172e-07
20208,pure,0,initial_speed_gate,False,0.9995433625859087,0.9999999999999999,0.00012197905074121552,pure,0,True,False,True,0.0,0.0,0.0,1.2412670766236365e-14,1.2412670766236365e-14
20208,pure,0,decay_rate_gate,False,0.9995433625859087,0.9999999999999999,0.00012197905074121552,pure,0,True,False,True,0.0,0.0,0.0,1.2412670766236365e-14,1.2412670766236365e-14
20208,pure,1,frozen,False,0.9998517685704069,1.0,3.690246169482102e-05,pure,1,True,False,True,0.0,0.0,0.0,1.2412670766236365e-14,1.2412670766236365e-14
20208,pure,1,always_on,True,0.9998517685704069,1.0,3.690246169482102e-05,pure,1,True,False,True,1.0000000000000004,0.4415857241913584,0.00133692495478232,1.9781684779207174e-07,2.421086965435088e-07
20208,pure,1,initial_speed_gate,False,0.9998517685704069,1.0,3.690246169482102e-05,pure,1,True,False,True,0.0,0.0,0.0,1.2412670766236365e-14,1.2412670766236365e-14
20208,pure,1,decay_rate_gate,False,0.9998517685704069,1.0,3.690246169482102e-05,pure,1,True,False,True,0.0,0.0,0.0,1.2412670766236365e-14,1.2412670766236365e-14
20208,pure,2,frozen,False,0.9998517685704069,1.0,3.690246169482102e-05,pure,2,True,False,True,0.0,0.0,0.0,1.2412670766236365e-14,1.2412670766236365e-14
20208,pure,2,always_on,True,0.9998517685704069,1.0,3.690246169482102e-05,pure,2,True,False,True,1.0000000000000004,0.4415857241913584,0.00133692495478232,1.9781684779207174e-07,2.421086965435088e-07
20208,pure,2,initial_speed_gate,False,0.9998517685704069,1.0,3.690246169482102e-05,pure,2,True,False,True,0.0,0.0,0.0,1.2412670766236365e-14,1.2412670766236365e-14
20208,pure,2,decay_rate_gate,False,0.9998517685704069,1.0,3.690246169482102e-05,pure,2,True,False,True,0.0,0.0,0.0,1.2412670766236365e-14,1.2412670766236365e-14
20208,mixture,3,frozen,False,0.7198817075221267,0.9999368420474559,0.07209939210314947,mixture,-1,False,False,True,0.0,0.0,0.0,1.2777943465988542e-10,2.3865845692769197e-10
20208,mixture,3,always_on,True,0.7198817075221267,0.9999368420474559,0.07209939210314947,pure,0,False,True,True,1.0000000000000004,0.39212479121845806,0.0011871792724469532,3.07299366212644e-07,3.727589001633965e-07
20208,mixture,3,initial_speed_gate,True,0.7198817075221267,0.9999368420474559,0.07209939210314947,pure,0,False,True,True,1.0000000000000004,0.39212479121845806,0.0011871792724469532,3.07299366212644e-07,3.727589001633965e-07
20208,mixture,3,decay_rate_gate,True,0.7198817075221267,0.9999368420474559,0.07209939210314947,pure,0,False,True,True,1.0000000000000004,0.39212479121845806,0.0011871792724469532,3.07299366212644e-07,3.727589001633965e-07
20220,pure,0,frozen,False,0.9456276901805232,0.9999999609058148,0.014736975001666387,pure,0,True,False,True,0.0,0.0,0.0,1.1976008238578295e-14,1.1976008238578295e-14
20220,pure,0,always_on,True,0.9456276901805232,0.9999999609058148,0.014736975001666387,mixture,-1,False,False,True,1.0000000000000004,0.42043198684640415,0.001272880856900586,4.4398348441798544e-05,5.422915547986644e-05
20220,pure,0,initial_speed_gate,False,0.9456276901805232,0.9999999609058148,0.014736975001666387,pure,0,True,False,True,0.0,0.0,0.0,1.1976008238578295e-14,1.1976008238578295e-14
20220,pure,0,decay_rate_gate,False,0.9456276901805232,0.9999999609058148,0.014736975001666387,pure,0,True,False,True,0.0,0.0,0.0,1.1976008238578295e-14,1.1976008238578295e-14
20220,pure,1,frozen,False,0.9456276901805227,0.9999999609058148,0.014736975001666389,pure,1,True,False,True,0.0,0.0,0.0,1.1976008238578295e-14,1.1976008238578295e-14
20220,pure,1,always_on,True,0.9456276901805227,0.9999999609058148,0.014736975001666389,mixture,-1,False,False,True,1.0000000000000004,0.4204319868464042,0.001272880856900586,4.4398348441798544e-05,5.422915547986645e-05
20220,pure,1,initial_speed_gate,False,0.9456276901805227,0.9999999609058148,0.014736975001666389,pure,1,True,False,True,0.0,0.0,0.0,1.1976008238578295e-14,1.1976008238578295e-14
20220,pure,1,decay_rate_gate,False,0.9456276901805227,0.9999999609058148,0.014736975001666389,pure,1,True,False,True,0.0,0.0,0.0,1.1976008238578295e-14,1.1976008238578295e-14
20220,pure,2,frozen,False,0.8142166791952612,0.9999927271123069,0.062306059375053326,pure,2,True,False,True,0.0,0.0,0.0,1.056153109300448e-12,2.2952767914994345e-12
20220,pure,2,always_on,True,0.8142166791952612,0.9999927271123069,0.062306059375053326,mixture,-1,False,False,True,1.0000000000000004,0.409284405322213,0.0012391309435572319,4.12696240167787e-05,5.001533704880477e-05
20220,pure,2,initial_speed_gate,True,0.8142166791952612,0.9999927271123069,0.062306059375053326,mixture,-1,False,False,True,1.0000000000000004,0.409284405322213,0.0012391309435572319,4.12696240167787e-05,5.001533704880477e-05
20220,pure,2,decay_rate_gate,True,0.8142166791952612,0.9999927271123069,0.062306059375053326,mixture,-1,False,False,True,1.0000000000000004,0.409284405322213,0.0012391309435572319,4.12696240167787e-05,5.001533704880477e-05
20220,mixture,3,frozen,False,0.9662386067441165,0.9999999918462795,0.012791024948142318,mixture,-1,False,False,True,0.0,0.0,0.0,1.1839371693483508e-14,1.1839371693483508e-14
20220,mixture,3,always_on,True,0.9662386067441165,0.9999999918462795,0.012791024948142318,pure,2,False,False,False,1.0000000000000004,0.42654404870435786,0.0012913854587834105,0.0003626783292672165,0.00043764451341314316
20220,mixture,3,initial_speed_gate,False,0.9662386067441165,0.9999999918462795,0.012791024948142318,mixture,-1,False,False,True,0.0,0.0,0.0,1.1839371693483508e-14,1.1839371693483508e-14
20220,mixture,3,decay_rate_gate,False,0.9662386067441165,0.9999999918462795,0.012791024948142318,mixture,-1,False,False,True,0.0,0.0,0.0,1.1839371693483508e-14,1.1839371693483508e-14
20221,pure,0,frozen,False,0.999401158115884,0.9999999999999996,0.000136275115391252,pure,0,True,False,True,0.0,0.0,0.0,1.2412670766236365e-14,1.2412670766236365e-14
20221,pure,0,always_on,True,0.999401158115884,0.9999999999999996,0.000136275115391252,pure,0,True,False,True,1.0000000000000004,0.44138138499053714,0.0013363063066654738,7.303035986107304e-07,8.93821247422828e-07
20221,pure,0,initial_speed_gate,False,0.999401158115884,0.9999999999999996,0.000136275115391252,pure,0,True,False,True,0.0,0.0,0.0,1.2412670766236365e-14,1.2412670766236365e-14
20221,pure,0,decay_rate_gate,False,0.999401158115884,0.9999999999999996,0.000136275115391252,pure,0,True,False,True,0.0,0.0,0.0,1.2412670766236365e-14,1.2412670766236365e-14
20221,pure,1,frozen,False,0.9977883323758455,0.999999999999908,0.0006033432389334416,pure,1,True,False,True,0.0,0.0,0.0,1.2412670766236365e-14,1.2412670766236365e-14
20221,pure,1,always_on,True,0.9977883323758455,0.999999999999908,0.0006033432389334416,pure,1,True,False,True,1.0000000000000004,0.4404682169433876,0.0013335416404110592,3.2245092281946615e-06,3.946451716175806e-06
20221,pure,1,initial_speed_gate,False,0.9977883323758455,0.999999999999908,0.0006033432389334416,pure,1,True,False,True,0.0,0.0,0.0,1.2412670766236365e-14,1.2412670766236365e-14
20221,pure,1,decay_rate_gate,False,0.9977883323758455,0.999999999999908,0.0006033432389334416,pure,1,True,False,True,0.0,0.0,0.0,1.2412670766236365e-14,1.2412670766236365e-14
20221,pure,2,frozen,False,0.9977883323758455,0.999999999999908,0.0006033432389334415,pure,2,True,False,True,0.0,0.0,0.0,1.2412670766236365e-14,1.2412670766236365e-14
20221,pure,2,always_on,True,0.9977883323758455,0.999999999999908,0.0006033432389334415,pure,2,True,False,True,1.0000000000000004,0.4404682169433876,0.0013335416404110592,3.224509228194662e-06,3.946451716175806e-06
20221,pure,2,initial_speed_gate,False,0.9977883323758455,0.999999999999908,0.0006033432389334415,pure,2,True,False,True,0.0,0.0,0.0,1.2412670766236365e-14,1.2412670766236365e-14
20221,pure,2,decay_rate_gate,False,0.9977883323758455,0.999999999999908,0.0006033432389334415,pure,2,True,False,True,0.0,0.0,0.0,1.2412670766236365e-14,1.2412670766236365e-14
20221,mixture,3,frozen,False,0.9714254311394975,0.9999999956817994,0.020852103697507528,mixture,-1,False,False,True,0.0,0.0,0.0,1.2216489778430634e-14,1.2216489778430634e-14
20221,mixture,3,always_on,True,0.9714254311394975,0.9999999956817994,0.020852103697507528,mixture,-1,False,False,False,1.0000000000000004,0.4095265330797209,0.0012398639985981114,0.0001050601026380921,0.0001303095112594248
20221,mixture,3,initial_speed_gate,False,0.9714254311394975,0.9999999956817994,0.020852103697507528,mixture,-1,False,False,True,0.0,0.0,0.0,1.2216489778430634e-14,1.2216489778430634e-14
20221,mixture,3,decay_rate_gate,False,0.9714254311394975,0.9999999956817994,0.020852103697507528,mixture,-1,False,False,True,0.0,0.0,0.0,1.2216489778430634e-14,1.2216489778430634e-14
20223,pure,0,frozen,False,0.999966257630878,1.0,1.1095311534288534e-05,pure,0,True,False,True,0.0,0.0,0.0,1.2412670766236365e-14,1.2412670766236365e-14
20223,pure,0,always_on,True,0.999966257630878,1.0,1.1095311534288534e-05,pure,0,True,False,True,1.0000000000000004,0.4416503778414528,0.0013371206972474688,5.947857452280573e-08,7.279600287516575e-08
20223,pure,0,initial_speed_gate,False,0.999966257630878,1.0,1.1095311534288534e-05,pure,0,True,False,True,0.0,0.0,0.0,1.2412670766236365e-14,1.2412670766236365e-14
20223,pure,0,decay_rate_gate,False,0.999966257630878,1.0,1.1095311534288534e-05,pure,0,True,False,True,0.0,0.0,0.0,1.2412670766236365e-14,1.2412670766236365e-14
20223,pure,1,frozen,False,0.9993668388220777,0.9999999999999993,0.00017214723843679035,pure,1,True,False,True,0.0,0.0,0.0,1.2412670766236365e-14,1.2412670766236365e-14
20223,pure,1,always_on,True,0.9993668388220777,0.9999999999999993,0.00017214723843679035,pure,1,True,False,True,1.0000000000000004,0.4412225278512266,0.0013358253579795387,9.22427618430743e-07,1.1289617281575428e-06
20223,pure,1,initial_speed_gate,False,0.9993668388220777,0.9999999999999993,0.00017214723843679035,pure,1,True,False,True,0.0,0.0,0.0,1.2412670766236365e-14,1.2412670766236365e-14
20223,pure,1,decay_rate_gate,False,0.9993668388220777,0.9999999999999993,0.00017214723843679035,pure,1,True,False,True,0.0,0.0,0.0,1.2412670766236365e-14,1.2412670766236365e-14
20223,pure,2,frozen,False,0.9993668388220777,0.9999999999999993,0.00017214723843679035,pure,2,True,False,True,0.0,0.0,0.0,1.2412670766236365e-14,1.2412670766236365e-14
20223,pure,2,always_on,True,0.9993668388220777,0.9999999999999993,0.00017214723843679035,pure,2,True,False,True,1.0000000000000004,0.4412225278512266,0.0013358253579795387,9.22427618430743e-07,1.1289617281575428e-06
20223,pure,2,initial_speed_gate,False,0.9993668388220777,0.9999999999999993,0.00017214723843679035,pure,2,True,False,True,0.0,0.0,0.0,1.2412670766236365e-14,1.2412670766236365e-14
20223,pure,2,decay_rate_gate,False,0.9993668388220777,0.9999999999999993,0.00017214723843679035,pure,2,True,False,True,0.0,0.0,0.0,1.2412670766236365e-14,1.2412670766236365e-14
20223,mixture,3,frozen,False,0.8479088115448893,0.9999969662576954,0.10174547747947242,mixture,-1,False,False,True,0.0,0.0,0.0,4.820750352302867e-13,1.0900005914171254e-12
20223,mixture,3,always_on,True,0.8479088115448893,0.9999969662576954,0.10174547747947242,other,-1,False,False,False,1.0000000000000004,0.3667519329450762,0.0011103615549773395,0.00019823151874220018,0.0002404895166174709
20223,mixture,3,initial_speed_gate,True,0.8479088115448893,0.9999969662576954,0.10174547747947242,other,-1,False,False,False,1.0000000000000004,0.3667519329450762,0.0011103615549773395,0.00019823151874220018,0.0002404895166174709
20223,mixture,3,decay_rate_gate,True,0.8479088115448893,0.9999969662576954,0.10174547747947242,other,-1,False,False,False,1.0000000000000004,0.3667519329450762,0.0011103615549773395,0.00019823151874220018,0.0002404895166174709
20235,pure,0,frozen,False,0.9998517685704071,1.0,3.690246169482102e-05,pure,0,True,False,True,0.0,0.0,0.0,1.2412670766236365e-14,1.2412670766236365e-14
20235,pure,0,always_on,True,0.9998517685704071,1.0,3.690246169482102e-05,pure,0,True,False,True,1.0000000000000004,0.44158572419135844,0.00133692495478232,1.978168477920717e-07,2.421086965435088e-07
20235,pure,0,initial_speed_gate,False,0.9998517685704071,1.0,3.690246169482102e-05,pure,0,True,False,True,0.0,0.0,0.0,1.2412670766236365e-14,1.2412670766236365e-14
20235,pure,0,decay_rate_gate,False,0.9998517685704071,1.0,3.690246169482102e-05,pure,0,True,False,True,0.0,0.0,0.0,1.2412670766236365e-14,1.2412670766236365e-14
20235,pure,1,frozen,False,0.9995433625859087,0.9999999999999999,0.00012197905074121552,pure,1,True,False,True,0.0,0.0,0.0,1.2412670766236365e-14,1.2412670766236365e-14
20235,pure,1,always_on,True,0.9995433625859087,0.9999999999999999,0.00012197905074121552,pure,1,True,False,True,1.0000000000000004,0.4414371220530659,0.001336475053673766,6.53525083351325e-07,7.998500237299172e-07
20235,pure,1,initial_speed_gate,False,0.9995433625859087,0.9999999999999999,0.00012197905074121552,pure,1,True,False,True,0.0,0.0,0.0,1.2412670766236365e-14,1.2412670766236365e-14
20235,pure,1,decay_rate_gate,False,0.9995433625859087,0.9999999999999999,0.00012197905074121552,pure,1,True,False,True,0.0,0.0,0.0,1.2412670766236365e-14,1.2412670766236365e-14
20235,pure,2,frozen,False,0.9998517685704069,1.0,3.690246169482102e-05,pure,2,True,False,True,0.0,0.0,0.0,1.2412670766236365e-14,1.2412670766236365e-14
20235,pure,2,always_on,True,0.9998517685704069,1.0,3.690246169482102e-05,pure,2,True,False,True,1.0000000000000004,0.4415857241913584,0.00133692495478232,1.9781684779207174e-07,2.421086965435088e-07
20235,pure,2,initial_speed_gate,False,0.9998517685704069,1.0,3.690246169482102e-05,pure,2,True,False,True,0.0,0.0,0.0,1.2412670766236365e-14,1.2412670766236365e-14
20235,pure,2,decay_rate_gate,False,0.9998517685704069,1.0,3.690246169482102e-05,pure,2,True,False,True,0.0,0.0,0.0,1.2412670766236365e-14,1.2412670766236365e-14
20235,mixture,3,frozen,False,0.7198817075221263,0.9999368420474559,0.07209939210314947,mixture,-1,False,False,True,0.0,0.0,0.0,1.277795456638283e-10,2.3865867893570253e-10
20235,mixture,3,always_on,True,0.7198817075221263,0.9999368420474559,0.07209939210314947,pure,1,False,True,True,1.0000000000000004,0.39212479121845806,0.0011871792724469532,3.07299366212644e-07,3.7275890016339646e-07
20235,mixture,3,initial_speed_gate,True,0.7198817075221263,0.9999368420474559,0.07209939210314947,pure,1,False,True,True,1.0000000000000004,0.39212479121845806,0.0011871792724469532,3.07299366212644e-07,3.7275890016339646e-07
20235,mixture,3,decay_rate_gate,True,0.7198817075221263,0.9999368420474559,0.07209939210314947,pure,1,False,True,True,1.0000000000000004,0.39212479121845806,0.0011871792724469532,3.07299366212644e-07,3.7275890016339646e-07
20236,pure,0,frozen,False,0.9633989909363272,0.9999999925526583,0.012773255144479792,pure,0,True,False,True,0.0,0.0,0.0,1.2216489778430634e-14,1.2216489778430634e-14
20236,pure,0,always_on,True,0.9633989909363272,0.9999999925526583,0.012773255144479792,pure,2,False,False,True,1.0000000000000004,0.42640957866952445,0.001290978343390444,3.4774820343506323e-05,4.216673104878757e-05
20236,pure,0,initial_speed_gate,False,0.9633989909363272,0.9999999925526583,0.012773255144479792,pure,0,True,False,True,0.0,0.0,0.0,1.2216489778430634e-14,1.2216489778430634e-14
20236,pure,0,decay_rate_gate,False,0.9633989909363272,0.9999999925526583,0.012773255144479792,pure,0,True,False,True,0.0,0.0,0.0,1.2216489778430634e-14,1.2216489778430634e-14
20236,pure,1,frozen,False,0.9992588615996515,0.9999999999999989,0.00014920765841628256,pure,1,True,False,True,0.0,0.0,0.0,1.2412670766236365e-14,1.2412670766236365e-14
20236,pure,1,always_on,True,0.9992588615996515,0.9999999999999989,0.00014920765841628256,pure,1,True,False,True,1.0000000000000004,0.4413251170477381,0.0013361359523880916,7.998120468413701e-07,9.788949983095134e-07
20236,pure,1,initial_speed_gate,False,0.9992588615996515,0.9999999999999989,0.00014920765841628256,pure,1,True,False,True,0.0,0.0,0.0,1.2412670766236365e-14,1.2412670766236365e-14
20236,pure,1,decay_rate_gate,False,0.9992588615996515,0.9999999999999989,0.00014920765841628256,pure,1,True,False,True,0.0,0.0,0.0,1.2412670766236365e-14,1.2412670766236365e-14
20236,pure,2,frozen,False,0.9633989909363291,0.9999999925526583,0.012773255144479792,pure,2,True,False,True,0.0,0.0,0.0,1.2216489778430634e-14,1.2216489778430634e-14
20236,pure,2,always_on,True,0.9633989909363291,0.9999999925526583,0.012773255144479792,pure,0,False,False,True,1.0000000000000004,0.4264095786695245,0.001290978343390444,3.4774820343506323e-05,4.216673104878757e-05
20236,pure,2,initial_speed_gate,False,0.9633989909363291,0.9999999925526583,0.012773255144479792,pure,2,True,False,True,0.0,0.0,0.0,1.2216489778430634e-14,1.2216489778430634e-14
20236,pure,2,decay_rate_gate,False,0.9633989909363291,0.9999999925526583,0.012773255144479792,pure,2,True,False,True,0.0,0.0,0.0,1.2216489778430634e-14,1.2216489778430634e-14
20236,mixture,3,frozen,False,0.9113974533039447,0.9999997081401636,0.08811407383694374,mixture,-1,False,False,True,0.0,0.0,0.0,4.3984872900838164e-14,1.0413134435184247e-13
20236,mixture,3,always_on,True,0.9113974533039447,0.9999997081401636,0.08811407383694374,mixture,-1,False,False,False,1.0000000000000004,0.3889475051943379,0.0011775598650674063,0.00041926163159174444,0.0005129462061101279
20236,mixture,3,initial_speed_gate,True,0.9113974533039447,0.9999997081401636,0.08811407383694374,mixture,-1,False,False,False,1.0000000000000004,0.3889475051943379,0.0011775598650674063,0.00041926163159174444,0.0005129462061101279
20236,mixture,3,decay_rate_gate,True,0.9113974533039447,0.9999997081401636,0.08811407383694374,mixture,-1,False,False,False,1.0000000000000004,0.3889475051943379,0.0011775598650674063,0.00041926163159174444,0.0005129462061101279
20237,pure,0,frozen,False,0.9998517685704069,1.0,3.690246169482102e-05,pure,0,True,False,True,0.0,0.0,0.0,1.2412670766236365e-14,1.2412670766236365e-14
20237,pure,0,always_on,True,0.9998517685704069,1.0,3.690246169482102e-05,pure,0,True,False,True,1.0000000000000004,0.4415857241913584,0.00133692495478232,1.9781684779207174e-07,2.421086965435088e-07
20237,pure,0,initial_speed_gate,False,0.9998517685704069,1.0,3.690246169482102e-05,pure,0,True,False,True,0.0,0.0,0.0,1.2412670766236365e-14,1.2412670766236365e-14
20237,pure,0,decay_rate_gate,False,0.9998517685704069,1.0,3.690246169482102e-05,pure,0,True,False,True,0.0,0.0,0.0,1.2412670766236365e-14,1.2412670766236365e-14
20237,pure,1,frozen,False,0.9998517685704071,1.0,3.690246169482102e-05,pure,1,True,False,True,0.0,0.0,0.0,1.2412670766236365e-14,1.2412670766236365e-14
20237,pure,1,always_on,True,0.9998517685704071,1.0,3.690246169482102e-05,pure,1,True,False,True,1.0000000000000004,0.4415857241913584,0.00133692495478232,1.978168477920717e-07,2.421086965435088e-07
20237,pure,1,initial_speed_gate,False,0.9998517685704071,1.0,3.690246169482102e-05,pure,1,True,False,True,0.0,0.0,0.0,1.2412670766236365e-14,1.2412670766236365e-14
20237,pure,1,decay_rate_gate,False,0.9998517685704071,1.0,3.690246169482102e-05,pure,1,True,False,True,0.0,0.0,0.0,1.2412670766236365e-14,1.2412670766236365e-14
20237,pure,2,frozen,False,0.9995433625859085,0.9999999999999999,0.00012197905074121552,pure,2,True,False,True,0.0,0.0,0.0,1.2412670766236365e-14,1.2412670766236365e-14
20237,pure,2,always_on,True,0.9995433625859085,0.9999999999999999,0.00012197905074121552,pure,2,True,False,True,1.0000000000000004,0.4414371220530659,0.001336475053673766,6.53525083351325e-07,7.998500237299172e-07
20237,pure,2,initial_speed_gate,False,0.9995433625859085,0.9999999999999999,0.00012197905074121552,pure,2,True,False,True,0.0,0.0,0.0,1.2412670766236365e-14,1.2412670766236365e-14
20237,pure,2,decay_rate_gate,False,0.9995433625859085,0.9999999999999999,0.00012197905074121552,pure,2,True,False,True,0.0,0.0,0.0,1.2412670766236365e-14,1.2412670766236365e-14
20237,mixture,3,frozen,False,0.786079047089268,0.9999818741941322,0.11381347621665762,mixture,-1,False,False,True,0.0,0.0,0.0,8.829621594539711e-12,1.8244013504452232e-11
20237,mixture,3,always_on,True,0.786079047089268,0.9999818741941322,0.11381347621665762,other,-1,False,False,True,1.0000000000000004,0.3424431851823498,0.0010367654903335106,7.634969219148051e-05,9.303627054107998e-05
20237,mixture,3,initial_speed_gate,True,0.786079047089268,0.9999818741941322,0.11381347621665762,other,-1,False,False,True,1.0000000000000004,0.3424431851823498,0.0010367654903335106,7.634969219148051e-05,9.303627054107998e-05
20237,mixture,3,decay_rate_gate,True,0.786079047089268,0.9999818741941322,0.11381347621665762,other,-1,False,False,True,1.0000000000000004,0.3424431851823498,0.0010367654903335106,7.634969219148051e-05,9.303627054107998e-05
20246,pure,0,frozen,False,0.9998517685704071,1.0,3.6902461694821026e-05,pure,0,True,False,True,0.0,0.0,0.0,1.2412670766236365e-14,1.2412670766236365e-14
20246,pure,0,always_on,True,0.9998517685704071,1.0,3.6902461694821026e-05,pure,0,True,False,True,1.0000000000000004,0.4415857241913584,0.00133692495478232,1.9781684779207174e-07,2.421086965435088e-07
20246,pure,0,initial_speed_gate,False,0.9998517685704071,1.0,3.6902461694821026e-05,pure,0,True,False,True,0.0,0.0,0.0,1.2412670766236365e-14,1.2412670766236365e-14
20246,pure,0,decay_rate_gate,False,0.9998517685704071,1.0,3.6902461694821026e-05,pure,0,True,False,True,0.0,0.0,0.0,1.2412670766236365e-14,1.2412670766236365e-14
20246,pure,1,frozen,False,0.9995433625859085,0.9999999999999999,0.00012197905074121552,pure,1,True,False,True,0.0,0.0,0.0,1.2412670766236365e-14,1.2412670766236365e-14
20246,pure,1,always_on,True,0.9995433625859085,0.9999999999999999,0.00012197905074121552,pure,1,True,False,True,1.0000000000000004,0.44143712205306596,0.0013364750536737657,6.53525083351325e-07,7.998500237299173e-07
20246,pure,1,initial_speed_gate,False,0.9995433625859085,0.9999999999999999,0.00012197905074121552,pure,1,True,False,True,0.0,0.0,0.0,1.2412670766236365e-14,1.2412670766236365e-14
20246,pure,1,decay_rate_gate,False,0.9995433625859085,0.9999999999999999,0.00012197905074121552,pure,1,True,False,True,0.0,0.0,0.0,1.2412670766236365e-14,1.2412670766236365e-14
20246,pure,2,frozen,False,0.9998517685704069,1.0,3.690246169482102e-05,pure,2,True,False,True,0.0,0.0,0.0,1.2412670766236365e-14,1.2412670766236365e-14
20246,pure,2,always_on,True,0.9998517685704069,1.0,3.690246169482102e-05,pure,2,True,False,True,1.0000000000000004,0.44158572419135844,0.00133692495478232,1.9781684779207174e-07,2.421086965435088e-07
20246,pure,2,initial_speed_gate,False,0.9998517685704069,1.0,3.690246169482102e-05,pure,2,True,False,True,0.0,0.0,0.0,1.2412670766236365e-14,1.2412670766236365e-14
20246,pure,2,decay_rate_gate,False,0.9998517685704069,1.0,3.690246169482102e-05,pure,2,True,False,True,0.0,0.0,0.0,1.2412670766236365e-14,1.2412670766236365e-14
20246,mixture,3,frozen,False,0.7198817075221268,0.9999368420474559,0.07209939210314947,mixture,-1,False,False,True,0.0,0.0,0.0,1.2777937915787784e-10,2.3865845692769197e-10
20246,mixture,3,always_on,True,0.7198817075221268,0.9999368420474559,0.07209939210314947,pure,1,False,True,True,1.0000000000000004,0.39212479121845806,0.0011871792724469532,3.07299366212644e-07,3.7275890016339646e-07
20246,mixture,3,initial_speed_gate,True,0.7198817075221268,0.9999368420474559,0.07209939210314947,pure,1,False,True,True,1.0000000000000004,0.39212479121845806,0.0011871792724469532,3.07299366212644e-07,3.7275890016339646e-07
20246,mixture,3,decay_rate_gate,True,0.7198817075221268,0.9999368420474559,0.07209939210314947,pure,1,False,True,True,1.0000000000000004,0.39212479121845806,0.0011871792724469532,3.07299366212644e-07,3.7275890016339646e-07
20251,pure,0,frozen,False,0.8116692778213883,0.999992426173747,0.06234177939209566,pure,0,True,False,True,0.0,0.0,0.0,1.1315381901563958e-12,2.4543558205831597e-12
20251,pure,0,always_on,True,0.8116692778213883,0.999992426173747,0.06234177939209566,pure,1,False,False,False,1.0000000000000004,0.4053604206559261,0.0012272508651595803,0.004911976237233115,0.005661518581417454
20251,pure,0,initial_speed_gate,True,0.8116692778213883,0.999992426173747,0.06234177939209566,pure,1,False,False,False,1.0000000000000004,0.4053604206559261,0.0012272508651595803,0.004911976237233115,0.005661518581417454
20251,pure,0,decay_rate_gate,True,0.8116692778213883,0.999992426173747,0.06234177939209566,pure,1,False,False,False,1.0000000000000004,0.4053604206559261,0.0012272508651595803,0.004911976237233115,0.005661518581417454
20251,pure,1,frozen,False,0.5548339125249917,0.9995430192400018,0.23524849011185567,pure,1,True,False,True,0.0,0.0,0.0,4.790849267577539e-06,6.541879734918728e-06
20251,pure,1,always_on,True,0.5548339125249917,0.9995430192400018,0.23524849011185567,pure,0,False,False,False,1.0000000000000004,0.4060470964867429,0.0012293298138297381,0.00032374138374323316,0.0003909866257221242
20251,pure,1,initial_speed_gate,True,0.5548339125249917,0.9995430192400018,0.23524849011185567,pure,0,False,False,False,1.0000000000000004,0.4060470964867429,0.0012293298138297381,0.00032374138374323316,0.0003909866257221242
20251,pure,1,decay_rate_gate,True,0.5548339125249917,0.9995430192400018,0.23524849011185567,pure,0,False,False,False,1.0000000000000004,0.4060470964867429,0.0012293298138297381,0.00032374138374323316,0.0003909866257221242
20251,pure,2,frozen,False,0.9963571809510781,0.9999999999993047,0.0007385319574346037,pure,2,True,False,True,0.0,0.0,0.0,1.2412670766236365e-14,1.2412670766236365e-14
20251,pure,2,always_on,True,0.9963571809510781,0.9999999999993047,0.0007385319574346037,pure,1,False,False,False,1.0000000000000004,0.43982175941635954,0.0013315844548561044,0.002684128668128776,0.0031350916663302492
20251,pure,2,initial_speed_gate,False,0.9963571809510781,0.9999999999993047,0.0007385319574346037,pure,2,True,False,True,0.0,0.0,0.0,1.2412670766236365e-14,1.2412670766236365e-14
20251,pure,2,decay_rate_gate,False,0.9963571809510781,0.9999999999993047,0.0007385319574346037,pure,2,True,False,True,0.0,0.0,0.0,1.2412670766236365e-14,1.2412670766236365e-14
20251,mixture,3,frozen,False,0.5718275821074238,0.9995361925251748,0.23559385183341602,mixture,-1,False,False,True,0.0,0.0,0.0,3.5582196412796412e-06,4.905769176227343e-06
20251,mixture,3,always_on,True,0.5718275821074238,0.9995361925251748,0.23559385183341602,pure,1,False,False,False,1.0000000000000004,0.4029541130499182,0.0012199656371487209,0.003976956659995494,0.004611308073321298
20251,mixture,3,initial_speed_gate,True,0.5718275821074238,0.9995361925251748,0.23559385183341602,pure,1,False,False,False,1.0000000000000004,0.4029541130499182,0.0012199656371487209,0.003976956659995494,0.004611308073321298
20251,mixture,3,decay_rate_gate,True,0.5718275821074238,0.9995361925251748,0.23559385183341602,pure,1,False,False,False,1.0000000000000004,0.4029541130499182,0.0012199656371487209,0.003976956659995494,0.004611308073321298
