cue_index,memory_seed,target,rho,mask_index,level,target_ipr,softmax_alpha,sparsemax_alpha,softmax_achieved_ipr,sparsemax_achieved_ipr,pair_relative_error,pair_status,included
0,0,5,0.1,0,low,4.0,5.971551255312521,0.6856924208708988,3.999999999999999,3.999999999999999,0.0,matched,True
0,0,5,0.1,0,middle,16.0,4.420442627304701,0.2550144881731313,15.999999999999993,16.000000000000014,1.3322676295501877e-15,matched,True
0,0,5,0.1,0,high,64.0,2.772985432986978,0.06447569695820476,64.0,64.0,0.0,matched,True
1,0,8,0.1,0,low,4.0,5.893221390764153,0.6447951763273101,3.999999999999999,4.0000000000000036,1.1102230246251561e-15,matched,True
1,0,8,0.1,0,middle,16.0,4.376037628378211,0.2647642187236817,16.000000000000004,15.99999999999999,8.881784197001254e-16,matched,True
1,0,8,0.1,0,high,64.0,2.766536032663832,0.068092185846827,64.00000000000001,63.99999999999986,2.4424906541753468e-15,matched,True
2,0,10,0.1,0,low,4.0,5.924546012714099,0.662273742923114,4.0,3.999999999999999,2.2204460492503136e-16,matched,True
2,0,10,0.1,0,middle,16.0,4.392759404608075,0.2606786346689012,16.000000000000007,15.99999999999999,1.1102230246251567e-15,matched,True
2,0,10,0.1,0,high,64.0,2.7684254380317794,0.06578339210675965,64.0,64.00000000000006,8.881784197001248e-16,matched,True
3,0,12,0.1,0,low,4.0,5.898784204024377,0.6680295300993331,3.9999999999999964,3.999999999999999,6.661338147750943e-16,matched,True
3,0,12,0.1,0,middle,16.0,4.374941440950423,0.26487566961397846,15.99999999999999,16.0,6.661338147750941e-16,matched,True
3,0,12,0.1,0,high,64.0,2.756519007068123,0.06513369576162842,64.00000000000001,63.99999999999996,8.881784197001254e-16,matched,True
4,0,13,0.1,0,low,4.0,6.0562526799342224,0.6765262178809731,3.9999999999999982,3.999999999999999,2.220446049250314e-16,matched,True
4,0,13,0.1,0,middle,16.0,4.493790450503394,0.26424709029169957,16.0,16.000000000000014,8.881784197001248e-16,matched,True
4,0,13,0.1,0,high,64.0,2.8364915644916255,0.06974159119662682,64.0,64.0,0.0,matched,True
5,0,14,0.1,0,low,4.0,5.845357482929709,0.6471016203569446,4.000000000000002,3.9999999999999982,8.881784197001252e-16,matched,True
5,0,14,0.1,0,middle,16.0,4.329481628238184,0.2473175619029375,16.0,16.0,0.0,matched,True
5,0,14,0.1,0,high,64.0,2.7238467758682887,0.06491432705392608,64.0,64.0,0.0,matched,True
6,0,16,0.1,0,low,4.0,5.861936772944858,0.6533787840633845,4.0,3.9999999999999964,8.881784197001256e-16,matched,True
6,0,16,0.1,0,middle,16.0,4.340678002974023,0.2484554209062353,15.999999999999993,16.000000000000025,1.998401444325281e-15,matched,True
6,0,16,0.1,0,high,64.0,2.7280849896467743,0.06450724543619546,64.0,63.99999999999987,1.9984014443252837e-15,matched,True
7,0,17,0.1,0,low,4.0,5.746274038010782,0.6409805345134885,4.000000000000001,3.9999999999999973,8.881784197001254e-16,matched,True
7,0,17,0.1,0,middle,16.0,4.268271390489504,0.25414714090614804,16.000000000000007,16.00000000000004,1.998401444325279e-15,matched,True
7,0,17,0.1,0,high,64.0,2.7006998317159936,0.06776672008793916,64.0,64.00000000000007,1.1102230246251561e-15,matched,True
8,0,18,0.1,0,low,4.0,5.869055381862749,0.6552842772408907,4.0,4.000000000000002,4.440892098500625e-16,matched,True
8,0,18,0.1,0,middle,16.0,4.3471138534957205,0.26080178528126563,16.0,15.999999999999996,2.2204460492503136e-16,matched,True
8,0,18,0.1,0,high,64.0,2.7313139840301126,0.06400914969507479,64.0,63.99999999999994,8.881784197001256e-16,matched,True
9,0,24,0.1,0,low,4.0,5.916961719838255,0.6679483238460397,4.000000000000002,3.999999999999999,6.661338147750939e-16,matched,True
9,0,24,0.1,0,middle,16.0,4.381849434175451,0.2567570085950761,15.999999999999993,15.99999999999999,2.2204460492503146e-16,matched,True
9,0,24,0.1,0,high,64.0,2.7510134792705028,0.0642348263970183,64.00000000000001,64.00000000000003,2.220446049250312e-16,matched,True
10,0,27,0.1,0,low,4.0,5.905473974731679,0.6583261286893924,3.999999999999999,4.000000000000001,4.440892098500626e-16,matched,True
10,0,27,0.1,0,middle,16.0,4.388271427455728,0.2644904916944063,16.000000000000014,15.999999999999986,1.7763568394002505e-15,matched,True
10,0,27,0.1,0,high,64.0,2.780309190770393,0.06952178467452004,64.0,63.999999999999886,1.776356839400252e-15,matched,True
11,0,28,0.1,0,low,4.0,5.867990684973905,0.6434284972138824,4.0,4.000000000000001,2.220446049250313e-16,matched,True
11,0,28,0.1,0,middle,16.0,4.352953375525157,0.24798089673527102,16.0,16.000000000000004,2.220446049250313e-16,matched,True
11,0,28,0.1,0,high,64.0,2.7490408323687188,0.06858052659170166,64.00000000000001,63.99999999999994,1.110223024625157e-15,matched,True
12,0,32,0.1,0,low,4.0,5.930096783689864,0.6608454818407743,3.9999999999999982,4.0,4.440892098500627e-16,matched,True
12,0,32,0.1,0,middle,16.0,4.400157646759019,0.25829470811388067,15.99999999999999,15.999999999999996,4.440892098500628e-16,matched,True
12,0,32,0.1,0,high,64.0,2.7770904316305938,0.06940150028756076,64.00000000000001,63.99999999999987,2.220446049250315e-15,matched,True
13,0,39,0.1,0,low,4.0,5.80328924099632,0.6526649253911674,3.9999999999999982,4.0,4.440892098500627e-16,matched,True
13,0,39,0.1,0,middle,16.0,4.298614337357785,0.24596421414750236,16.000000000000004,15.999999999999993,6.66133814775094e-16,matched,True
13,0,39,0.1,0,high,64.0,2.7034366041257774,0.06366681207427405,64.00000000000001,63.999999999999986,4.440892098500626e-16,matched,True
14,0,41,0.1,0,low,4.0,5.871677814814349,0.6578460226905486,4.0,3.9999999999999982,4.440892098500627e-16,matched,True
14,0,41,0.1,0,middle,16.0,4.359389950225135,0.2575850285489645,16.000000000000004,16.000000000000004,0.0,matched,True
14,0,41,0.1,0,high,64.0,2.7563188809422794,0.0685000300356644,64.00000000000001,64.0,2.220446049250313e-16,matched,True
15,0,49,0.1,0,low,4.0,5.934051858414968,0.6619539373261105,4.0,4.0000000000000036,8.881784197001248e-16,matched,True
15,0,49,0.1,0,middle,16.0,4.394694330612635,0.2565209587187329,16.000000000000004,16.000000000000018,8.881784197001246e-16,matched,True
15,0,49,0.1,0,high,64.0,2.7616066492500906,0.06476525799402756,63.99999999999997,64.0,4.440892098500627e-16,matched,True
16,0,54,0.1,0,low,4.0,5.830435939039918,0.6509478701213196,4.0,3.999999999999999,2.2204460492503136e-16,matched,True
16,0,54,0.1,0,middle,16.0,4.330934287097216,0.25393626602758046,16.00000000000001,16.000000000000004,4.440892098500624e-16,matched,True
16,0,54,0.1,0,high,64.0,2.7426962457590083,0.06897269372733561,64.0,64.0,0.0,matched,True
17,0,57,0.1,0,low,4.0,5.894095953786023,0.6445742920474027,3.999999999999999,4.0000000000000036,1.1102230246251561e-15,matched,True
17,0,57,0.1,0,middle,16.0,4.372906781892257,0.252504236126337,15.999999999999993,15.999999999999943,3.1086244689504446e-15,matched,True
17,0,57,0.1,0,high,64.0,2.7617750291912007,0.0689002628899925,63.999999999999986,64.00000000000003,6.661338147750939e-16,matched,True
18,0,58,0.1,0,low,4.0,5.8960139861394785,0.6617189214556021,3.999999999999999,4.0,2.2204460492503136e-16,matched,True
18,0,58,0.1,0,middle,16.0,4.361913066647702,0.2523569480706686,16.0,15.999999999999993,4.440892098500627e-16,matched,True
18,0,58,0.1,0,high,64.0,2.7346761980833705,0.06243220884377948,64.0,63.999999999999886,1.776356839400252e-15,matched,True
19,0,59,0.1,0,low,4.0,5.974027354090433,0.6489690792058249,4.0,4.000000000000001,2.220446049250313e-16,matched,True
19,0,59,0.1,0,middle,16.0,4.403239240235765,0.24606003443802704,16.000000000000004,15.999999999999993,6.66133814775094e-16,matched,True
19,0,59,0.1,0,high,64.0,2.7378499132008454,0.060226090497871365,64.0,64.00000000000004,6.661338147750936e-16,matched,True
20,0,61,0.1,0,low,4.0,5.876193639631752,0.6679507490583036,3.999999999999999,4.0,2.2204460492503136e-16,matched,True
20,0,61,0.1,0,middle,16.0,4.356702967737399,0.26335026505779435,16.0,16.000000000000032,1.99840144432528e-15,matched,True
20,0,61,0.1,0,high,64.0,2.7426542710699024,0.06373450319209706,63.999999999999986,64.00000000000001,4.440892098500626e-16,matched,True
21,0,65,0.1,0,low,4.0,5.955957078409985,0.6605011961631747,3.9999999999999982,4.000000000000001,6.66133814775094e-16,matched,True
21,0,65,0.1,0,middle,16.0,4.411117937616945,0.2653927003658145,16.000000000000007,15.999999999999993,8.881784197001252e-16,matched,True
21,0,65,0.1,0,high,64.0,2.77110938504684,0.06400778381979721,63.999999999999986,63.99999999999994,6.661338147750943e-16,matched,True
22,0,70,0.1,0,low,4.0,6.003566954670772,0.6737642031106186,4.000000000000001,4.000000000000001,0.0,matched,True
22,0,70,0.1,0,middle,16.0,4.441905198839169,0.2582387444807077,16.000000000000007,16.000000000000004,2.220446049250312e-16,matched,True
22,0,70,0.1,0,high,64.0,2.7840886289204536,0.06399724597087908,64.0,64.00000000000004,6.661338147750936e-16,matched,True
23,0,76,0.1,0,low,4.0,5.7820823354462565,0.6275345013216973,4.0,4.000000000000003,6.661338147750936e-16,matched,True
23,0,76,0.1,0,middle,16.0,4.285655133108149,0.24366460969763182,16.000000000000004,16.000000000000014,6.661338147750936e-16,matched,True
23,0,76,0.1,0,high,64.0,2.7026225367471186,0.06658712350719792,64.0,63.99999999999997,4.440892098500627e-16,matched,True
24,0,78,0.1,0,low,4.0,5.849195682590739,0.6550300599017869,4.000000000000002,4.0,4.440892098500625e-16,matched,True
24,0,78,0.1,0,middle,16.0,4.3437804961641,0.25596905805513703,16.00000000000001,16.000000000000014,2.220446049250311e-16,matched,True
24,0,78,0.1,0,high,64.0,2.7482240698629337,0.06856598421591809,64.0,64.00000000000001,2.220446049250313e-16,matched,True
25,0,82,0.1,0,low,4.0,5.85298478934909,0.6492194563081606,4.0,4.000000000000001,2.220446049250313e-16,matched,True
25,0,82,0.1,0,middle,16.0,4.345326577290494,0.2557637833459097,15.999999999999986,16.0,8.881784197001256e-16,matched,True
25,0,82,0.1,0,high,64.0,2.7480974086641674,0.06832896765150265,64.0,63.99999999999993,1.1102230246251571e-15,matched,True
26,0,84,0.1,0,low,4.0,6.0374076179971645,0.6844234790154632,4.000000000000003,3.999999999999999,8.88178419700125e-16,matched,True
26,0,84,0.1,0,middle,16.0,4.46856215176248,0.2595468034084063,16.000000000000007,16.00000000000002,8.881784197001244e-16,matched,True
26,0,84,0.1,0,high,64.0,2.803662927315095,0.06486623452110152,64.0,64.00000000000011,1.7763568394002489e-15,matched,True
27,0,88,0.1,0,low,4.0,5.878918102789784,0.6415691808451607,3.9999999999999982,4.0000000000000036,1.3322676295501877e-15,matched,True
27,0,88,0.1,0,middle,16.0,4.357746250727882,0.2524472309073533,16.0,15.999999999999993,4.440892098500627e-16,matched,True
27,0,88,0.1,0,high,64.0,2.7458470037841343,0.06668584449893711,63.99999999999997,64.00000000000001,6.66133814775094e-16,matched,True
28,0,89,0.1,0,low,4.0,5.937060207742807,0.6547731349811752,4.000000000000002,3.9999999999999982,8.881784197001252e-16,matched,True
28,0,89,0.1,0,middle,16.0,4.395240339831753,0.2632082462737211,16.0,16.000000000000007,4.440892098500625e-16,matched,True
28,0,89,0.1,0,high,64.0,2.757531678457755,0.06293476635257667,63.999999999999986,64.0,2.2204460492503136e-16,matched,True
29,0,90,0.1,0,low,4.0,5.801995513361472,0.6460833638325608,3.999999999999999,3.999999999999999,0.0,matched,True
29,0,90,0.1,0,middle,16.0,4.300916391345285,0.25627753301732703,16.0,16.00000000000001,6.661338147750936e-16,matched,True
29,0,90,0.1,0,high,64.0,2.7088788972557474,0.06419407387663689,64.00000000000001,64.00000000000004,4.440892098500624e-16,matched,True
30,0,94,0.1,0,low,4.0,5.940146519185868,0.6496987619890324,3.9999999999999982,4.000000000000001,6.66133814775094e-16,matched,True
30,0,94,0.1,0,middle,16.0,4.400694723581258,0.2552214708088396,15.999999999999996,16.000000000000004,4.440892098500626e-16,matched,True
30,0,94,0.1,0,high,64.0,2.7688337222067743,0.06650121533422304,64.0,63.999999999999986,2.2204460492503136e-16,matched,True
31,0,98,0.1,0,low,4.0,5.90605858601602,0.6582339552678738,4.000000000000001,3.999999999999999,4.440892098500626e-16,matched,True
31,0,98,0.1,0,middle,16.0,4.384312900687753,0.26422510487359796,15.999999999999996,16.00000000000001,8.88178419700125e-16,matched,True
31,0,98,0.1,0,high,64.0,2.7693892285318746,0.06784542939847402,64.0,63.999999999999886,1.776356839400252e-15,matched,True
32,0,5,0.25,0,low,4.0,9.749216547182815,1.1578877762611093,4.000000000000003,4.0,6.661338147750936e-16,matched,True
32,0,5,0.25,0,middle,16.0,7.101624094850956,0.38261894235840926,15.999999999999996,16.0,2.2204460492503136e-16,matched,True
32,0,5,0.25,0,high,64.0,4.284131858205288,0.08000059259917702,64.00000000000001,63.99999999999996,8.881784197001254e-16,matched,True
33,0,8,0.25,0,low,4.0,9.84427614468438,1.1523024038313552,3.9999999999999973,4.000000000000001,8.881784197001254e-16,matched,True
33,0,8,0.25,0,middle,16.0,7.197863580385574,0.3867615383341858,15.999999999999996,16.0,2.2204460492503136e-16,matched,True
33,0,8,0.25,0,high,64.0,4.378740724180596,0.08506182643290378,64.0,64.00000000000003,4.440892098500625e-16,matched,True
34,0,10,0.25,0,low,4.0,10.07555227348763,1.2192798849579,4.000000000000002,4.000000000000001,2.220446049250312e-16,matched,True
34,0,10,0.25,0,middle,16.0,7.343005795431907,0.4126218477142931,15.999999999999993,16.000000000000018,1.5543122344752186e-15,matched,True
34,0,10,0.25,0,high,64.0,4.418614238685969,0.08005509686649082,64.0,64.0,0.0,matched,True
35,0,12,0.25,0,low,4.0,9.842952052162458,1.1976989432326843,4.000000000000002,3.999999999999999,6.661338147750939e-16,matched,True
35,0,12,0.25,0,middle,16.0,7.183423733093708,0.4145185731722257,16.000000000000004,16.00000000000001,4.440892098500624e-16,matched,True
35,0,12,0.25,0,high,64.0,4.32678853709081,0.07867165075308669,64.00000000000001,64.0,2.220446049250313e-16,matched,True
36,0,13,0.25,0,low,4.0,10.394194115619719,1.2380245090172517,4.000000000000001,3.999999999999999,4.440892098500626e-16,matched,True
36,0,13,0.25,0,middle,16.0,7.465340617743353,0.39189223356721825,16.0,15.999999999999996,2.2204460492503136e-16,matched,True
36,0,13,0.25,0,high,64.0,4.344538014048132,0.07274982265476235,64.00000000000001,63.99999999999994,1.110223024625157e-15,matched,True
37,0,14,0.25,0,low,4.0,9.569632752531597,1.1369399919649923,3.9999999999999982,3.9999999999999982,0.0,matched,True
37,0,14,0.25,0,middle,16.0,6.9739180659034865,0.38235750130133106,16.000000000000004,16.000000000000004,0.0,matched,True
37,0,14,0.25,0,high,64.0,4.215020841362133,0.07872993273444706,64.0,64.0,0.0,matched,True
38,0,16,0.25,0,low,4.0,9.685778440420984,1.1512259785039272,4.000000000000002,4.000000000000005,8.881784197001244e-16,matched,True
38,0,16,0.25,0,middle,16.0,7.076180683549978,0.3960801217662411,15.999999999999996,16.000000000000004,4.440892098500626e-16,matched,True
38,0,16,0.25,0,high,64.0,4.293177340320373,0.08078585824510953,64.00000000000004,63.999999999999915,1.9984014443252826e-15,matched,True
39,0,17,0.25,0,low,4.0,9.734053319439685,1.110401807180412,3.9999999999999973,3.9999999999999982,2.2204460492503146e-16,matched,True
39,0,17,0.25,0,middle,16.0,7.063964476842694,0.3553768558384629,16.000000000000004,15.999999999999993,6.66133814775094e-16,matched,True
39,0,17,0.25,0,high,64.0,4.243724990541402,0.08011640170662715,64.00000000000001,63.99999999999994,1.110223024625157e-15,matched,True
40,0,18,0.25,0,low,4.0,9.950036064255567,1.177356299623799,4.0,4.000000000000002,4.440892098500625e-16,matched,True
40,0,18,0.25,0,middle,16.0,7.2340306661158,0.40020470248404383,16.000000000000014,16.000000000000014,0.0,matched,True
40,0,18,0.25,0,high,64.0,4.328894248900802,0.0780307306514827,63.999999999999986,64.0,2.2204460492503136e-16,matched,True
41,0,24,0.25,0,low,4.0,9.534736953534146,1.0903460410182113,3.999999999999999,3.9999999999999973,4.440892098500628e-16,matched,True
41,0,24,0.25,0,middle,16.0,6.988450276791756,0.3895612560297921,15.999999999999993,16.0,4.440892098500627e-16,matched,True
41,0,24,0.25,0,high,64.0,4.2743156035106145,0.08377335368675176,64.0,63.999999999999915,1.3322676295501888e-15,matched,True
42,0,27,0.25,0,low,4.0,9.990390556978308,1.1556037067131721,3.9999999999999982,3.9999999999999982,0.0,matched,True
42,0,27,0.25,0,middle,16.0,7.276396594152555,0.38827552860339987,16.000000000000004,15.999999999999993,6.66133814775094e-16,matched,True
42,0,27,0.25,0,high,64.0,4.388891005355578,0.08264603932014444,64.0,63.999999999999986,2.2204460492503136e-16,matched,True
43,0,28,0.25,0,low,4.0,9.692077910300437,1.182350294299466,3.9999999999999964,4.000000000000003,1.5543122344752194e-15,matched,True
43,0,28,0.25,0,middle,16.0,7.053887436360644,0.3750674781183562,16.000000000000004,16.000000000000004,0.0,matched,True
43,0,28,0.25,0,high,64.0,4.2478638900439565,0.07918541269829182,64.0,63.99999999999997,4.440892098500627e-16,matched,True
44,0,32,0.25,0,low,4.0,10.01091309988162,1.1644890763460372,4.000000000000001,4.000000000000002,2.220446049250312e-16,matched,True
44,0,32,0.25,0,middle,16.0,7.2533470412738605,0.3710145844334809,16.0,16.0,0.0,matched,True
44,0,32,0.25,0,high,64.0,4.32639587745809,0.07982514636240207,64.0,63.99999999999994,8.881784197001256e-16,matched,True
45,0,39,0.25,0,low,4.0,9.669713789207712,1.053356233514266,3.999999999999999,4.000000000000002,6.661338147750939e-16,matched,True
45,0,39,0.25,0,middle,16.0,7.051547693026446,0.37196228609851056,15.999999999999993,15.999999999999996,2.220446049250314e-16,matched,True
45,0,39,0.25,0,high,64.0,4.290659566522877,0.08429317720940155,64.0,64.00000000000006,8.881784197001248e-16,matched,True
46,0,41,0.25,0,low,4.0,9.933435314742155,1.1559052341042693,3.999999999999999,3.999999999999999,0.0,matched,True
46,0,41,0.25,0,middle,16.0,7.236045512175865,0.4073092061845368,16.0,15.999999999999993,4.440892098500627e-16,matched,True
46,0,41,0.25,0,high,64.0,4.362205987782998,0.0798454858418487,64.0,64.00000000000001,2.220446049250313e-16,matched,True
47,0,49,0.25,0,low,4.0,10.056571084383727,1.1816447444254532,4.0,4.000000000000001,2.220446049250313e-16,matched,True
47,0,49,0.25,0,middle,16.0,7.320920619694214,0.40023705266625,16.0,16.000000000000004,2.220446049250313e-16,matched,True
47,0,49,0.25,0,high,64.0,4.4050468542634595,0.0807348011647917,64.0,63.999999999999986,2.2204460492503136e-16,matched,True
48,0,54,0.25,0,low,4.0,9.64177162209518,1.1373098452974575,4.0,4.000000000000001,2.220446049250313e-16,matched,True
48,0,54,0.25,0,middle,16.0,7.025272409027156,0.3985825699106952,16.0,15.999999999999975,1.5543122344752203e-15,matched,True
48,0,54,0.25,0,high,64.0,4.229415802535318,0.07542098460119218,64.00000000000001,63.99999999999996,8.881784197001254e-16,matched,True
49,0,57,0.25,0,low,4.0,9.966857078299048,1.158250102022016,4.000000000000001,3.999999999999999,4.440892098500626e-16,matched,True
49,0,57,0.25,0,middle,16.0,7.3077110844818876,0.39518062476893995,15.999999999999986,16.0,8.881784197001256e-16,matched,True
49,0,57,0.25,0,high,64.0,4.482192772537488,0.09112029340976946,64.0,64.00000000000001,2.220446049250313e-16,matched,True
50,0,58,0.25,0,low,4.0,9.931399155372535,1.1100677010175366,3.9999999999999982,4.0,4.440892098500627e-16,matched,True
50,0,58,0.25,0,middle,16.0,7.237640922693423,0.3926336034696063,15.999999999999996,15.999999999999972,1.5543122344752207e-15,matched,True
50,0,58,0.25,0,high,64.0,4.374781112909503,0.08062574870895955,64.0,64.00000000000007,1.1102230246251561e-15,matched,True
51,0,59,0.25,0,low,4.0,9.777233134855626,1.108534687759548,4.0,4.0,0.0,matched,True
51,0,59,0.25,0,middle,16.0,7.180655093159003,0.41121378929566355,15.999999999999996,16.00000000000001,8.88178419700125e-16,matched,True
51,0,59,0.25,0,high,64.0,4.409939154154211,0.09011477794351297,64.00000000000001,63.99999999999986,2.4424906541753468e-15,matched,True
52,0,61,0.25,0,low,4.0,10.100105848416723,1.1604757339050267,3.9999999999999982,4.0,4.440892098500627e-16,matched,True
52,0,61,0.25,0,middle,16.0,7.251502576440745,0.37154875306473034,16.0,15.999999999999996,2.2204460492503136e-16,matched,True
52,0,61,0.25,0,high,64.0,4.246779321818735,0.07189972765240515,64.0,63.99999999999997,4.440892098500627e-16,matched,True
53,0,65,0.25,0,low,4.0,9.727021006833837,1.1469791913791987,3.9999999999999982,4.000000000000002,8.881784197001252e-16,matched,True
53,0,65,0.25,0,middle,16.0,7.084754935541136,0.3758727885879516,16.0,15.999999999999972,1.776356839400252e-15,matched,True
53,0,65,0.25,0,high,64.0,4.270408197042274,0.08126758276268878,63.99999999999997,64.0,4.440892098500627e-16,matched,True
54,0,70,0.25,0,low,4.0,9.948430168439213,1.1822926510117986,4.0,4.0,0.0,matched,True
54,0,70,0.25,0,middle,16.0,7.222239232761135,0.37142773796306955,16.000000000000004,15.999999999999993,6.66133814775094e-16,matched,True
54,0,70,0.25,0,high,64.0,4.327255629395458,0.07944378103931128,64.00000000000001,63.99999999999996,8.881784197001254e-16,matched,True
55,0,76,0.25,0,low,4.0,9.525507897962633,1.1709058585575036,4.0,4.0,0.0,matched,True
55,0,76,0.25,0,middle,16.0,6.929886663470592,0.3684147582394411,15.999999999999996,16.000000000000014,1.1102230246251561e-15,matched,True
55,0,76,0.25,0,high,64.0,4.167938435147433,0.07600468819238415,64.0,64.0,0.0,matched,True
56,0,78,0.25,0,low,4.0,9.936179363232958,1.1680501210441783,4.000000000000001,3.999999999999999,4.440892098500626e-16,matched,True
56,0,78,0.25,0,middle,16.0,7.263926162903037,0.40753916310194604,15.999999999999996,16.000000000000007,6.661338147750939e-16,matched,True
56,0,78,0.25,0,high,64.0,4.41853267367971,0.08454609786903022,64.0,64.00000000000003,4.440892098500625e-16,matched,True
57,0,82,0.25,0,low,4.0,9.801879521485647,1.1505879444745912,4.0,4.0,0.0,matched,True
57,0,82,0.25,0,middle,16.0,7.143642750129802,0.38262723073775895,16.000000000000007,16.0,4.440892098500625e-16,matched,True
57,0,82,0.25,0,high,64.0,4.318153636175548,0.08046023764972021,64.00000000000001,64.00000000000007,8.881784197001246e-16,matched,True
58,0,84,0.25,0,low,4.0,9.87201982233874,1.1892706339954668,3.9999999999999982,4.0,4.440892098500627e-16,matched,True
58,0,84,0.25,0,middle,16.0,7.182316622134392,0.39976687063503985,15.999999999999993,16.000000000000007,8.881784197001252e-16,matched,True
58,0,84,0.25,0,high,64.0,4.308534523085143,0.07713918721525415,64.00000000000003,63.999999999999986,6.661338147750939e-16,matched,True
59,0,88,0.25,0,low,4.0,9.697637512274595,1.154915386374111,4.0,3.9999999999999982,4.440892098500627e-16,matched,True
59,0,88,0.25,0,middle,16.0,7.0716951975528675,0.3783970936962451,16.0,15.999999999999975,1.5543122344752203e-15,matched,True
59,0,88,0.25,0,high,64.0,4.268532291628556,0.08061575107545554,64.0,63.99999999999993,1.1102230246251571e-15,matched,True
60,0,89,0.25,0,low,4.0,10.014011905774137,1.2102549735823183,3.9999999999999982,4.0,4.440892098500627e-16,matched,True
60,0,89,0.25,0,middle,16.0,7.229895232183698,0.3702191679266855,15.999999999999996,15.999999999999996,0.0,matched,True
60,0,89,0.25,0,high,64.0,4.280051877466127,0.07458265987232794,64.0,64.00000000000001,2.220446049250313e-16,matched,True
61,0,90,0.25,0,low,4.0,9.737724430059757,1.16623087379967,3.9999999999999973,4.0,6.661338147750941e-16,matched,True
61,0,90,0.25,0,middle,16.0,7.10119443051857,0.3996992032718971,16.000000000000007,16.000000000000032,1.5543122344752172e-15,matched,True
61,0,90,0.25,0,high,64.0,4.2783801199165685,0.07895308191049627,64.0,64.00000000000004,6.661338147750936e-16,matched,True
62,0,94,0.25,0,low,4.0,9.901430654442615,1.1557670047545354,4.0,4.000000000000002,4.440892098500625e-16,matched,True
62,0,94,0.25,0,middle,16.0,7.204675501592908,0.39952584442266237,15.999999999999996,16.00000000000001,8.88178419700125e-16,matched,True
62,0,94,0.25,0,high,64.0,4.324568647769084,0.07877169405023521,64.00000000000001,63.999999999999986,4.440892098500626e-16,matched,True
63,0,98,0.25,0,low,4.0,10.427444657774931,1.250916534401524,3.999999999999999,3.999999999999999,0.0,matched,True
63,0,98,0.25,0,middle,16.0,7.501975972070057,0.39477101697586137,16.000000000000007,16.000000000000007,0.0,matched,True
63,0,98,0.25,0,high,64.0,4.405933432241007,0.0746128211658812,64.00000000000001,64.0,2.220446049250313e-16,matched,True
64,0,5,0.4,0,low,4.0,47.714375124352216,7.067617668790177,4.0,4.000000000000001,2.220446049250313e-16,matched,True
64,0,5,0.4,0,middle,16.0,21.518376467905874,0.7326487518234011,15.999999999999993,15.99999999999999,2.2204460492503146e-16,matched,True
64,0,5,0.4,0,high,64.0,8.425510408301427,0.10173240188344274,64.00000000000001,63.999999999999986,4.440892098500626e-16,matched,True
65,0,8,0.4,0,low,4.0,40.25591923722297,4.222658614089502,3.999999999999999,4.000000000000001,4.440892098500626e-16,matched,True
65,0,8,0.4,0,middle,16.0,21.51980098768958,0.8981774262781436,16.0,16.000000000000004,2.220446049250313e-16,matched,True
65,0,8,0.4,0,high,64.0,8.285845039208933,0.09114972018651432,64.00000000000001,63.99999999999997,6.66133814775094e-16,matched,True
66,0,10,0.4,0,low,4.0,36.03356567872271,5.028314888437674,4.0,3.999999999999999,2.2204460492503136e-16,matched,True
66,0,10,0.4,0,middle,16.0,17.168214346887176,0.6002814479085283,16.000000000000004,15.999999999999996,4.440892098500626e-16,matched,True
66,0,10,0.4,0,high,64.0,7.137812165254129,0.09345067462048257,64.0,64.00000000000001,2.220446049250313e-16,matched,True
67,0,12,0.4,0,low,4.0,37.66518888948717,5.8423739467217715,4.000000000000001,3.9999999999999982,6.66133814775094e-16,matched,True
67,0,12,0.4,0,middle,16.0,22.082139452425086,0.930177536420155,16.0,16.0,0.0,matched,True
67,0,12,0.4,0,high,64.0,8.8373797058345,0.10354487000601686,64.00000000000003,63.999999999999986,6.661338147750939e-16,matched,True
68,0,13,0.4,0,low,4.0,49.24519900482619,6.216229519086493,3.999999999999999,4.0,2.2204460492503136e-16,matched,True
68,0,13,0.4,0,middle,16.0,19.963208533497497,0.7331876720111801,16.000000000000004,16.000000000000004,0.0,matched,True
68,0,13,0.4,0,high,64.0,6.962646782451685,0.08037113823744013,64.00000000000001,64.0,2.220446049250313e-16,matched,True
69,0,14,0.4,0,low,4.0,25.835682776832634,3.3272015674242335,3.999999999999999,4.0,2.2204460492503136e-16,matched,True
69,0,14,0.4,0,middle,16.0,15.392167470447333,0.6226733754318784,15.999999999999993,15.999999999999996,2.220446049250314e-16,matched,True
69,0,14,0.4,0,high,64.0,6.963465567589883,0.08866863116299056,64.00000000000001,63.99999999999996,8.881784197001254e-16,matched,True
70,0,16,0.4,0,low,4.0,40.305767849281594,4.71814259695671,3.999999999999999,4.0,2.2204460492503136e-16,matched,True
70,0,16,0.4,0,middle,16.0,19.879404918483303,0.7463419403538145,16.0,16.00000000000001,6.661338147750936e-16,matched,True
70,0,16,0.4,0,high,64.0,8.213176928802298,0.10048458524797255,64.00000000000001,63.99999999999997,6.66133814775094e-16,matched,True
71,0,17,0.4,0,low,4.0,29.45402101021003,3.401561622097498,4.0,4.0,0.0,matched,True
71,0,17,0.4,0,middle,16.0,16.715689428304547,0.6597268883662275,15.999999999999993,16.000000000000007,8.881784197001252e-16,matched,True
71,0,17,0.4,0,high,64.0,7.70032847704824,0.10153617421085001,64.0,64.00000000000001,2.220446049250313e-16,matched,True
72,0,18,0.4,0,low,4.0,24.817015335281063,2.492707811399023,3.999999999999999,4.000000000000001,4.440892098500626e-16,matched,True
72,0,18,0.4,0,middle,16.0,14.959720400624498,0.6326532670805687,15.999999999999996,16.0,2.2204460492503136e-16,matched,True
72,0,18,0.4,0,high,64.0,7.114582637396017,0.09326341737413003,64.00000000000001,64.0,2.220446049250313e-16,matched,True
73,0,24,0.4,0,low,4.0,50.357926154899815,5.8423739467217715,4.0,4.0,0.0,matched,True
73,0,24,0.4,0,middle,16.0,18.300873650954866,0.6547189161979095,16.0,15.999999999999996,2.2204460492503136e-16,matched,True
73,0,24,0.4,0,high,64.0,7.598109930270256,0.0962698669069616,64.0,64.00000000000003,4.440892098500625e-16,matched,True
74,0,27,0.4,0,low,4.0,60.008473441890985,6.746192341692542,3.9999999999999973,4.000000000000001,8.881784197001254e-16,matched,True
74,0,27,0.4,0,middle,16.0,22.422553217672267,0.8145104515426262,16.0,15.999999999999993,4.440892098500627e-16,matched,True
74,0,27,0.4,0,high,64.0,8.016298497071134,0.09205162139399456,64.0,63.99999999999997,4.440892098500627e-16,matched,True
75,0,28,0.4,0,low,4.0,32.589033377648974,4.201805851511121,3.999999999999999,3.999999999999999,0.0,matched,True
75,0,28,0.4,0,middle,16.0,19.099101096544782,0.7743698363011202,16.000000000000007,16.000000000000007,0.0,matched,True
75,0,28,0.4,0,high,64.0,8.357971441087386,0.10511135419903012,63.999999999999986,63.999999999999986,0.0,matched,True
76,0,32,0.4,0,low,4.0,36.591076651677994,3.091493705853747,4.000000000000002,4.0,4.440892098500625e-16,matched,True
76,0,32,0.4,0,middle,16.0,17.966781970108265,0.682987776762511,16.0,16.0,0.0,matched,True
76,0,32,0.4,0,high,64.0,7.624999099192955,0.09274891245456439,64.0,63.99999999999996,6.661338147750941e-16,matched,True
77,0,39,0.4,0,low,4.0,57.94947345402633,6.047431568147637,4.0,4.0,0.0,matched,True
77,0,39,0.4,0,middle,16.0,19.87994512711978,0.6673041539539173,16.0,15.999999999999993,4.440892098500627e-16,matched,True
77,0,39,0.4,0,high,64.0,7.49620433236386,0.09102135541700812,64.00000000000001,64.00000000000006,6.661338147750936e-16,matched,True
78,0,41,0.4,0,low,4.0,23.570402225773183,3.016988933062601,4.0,4.000000000000001,2.220446049250313e-16,matched,True
78,0,41,0.4,0,middle,16.0,14.197630564652723,0.5418061790172417,15.999999999999996,16.000000000000004,4.440892098500626e-16,matched,True
78,0,41,0.4,0,high,64.0,6.91227769966828,0.09872271888720885,64.00000000000001,64.00000000000001,0.0,matched,True
79,0,49,0.4,0,low,4.0,34.77832652593058,3.792363705119818,4.000000000000001,4.0,2.220446049250313e-16,matched,True
79,0,49,0.4,0,middle,16.0,20.44524136396968,0.8890718443068777,16.000000000000004,16.0,2.220446049250313e-16,matched,True
79,0,49,0.4,0,high,64.0,8.885935660738607,0.10462061061763284,64.0,64.00000000000001,2.220446049250313e-16,matched,True
80,0,54,0.4,0,low,4.0,62.993563540435545,8.552359741197577,3.999999999999999,4.0,2.2204460492503136e-16,matched,True
80,0,54,0.4,0,middle,16.0,21.801304116589733,0.7780615916354967,16.0,16.0,0.0,matched,True
80,0,54,0.4,0,high,64.0,7.773481402700618,0.0911300053183971,64.00000000000001,64.00000000000001,0.0,matched,True
81,0,57,0.4,0,low,4.0,32.76822760642145,4.4956118955921305,4.000000000000001,4.0,2.220446049250313e-16,matched,True
81,0,57,0.4,0,middle,16.0,18.304385062051075,0.7128987425503659,16.0,16.0,0.0,matched,True
81,0,57,0.4,0,high,64.0,7.473727655766389,0.08901786340365955,63.999999999999986,64.0,2.2204460492503136e-16,matched,True
82,0,58,0.4,0,low,4.0,41.05281800339109,6.357755313912211,4.0,4.0,0.0,matched,True
82,0,58,0.4,0,middle,16.0,23.52827424875835,1.0111937048791486,16.000000000000004,15.999999999999996,4.440892098500626e-16,matched,True
82,0,58,0.4,0,high,64.0,8.805383299100697,0.09988478748334728,64.0,64.0,0.0,matched,True
83,0,59,0.4,0,low,4.0,94.15164442137134,13.06394529484362,4.000000000000001,3.999999999999999,4.440892098500626e-16,matched,True
83,0,59,0.4,0,middle,16.0,20.56370597777831,0.6742843786697197,15.999999999999996,16.000000000000004,4.440892098500626e-16,matched,True
83,0,59,0.4,0,high,64.0,8.139426658043632,0.10137924158773323,64.00000000000001,63.99999999999994,1.110223024625157e-15,matched,True
84,0,61,0.4,0,low,4.0,18.84731154615385,2.38249343012056,4.000000000000001,3.999999999999999,4.440892098500626e-16,matched,True
84,0,61,0.4,0,middle,16.0,12.818780345173113,0.6092701567551714,15.999999999999993,15.999999999999996,2.220446049250314e-16,matched,True
84,0,61,0.4,0,high,64.0,6.580646653382739,0.08885256000646855,64.0,64.00000000000003,4.440892098500625e-16,matched,True
85,0,65,0.4,0,low,4.0,27.212265273485816,3.088749370021377,4.0,4.0,0.0,matched,True
85,0,65,0.4,0,middle,16.0,16.61886130937427,0.7289961247775523,16.000000000000007,15.999999999999993,8.881784197001252e-16,matched,True
85,0,65,0.4,0,high,64.0,7.412160347952607,0.09288370855344141,63.999999999999986,64.0,2.2204460492503136e-16,matched,True
86,0,70,0.4,0,low,4.0,44.23156703979346,4.71814259695671,4.000000000000001,4.0,2.220446049250313e-16,matched,True
86,0,70,0.4,0,middle,16.0,19.949700590055023,0.7733891912365309,16.0,16.0,0.0,matched,True
86,0,70,0.4,0,high,64.0,7.80961769856706,0.09252279406166232,63.999999999999986,64.0,2.2204460492503136e-16,matched,True
87,0,76,0.4,0,low,4.0,25.000148609449305,3.3606722016672244,4.0,4.0,0.0,matched,True
87,0,76,0.4,0,middle,16.0,15.65468909541844,0.6458987422074651,16.0,15.999999999999993,4.440892098500627e-16,matched,True
87,0,76,0.4,0,high,64.0,7.171004863979201,0.08986360310699792,64.0,64.0,0.0,matched,True
88,0,78,0.4,0,low,4.0,21.575557524048975,2.6483388435275756,4.000000000000002,4.000000000000001,2.220446049250312e-16,matched,True
88,0,78,0.4,0,middle,16.0,13.768614302132951,0.5872567294814459,16.000000000000004,15.999999999999996,4.440892098500626e-16,matched,True
88,0,78,0.4,0,high,64.0,6.690262781428814,0.08917708405219343,63.999999999999986,64.0,2.2204460492503136e-16,matched,True
89,0,82,0.4,0,low,4.0,45.60892469776392,4.354648431614539,3.999999999999999,4.0,2.2204460492503136e-16,matched,True
89,0,82,0.4,0,middle,16.0,21.116922080949216,0.8172062695283984,16.000000000000007,16.000000000000007,0.0,matched,True
89,0,82,0.4,0,high,64.0,8.418910345889309,0.1019466515130456,64.0,64.0,0.0,matched,True
90,0,84,0.4,0,low,4.0,37.92639082588116,3.5338088343950886,4.000000000000001,4.0,2.220446049250313e-16,matched,True
90,0,84,0.4,0,middle,16.0,20.655714347689603,0.8418995119808628,15.999999999999996,15.999999999999993,2.220446049250314e-16,matched,True
90,0,84,0.4,0,high,64.0,9.012163151721424,0.10889982703658374,64.00000000000001,63.99999999999996,8.881784197001254e-16,matched,True
91,0,88,0.4,0,low,4.0,28.475032680768635,3.1081147595432483,4.0,4.0,0.0,matched,True
91,0,88,0.4,0,middle,16.0,16.978822922481022,0.735745598629773,15.999999999999993,16.000000000000007,8.881784197001252e-16,matched,True
91,0,88,0.4,0,high,64.0,7.506438358112661,0.09180306415302836,63.999999999999986,64.00000000000001,4.440892098500626e-16,matched,True
92,0,89,0.4,0,low,4.0,52.756672441759406,4.183810882947924,4.0,4.000000000000001,2.220446049250313e-16,matched,True
92,0,89,0.4,0,middle,16.0,18.352166010667368,0.6640516622105235,15.999999999999996,16.000000000000007,6.661338147750939e-16,matched,True
92,0,89,0.4,0,high,64.0,7.5724724274065665,0.09430093753106028,63.99999999999997,64.00000000000001,6.66133814775094e-16,matched,True
93,0,90,0.4,0,low,4.0,41.21151964050131,5.613171323564988,4.000000000000001,4.0,2.220446049250313e-16,matched,True
93,0,90,0.4,0,middle,16.0,18.07410784226058,0.5932711598509633,16.000000000000004,16.000000000000004,0.0,matched,True
93,0,90,0.4,0,high,64.0,6.987556979612265,0.08640384592077477,63.999999999999986,64.0,2.2204460492503136e-16,matched,True
94,0,94,0.4,0,low,4.0,33.90167330352418,3.265986323710904,4.000000000000001,4.000000000000001,0.0,matched,True
94,0,94,0.4,0,middle,16.0,17.245334233048943,0.6398294015696742,16.000000000000004,16.0,2.220446049250313e-16,matched,True
94,0,94,0.4,0,high,64.0,7.613000943222525,0.0976081652645508,64.0,63.99999999999997,4.440892098500627e-16,matched,True
95,0,98,0.4,0,low,4.0,56.20653887963638,8.552359741197577,4.000000000000001,4.0,2.220446049250313e-16,matched,True
95,0,98,0.4,0,middle,16.0,21.17655821337788,0.7035334105575586,16.000000000000004,15.999999999999996,4.440892098500626e-16,matched,True
95,0,98,0.4,0,high,64.0,7.835115768442153,0.09264875118774829,64.0,64.00000000000001,2.220446049250313e-16,matched,True
0,1,1,0.1,0,low,4.0,5.994077826603849,0.6803603741652537,4.000000000000001,4.000000000000001,0.0,matched,True
0,1,1,0.1,0,middle,16.0,4.430928395184541,0.25814589047264314,16.0,15.999999999999982,1.1102230246251571e-15,matched,True
0,1,1,0.1,0,high,64.0,2.7713641566877687,0.06182916664556694,64.0,64.00000000000001,2.220446049250313e-16,matched,True
1,1,2,0.1,0,low,4.0,5.989813699344742,0.6602032500991976,3.999999999999999,3.999999999999999,0.0,matched,True
1,1,2,0.1,0,middle,16.0,4.440713625404921,0.2617921605677611,16.000000000000007,16.0,4.440892098500625e-16,matched,True
1,1,2,0.1,0,high,64.0,2.7983394359899814,0.06717066105688643,64.00000000000001,63.99999999999997,6.66133814775094e-16,matched,True
2,1,5,0.1,0,low,4.0,5.987993893475103,0.6658963987414361,3.999999999999999,4.0,2.2204460492503136e-16,matched,True
2,1,5,0.1,0,middle,16.0,4.435004983943142,0.26128819630901806,16.0,16.000000000000004,2.220446049250313e-16,matched,True
2,1,5,0.1,0,high,64.0,2.786704167038609,0.06474246947093554,63.99999999999997,64.00000000000009,1.7763568394002497e-15,matched,True
3,1,8,0.1,0,low,4.0,5.951086538549847,0.6616316935788493,4.000000000000001,4.000000000000001,0.0,matched,True
3,1,8,0.1,0,middle,16.0,4.409381114682712,0.2575718634607713,15.999999999999996,16.0,2.2204460492503136e-16,matched,True
3,1,8,0.1,0,high,64.0,2.77477267938409,0.066297153651337,63.99999999999997,63.999999999999986,2.220446049250314e-16,matched,True
4,1,11,0.1,0,low,4.0,5.958925395304706,0.6761485585869884,4.000000000000003,3.999999999999999,8.88178419700125e-16,matched,True
4,1,11,0.1,0,middle,16.0,4.416254769840755,0.25751058138475,16.000000000000004,16.0,2.220446049250313e-16,matched,True
4,1,11,0.1,0,high,64.0,2.779173738354797,0.0659081562646271,63.999999999999986,64.00000000000003,6.661338147750939e-16,matched,True
5,1,12,0.1,0,low,4.0,5.849813948729473,0.6422251985910785,3.999999999999999,3.999999999999999,0.0,matched,True
5,1,12,0.1,0,middle,16.0,4.331866968331552,0.2543938904259333,16.000000000000004,15.99999999999995,3.3306690738754744e-15,matched,True
5,1,12,0.1,0,high,64.0,2.723106978629959,0.06358960283710773,64.0,64.00000000000001,2.220446049250313e-16,matched,True
6,1,19,0.1,0,low,4.0,5.857189303628449,0.6247843428564961,3.999999999999999,4.000000000000002,6.661338147750939e-16,matched,True
6,1,19,0.1,0,middle,16.0,4.329072642147994,0.24966878073978732,15.999999999999996,15.999999999999979,1.1102230246251573e-15,matched,True
6,1,19,0.1,0,high,64.0,2.7102770817496182,0.0633141381170721,64.00000000000003,64.00000000000003,0.0,matched,True
7,1,21,0.1,0,low,4.0,5.9511627530422295,0.6509521868862994,4.000000000000001,3.9999999999999973,8.881784197001254e-16,matched,True
7,1,21,0.1,0,middle,16.0,4.401383958129415,0.24953705200989873,16.000000000000004,15.999999999999993,6.66133814775094e-16,matched,True
7,1,21,0.1,0,high,64.0,2.7597033607419332,0.06490671925050595,63.999999999999986,63.99999999999997,2.220446049250314e-16,matched,True
8,1,25,0.1,0,low,4.0,5.999687593770514,0.6745392935084489,4.000000000000003,3.9999999999999964,1.5543122344752194e-15,matched,True
8,1,25,0.1,0,middle,16.0,4.436144130873748,0.2573521483982395,15.999999999999996,16.0,2.2204460492503136e-16,matched,True
8,1,25,0.1,0,high,64.0,2.777793932288696,0.06278973955968851,64.00000000000001,63.99999999999997,6.66133814775094e-16,matched,True
9,1,33,0.1,0,low,4.0,5.895983303877701,0.6656894746784991,4.000000000000001,4.000000000000002,2.220446049250312e-16,matched,True
9,1,33,0.1,0,middle,16.0,4.3706883389206155,0.26163700285737357,16.000000000000004,16.000000000000004,0.0,matched,True
9,1,33,0.1,0,high,64.0,2.7515011246041077,0.06527804606106946,63.999999999999986,64.0000000000001,1.7763568394002493e-15,matched,True
10,1,38,0.1,0,low,4.0,5.871559309778224,0.6702887587522928,4.000000000000002,4.000000000000002,0.0,matched,True
10,1,38,0.1,0,middle,16.0,4.354713834926959,0.2611756568501711,16.000000000000007,15.999999999999996,6.661338147750939e-16,matched,True
10,1,38,0.1,0,high,64.0,2.7442585877551307,0.06551334519686343,64.0,64.00000000000003,4.440892098500625e-16,matched,True
11,1,39,0.1,0,low,4.0,5.986489280006033,0.6659758136861271,3.9999999999999982,3.9999999999999982,0.0,matched,True
11,1,39,0.1,0,middle,16.0,4.445415661335262,0.2704675448164382,16.000000000000004,16.000000000000007,2.220446049250312e-16,matched,True
11,1,39,0.1,0,high,64.0,2.8095495345751953,0.06909276294411593,64.0,64.00000000000001,2.220446049250313e-16,matched,True
12,1,41,0.1,0,low,4.0,5.9546348692720255,0.6704257561818661,4.0,3.9999999999999964,8.881784197001256e-16,matched,True
12,1,41,0.1,0,middle,16.0,4.412373621717633,0.2563402942302826,16.0,16.000000000000004,2.220446049250313e-16,matched,True
12,1,41,0.1,0,high,64.0,2.7762597825066777,0.06610121301003535,63.99999999999996,64.00000000000003,1.1102230246251567e-15,matched,True
13,1,45,0.1,0,low,4.0,6.016737835427443,0.6764804072905264,3.999999999999999,4.0,2.2204460492503136e-16,matched,True
13,1,45,0.1,0,middle,16.0,4.449738280663585,0.25184807715100455,16.0,15.999999999999979,1.3322676295501888e-15,matched,True
13,1,45,0.1,0,high,64.0,2.7884842734202913,0.06448652383911746,63.999999999999986,64.00000000000006,1.1102230246251561e-15,matched,True
14,1,51,0.1,0,low,4.0,5.886176165465846,0.6580128969221319,4.0,4.000000000000001,2.220446049250313e-16,matched,True
14,1,51,0.1,0,middle,16.0,4.3577390618981235,0.24511898878820926,16.000000000000004,15.999999999999986,1.110223024625157e-15,matched,True
14,1,51,0.1,0,high,64.0,2.738740036375697,0.06439909028633684,63.99999999999997,63.9999999999999,1.1102230246251577e-15,matched,True
15,1,61,0.1,0,low,4.0,5.888980519122806,0.6626960139173681,4.000000000000001,4.0,2.220446049250313e-16,matched,True
15,1,61,0.1,0,middle,16.0,4.365136865668465,0.25960139267569016,15.999999999999993,16.0,4.440892098500627e-16,matched,True
15,1,61,0.1,0,high,64.0,2.7484627225488225,0.06514610328847503,64.00000000000001,63.9999999999999,1.7763568394002516e-15,matched,True
16,1,67,0.1,0,low,4.0,5.883329323600956,0.6653108601819611,4.000000000000001,4.000000000000002,2.220446049250312e-16,matched,True
16,1,67,0.1,0,middle,16.0,4.3610535338095655,0.2617633254344879,16.00000000000001,16.00000000000001,0.0,matched,True
16,1,67,0.1,0,high,64.0,2.743702138129006,0.0648877299179802,63.999999999999986,64.00000000000004,8.88178419700125e-16,matched,True
17,1,68,0.1,0,low,4.0,5.873933235631876,0.6364325772999371,4.000000000000001,4.000000000000003,4.440892098500624e-16,matched,True
17,1,68,0.1,0,middle,16.0,4.362071737656851,0.25735517226735105,15.99999999999999,15.999999999999993,2.2204460492503146e-16,matched,True
17,1,68,0.1,0,high,64.0,2.7608188898936046,0.06983700238772342,63.999999999999986,63.99999999999997,2.220446049250314e-16,matched,True
18,1,75,0.1,0,low,4.0,5.9237789272314725,0.652013546118325,4.000000000000001,4.000000000000002,2.220446049250312e-16,matched,True
18,1,75,0.1,0,middle,16.0,4.390968042117203,0.25879592001645335,16.000000000000004,16.00000000000001,4.440892098500624e-16,matched,True
18,1,75,0.1,0,high,64.0,2.7644945107191434,0.06597298419147432,64.00000000000003,64.00000000000004,2.220446049250312e-16,matched,True
19,1,77,0.1,0,low,4.0,5.8281579937581816,0.6516379146441549,4.0,4.000000000000001,2.220446049250313e-16,matched,True
19,1,77,0.1,0,middle,16.0,4.325841648433985,0.2540140955989312,15.999999999999996,16.000000000000007,6.661338147750939e-16,matched,True
19,1,77,0.1,0,high,64.0,2.733222314279189,0.06827550517253372,64.00000000000001,63.999999999999986,4.440892098500626e-16,matched,True
20,1,80,0.1,0,low,4.0,5.829002440455213,0.6445014500354841,3.9999999999999982,4.0,4.440892098500627e-16,matched,True
20,1,80,0.1,0,middle,16.0,4.321495752491608,0.25609326261527965,16.000000000000004,15.999999999999979,1.55431223447522e-15,matched,True
20,1,80,0.1,0,high,64.0,2.7205768084700397,0.06514683007449074,63.99999999999997,64.00000000000004,1.1102230246251565e-15,matched,True
21,1,82,0.1,0,low,4.0,5.78252289913445,0.6356181222451117,3.999999999999999,4.000000000000001,4.440892098500626e-16,matched,True
21,1,82,0.1,0,middle,16.0,4.2864312813828604,0.2470014174719784,15.999999999999996,16.0,2.2204460492503136e-16,matched,True
21,1,82,0.1,0,high,64.0,2.7023226264593987,0.06546302914721906,64.00000000000001,64.00000000000009,1.1102230246251556e-15,matched,True
22,1,84,0.1,0,low,4.0,6.010681432357467,0.6838397844218214,4.0,4.000000000000002,4.440892098500625e-16,matched,True
22,1,84,0.1,0,middle,16.0,4.446629984880792,0.25942217390729994,16.000000000000004,16.000000000000018,8.881784197001246e-16,matched,True
22,1,84,0.1,0,high,64.0,2.785928429408602,0.06317819902749397,63.999999999999986,64.0,2.2204460492503136e-16,matched,True
23,1,85,0.1,0,low,4.0,5.897081128956019,0.6504783557145459,4.0,3.9999999999999982,4.440892098500627e-16,matched,True
23,1,85,0.1,0,middle,16.0,4.377387625960999,0.26127679457776937,15.999999999999996,16.00000000000001,8.88178419700125e-16,matched,True
23,1,85,0.1,0,high,64.0,2.7661410272466536,0.06857078484871515,64.00000000000001,64.00000000000003,2.220446049250312e-16,matched,True
24,1,86,0.1,0,low,4.0,5.933452669195507,0.6497258640909926,4.000000000000002,3.999999999999999,6.661338147750939e-16,matched,True
24,1,86,0.1,0,middle,16.0,4.379792627729511,0.23515808286712492,15.999999999999996,16.0,2.2204460492503136e-16,matched,True
24,1,86,0.1,0,high,64.0,2.7372573265582947,0.06372577053268813,63.999999999999986,64.00000000000011,1.99840144432528e-15,matched,True
25,1,88,0.1,0,low,4.0,5.868780091374826,0.6505641940100451,4.000000000000003,4.0,6.661338147750936e-16,matched,True
25,1,88,0.1,0,middle,16.0,4.350926268958513,0.25927929304147046,16.000000000000004,15.999999999999979,1.55431223447522e-15,matched,True
25,1,88,0.1,0,high,64.0,2.7404884399998934,0.06444262360033826,64.00000000000001,64.0000000000001,1.3322676295501867e-15,matched,True
26,1,89,0.1,0,low,4.0,5.998408213640566,0.6797748618593396,3.999999999999999,4.0,2.2204460492503136e-16,matched,True
26,1,89,0.1,0,middle,16.0,4.4349563553687705,0.25699702648129374,15.99999999999999,16.000000000000007,1.1102230246251567e-15,matched,True
26,1,89,0.1,0,high,64.0,2.7745730380453213,0.06244776728223736,63.999999999999986,63.99999999999994,6.661338147750943e-16,matched,True
27,1,93,0.1,0,low,4.0,5.7910184273914105,0.6559360493526303,3.999999999999999,3.999999999999999,0.0,matched,True
27,1,93,0.1,0,middle,16.0,4.294435253420178,0.25163952349993857,15.999999999999996,16.000000000000018,1.3322676295501873e-15,matched,True
27,1,93,0.1,0,high,64.0,2.7062807865465857,0.06450936251935982,64.0,64.00000000000001,2.220446049250313e-16,matched,True
28,1,94,0.1,0,low,4.0,5.79709474232573,0.6477148900763465,4.0,4.000000000000002,4.440892098500625e-16,matched,True
28,1,94,0.1,0,middle,16.0,4.286792171608021,0.24784615078130343,16.0,16.000000000000007,4.440892098500625e-16,matched,True
28,1,94,0.1,0,high,64.0,2.683665974893743,0.060906744944502655,64.00000000000001,64.0,2.220446049250313e-16,matched,True
29,1,97,0.1,0,low,4.0,6.046813598752505,0.6688036339544178,3.999999999999999,4.0,2.2204460492503136e-16,matched,True
29,1,97,0.1,0,middle,16.0,4.4737045411359055,0.2558300648859948,16.0,16.000000000000007,4.440892098500625e-16,matched,True
29,1,97,0.1,0,high,64.0,2.804907591385609,0.06522511347883075,64.00000000000003,63.999999999999986,6.661338147750939e-16,matched,True
30,1,98,0.1,0,low,4.0,5.941046657389525,0.6478741707599491,4.000000000000001,4.000000000000001,0.0,matched,True
30,1,98,0.1,0,middle,16.0,4.386103409511591,0.24658441515064444,15.999999999999996,16.000000000000025,1.7763568394002493e-15,matched,True
30,1,98,0.1,0,high,64.0,2.7403132432076096,0.06184540063597177,64.0,63.99999999999997,4.440892098500627e-16,matched,True
31,1,99,0.1,0,low,4.0,5.972678507703906,0.6801842415181626,3.999999999999999,4.0,2.2204460492503136e-16,matched,True
31,1,99,0.1,0,middle,16.0,4.423448389809805,0.2609579243188145,16.000000000000004,16.0,2.220446049250313e-16,matched,True
31,1,99,0.1,0,high,64.0,2.779278142731112,0.06466883637199583,64.00000000000001,63.999999999999986,4.440892098500626e-16,matched,True
32,1,1,0.25,0,low,4.0,9.685271244408739,1.1913292656799037,4.000000000000003,4.0,6.661338147750936e-16,matched,True
32,1,1,0.25,0,middle,16.0,7.036295958701781,0.37436503874560145,16.000000000000004,16.0,2.220446049250313e-16,matched,True
32,1,1,0.25,0,high,64.0,4.219197347949874,0.07633973199894958,64.00000000000001,64.00000000000001,0.0,matched,True
33,1,2,0.25,0,low,4.0,10.49303357897432,1.231338583268005,4.0,4.0,0.0,matched,True
33,1,2,0.25,0,middle,16.0,7.603314887379593,0.39977650324461855,15.999999999999996,16.00000000000001,8.88178419700125e-16,matched,True
33,1,2,0.25,0,high,64.0,4.533089824594865,0.08141221285176903,63.99999999999997,64.00000000000006,1.3322676295501877e-15,matched,True
34,1,5,0.25,0,low,4.0,10.078081607961797,1.2081925143856562,3.999999999999999,3.999999999999999,0.0,matched,True
34,1,5,0.25,0,middle,16.0,7.306031710662283,0.3787260724061863,15.999999999999993,15.99999999999999,2.2204460492503146e-16,matched,True
34,1,5,0.25,0,high,64.0,4.355829782185865,0.07709831230027575,64.0,64.00000000000001,2.220446049250313e-16,matched,True
35,1,8,0.25,0,low,4.0,9.786978175695236,1.1988298388245686,4.000000000000001,4.0,2.220446049250313e-16,matched,True
35,1,8,0.25,0,middle,16.0,7.1360929238218755,0.38201501169421487,15.999999999999996,16.000000000000018,1.3322676295501873e-15,matched,True
35,1,8,0.25,0,high,64.0,4.320635719961454,0.08141400381120256,63.99999999999997,64.00000000000006,1.3322676295501877e-15,matched,True
36,1,11,0.25,0,low,4.0,10.200914320785353,1.2471345550673902,3.999999999999999,4.0,2.2204460492503136e-16,matched,True
36,1,11,0.25,0,middle,16.0,7.342209054406752,0.35828877894748395,16.0,15.999999999999993,4.440892098500627e-16,matched,True
36,1,11,0.25,0,high,64.0,4.326919998288702,0.07654115803146411,64.0,64.00000000000006,8.881784197001248e-16,matched,True
37,1,12,0.25,0,low,4.0,10.062568675803043,1.1311138077845375,3.9999999999999973,3.999999999999999,4.440892098500628e-16,matched,True
37,1,12,0.25,0,middle,16.0,7.280611923434332,0.39006162676925094,15.999999999999996,16.0,2.2204460492503136e-16,matched,True
37,1,12,0.25,0,high,64.0,4.335240899428531,0.07666059973420392,64.00000000000001,64.0,2.220446049250313e-16,matched,True
38,1,19,0.25,0,low,4.0,9.802007687049958,1.1539495135593896,4.000000000000001,4.000000000000003,4.440892098500624e-16,matched,True
38,1,19,0.25,0,middle,16.0,7.107898817988248,0.3826371775040105,16.000000000000004,16.00000000000002,1.1102230246251556e-15,matched,True
38,1,19,0.25,0,high,64.0,4.233959738377655,0.07398438717395989,64.00000000000001,64.0000000000001,1.3322676295501867e-15,matched,True
39,1,21,0.25,0,low,4.0,10.186675924195022,1.1811415528409004,4.000000000000001,3.999999999999999,4.440892098500626e-16,matched,True
39,1,21,0.25,0,middle,16.0,7.352857352942895,0.380551945753588,15.999999999999993,15.999999999999975,1.1102230246251577e-15,matched,True
39,1,21,0.25,0,high,64.0,4.350822186043974,0.07642743674157293,64.00000000000003,64.00000000000003,0.0,matched,True
40,1,25,0.25,0,low,4.0,9.919789729510967,1.1440251116268036,3.9999999999999982,4.0,4.440892098500627e-16,matched,True
40,1,25,0.25,0,middle,16.0,7.199157124672223,0.3881107215230615,16.0,16.00000000000001,6.661338147750936e-16,matched,True
40,1,25,0.25,0,high,64.0,4.307900890038651,0.07916670290631578,64.00000000000001,64.00000000000004,4.440892098500624e-16,matched,True
41,1,33,0.25,0,low,4.0,9.659327027172065,1.0582343868433937,3.9999999999999973,3.999999999999999,4.440892098500628e-16,matched,True
41,1,33,0.25,0,middle,16.0,7.038276842662718,0.37587602980665424,15.999999999999993,15.99999999999999,2.2204460492503146e-16,matched,True
41,1,33,0.25,0,high,64.0,4.253626229097254,0.08171593112499162,64.0,64.00000000000001,2.220446049250313e-16,matched,True
42,1,38,0.25,0,low,4.0,10.101557391131832,1.1866102988660776,3.999999999999999,3.999999999999999,0.0,matched,True
42,1,38,0.25,0,middle,16.0,7.320329309711931,0.396855650279591,16.000000000000004,16.000000000000014,6.661338147750936e-16,matched,True
42,1,38,0.25,0,high,64.0,4.3585323638345725,0.07631392425786032,64.0,64.00000000000004,6.661338147750936e-16,matched,True
43,1,39,0.25,0,low,4.0,10.31077113933772,1.2053322061250382,3.999999999999999,4.000000000000001,4.440892098500626e-16,matched,True
43,1,39,0.25,0,middle,16.0,7.408609505838273,0.3760349523105557,15.999999999999996,16.000000000000004,4.440892098500626e-16,matched,True
43,1,39,0.25,0,high,64.0,4.342693559854707,0.07445975136736083,64.00000000000001,64.0,2.220446049250313e-16,matched,True
44,1,41,0.25,0,low,4.0,9.993551873879728,1.1762211333952486,3.9999999999999982,3.9999999999999973,2.2204460492503146e-16,matched,True
44,1,41,0.25,0,middle,16.0,7.289592403296069,0.4079098338482763,16.000000000000007,16.000000000000014,4.440892098500623e-16,matched,True
44,1,41,0.25,0,high,64.0,4.402394155363837,0.08249228958691157,64.0,63.99999999999994,8.881784197001256e-16,matched,True
45,1,45,0.25,0,low,4.0,9.754314259682719,1.1480674859284652,3.9999999999999982,3.999999999999999,2.220446049250314e-16,matched,True
45,1,45,0.25,0,middle,16.0,7.10813280008198,0.40047306009783457,16.000000000000004,16.0,2.220446049250313e-16,matched,True
45,1,45,0.25,0,high,64.0,4.270162038556879,0.07788049321353323,64.0,63.999999999999915,1.3322676295501888e-15,matched,True
46,1,51,0.25,0,low,4.0,9.886999654843773,1.1669199319831565,4.0,4.0,0.0,matched,True
46,1,51,0.25,0,middle,16.0,7.155510148739881,0.3684250392468029,16.000000000000004,15.999999999999993,6.66133814775094e-16,matched,True
46,1,51,0.25,0,high,64.0,4.268918041750465,0.07615249575451344,64.00000000000001,63.999999999999986,4.440892098500626e-16,matched,True
47,1,61,0.25,0,low,4.0,9.870152724233263,1.1522028055422342,4.000000000000001,4.000000000000001,0.0,matched,True
47,1,61,0.25,0,middle,16.0,7.180754998404383,0.38248356284460705,16.000000000000004,15.999999999999993,6.66133814775094e-16,matched,True
47,1,61,0.25,0,high,64.0,4.317986931155714,0.08113685919167968,63.99999999999996,64.0,6.661338147750941e-16,matched,True
48,1,67,0.25,0,low,4.0,9.621551418507764,1.1135722055846187,4.000000000000002,4.0,4.440892098500625e-16,matched,True
48,1,67,0.25,0,middle,16.0,7.056583756639254,0.379825771148397,15.999999999999996,16.00000000000001,8.88178419700125e-16,matched,True
48,1,67,0.25,0,high,64.0,4.332390850599511,0.08905632138265585,64.00000000000001,64.00000000000003,2.220446049250312e-16,matched,True
49,1,68,0.25,0,low,4.0,9.911931906366108,1.1385089071437122,4.0,4.0,0.0,matched,True
49,1,68,0.25,0,middle,16.0,7.118884062611365,0.3347329612937817,16.000000000000007,16.000000000000007,0.0,matched,True
49,1,68,0.25,0,high,64.0,4.211267855909607,0.0772498456149226,64.0,63.99999999999994,8.881784197001256e-16,matched,True
50,1,75,0.25,0,low,4.0,10.523395289222357,1.3012000972647106,4.000000000000001,4.000000000000001,0.0,matched,True
50,1,75,0.25,0,middle,16.0,7.421641020284322,0.3472405010215889,16.000000000000007,15.999999999999982,1.5543122344752197e-15,matched,True
50,1,75,0.25,0,high,64.0,4.21985472531693,0.06846122483988361,64.0,64.0,0.0,matched,True
51,1,77,0.25,0,low,4.0,9.689172392421504,1.191494418417327,3.999999999999999,4.0,2.2204460492503136e-16,matched,True
51,1,77,0.25,0,middle,16.0,7.0570382645202425,0.3660579174340993,16.000000000000007,16.0,4.440892098500625e-16,matched,True
51,1,77,0.25,0,high,64.0,4.255410851649,0.07997281386414357,64.00000000000001,64.00000000000004,4.440892098500624e-16,matched,True
52,1,80,0.25,0,low,4.0,10.045911264394402,1.2089107788295683,3.999999999999999,4.0,2.2204460492503136e-16,matched,True
52,1,80,0.25,0,middle,16.0,7.3290946264507015,0.3980354023662649,16.000000000000007,16.000000000000007,0.0,matched,True
52,1,80,0.25,0,high,64.0,4.432583152282208,0.0840525212175074,64.0,64.00000000000011,1.7763568394002489e-15,matched,True
53,1,82,0.25,0,low,4.0,9.505199184577629,1.0611077325851224,4.0,4.000000000000001,2.220446049250313e-16,matched,True
53,1,82,0.25,0,middle,16.0,6.9539268160044205,0.38465625076795884,16.0,16.000000000000018,1.1102230246251561e-15,matched,True
53,1,82,0.25,0,high,64.0,4.246382543149996,0.08407039639501379,64.0,63.99999999999997,4.440892098500627e-16,matched,True
54,1,84,0.25,0,low,4.0,10.02686213252984,1.1094003924504587,3.999999999999999,4.0,2.2204460492503136e-16,matched,True
54,1,84,0.25,0,middle,16.0,7.218641269906406,0.3617848362985676,16.000000000000007,16.00000000000001,2.220446049250312e-16,matched,True
54,1,84,0.25,0,high,64.0,4.270040376793412,0.0767961122025449,64.00000000000001,63.99999999999996,8.881784197001254e-16,matched,True
55,1,85,0.25,0,low,4.0,9.710519932258704,1.1434498047178738,4.000000000000001,3.9999999999999982,6.66133814775094e-16,matched,True
55,1,85,0.25,0,middle,16.0,7.093927692254691,0.39785078006544206,16.0,16.0,0.0,matched,True
55,1,85,0.25,0,high,64.0,4.297043431443225,0.08124043164818873,64.0,64.00000000000001,2.220446049250313e-16,matched,True
56,1,86,0.25,0,low,4.0,9.64920719967837,1.122634264712997,4.0,4.000000000000001,2.220446049250313e-16,matched,True
56,1,86,0.25,0,middle,16.0,6.992746813280849,0.3639027467191571,15.999999999999996,16.000000000000007,6.661338147750939e-16,matched,True
56,1,86,0.25,0,high,64.0,4.186796150654072,0.07595505903169869,63.999999999999986,63.99999999999996,4.440892098500628e-16,matched,True
57,1,88,0.25,0,low,4.0,9.814430685480609,1.0511123914623521,4.000000000000002,4.0,4.440892098500625e-16,matched,True
57,1,88,0.25,0,middle,16.0,7.0492093993269656,0.3543244028378103,15.99999999999999,16.0,6.661338147750941e-16,matched,True
57,1,88,0.25,0,high,64.0,4.187215812320295,0.07792454226390809,64.00000000000001,63.999999999999986,4.440892098500626e-16,matched,True
58,1,89,0.25,0,low,4.0,9.623943636976039,1.151131842671214,3.999999999999999,3.9999999999999982,2.220446049250314e-16,matched,True
58,1,89,0.25,0,middle,16.0,7.0256296489860475,0.4045773899393387,15.999999999999993,16.000000000000014,1.3322676295501877e-15,matched,True
58,1,89,0.25,0,high,64.0,4.244272651523364,0.07594733893273345,64.00000000000001,64.00000000000001,0.0,matched,True
59,1,93,0.25,0,low,4.0,9.48431053681761,1.0412567744339576,3.999999999999999,3.9999999999999964,6.661338147750943e-16,matched,True
59,1,93,0.25,0,middle,16.0,6.890538615122675,0.3688326884002994,15.999999999999996,15.999999999999996,0.0,matched,True
59,1,93,0.25,0,high,64.0,4.1598730061939655,0.07898640860490458,64.00000000000001,64.00000000000007,8.881784197001246e-16,matched,True
60,1,94,0.25,0,low,4.0,10.09791045733323,1.2578554158641548,4.0,3.999999999999999,2.2204460492503136e-16,matched,True
60,1,94,0.25,0,middle,16.0,7.2521188659624745,0.3472984183848977,16.000000000000004,16.000000000000018,8.881784197001246e-16,matched,True
60,1,94,0.25,0,high,64.0,4.268895728894775,0.07500699687070483,64.0,64.0000000000001,1.5543122344752178e-15,matched,True
61,1,97,0.25,0,low,4.0,9.866668632692253,1.1568544304551156,4.000000000000002,4.0,4.440892098500625e-16,matched,True
61,1,97,0.25,0,middle,16.0,7.178835735127903,0.38032405728382157,16.0,16.000000000000018,1.1102230246251561e-15,matched,True
61,1,97,0.25,0,high,64.0,4.32230407878523,0.0818271732932434,63.999999999999986,64.0,2.2204460492503136e-16,matched,True
62,1,98,0.25,0,low,4.0,9.624865349289008,1.1454575037680348,4.000000000000001,4.000000000000001,0.0,matched,True
62,1,98,0.25,0,middle,16.0,6.993581086015977,0.3651721466723612,15.999999999999996,16.000000000000004,4.440892098500626e-16,matched,True
62,1,98,0.25,0,high,64.0,4.204601477227732,0.07706571208529173,64.0,64.00000000000001,2.220446049250313e-16,matched,True
63,1,99,0.25,0,low,4.0,9.653109862322655,1.114502345409528,4.000000000000001,4.0,2.220446049250313e-16,matched,True
63,1,99,0.25,0,middle,16.0,7.027644716443728,0.35717349858339986,15.999999999999993,16.00000000000001,1.1102230246251565e-15,matched,True
63,1,99,0.25,0,high,64.0,4.252518917756019,0.0828484477624265,64.00000000000003,64.00000000000001,2.220446049250312e-16,matched,True
64,1,1,0.4,0,low,4.0,30.70656461645455,3.7712361663282543,4.000000000000001,4.000000000000001,0.0,matched,True
64,1,1,0.4,0,middle,16.0,17.194431927962682,0.660033002475207,15.999999999999996,16.000000000000004,4.440892098500626e-16,matched,True
64,1,1,0.4,0,high,64.0,7.165536808346662,0.08413044020512289,64.0,64.00000000000001,2.220446049250313e-16,matched,True
65,1,2,0.4,0,low,4.0,49.05444657207525,5.018000385497442,3.999999999999999,3.999999999999999,0.0,matched,True
65,1,2,0.4,0,middle,16.0,20.906112645409163,0.7552549120493608,15.999999999999996,16.00000000000001,8.88178419700125e-16,matched,True
65,1,2,0.4,0,high,64.0,7.829504774425828,0.09543589004147815,64.0,63.999999999999986,2.2204460492503136e-16,matched,True
66,1,5,0.4,0,low,4.0,45.74178891637764,7.542472332656509,3.999999999999999,4.0,2.2204460492503136e-16,matched,True
66,1,5,0.4,0,middle,16.0,21.809431942357538,0.7450788569660887,16.0,16.0,0.0,matched,True
66,1,5,0.4,0,high,64.0,8.18396663891654,0.09699077775840281,64.00000000000001,63.999999999999986,4.440892098500626e-16,matched,True
67,1,8,0.4,0,low,4.0,37.62092430183243,3.8663813973131322,4.000000000000001,3.999999999999999,4.440892098500626e-16,matched,True
67,1,8,0.4,0,middle,16.0,20.446606338958546,0.8383400272995942,15.999999999999996,16.000000000000004,4.440892098500626e-16,matched,True
67,1,8,0.4,0,high,64.0,8.694579694922247,0.10458064643256204,64.0,64.00000000000006,8.881784197001248e-16,matched,True
68,1,11,0.4,0,low,4.0,57.685202640161435,7.03906152102496,4.0,4.000000000000002,4.440892098500625e-16,matched,True
68,1,11,0.4,0,middle,16.0,23.501953523569583,0.8528028654224418,16.0,16.0,0.0,matched,True
68,1,11,0.4,0,high,64.0,7.922490887548378,0.09008142831111798,64.0,64.0,0.0,matched,True
69,1,12,0.4,0,low,4.0,42.37357084947199,4.71814259695671,4.0,4.0,0.0,matched,True
69,1,12,0.4,0,middle,16.0,18.257234877869994,0.6374046726465321,15.999999999999996,16.000000000000004,4.440892098500626e-16,matched,True
69,1,12,0.4,0,high,64.0,7.380451536383246,0.09328032220400395,64.00000000000004,63.99999999999997,1.1102230246251565e-15,matched,True
70,1,19,0.4,0,low,4.0,62.11828284653393,5.487954724560282,4.0,4.0,0.0,matched,True
70,1,19,0.4,0,middle,16.0,21.10877131459769,0.7649463099740121,16.000000000000007,15.999999999999996,6.661338147750939e-16,matched,True
70,1,19,0.4,0,high,64.0,8.046709457238432,0.09567594939566931,64.0,63.99999999999997,4.440892098500627e-16,matched,True
71,1,21,0.4,0,low,4.0,49.44250982025679,6.746192341692543,3.999999999999999,4.0,2.2204460492503136e-16,matched,True
71,1,21,0.4,0,middle,16.0,21.558050535275886,0.7585674494892175,16.0,16.0,0.0,matched,True
71,1,21,0.4,0,high,64.0,8.09939380937308,0.09434530427434051,63.99999999999997,64.00000000000004,1.1102230246251565e-15,matched,True
72,1,25,0.4,0,low,4.0,40.99891134596447,3.7712361663282525,3.999999999999999,4.0,2.2204460492503136e-16,matched,True
72,1,25,0.4,0,middle,16.0,18.438323405513902,0.6939779183594883,15.999999999999996,15.999999999999993,2.220446049250314e-16,matched,True
72,1,25,0.4,0,high,64.0,7.836176237371611,0.10085704722507444,64.00000000000001,64.0,2.220446049250313e-16,matched,True
73,1,33,0.4,0,low,4.0,25.11770040886371,2.9970745970614203,3.999999999999999,4.0,2.2204460492503136e-16,matched,True
73,1,33,0.4,0,middle,16.0,14.87896383534327,0.5542008411086574,16.000000000000004,16.0,2.220446049250313e-16,matched,True
73,1,33,0.4,0,high,64.0,7.146364223185259,0.09796753291072635,64.0,63.999999999999986,2.2204460492503136e-16,matched,True
74,1,38,0.4,0,low,4.0,29.481604273559782,2.5425669046549135,4.000000000000001,4.0,2.220446049250313e-16,matched,True
74,1,38,0.4,0,middle,16.0,16.358690638346598,0.6524726973924437,15.999999999999993,16.000000000000004,6.66133814775094e-16,matched,True
74,1,38,0.4,0,high,64.0,7.514930303874345,0.09941986049076057,64.0,63.99999999999997,4.440892098500627e-16,matched,True
75,1,39,0.4,0,low,4.0,22.76773301242129,2.913106219365142,4.0,4.0,0.0,matched,True
75,1,39,0.4,0,middle,16.0,13.694205812283926,0.547990196200593,15.999999999999996,16.000000000000004,4.440892098500626e-16,matched,True
75,1,39,0.4,0,high,64.0,6.227197591983202,0.0788373250009401,64.0,63.99999999999997,4.440892098500627e-16,matched,True
76,1,41,0.4,0,low,4.0,52.31147978755399,10.119288512538816,3.999999999999999,3.999999999999999,0.0,matched,True
76,1,41,0.4,0,middle,16.0,16.827002910356054,0.5492377614303274,16.000000000000004,16.00000000000002,1.1102230246251556e-15,matched,True
76,1,41,0.4,0,high,64.0,7.364061057898595,0.09839927200551868,64.0,64.0,0.0,matched,True
77,1,45,0.4,0,low,4.0,33.84752919389708,4.27617987059879,4.0,4.0,0.0,matched,True
77,1,45,0.4,0,middle,16.0,19.521732558720053,0.7817844352107488,16.0,16.000000000000007,4.440892098500625e-16,matched,True
77,1,45,0.4,0,high,64.0,8.67849956887849,0.11133729787832447,63.999999999999986,64.0,2.2204460492503136e-16,matched,True
78,1,51,0.4,0,low,4.0,50.04446700943589,5.994149194122841,4.0,4.0,0.0,matched,True
78,1,51,0.4,0,middle,16.0,19.980167172502124,0.7177703003504705,15.999999999999996,16.0,2.2204460492503136e-16,matched,True
78,1,51,0.4,0,high,64.0,7.470711596602741,0.0897421968719001,64.0,63.999999999999986,2.2204460492503136e-16,matched,True
79,1,61,0.4,0,low,4.0,60.7469313157422,8.552359741197577,4.0,4.0,0.0,matched,True
79,1,61,0.4,0,middle,16.0,22.440771672846502,0.735292254174917,15.999999999999996,16.000000000000007,6.661338147750939e-16,matched,True
79,1,61,0.4,0,high,64.0,7.5088758599442045,0.08700107528555978,64.00000000000001,64.0,2.220446049250313e-16,matched,True
80,1,67,0.4,0,low,4.0,71.5948541203644,9.23760430703401,3.9999999999999982,4.000000000000001,6.66133814775094e-16,matched,True
80,1,67,0.4,0,middle,16.0,20.297159720577426,0.5974846562646157,16.000000000000004,16.000000000000007,2.220446049250312e-16,matched,True
80,1,67,0.4,0,high,64.0,7.213229015196163,0.08760207653797636,63.99999999999997,63.999999999999986,2.220446049250314e-16,matched,True
81,1,68,0.4,0,low,4.0,48.04948938000825,6.275716324421886,3.999999999999999,4.0,2.2204460492503136e-16,matched,True
81,1,68,0.4,0,middle,16.0,19.208258025705312,0.6714928786229919,16.0,16.000000000000007,4.440892098500625e-16,matched,True
81,1,68,0.4,0,high,64.0,7.464070274707744,0.09056692438683255,64.0,64.0,0.0,matched,True
82,1,75,0.4,0,low,4.0,37.96158923464529,5.02831488843767,3.999999999999999,4.0,2.2204460492503136e-16,matched,True
82,1,75,0.4,0,middle,16.0,19.221422695121035,0.6797748618593396,16.0,15.999999999999993,4.440892098500627e-16,matched,True
82,1,75,0.4,0,high,64.0,8.026821764187666,0.10284382124737501,64.00000000000003,63.99999999999994,1.3322676295501882e-15,matched,True
83,1,77,0.4,0,low,4.0,21.699599020519873,2.483681682260265,4.000000000000001,4.000000000000002,2.220446049250312e-16,matched,True
83,1,77,0.4,0,middle,16.0,12.184159008531864,0.46116021457825784,15.999999999999996,15.999999999999982,8.881784197001258e-16,matched,True
83,1,77,0.4,0,high,64.0,5.833701666153079,0.08057714906689298,64.0,64.00000000000001,2.220446049250313e-16,matched,True
84,1,80,0.4,0,low,4.0,79.24763756969062,16.0,4.000000000000003,3.999999999999999,8.88178419700125e-16,matched,True
84,1,80,0.4,0,middle,16.0,20.484724574462206,0.6508768408374461,15.999999999999996,16.000000000000007,6.661338147750939e-16,matched,True
84,1,80,0.4,0,high,64.0,6.710543675054431,0.07987114531942102,63.999999999999986,64.0,2.2204460492503136e-16,matched,True
85,1,82,0.4,0,low,4.0,52.55306481639589,7.155417527999324,4.0,4.000000000000001,2.220446049250313e-16,matched,True
85,1,82,0.4,0,middle,16.0,20.065845836839188,0.6983447568171925,16.0,16.000000000000014,8.881784197001248e-16,matched,True
85,1,82,0.4,0,high,64.0,7.844161896724587,0.09409655095825253,64.0,63.99999999999996,6.661338147750941e-16,matched,True
86,1,84,0.4,0,low,4.0,38.63543684556615,3.736794931975311,4.000000000000001,4.0,2.220446049250313e-16,matched,True
86,1,84,0.4,0,middle,16.0,18.175562944219507,0.6812520998098179,16.0,16.0,0.0,matched,True
86,1,84,0.4,0,high,64.0,7.417379784432954,0.0906802034966443,64.0,64.0,0.0,matched,True
87,1,85,0.4,0,low,4.0,31.507909468199504,3.8805700005813284,4.0,4.0,0.0,matched,True
87,1,85,0.4,0,middle,16.0,16.88767873707339,0.6371182478422783,16.000000000000004,16.000000000000004,0.0,matched,True
87,1,85,0.4,0,high,64.0,7.111599964631099,0.09004978737634622,64.0,64.0,0.0,matched,True
88,1,86,0.4,0,low,4.0,46.27203237677243,8.063242090863513,4.0,4.0,0.0,matched,True
88,1,86,0.4,0,middle,16.0,22.602102376204794,0.7616169791704523,16.000000000000004,16.0,2.220446049250313e-16,matched,True
88,1,86,0.4,0,high,64.0,8.50437215660773,0.09801868245662729,64.0,63.999999999999986,2.2204460492503136e-16,matched,True
89,1,88,0.4,0,low,4.0,43.00108922725222,5.157266969762435,4.000000000000001,4.0,2.220446049250313e-16,matched,True
89,1,88,0.4,0,middle,16.0,20.830871634241873,0.7968190728895961,16.0,16.0,0.0,matched,True
89,1,88,0.4,0,high,64.0,8.239747155002277,0.09635312432979465,64.00000000000001,64.0,2.220446049250313e-16,matched,True
90,1,89,0.4,0,low,4.0,48.860086971053455,6.275716324421893,4.0,4.0,0.0,matched,True
90,1,89,0.4,0,middle,16.0,23.531420739956076,0.9685858234976039,15.999999999999996,16.000000000000004,4.440892098500626e-16,matched,True
90,1,89,0.4,0,high,64.0,8.0068282507387,0.08661625332971212,64.00000000000001,64.00000000000001,0.0,matched,True
91,1,93,0.4,0,low,4.0,32.320870093490214,3.3272015674242326,4.0,3.999999999999999,2.2204460492503136e-16,matched,True
91,1,93,0.4,0,middle,16.0,16.750507955654385,0.6147030003162381,16.0,15.999999999999996,2.2204460492503136e-16,matched,True
91,1,93,0.4,0,high,64.0,7.287214343375425,0.09313350470399029,64.0,64.00000000000006,8.881784197001248e-16,matched,True
92,1,94,0.4,0,low,4.0,19.45835923841775,2.4189726272590537,4.0,4.0,0.0,matched,True
92,1,94,0.4,0,middle,16.0,12.534914309505847,0.5229065324276805,16.0,16.000000000000014,8.881784197001248e-16,matched,True
92,1,94,0.4,0,high,64.0,6.332555424623074,0.08933914572869997,64.00000000000001,64.00000000000001,0.0,matched,True
93,1,97,0.4,0,low,4.0,72.6376025557031,10.975909449120564,3.999999999999999,4.000000000000001,4.440892098500626e-16,matched,True
93,1,97,0.4,0,middle,16.0,20.49055044982473,0.594283635162931,16.000000000000004,16.0,2.220446049250313e-16,matched,True
93,1,97,0.4,0,high,64.0,7.213782509538375,0.0900385993368521,64.0,64.0,0.0,matched,True
94,1,98,0.4,0,low,4.0,33.533768776989156,4.797002809573513,3.999999999999999,4.0,2.2204460492503136e-16,matched,True
94,1,98,0.4,0,middle,16.0,17.55185128671398,0.6300536552912226,16.0,16.000000000000004,2.220446049250313e-16,matched,True
94,1,98,0.4,0,high,64.0,7.46054873170932,0.0948540039800167,64.0,63.99999999999996,6.661338147750941e-16,matched,True
95,1,99,0.4,0,low,4.0,30.097703739492346,4.090479940519309,4.000000000000001,4.0,2.220446049250313e-16,matched,True
95,1,99,0.4,0,middle,16.0,17.80608835567698,0.7373529144096125,16.000000000000004,16.000000000000004,0.0,matched,True
95,1,99,0.4,0,high,64.0,7.566445819723018,0.09457471731160494,64.0,63.999999999999986,2.2204460492503136e-16,matched,True
0,2,0,0.1,0,low,4.0,5.905711109802486,0.6561382519592764,4.000000000000002,4.000000000000002,0.0,matched,True
0,2,0,0.1,0,middle,16.0,4.379583471084472,0.25731588147548834,16.0,16.000000000000007,4.440892098500625e-16,matched,True
0,2,0,0.1,0,high,64.0,2.7610463431346215,0.06677859917140694,64.0,64.00000000000003,4.440892098500625e-16,matched,True
1,2,3,0.1,0,low,4.0,5.969920255650297,0.6723614455864695,4.000000000000001,4.000000000000006,1.3322676295501867e-15,matched,True
1,2,3,0.1,0,middle,16.0,4.426277787862025,0.2665229083552001,16.000000000000004,16.000000000000025,1.3322676295501867e-15,matched,True
1,2,3,0.1,0,high,64.0,2.7883587105860617,0.06583099853025096,64.00000000000001,63.99999999999996,8.881784197001254e-16,matched,True
2,2,6,0.1,0,low,4.0,5.80155881815982,0.6407693851706187,4.000000000000001,3.9999999999999982,6.66133814775094e-16,matched,True
2,2,6,0.1,0,middle,16.0,4.303564338416401,0.25425876165966904,15.999999999999993,16.00000000000001,1.1102230246251565e-15,matched,True
2,2,6,0.1,0,high,64.0,2.7153906909533956,0.06674732496328473,64.00000000000001,64.0000000000001,1.3322676295501867e-15,matched,True
3,2,8,0.1,0,low,4.0,5.896967172556703,0.6691032820862486,4.000000000000001,3.999999999999999,4.440892098500626e-16,matched,True
3,2,8,0.1,0,middle,16.0,4.369239937883986,0.258096846159078,16.000000000000004,16.000000000000043,2.4424906541753412e-15,matched,True
3,2,8,0.1,0,high,64.0,2.747439764237284,0.06423388906956705,64.0,63.99999999999997,4.440892098500627e-16,matched,True
4,2,10,0.1,0,low,4.0,5.922618244385891,0.6760831619350987,4.0,4.000000000000002,4.440892098500625e-16,matched,True
4,2,10,0.1,0,middle,16.0,4.390453078602493,0.2610451575960977,16.0,16.000000000000014,8.881784197001248e-16,matched,True
4,2,10,0.1,0,high,64.0,2.7645696379185143,0.06499797043197542,64.0,63.99999999999983,2.6645352591003792e-15,matched,True
5,2,19,0.1,0,low,4.0,6.133429880944829,0.6703622942986278,4.0,3.9999999999999982,4.440892098500627e-16,matched,True
5,2,19,0.1,0,middle,16.0,4.524967639831443,0.25320782654738494,16.0,16.000000000000004,2.220446049250313e-16,matched,True
5,2,19,0.1,0,high,64.0,2.824814266990864,0.06379928418663892,64.0,64.00000000000004,6.661338147750936e-16,matched,True
6,2,22,0.1,0,low,4.0,5.996476576586355,0.6592585212091482,4.000000000000002,3.9999999999999982,8.881784197001252e-16,matched,True
6,2,22,0.1,0,middle,16.0,4.443055078107147,0.2542237261080311,15.999999999999996,15.999999999999972,1.5543122344752207e-15,matched,True
6,2,22,0.1,0,high,64.0,2.796982951764142,0.06663457180280369,63.999999999999986,64.00000000000003,6.661338147750939e-16,matched,True
7,2,25,0.1,0,low,4.0,5.863701783829145,0.6514835575130058,4.0,4.0,0.0,matched,True
7,2,25,0.1,0,middle,16.0,4.3525670728725805,0.2565374445355971,16.000000000000004,15.999999999999968,2.220446049250315e-15,matched,True
7,2,25,0.1,0,high,64.0,2.7503558940667894,0.06816476591985354,64.0,63.99999999999994,8.881784197001256e-16,matched,True
8,2,27,0.1,0,low,4.0,5.925047190685329,0.6674783317497115,4.0,3.9999999999999982,4.440892098500627e-16,matched,True
8,2,27,0.1,0,middle,16.0,4.395569492579389,0.26186029926660703,15.999999999999993,16.000000000000004,6.66133814775094e-16,matched,True
8,2,27,0.1,0,high,64.0,2.7718728448968646,0.06715044871639973,64.0,63.99999999999996,6.661338147750941e-16,matched,True
9,2,28,0.1,0,low,4.0,5.860315715150513,0.6528799696363214,3.999999999999999,4.0,2.2204460492503136e-16,matched,True
9,2,28,0.1,0,middle,16.0,4.339562665291262,0.25191762924507266,16.0,15.99999999999995,3.108624468950443e-15,matched,True
9,2,28,0.1,0,high,64.0,2.7262391148638656,0.06405071408237373,63.99999999999997,64.0000000000001,1.998401444325281e-15,matched,True
10,2,29,0.1,0,low,4.0,6.010228903575154,0.6677244621708984,4.0000000000000036,4.0,8.881784197001248e-16,matched,True
10,2,29,0.1,0,middle,16.0,4.450368676710492,0.2625526204934441,16.0,16.000000000000004,2.220446049250313e-16,matched,True
10,2,29,0.1,0,high,64.0,2.7952405056171465,0.06506652540454555,64.00000000000001,63.99999999999994,1.110223024625157e-15,matched,True
11,2,31,0.1,0,low,4.0,5.849063644712999,0.6463058036806149,4.000000000000002,4.000000000000001,2.220446049250312e-16,matched,True
11,2,31,0.1,0,middle,16.0,4.332555416804578,0.24917346675745478,16.0,16.000000000000014,8.881784197001248e-16,matched,True
11,2,31,0.1,0,high,64.0,2.7257631527526525,0.06494740971166976,64.00000000000003,64.00000000000003,0.0,matched,True
12,2,37,0.1,0,low,4.0,5.918710275447972,0.6500793602347139,4.0,3.9999999999999964,8.881784197001256e-16,matched,True
12,2,37,0.1,0,middle,16.0,4.381000538220291,0.2522610446986214,16.000000000000004,16.000000000000014,6.661338147750936e-16,matched,True
12,2,37,0.1,0,high,64.0,2.752200040361224,0.06479965369903437,63.999999999999986,64.0,2.2204460492503136e-16,matched,True
13,2,46,0.1,0,low,4.0,5.933269807899051,0.6657810886770062,3.9999999999999982,4.000000000000001,6.66133814775094e-16,matched,True
13,2,46,0.1,0,middle,16.0,4.388763345371304,0.2542744043813147,16.000000000000007,16.000000000000004,2.220446049250312e-16,matched,True
13,2,46,0.1,0,high,64.0,2.750295114742559,0.06257247357018593,64.0,64.00000000000003,4.440892098500625e-16,matched,True
14,2,49,0.1,0,low,4.0,5.954830306473185,0.6718291328271938,3.999999999999999,4.0,2.2204460492503136e-16,matched,True
14,2,49,0.1,0,middle,16.0,4.404158789839133,0.252853185254006,15.999999999999993,16.000000000000036,2.6645352591003733e-15,matched,True
14,2,49,0.1,0,high,64.0,2.758227994097322,0.06347027236283881,64.0,64.0,0.0,matched,True
15,2,50,0.1,0,low,4.0,5.836652831507784,0.6461094933585976,3.9999999999999964,4.0,8.881784197001256e-16,matched,True
15,2,50,0.1,0,middle,16.0,4.324508146878466,0.2527105036427777,15.999999999999993,15.999999999999972,1.3322676295501894e-15,matched,True
15,2,50,0.1,0,high,64.0,2.7216399160583595,0.06397886788277396,64.0,64.0,0.0,matched,True
16,2,58,0.1,0,low,4.0,5.884074695181748,0.6566458943801845,4.000000000000001,4.000000000000003,4.440892098500624e-16,matched,True
16,2,58,0.1,0,middle,16.0,4.355555584238176,0.24753260464921056,15.999999999999986,15.999999999999996,6.661338147750943e-16,matched,True
16,2,58,0.1,0,high,64.0,2.7366428080595133,0.0647007357304914,64.0,64.0,0.0,matched,True
17,2,62,0.1,0,low,4.0,6.043096205220186,0.6843753157925043,4.000000000000001,4.000000000000002,2.220446049250312e-16,matched,True
17,2,62,0.1,0,middle,16.0,4.471074924721422,0.2592397677545657,15.999999999999993,16.0,4.440892098500627e-16,matched,True
17,2,62,0.1,0,high,64.0,2.8023594259167,0.06404834789175257,63.999999999999986,64.00000000000004,8.88178419700125e-16,matched,True
18,2,67,0.1,0,low,4.0,5.991577591310779,0.6863887488936397,3.999999999999999,3.9999999999999982,2.220446049250314e-16,matched,True
18,2,67,0.1,0,middle,16.0,4.426584713884842,0.2507061052819495,16.00000000000001,16.000000000000046,2.220446049250309e-15,matched,True
18,2,67,0.1,0,high,64.0,2.7656995487928775,0.061716363059457824,63.999999999999986,63.999999999999986,0.0,matched,True
19,2,68,0.1,0,low,4.0,5.830802160739936,0.6532715043588033,3.9999999999999982,4.0,4.440892098500627e-16,matched,True
19,2,68,0.1,0,middle,16.0,4.316292689073244,0.24426723319220342,15.99999999999999,15.999999999999996,4.440892098500628e-16,matched,True
19,2,68,0.1,0,high,64.0,2.712262330233373,0.06389926572359705,64.0,63.9999999999999,1.5543122344752203e-15,matched,True
20,2,69,0.1,0,low,4.0,5.799371840522104,0.6557415922953345,4.000000000000001,4.000000000000001,0.0,matched,True
20,2,69,0.1,0,middle,16.0,4.298603663802096,0.25123201132386463,15.999999999999996,15.999999999999993,2.220446049250314e-16,matched,True
20,2,69,0.1,0,high,64.0,2.708192868397294,0.06494438112307721,64.00000000000003,64.00000000000009,8.881784197001244e-16,matched,True
21,2,72,0.1,0,low,4.0,5.943009622332076,0.6638108933834523,4.000000000000001,3.9999999999999964,1.110223024625157e-15,matched,True
21,2,72,0.1,0,middle,16.0,4.402702805650624,0.261880599869993,15.999999999999993,16.0,4.440892098500627e-16,matched,True
21,2,72,0.1,0,high,64.0,2.7677625777464243,0.0642326868568962,64.0,63.999999999999986,2.2204460492503136e-16,matched,True
22,2,75,0.1,0,low,4.0,5.904559459783176,0.657873826245968,3.999999999999999,4.000000000000002,6.661338147750939e-16,matched,True
22,2,75,0.1,0,middle,16.0,4.3830337140037,0.26558940906467,16.000000000000007,16.00000000000008,4.662936703425645e-15,matched,True
22,2,75,0.1,0,high,64.0,2.76787215023508,0.06689434892421287,64.0,63.999999999999886,1.776356839400252e-15,matched,True
23,2,76,0.1,0,low,4.0,5.846734954152387,0.6436143893673039,3.999999999999999,4.000000000000001,4.440892098500626e-16,matched,True
23,2,76,0.1,0,middle,16.0,4.335343990215382,0.25468949551578746,15.999999999999996,15.999999999999954,2.66453525910038e-15,matched,True
23,2,76,0.1,0,high,64.0,2.732633156885943,0.06629891375366101,64.0,63.99999999999997,4.440892098500627e-16,matched,True
24,2,78,0.1,0,low,4.0,5.841555772722283,0.6628709831650159,4.0,3.999999999999999,2.2204460492503136e-16,matched,True
24,2,78,0.1,0,middle,16.0,4.33308009666385,0.2532890116341076,15.999999999999993,15.999999999999982,6.661338147750944e-16,matched,True
24,2,78,0.1,0,high,64.0,2.7333417296118157,0.06602448324972698,64.0,64.00000000000006,8.881784197001248e-16,matched,True
25,2,81,0.1,0,low,4.0,5.884360991531221,0.6396996897671823,3.9999999999999973,3.9999999999999964,2.220446049250315e-16,matched,True
25,2,81,0.1,0,middle,16.0,4.3652386311031055,0.26225690795831724,16.000000000000014,15.999999999999979,2.2204460492503135e-15,matched,True
25,2,81,0.1,0,high,64.0,2.753084202101174,0.06689366962322074,64.00000000000001,63.999999999999986,4.440892098500626e-16,matched,True
26,2,84,0.1,0,low,4.0,6.000161402649226,0.6580725256452995,4.000000000000002,4.000000000000001,2.220446049250312e-16,matched,True
26,2,84,0.1,0,middle,16.0,4.439474537496709,0.2559066622713009,15.999999999999996,16.000000000000014,1.1102230246251561e-15,matched,True
26,2,84,0.1,0,high,64.0,2.7830601151912475,0.06535556082781782,64.00000000000003,64.0,4.440892098500625e-16,matched,True
27,2,89,0.1,0,low,4.0,5.916195594513577,0.6624061617307748,4.000000000000001,3.9999999999999973,8.881784197001254e-16,matched,True
27,2,89,0.1,0,middle,16.0,4.382341106600585,0.2575502417644622,16.0,16.000000000000032,1.99840144432528e-15,matched,True
27,2,89,0.1,0,high,64.0,2.7551115557894015,0.06496900221558255,64.00000000000001,63.99999999999997,6.66133814775094e-16,matched,True
28,2,92,0.1,0,low,4.0,5.925317864784374,0.6681545612440072,4.000000000000001,3.9999999999999982,6.66133814775094e-16,matched,True
28,2,92,0.1,0,middle,16.0,4.38674209925057,0.2557486784400318,16.00000000000001,15.999999999999986,1.5543122344752194e-15,matched,True
28,2,92,0.1,0,high,64.0,2.7539655875152853,0.06432545521916286,63.999999999999986,64.00000000000001,4.440892098500626e-16,matched,True
29,2,94,0.1,0,low,4.0,6.049783639810406,0.6769963136587265,4.000000000000003,4.0,6.661338147750936e-16,matched,True
29,2,94,0.1,0,middle,16.0,4.490415002889584,0.2664780974565435,16.000000000000007,15.999999999999972,2.2204460492503147e-15,matched,True
29,2,94,0.1,0,high,64.0,2.8371095257844465,0.06938476627440726,64.00000000000001,64.00000000000006,6.661338147750936e-16,matched,True
30,2,97,0.1,0,low,4.0,5.925056544334754,0.6629366323720332,4.000000000000001,3.9999999999999982,6.66133814775094e-16,matched,True
30,2,97,0.1,0,middle,16.0,4.3949014586510105,0.26052630874182214,16.000000000000007,16.000000000000004,2.220446049250312e-16,matched,True
30,2,97,0.1,0,high,64.0,2.7704433337212038,0.06705497832281848,64.00000000000003,63.999999999999986,6.661338147750939e-16,matched,True
31,2,98,0.1,0,low,4.0,5.902043184308155,0.6620697941926383,3.9999999999999982,4.000000000000004,1.5543122344752186e-15,matched,True
31,2,98,0.1,0,middle,16.0,4.374215658324426,0.2700801827255104,16.000000000000007,16.000000000000014,4.440892098500623e-16,matched,True
31,2,98,0.1,0,high,64.0,2.7497624860395975,0.06286669880349637,64.0,64.0000000000001,1.5543122344752178e-15,matched,True
32,2,0,0.25,0,low,4.0,9.518337243981902,1.1151111967772094,4.000000000000001,4.0,2.220446049250313e-16,matched,True
32,2,0,0.25,0,middle,16.0,6.941527386774696,0.37244788790401984,16.000000000000004,16.00000000000001,4.440892098500624e-16,matched,True
32,2,0,0.25,0,high,64.0,4.2018966870133525,0.08000677009006187,63.999999999999986,64.00000000000004,8.88178419700125e-16,matched,True
33,2,3,0.25,0,low,4.0,10.100481300607193,1.1336166909164156,3.999999999999999,4.000000000000001,4.440892098500626e-16,matched,True
33,2,3,0.25,0,middle,16.0,7.315043882692743,0.3839540899188647,15.999999999999996,16.000000000000004,4.440892098500626e-16,matched,True
33,2,3,0.25,0,high,64.0,4.36328762499396,0.07807847222971778,64.0,64.00000000000009,1.332267629550187e-15,matched,True
34,2,6,0.25,0,low,4.0,9.668780426858696,1.1008926870562958,4.000000000000001,3.999999999999999,4.440892098500626e-16,matched,True
34,2,6,0.25,0,middle,16.0,7.048607783176192,0.3962209052077261,16.000000000000004,16.000000000000018,8.881784197001246e-16,matched,True
34,2,6,0.25,0,high,64.0,4.2496468703087675,0.07766141844403407,64.0,64.0,0.0,matched,True
35,2,8,0.25,0,low,4.0,9.997885967163088,1.1865083345007879,4.000000000000002,4.000000000000001,2.220446049250312e-16,matched,True
35,2,8,0.25,0,middle,16.0,7.217561715199004,0.3881026618809713,16.000000000000004,15.999999999999979,1.55431223447522e-15,matched,True
35,2,8,0.25,0,high,64.0,4.268049016626948,0.07339725336643332,63.999999999999986,64.00000000000003,6.661338147750939e-16,matched,True
36,2,10,0.25,0,low,4.0,9.691786671126813,1.1396635817885024,4.0,3.999999999999999,2.2204460492503136e-16,matched,True
36,2,10,0.25,0,middle,16.0,7.040662099306257,0.35658792660266436,15.999999999999993,15.999999999999986,4.440892098500629e-16,matched,True
36,2,10,0.25,0,high,64.0,4.2408500168789125,0.08123375781287501,63.99999999999997,64.00000000000003,8.881784197001252e-16,matched,True
37,2,19,0.25,0,low,4.0,10.164693512910688,1.1800702224137944,4.0,4.000000000000001,2.220446049250313e-16,matched,True
37,2,19,0.25,0,middle,16.0,7.399233358320182,0.4060971533332207,16.0,15.99999999999999,6.661338147750941e-16,matched,True
37,2,19,0.25,0,high,64.0,4.457791395830819,0.08021508653976195,64.0,64.00000000000006,8.881784197001248e-16,matched,True
38,2,22,0.25,0,low,4.0,10.140043859588728,1.2370887499384104,4.000000000000002,4.0,4.440892098500625e-16,matched,True
38,2,22,0.25,0,middle,16.0,7.311100076893759,0.37053605220305563,16.000000000000007,15.999999999999996,6.661338147750939e-16,matched,True
38,2,22,0.25,0,high,64.0,4.323817258192243,0.07561218588571217,63.99999999999997,64.0,4.440892098500627e-16,matched,True
39,2,25,0.25,0,low,4.0,9.650013020643588,1.108335197396919,4.0,4.000000000000002,4.440892098500625e-16,matched,True
39,2,25,0.25,0,middle,16.0,7.071104894399382,0.3918556669535458,16.0,15.99999999999999,6.661338147750941e-16,matched,True
39,2,25,0.25,0,high,64.0,4.321633382027914,0.0832113505360778,64.0,64.00000000000001,2.220446049250313e-16,matched,True
40,2,27,0.25,0,low,4.0,10.515983724573836,1.248122321981625,3.9999999999999982,4.0,4.440892098500627e-16,matched,True
40,2,27,0.25,0,middle,16.0,7.516432963181266,0.36648696668110103,15.999999999999996,15.999999999999996,0.0,matched,True
40,2,27,0.25,0,high,64.0,4.377254534230602,0.0739010972161962,64.00000000000003,64.0,4.440892098500625e-16,matched,True
41,2,28,0.25,0,low,4.0,9.695482375403465,1.1131697428595926,4.000000000000001,3.999999999999999,4.440892098500626e-16,matched,True
41,2,28,0.25,0,middle,16.0,7.059750946645943,0.37065564361843795,16.0,16.00000000000001,6.661338147750936e-16,matched,True
41,2,28,0.25,0,high,64.0,4.2749539092372455,0.0827871729143066,63.999999999999986,63.9999999999999,1.332267629550189e-15,matched,True
42,2,29,0.25,0,low,4.0,10.08156495624132,1.1639471856957035,4.0,3.9999999999999973,6.661338147750941e-16,matched,True
42,2,29,0.25,0,middle,16.0,7.354055056119519,0.4066523465434635,15.999999999999996,16.000000000000004,4.440892098500626e-16,matched,True
42,2,29,0.25,0,high,64.0,4.4403739937719315,0.08334204204568649,64.00000000000001,63.99999999999996,8.881784197001254e-16,matched,True
43,2,31,0.25,0,low,4.0,9.755847327402218,1.083242733866073,4.000000000000001,3.999999999999999,4.440892098500626e-16,matched,True
43,2,31,0.25,0,middle,16.0,7.058868347371372,0.3490113591175539,16.000000000000004,15.99999999999999,8.881784197001254e-16,matched,True
43,2,31,0.25,0,high,64.0,4.241338101249298,0.08186844271985234,63.99999999999997,63.99999999999994,4.440892098500629e-16,matched,True
44,2,37,0.25,0,low,4.0,9.82791937538328,1.1338812508961693,4.000000000000001,3.9999999999999973,8.881784197001254e-16,matched,True
44,2,37,0.25,0,middle,16.0,7.081541638442549,0.3607450433496904,15.999999999999993,16.0,4.440892098500627e-16,matched,True
44,2,37,0.25,0,high,64.0,4.183386599961479,0.07296317251669304,64.0,64.00000000000004,6.661338147750936e-16,matched,True
45,2,46,0.25,0,low,4.0,10.199421251250758,1.2477608093536272,3.999999999999999,4.000000000000001,4.440892098500626e-16,matched,True
45,2,46,0.25,0,middle,16.0,7.353945736247232,0.37396347329473567,15.999999999999996,16.000000000000004,4.440892098500626e-16,matched,True
45,2,46,0.25,0,high,64.0,4.340957486229038,0.0747513397837732,64.00000000000001,64.0,2.220446049250313e-16,matched,True
46,2,49,0.25,0,low,4.0,9.777957266022582,1.084486173418964,3.999999999999999,3.999999999999999,0.0,matched,True
46,2,49,0.25,0,middle,16.0,7.129108342400423,0.3816064388878413,15.999999999999996,15.999999999999968,1.7763568394002524e-15,matched,True
46,2,49,0.25,0,high,64.0,4.325885991974495,0.08339845541942204,63.999999999999986,64.0,2.2204460492503136e-16,matched,True
47,2,50,0.25,0,low,4.0,10.075458416051315,1.2048013909987731,4.0,4.000000000000001,2.220446049250313e-16,matched,True
47,2,50,0.25,0,middle,16.0,7.289309171243058,0.3825217322596971,15.999999999999996,16.0,2.2204460492503136e-16,matched,True
47,2,50,0.25,0,high,64.0,4.3326450845352955,0.07613256917295336,64.0,63.99999999999997,4.440892098500627e-16,matched,True
48,2,58,0.25,0,low,4.0,9.56623184035398,1.1064490693381783,4.0,3.999999999999999,2.2204460492503136e-16,matched,True
48,2,58,0.25,0,middle,16.0,6.95796378860598,0.3605961623929108,16.0,16.000000000000007,4.440892098500625e-16,matched,True
48,2,58,0.25,0,high,64.0,4.191907747893145,0.08061699616541024,64.0,64.0,0.0,matched,True
49,2,62,0.25,0,low,4.0,9.773618824634484,1.1738532978114327,3.999999999999999,3.9999999999999964,6.661338147750943e-16,matched,True
49,2,62,0.25,0,middle,16.0,7.167866019424198,0.41488207886615613,16.0,16.000000000000004,2.220446049250313e-16,matched,True
49,2,62,0.25,0,high,64.0,4.383693756918873,0.0848887717529444,64.00000000000006,64.00000000000004,2.220446049250311e-16,matched,True
50,2,67,0.25,0,low,4.0,9.881609189836936,1.1585537062479432,4.000000000000001,4.000000000000001,0.0,matched,True
50,2,67,0.25,0,middle,16.0,7.228932242644799,0.41564751411016854,16.00000000000001,16.0,6.661338147750936e-16,matched,True
50,2,67,0.25,0,high,64.0,4.386373276333515,0.08488155839801537,64.00000000000001,64.00000000000001,0.0,matched,True
51,2,68,0.25,0,low,4.0,9.492063336552164,1.1225766981532228,3.999999999999999,3.9999999999999964,6.661338147750943e-16,matched,True
51,2,68,0.25,0,middle,16.0,6.954200701629823,0.3942752842331161,15.999999999999996,16.00000000000003,1.99840144432528e-15,matched,True
51,2,68,0.25,0,high,64.0,4.244185936460045,0.08121839037687195,64.0,63.99999999999993,1.1102230246251571e-15,matched,True
52,2,69,0.25,0,low,4.0,10.049577052350731,1.1559240874040169,4.000000000000001,4.0,2.220446049250313e-16,matched,True
52,2,69,0.25,0,middle,16.0,7.192332528915224,0.3574346255019932,16.000000000000004,16.00000000000001,4.440892098500624e-16,matched,True
52,2,69,0.25,0,high,64.0,4.201530088000631,0.07175001257727365,63.999999999999986,63.99999999999996,4.440892098500628e-16,matched,True
53,2,72,0.25,0,low,4.0,9.904274232870318,1.225856992832488,3.9999999999999973,4.0,6.661338147750941e-16,matched,True
53,2,72,0.25,0,middle,16.0,7.1436965826090075,0.362887369301212,16.000000000000004,16.0,2.220446049250313e-16,matched,True
53,2,72,0.25,0,high,64.0,4.221668596929218,0.07342678865773199,64.0,64.00000000000004,6.661338147750936e-16,matched,True
54,2,75,0.25,0,low,4.0,9.654475294194212,1.1411602493557265,4.0,4.000000000000001,2.220446049250313e-16,matched,True
54,2,75,0.25,0,middle,16.0,7.058715350842588,0.39270000561408747,16.000000000000007,16.000000000000014,4.440892098500623e-16,matched,True
54,2,75,0.25,0,high,64.0,4.292134438787338,0.0820423501159403,64.0,64.00000000000004,6.661338147750936e-16,matched,True
55,2,76,0.25,0,low,4.0,10.135604726579531,1.164213802939278,4.0,4.000000000000001,2.220446049250313e-16,matched,True
55,2,76,0.25,0,middle,16.0,7.327658744753833,0.37998892575585685,16.000000000000004,16.00000000000005,2.886579864025402e-15,matched,True
55,2,76,0.25,0,high,64.0,4.356320176511298,0.07731804687115051,64.0,63.999999999999915,1.3322676295501888e-15,matched,True
56,2,78,0.25,0,low,4.0,9.628908620354638,1.1160602854501325,4.000000000000001,3.999999999999999,4.440892098500626e-16,matched,True
56,2,78,0.25,0,middle,16.0,7.040026524440146,0.39107490214828644,16.000000000000004,16.000000000000007,2.220446049250312e-16,matched,True
56,2,78,0.25,0,high,64.0,4.275745201686629,0.08191746535992173,64.0,64.00000000000001,2.220446049250313e-16,matched,True
57,2,81,0.25,0,low,4.0,10.627043338566732,1.3183771583719057,4.000000000000001,4.000000000000001,0.0,matched,True
57,2,81,0.25,0,middle,16.0,7.694666805447331,0.3932649151619856,16.000000000000007,15.999999999999964,2.664535259100378e-15,matched,True
57,2,81,0.25,0,high,64.0,4.57668030497522,0.08263882717237736,64.00000000000003,64.00000000000001,2.220446049250312e-16,matched,True
58,2,84,0.25,0,low,4.0,9.800122912778862,1.14253334142187,3.999999999999999,3.999999999999999,0.0,matched,True
58,2,84,0.25,0,middle,16.0,7.160222737175244,0.40349772976874143,16.0,15.999999999999982,1.1102230246251571e-15,matched,True
58,2,84,0.25,0,high,64.0,4.344531090452172,0.08100876429334858,64.00000000000003,64.0,4.440892098500625e-16,matched,True
59,2,89,0.25,0,low,4.0,10.079274721427572,1.177252822154152,3.9999999999999982,4.0,4.440892098500627e-16,matched,True
59,2,89,0.25,0,middle,16.0,7.3166810427790665,0.396107562758933,15.999999999999996,16.000000000000004,4.440892098500626e-16,matched,True
59,2,89,0.25,0,high,64.0,4.36713214711299,0.08002632067619908,63.999999999999986,63.99999999999994,6.661338147750943e-16,matched,True
60,2,92,0.25,0,low,4.0,9.885059017180168,1.2162622003367107,4.000000000000002,4.000000000000001,2.220446049250312e-16,matched,True
60,2,92,0.25,0,middle,16.0,7.154726887722879,0.3794191203597963,15.999999999999996,15.999999999999996,0.0,matched,True
60,2,92,0.25,0,high,64.0,4.249392731840128,0.07498345274347074,64.0,64.00000000000003,4.440892098500625e-16,matched,True
61,2,94,0.25,0,low,4.0,10.258566780014668,1.25129901920924,4.000000000000002,4.0,4.440892098500625e-16,matched,True
61,2,94,0.25,0,middle,16.0,7.420512058536225,0.3772570139091078,16.000000000000007,16.000000000000007,0.0,matched,True
61,2,94,0.25,0,high,64.0,4.406287001726797,0.07895584405313393,63.999999999999986,64.0,2.2204460492503136e-16,matched,True
62,2,97,0.25,0,low,4.0,9.8673544212716,1.0919992756200392,3.9999999999999982,4.0,4.440892098500627e-16,matched,True
62,2,97,0.25,0,middle,16.0,7.170141136514193,0.39044087416923645,15.999999999999996,16.000000000000004,4.440892098500626e-16,matched,True
62,2,97,0.25,0,high,64.0,4.315747287716871,0.08076530483726369,63.99999999999997,64.00000000000001,6.66133814775094e-16,matched,True
63,2,98,0.25,0,low,4.0,9.718716296597108,1.18896275877764,4.000000000000001,4.000000000000001,0.0,matched,True
63,2,98,0.25,0,middle,16.0,7.064249559957584,0.377691534677959,16.000000000000004,15.999999999999979,1.55431223447522e-15,matched,True
63,2,98,0.25,0,high,64.0,4.2330975966499205,0.07550427058151499,64.0,63.99999999999997,4.440892098500627e-16,matched,True
64,2,0,0.4,0,low,4.0,27.28862610670165,3.8021665650304284,3.999999999999999,4.0,2.2204460492503136e-16,matched,True
64,2,0,0.4,0,middle,16.0,16.870607259276944,0.7323338372368244,15.999999999999996,16.000000000000004,4.440892098500626e-16,matched,True
64,2,0,0.4,0,high,64.0,7.211245962306883,0.08539935481495231,64.0,64.00000000000006,8.881784197001248e-16,matched,True
65,2,3,0.4,0,low,4.0,33.57374066426775,3.4112114616897666,4.0,4.000000000000001,2.220446049250313e-16,matched,True
65,2,3,0.4,0,middle,16.0,17.88604445263815,0.7028488951889074,16.000000000000004,16.0,2.220446049250313e-16,matched,True
65,2,3,0.4,0,high,64.0,7.83342782569887,0.09926197167232614,64.00000000000001,63.99999999999997,6.66133814775094e-16,matched,True
66,2,6,0.4,0,low,4.0,60.16921112580411,10.119288512538816,4.000000000000001,3.999999999999999,4.440892098500626e-16,matched,True
66,2,6,0.4,0,middle,16.0,22.093155931442972,0.7597543066932193,16.0,16.0,0.0,matched,True
66,2,6,0.4,0,high,64.0,7.971233888257331,0.0941544037724183,64.0,63.99999999999997,4.440892098500627e-16,matched,True
67,2,8,0.4,0,low,4.0,51.738048391660584,6.357755313912211,3.999999999999999,4.0,2.2204460492503136e-16,matched,True
67,2,8,0.4,0,middle,16.0,22.545919325531493,0.7899084958113025,16.0,16.0,0.0,matched,True
67,2,8,0.4,0,high,64.0,8.042401829916626,0.09161239612309782,64.00000000000001,64.00000000000001,0.0,matched,True
68,2,10,0.4,0,low,4.0,21.92461609106995,2.468853599393471,4.0,4.000000000000001,2.220446049250313e-16,matched,True
68,2,10,0.4,0,middle,16.0,13.602702587142883,0.5649600738261624,16.0,16.00000000000001,6.661338147750936e-16,matched,True
68,2,10,0.4,0,high,64.0,6.603773656152644,0.08880438361211251,64.0,64.0,0.0,matched,True
69,2,19,0.4,0,low,4.0,28.79004523928689,4.27617987059879,3.999999999999999,4.000000000000002,6.661338147750939e-16,matched,True
69,2,19,0.4,0,middle,16.0,16.723521838907963,0.6078296105622469,16.0,16.0,0.0,matched,True
69,2,19,0.4,0,high,64.0,7.328081531123345,0.09417527780357335,64.00000000000001,63.999999999999986,4.440892098500626e-16,matched,True
70,2,22,0.4,0,low,4.0,40.25333843831936,7.067617668790181,4.0,4.0,0.0,matched,True
70,2,22,0.4,0,middle,16.0,17.632865088810288,0.576506395019921,16.000000000000004,15.99999999999999,8.881784197001254e-16,matched,True
70,2,22,0.4,0,high,64.0,6.962670859051613,0.08807942217407905,63.999999999999986,64.00000000000001,4.440892098500626e-16,matched,True
71,2,25,0.4,0,low,4.0,31.767918225017,4.0722224830449765,4.000000000000001,4.0,2.220446049250313e-16,matched,True
71,2,25,0.4,0,middle,16.0,18.39456426064112,0.7428814242954189,16.0,16.000000000000007,4.440892098500625e-16,matched,True
71,2,25,0.4,0,high,64.0,7.753779287410598,0.09143304989171486,64.00000000000001,64.00000000000004,4.440892098500624e-16,matched,True
72,2,27,0.4,0,low,4.0,49.36083181851767,6.822422923379534,4.0,4.000000000000001,2.220446049250313e-16,matched,True
72,2,27,0.4,0,middle,16.0,18.812450806599564,0.6509768804326349,15.999999999999996,15.999999999999996,0.0,matched,True
72,2,27,0.4,0,high,64.0,7.364513321815888,0.08928370280081602,64.0,64.00000000000001,2.220446049250313e-16,matched,True
73,2,28,0.4,0,low,4.0,47.042336570002135,6.275716324421886,3.999999999999999,4.0,2.2204460492503136e-16,matched,True
73,2,28,0.4,0,middle,16.0,16.973575363771673,0.5246606686271624,15.999999999999996,16.0,2.2204460492503136e-16,matched,True
73,2,28,0.4,0,high,64.0,6.8022163276133245,0.08614747629234193,63.999999999999986,64.0,2.2204460492503136e-16,matched,True
74,2,29,0.4,0,low,4.0,19.42842028961131,2.4949797618734415,3.999999999999999,4.000000000000002,6.661338147750939e-16,matched,True
74,2,29,0.4,0,middle,16.0,12.669753073623202,0.5457419336088796,16.000000000000004,15.999999999999993,6.66133814775094e-16,matched,True
74,2,29,0.4,0,high,64.0,6.319256624494788,0.08717622588824431,64.00000000000001,63.99999999999997,6.66133814775094e-16,matched,True
75,2,31,0.4,0,low,4.0,32.173591346199814,4.0,4.000000000000001,4.0,2.220446049250313e-16,matched,True
75,2,31,0.4,0,middle,16.0,20.321156292127313,0.9801729592388746,16.0,16.000000000000018,1.1102230246251561e-15,matched,True
75,2,31,0.4,0,high,64.0,8.925559610397954,0.10407595386246737,64.0,63.99999999999997,4.440892098500627e-16,matched,True
76,2,37,0.4,0,low,4.0,42.06220676371268,6.120736445408049,4.000000000000001,4.0,2.220446049250313e-16,matched,True
76,2,37,0.4,0,middle,16.0,21.225828923194115,0.750160268642599,15.999999999999996,15.999999999999993,2.220446049250314e-16,matched,True
76,2,37,0.4,0,high,64.0,8.332759135475737,0.09888524074020166,64.00000000000001,64.0,2.220446049250313e-16,matched,True
77,2,46,0.4,0,low,4.0,26.191486489362312,3.373096170846271,4.0,4.000000000000001,2.220446049250313e-16,matched,True
77,2,46,0.4,0,middle,16.0,15.379869522106997,0.6033757026772193,16.000000000000004,15.999999999999993,6.66133814775094e-16,matched,True
77,2,46,0.4,0,high,64.0,6.939078631174597,0.0859442806445043,64.0,64.00000000000003,4.440892098500625e-16,matched,True
78,2,49,0.4,0,low,4.0,27.275113035454456,3.2435394163175335,4.0,4.0,0.0,matched,True
78,2,49,0.4,0,middle,16.0,16.114697526789357,0.625211505120979,16.00000000000001,16.0,6.661338147750936e-16,matched,True
78,2,49,0.4,0,high,64.0,7.32686906584767,0.0949692883366523,64.00000000000001,64.0,2.220446049250313e-16,matched,True
79,2,50,0.4,0,low,4.0,50.11321639727569,6.357755313912211,4.0,4.0,0.0,matched,True
79,2,50,0.4,0,middle,16.0,22.363369503806545,0.7905694150420945,16.0,16.000000000000004,2.220446049250313e-16,matched,True
79,2,50,0.4,0,high,64.0,8.18444481379484,0.09392591980931514,64.0,64.00000000000004,6.661338147750936e-16,matched,True
80,2,58,0.4,0,low,4.0,35.76095554414878,4.437601569801835,4.000000000000002,4.0,4.440892098500625e-16,matched,True
80,2,58,0.4,0,middle,16.0,18.710692925535902,0.7067125203356088,15.999999999999996,16.0,2.2204460492503136e-16,matched,True
80,2,58,0.4,0,high,64.0,7.876328614394409,0.09761274583128748,64.00000000000001,63.99999999999997,6.66133814775094e-16,matched,True
81,2,62,0.4,0,low,4.0,42.067476429080415,6.822422923379534,3.999999999999999,4.0,2.2204460492503136e-16,matched,True
81,2,62,0.4,0,middle,16.0,21.284087829059203,0.7535299271278562,16.000000000000007,16.0,4.440892098500625e-16,matched,True
81,2,62,0.4,0,high,64.0,8.185801571820939,0.10083083222845773,64.00000000000001,64.00000000000007,8.881784197001246e-16,matched,True
82,2,67,0.4,0,low,4.0,42.180958038532566,5.613171323564988,4.0,4.0,0.0,matched,True
82,2,67,0.4,0,middle,16.0,19.895728989056217,0.6682750324943222,16.000000000000004,15.999999999999993,6.66133814775094e-16,matched,True
82,2,67,0.4,0,high,64.0,8.166984600915118,0.10430882580353829,64.00000000000001,64.00000000000001,0.0,matched,True
83,2,68,0.4,0,low,4.0,58.65878556639922,8.552359741197577,4.0,4.0,0.0,matched,True
83,2,68,0.4,0,middle,16.0,16.764901471273845,0.5483118811101304,15.999999999999993,16.0,4.440892098500627e-16,matched,True
83,2,68,0.4,0,high,64.0,6.798197958722154,0.08538839668076892,64.0,63.99999999999996,6.661338147750941e-16,matched,True
84,2,69,0.4,0,low,4.0,26.861234246553636,2.7069115804020063,3.999999999999999,4.0,2.2204460492503136e-16,matched,True
84,2,69,0.4,0,middle,16.0,15.95345334391721,0.6888892626353353,16.0,16.000000000000004,2.220446049250313e-16,matched,True
84,2,69,0.4,0,high,64.0,7.291069707945482,0.0914644773503579,64.00000000000001,63.999999999999986,4.440892098500626e-16,matched,True
85,2,72,0.4,0,low,4.0,53.89048389671649,6.047431568147637,3.999999999999999,4.000000000000002,6.661338147750939e-16,matched,True
85,2,72,0.4,0,middle,16.0,21.962216655221557,0.7654713847252186,16.0,15.99999999999999,6.661338147750941e-16,matched,True
85,2,72,0.4,0,high,64.0,8.100352478842794,0.09695351811016478,64.0,63.999999999999986,2.2204460492503136e-16,matched,True
86,2,75,0.4,0,low,4.0,44.09730170502311,5.333333333333329,4.0,4.000000000000001,2.220446049250313e-16,matched,True
86,2,75,0.4,0,middle,16.0,22.94956898406629,1.0061954971729268,16.000000000000004,16.0,2.220446049250313e-16,matched,True
86,2,75,0.4,0,high,64.0,8.597026544019258,0.10077330140249963,64.0,63.99999999999997,4.440892098500627e-16,matched,True
87,2,76,0.4,0,low,4.0,35.510593072901315,4.525483399593902,3.999999999999999,4.000000000000001,4.440892098500626e-16,matched,True
87,2,76,0.4,0,middle,16.0,17.3709181192324,0.6375998551737636,16.000000000000004,16.0,2.220446049250313e-16,matched,True
87,2,76,0.4,0,high,64.0,7.318896933720383,0.09199251824609503,64.0,64.00000000000001,2.220446049250313e-16,matched,True
88,2,78,0.4,0,low,4.0,40.32172358049462,5.842373946721773,3.999999999999999,4.000000000000001,4.440892098500626e-16,matched,True
88,2,78,0.4,0,middle,16.0,19.83951674493288,0.7620127645648695,16.0,15.999999999999996,2.2204460492503136e-16,matched,True
88,2,78,0.4,0,high,64.0,7.410257928474735,0.08504056928724889,64.0,64.0,0.0,matched,True
89,2,81,0.4,0,low,4.0,34.90994089191936,3.93892771133865,3.9999999999999982,4.0,4.440892098500627e-16,matched,True
89,2,81,0.4,0,middle,16.0,18.947462571073814,0.7443873683187769,16.000000000000004,15.99999999999999,8.881784197001254e-16,matched,True
89,2,81,0.4,0,high,64.0,7.916636302437377,0.09432876422359052,64.0,64.00000000000004,6.661338147750936e-16,matched,True
90,2,84,0.4,0,low,4.0,34.128632690163656,4.752708206288036,4.000000000000001,4.0,2.220446049250313e-16,matched,True
90,2,84,0.4,0,middle,16.0,18.54107775887892,0.714411495345534,16.000000000000007,15.999999999999996,6.661338147750939e-16,matched,True
90,2,84,0.4,0,high,64.0,7.579710757020411,0.0921770993586335,64.0,64.0,0.0,matched,True
91,2,89,0.4,0,low,4.0,27.4013302245221,2.764378961860352,3.999999999999999,4.0,2.2204460492503136e-16,matched,True
91,2,89,0.4,0,middle,16.0,14.558795105592694,0.5102027988106466,15.999999999999996,16.0,2.2204460492503136e-16,matched,True
91,2,89,0.4,0,high,64.0,6.415942614377421,0.08423025517811916,64.0,64.0,0.0,matched,True
92,2,92,0.4,0,low,4.0,68.80324891673469,10.975909449120564,4.000000000000001,4.000000000000001,0.0,matched,True
92,2,92,0.4,0,middle,16.0,20.873270187839694,0.6422302707988758,16.000000000000004,16.0,2.220446049250313e-16,matched,True
92,2,92,0.4,0,high,64.0,7.172893269738246,0.08432821904049415,64.0,64.00000000000001,2.220446049250313e-16,matched,True
93,2,94,0.4,0,low,4.0,35.78025983226719,4.937707198786942,3.999999999999999,4.0,2.2204460492503136e-16,matched,True
93,2,94,0.4,0,middle,16.0,20.45175898926231,0.8687444855261387,15.999999999999996,16.0,2.2204460492503136e-16,matched,True
93,2,94,0.4,0,high,64.0,8.377330883823241,0.10073519232644346,64.00000000000001,64.00000000000003,2.220446049250312e-16,matched,True
94,2,97,0.4,0,low,4.0,28.610776670976378,3.7199244398022167,4.0,4.000000000000001,2.220446049250313e-16,matched,True
94,2,97,0.4,0,middle,16.0,15.771546300639507,0.6126716648539876,16.0,15.999999999999993,4.440892098500627e-16,matched,True
94,2,97,0.4,0,high,64.0,6.9956462798769685,0.08788242605057699,63.999999999999986,63.999999999999986,0.0,matched,True
95,2,98,0.4,0,low,4.0,37.77082404881499,4.937707198786942,4.000000000000001,4.000000000000001,0.0,matched,True
95,2,98,0.4,0,middle,16.0,20.363087234981176,0.7699117546742142,16.000000000000004,15.999999999999993,6.66133814775094e-16,matched,True
95,2,98,0.4,0,high,64.0,8.154702426566558,0.09701603341389187,64.00000000000003,64.0,4.440892098500625e-16,matched,True
0,3,3,0.1,0,low,4.0,5.937436845500272,0.667865882343678,4.0,4.0,0.0,matched,True
0,3,3,0.1,0,middle,16.0,4.401479421236773,0.26279177765053285,16.000000000000007,16.000000000000014,4.440892098500623e-16,matched,True
0,3,3,0.1,0,high,64.0,2.7708155545310627,0.0652516103455005,64.0,63.999999999999986,2.2204460492503136e-16,matched,True
1,3,5,0.1,0,low,4.0,6.033467475214186,0.6750412668875234,4.000000000000001,4.0,2.220446049250313e-16,matched,True
1,3,5,0.1,0,middle,16.0,4.469502490988625,0.26637455475377525,16.00000000000001,16.000000000000004,4.440892098500624e-16,matched,True
1,3,5,0.1,0,high,64.0,2.809963051420994,0.06561738865639952,64.00000000000001,63.99999999999997,6.66133814775094e-16,matched,True
2,3,8,0.1,0,low,4.0,5.9276090818539595,0.663065998483592,4.000000000000002,3.9999999999999982,8.881784197001252e-16,matched,True
2,3,8,0.1,0,middle,16.0,4.3913780148153645,0.25497180164180583,16.000000000000004,15.999999999999986,1.110223024625157e-15,matched,True
2,3,8,0.1,0,high,64.0,2.7618988391807378,0.06537524636959113,64.00000000000004,64.00000000000004,0.0,matched,True
3,3,10,0.1,0,low,4.0,5.858899744470739,0.6593618096594334,4.000000000000001,3.9999999999999964,1.110223024625157e-15,matched,True
3,3,10,0.1,0,middle,16.0,4.343222430194135,0.25152755930151516,15.999999999999993,16.000000000000018,1.5543122344752186e-15,matched,True
3,3,10,0.1,0,high,64.0,2.736588797186979,0.06537839523744537,63.999999999999986,63.99999999999983,2.442490654175348e-15,matched,True
4,3,12,0.1,0,low,4.0,5.958977955746083,0.6792058843135398,4.000000000000002,3.9999999999999973,1.1102230246251567e-15,matched,True
4,3,12,0.1,0,middle,16.0,4.409015796904788,0.25780221687041005,15.999999999999996,16.0,2.2204460492503136e-16,matched,True
4,3,12,0.1,0,high,64.0,2.763392222067907,0.06333765770559065,64.00000000000001,63.99999999999996,8.881784197001254e-16,matched,True
5,3,13,0.1,0,low,4.0,6.0450629566170075,0.6881139055118783,4.000000000000001,4.0,2.220446049250313e-16,matched,True
5,3,13,0.1,0,middle,16.0,4.480098128787414,0.26634133705701046,16.00000000000001,15.999999999999996,8.88178419700125e-16,matched,True
5,3,13,0.1,0,high,64.0,2.8171971814383987,0.06613301981457455,63.999999999999986,64.0,2.2204460492503136e-16,matched,True
6,3,14,0.1,0,low,4.0,5.820668741789733,0.6539060470918203,3.9999999999999982,4.000000000000001,6.66133814775094e-16,matched,True
6,3,14,0.1,0,middle,16.0,4.313644027506979,0.25728205764721324,16.000000000000007,15.999999999999993,8.881784197001252e-16,matched,True
6,3,14,0.1,0,high,64.0,2.71323919397207,0.06380920344574581,64.0,63.999999999999886,1.776356839400252e-15,matched,True
7,3,19,0.1,0,low,4.0,5.906317341541043,0.6696573504045451,3.999999999999999,4.000000000000001,4.440892098500626e-16,matched,True
7,3,19,0.1,0,middle,16.0,4.376317436746822,0.2566506642683965,16.000000000000014,15.999999999999993,1.3322676295501877e-15,matched,True
7,3,19,0.1,0,high,64.0,2.7515366807700055,0.06580162357022079,63.999999999999986,63.999999999999915,1.1102230246251573e-15,matched,True
8,3,22,0.1,0,low,4.0,5.966303427951695,0.667781175515362,3.999999999999999,4.000000000000002,6.661338147750939e-16,matched,True
8,3,22,0.1,0,middle,16.0,4.41941749664962,0.25746848124069865,15.99999999999999,15.999999999999986,2.220446049250315e-16,matched,True
8,3,22,0.1,0,high,64.0,2.7794140269972036,0.06530327468225314,64.0,63.99999999999997,4.440892098500627e-16,matched,True
9,3,29,0.1,0,low,4.0,5.967510605701583,0.660221985381637,4.0,4.0,0.0,matched,True
9,3,29,0.1,0,middle,16.0,4.409780274628957,0.25089359277949397,16.000000000000004,15.999999999999996,4.440892098500626e-16,matched,True
9,3,29,0.1,0,high,64.0,2.756937299112495,0.0623650821463817,64.0,64.00000000000003,4.440892098500625e-16,matched,True
10,3,30,0.1,0,low,4.0,5.98352835928032,0.6692689706878442,3.9999999999999982,4.000000000000001,6.66133814775094e-16,matched,True
10,3,30,0.1,0,middle,16.0,4.442103256840506,0.27159804521405406,15.999999999999993,16.000000000000004,6.66133814775094e-16,matched,True
10,3,30,0.1,0,high,64.0,2.805883555219726,0.06818217871255738,64.0,63.99999999999997,4.440892098500627e-16,matched,True
11,3,34,0.1,0,low,4.0,5.787836221740541,0.6512361719019939,4.0,3.999999999999999,2.2204460492503136e-16,matched,True
11,3,34,0.1,0,middle,16.0,4.300981317129116,0.2622833343428888,15.999999999999993,15.99999999999999,2.2204460492503146e-16,matched,True
11,3,34,0.1,0,high,64.0,2.72413754713555,0.06777777010183067,64.00000000000001,63.999999999999915,1.55431223447522e-15,matched,True
12,3,35,0.1,0,low,4.0,6.043905660877524,0.6899463984061818,4.0,4.0,0.0,matched,True
12,3,35,0.1,0,middle,16.0,4.48027314852019,0.2597112617851385,16.000000000000007,16.000000000000004,2.220446049250312e-16,matched,True
12,3,35,0.1,0,high,64.0,2.820963961976738,0.06755679230547695,64.0,64.00000000000006,8.881784197001248e-16,matched,True
13,3,42,0.1,0,low,4.0,5.961905299156526,0.6625204029652547,4.000000000000001,3.999999999999999,4.440892098500626e-16,matched,True
13,3,42,0.1,0,middle,16.0,4.425329479581969,0.26255392973142344,16.0,15.999999999999993,4.440892098500627e-16,matched,True
13,3,42,0.1,0,high,64.0,2.7962574615851796,0.06895302781025792,64.00000000000003,64.00000000000004,2.220446049250312e-16,matched,True
14,3,46,0.1,0,low,4.0,6.025743853658703,0.66966293644523,4.0,4.000000000000002,4.440892098500625e-16,matched,True
14,3,46,0.1,0,middle,16.0,4.460671905636158,0.2633327176719119,16.0,15.999999999999996,2.2204460492503136e-16,matched,True
14,3,46,0.1,0,high,64.0,2.7986872624418027,0.06462928120706314,64.0,64.00000000000003,4.440892098500625e-16,matched,True
15,3,47,0.1,0,low,4.0,6.011565253633802,0.6719824253048504,3.999999999999999,3.9999999999999973,4.440892098500628e-16,matched,True
15,3,47,0.1,0,middle,16.0,4.46046314434361,0.25737737636039615,15.999999999999993,16.000000000000057,3.996802888650557e-15,matched,True
15,3,47,0.1,0,high,64.0,2.817185804054141,0.06960470195643118,63.999999999999986,63.999999999999915,1.1102230246251573e-15,matched,True
16,3,49,0.1,0,low,4.0,5.907006609498763,0.6632461121668528,3.9999999999999982,3.999999999999999,2.220446049250314e-16,matched,True
16,3,49,0.1,0,middle,16.0,4.388385315480943,0.26947355753785196,15.999999999999996,16.000000000000032,2.220446049250311e-15,matched,True
16,3,49,0.1,0,high,64.0,2.7771067525487867,0.0693128779818746,63.99999999999997,64.00000000000011,2.2204460492503115e-15,matched,True
17,3,55,0.1,0,low,4.0,5.910700676786961,0.6664383483385672,4.0,4.000000000000001,2.220446049250313e-16,matched,True
17,3,55,0.1,0,middle,16.0,4.384607416139838,0.26534781188349466,15.999999999999996,15.999999999999993,2.220446049250314e-16,matched,True
17,3,55,0.1,0,high,64.0,2.7646789525405246,0.06610878420751837,64.00000000000003,63.999999999999986,6.661338147750939e-16,matched,True
18,3,56,0.1,0,low,4.0,6.007971430984384,0.679687233774946,4.000000000000001,4.000000000000001,0.0,matched,True
18,3,56,0.1,0,middle,16.0,4.454799407106719,0.25934725517700796,16.00000000000001,16.000000000000004,4.440892098500624e-16,matched,True
18,3,56,0.1,0,high,64.0,2.806859585478483,0.06804138174397761,64.00000000000004,64.0,6.661338147750936e-16,matched,True
19,3,61,0.1,0,low,4.0,5.950868038881351,0.6706286253721414,3.999999999999999,4.0,2.2204460492503136e-16,matched,True
19,3,61,0.1,0,middle,16.0,4.3864402977765,0.23669744070426654,16.0,16.000000000000007,4.440892098500625e-16,matched,True
19,3,61,0.1,0,high,64.0,2.7318850129025627,0.06143377333046998,64.0,64.00000000000011,1.7763568394002489e-15,matched,True
20,3,66,0.1,0,low,4.0,5.8695206039478975,0.6625648778690052,4.0,3.9999999999999964,8.881784197001256e-16,matched,True
20,3,66,0.1,0,middle,16.0,4.341481491052478,0.25249033577214897,16.000000000000007,15.999999999999996,6.661338147750939e-16,matched,True
20,3,66,0.1,0,high,64.0,2.7181507261482394,0.061692153280737225,64.00000000000001,64.00000000000013,1.7763568394002485e-15,matched,True
21,3,70,0.1,0,low,4.0,5.967243302053551,0.663715697430892,3.9999999999999982,3.9999999999999982,0.0,matched,True
21,3,70,0.1,0,middle,16.0,4.427150369543989,0.26604037267445246,16.000000000000004,16.000000000000004,0.0,matched,True
21,3,70,0.1,0,high,64.0,2.7927913057485965,0.06798540389444441,64.0,64.00000000000006,8.881784197001248e-16,matched,True
22,3,71,0.1,0,low,4.0,5.868929737859343,0.6487929004109687,3.9999999999999982,3.9999999999999956,6.661338147750944e-16,matched,True
22,3,71,0.1,0,middle,16.0,4.36035096990466,0.26057311432539676,15.999999999999993,15.99999999999999,2.2204460492503146e-16,matched,True
22,3,71,0.1,0,high,64.0,2.7606060058468405,0.07026374320927176,63.999999999999986,64.00000000000007,1.3322676295501873e-15,matched,True
23,3,72,0.1,0,low,4.0,5.659623574677933,0.6323088953622278,3.9999999999999982,3.999999999999999,2.220446049250314e-16,matched,True
23,3,72,0.1,0,middle,16.0,4.206269823170416,0.2500726139724594,15.999999999999993,16.000000000000004,6.66133814775094e-16,matched,True
23,3,72,0.1,0,high,64.0,2.6658561193553614,0.0682242292337954,64.0,64.0,0.0,matched,True
24,3,75,0.1,0,low,4.0,5.9637654297528035,0.6643256602913241,4.000000000000001,4.0,2.220446049250313e-16,matched,True
24,3,75,0.1,0,middle,16.0,4.425826906428154,0.268048766335915,15.999999999999996,16.00000000000004,2.664535259100373e-15,matched,True
24,3,75,0.1,0,high,64.0,2.793535767116734,0.06772971792925454,64.0,64.00000000000009,1.332267629550187e-15,matched,True
25,3,78,0.1,0,low,4.0,6.055301458595868,0.6682240853254173,3.999999999999999,4.000000000000001,4.440892098500626e-16,matched,True
25,3,78,0.1,0,middle,16.0,4.481765242569537,0.26599125781684174,16.0,15.99999999999999,6.661338147750941e-16,matched,True
25,3,78,0.1,0,high,64.0,2.810075707317467,0.06441004693520558,64.0,64.00000000000007,1.1102230246251561e-15,matched,True
26,3,83,0.1,0,low,4.0,5.993025161030252,0.6867363915357145,4.000000000000001,4.0,2.220446049250313e-16,matched,True
26,3,83,0.1,0,middle,16.0,4.42281672573636,0.24759917438474321,16.0,15.999999999999972,1.776356839400252e-15,matched,True
26,3,83,0.1,0,high,64.0,2.7563904793657006,0.06053932947125393,64.00000000000001,63.99999999999987,2.220446049250315e-15,matched,True
27,3,84,0.1,0,low,4.0,6.035635704425845,0.6825733172445436,4.0,4.0,0.0,matched,True
27,3,84,0.1,0,middle,16.0,4.46004971273679,0.26117832324381185,15.999999999999982,15.999999999999979,2.220446049250316e-16,matched,True
27,3,84,0.1,0,high,64.0,2.7856513039732556,0.062389385556941415,63.999999999999986,63.99999999999997,2.220446049250314e-16,matched,True
28,3,88,0.1,0,low,4.0,5.910624560440747,0.6640516622105241,4.0,4.000000000000002,4.440892098500625e-16,matched,True
28,3,88,0.1,0,middle,16.0,4.377302911217223,0.24966700763285488,15.999999999999993,15.999999999999982,6.661338147750944e-16,matched,True
28,3,88,0.1,0,high,64.0,2.750514294312165,0.0651075372932205,64.00000000000001,64.0,2.220446049250313e-16,matched,True
29,3,92,0.1,0,low,4.0,5.91492834307582,0.6630450483558112,4.0,4.000000000000001,2.220446049250313e-16,matched,True
29,3,92,0.1,0,middle,16.0,4.391091296238198,0.25921449065706703,16.000000000000007,15.999999999999979,1.7763568394002513e-15,matched,True
29,3,92,0.1,0,high,64.0,2.775447887958949,0.06787354622243047,63.999999999999986,63.99999999999996,4.440892098500628e-16,matched,True
30,3,93,0.1,0,low,4.0,5.968390579145165,0.6412640427078657,4.000000000000001,3.999999999999999,4.440892098500626e-16,matched,True
30,3,93,0.1,0,middle,16.0,4.408345111849374,0.2500452964558253,15.999999999999996,15.999999999999972,1.5543122344752207e-15,matched,True
30,3,93,0.1,0,high,64.0,2.7573671538215656,0.0629816755770144,63.99999999999997,64.0,4.440892098500627e-16,matched,True
31,3,97,0.1,0,low,4.0,5.9787261666869265,0.6669784949999569,4.0,4.0,0.0,matched,True
31,3,97,0.1,0,middle,16.0,4.431700502413844,0.25610954518235646,15.999999999999996,15.999999999999996,0.0,matched,True
31,3,97,0.1,0,high,64.0,2.791613162990202,0.06749084181817278,64.00000000000001,63.99999999999986,2.4424906541753468e-15,matched,True
32,3,3,0.25,0,low,4.0,9.974188814374228,1.102618237648863,4.000000000000001,3.999999999999999,4.440892098500626e-16,matched,True
32,3,3,0.25,0,middle,16.0,7.2575351475234235,0.4122260326866325,16.000000000000004,16.000000000000004,0.0,matched,True
32,3,3,0.25,0,high,64.0,4.365082297438432,0.07896873361150944,64.0,64.00000000000003,4.440892098500625e-16,matched,True
33,3,5,0.25,0,low,4.0,9.957358148652155,1.1849820163853404,3.999999999999999,4.0,2.2204460492503136e-16,matched,True
33,3,5,0.25,0,middle,16.0,7.291661490975764,0.4091391671265163,15.999999999999993,15.999999999999993,0.0,matched,True
33,3,5,0.25,0,high,64.0,4.444303047684716,0.08661757945824433,64.0,63.999999999999915,1.3322676295501888e-15,matched,True
34,3,8,0.25,0,low,4.0,9.989713236527944,1.1855918364873161,4.0,4.0,0.0,matched,True
34,3,8,0.25,0,middle,16.0,7.245131614679987,0.3784134718776588,16.0,15.999999999999993,4.440892098500627e-16,matched,True
34,3,8,0.25,0,high,64.0,4.335399702995197,0.0785804886955097,64.00000000000001,63.99999999999994,1.110223024625157e-15,matched,True
35,3,10,0.25,0,low,4.0,9.660999071998196,1.125756071568467,4.0,4.0,0.0,matched,True
35,3,10,0.25,0,middle,16.0,7.038798231088659,0.38076355696013503,16.0,16.000000000000004,2.220446049250313e-16,matched,True
35,3,10,0.25,0,high,64.0,4.252193620089816,0.0791561621363692,63.999999999999986,63.99999999999997,2.220446049250314e-16,matched,True
36,3,12,0.25,0,low,4.0,9.851509477419825,1.1425839172542767,4.000000000000001,4.000000000000001,0.0,matched,True
36,3,12,0.25,0,middle,16.0,7.155318871587243,0.3788756201967889,15.999999999999996,16.000000000000014,1.1102230246251561e-15,matched,True
36,3,12,0.25,0,high,64.0,4.289356430227459,0.07847483085547058,64.00000000000003,64.00000000000003,0.0,matched,True
37,3,13,0.25,0,low,4.0,10.189660073088895,1.2428811704079394,3.999999999999999,4.000000000000001,4.440892098500626e-16,matched,True
37,3,13,0.25,0,middle,16.0,7.3876809828679395,0.3853058073302015,15.999999999999993,16.0,4.440892098500627e-16,matched,True
37,3,13,0.25,0,high,64.0,4.40048646450056,0.07810176455845616,64.0,63.999999999999986,2.2204460492503136e-16,matched,True
38,3,14,0.25,0,low,4.0,9.813608935133406,1.1662997246940712,4.000000000000002,3.999999999999999,6.661338147750939e-16,matched,True
38,3,14,0.25,0,middle,16.0,7.13614149155499,0.35957325998039574,16.0,15.999999999999996,2.2204460492503136e-16,matched,True
38,3,14,0.25,0,high,64.0,4.301027291091682,0.08158901638190486,64.0,63.99999999999997,4.440892098500627e-16,matched,True
39,3,19,0.25,0,low,4.0,9.94746467506072,1.1911705297175617,3.999999999999999,4.000000000000001,4.440892098500626e-16,matched,True
39,3,19,0.25,0,middle,16.0,7.265202448219496,0.4285495643554833,16.000000000000007,16.00000000000002,8.881784197001244e-16,matched,True
39,3,19,0.25,0,high,64.0,4.383843275580928,0.07978784691141172,64.00000000000001,64.0,2.220446049250313e-16,matched,True
40,3,22,0.25,0,low,4.0,9.976799508637889,1.1798919506063854,3.999999999999999,4.0,2.2204460492503136e-16,matched,True
40,3,22,0.25,0,middle,16.0,7.219975453428065,0.3849001794597502,16.000000000000007,15.999999999999979,1.7763568394002513e-15,matched,True
40,3,22,0.25,0,high,64.0,4.29513059362289,0.07551587685938088,64.00000000000001,63.99999999999996,8.881784197001254e-16,matched,True
41,3,29,0.25,0,low,4.0,9.851387802277944,1.158952549348442,3.9999999999999982,4.000000000000001,6.66133814775094e-16,matched,True
41,3,29,0.25,0,middle,16.0,7.115927324547607,0.3700449505264006,15.999999999999993,15.999999999999993,0.0,matched,True
41,3,29,0.25,0,high,64.0,4.220691178779846,0.07349727818601609,64.0,63.99999999999994,8.881784197001256e-16,matched,True
42,3,30,0.25,0,low,4.0,9.9097784482553,1.1301606115240184,4.000000000000001,4.0,2.220446049250313e-16,matched,True
42,3,30,0.25,0,middle,16.0,7.220534696070875,0.3826390640471917,15.999999999999996,16.000000000000004,4.440892098500626e-16,matched,True
42,3,30,0.25,0,high,64.0,4.369775913803285,0.08359176685421943,64.00000000000007,64.00000000000007,0.0,matched,True
43,3,34,0.25,0,low,4.0,9.65693297450696,1.1334981551613037,4.0,4.000000000000001,2.220446049250313e-16,matched,True
43,3,34,0.25,0,middle,16.0,7.053759609691229,0.3897436334211548,16.000000000000007,16.000000000000004,2.220446049250312e-16,matched,True
43,3,34,0.25,0,high,64.0,4.282123302922929,0.08127498770778274,64.00000000000001,64.00000000000003,2.220446049250312e-16,matched,True
44,3,35,0.25,0,low,4.0,10.184251062679268,1.2414903191752367,3.999999999999999,4.000000000000001,4.440892098500626e-16,matched,True
44,3,35,0.25,0,middle,16.0,7.3174886547131806,0.3758468618565125,16.000000000000004,16.0,2.220446049250313e-16,matched,True
44,3,35,0.25,0,high,64.0,4.2907698016078175,0.07310114903552756,64.00000000000001,64.0,2.220446049250313e-16,matched,True
45,3,42,0.25,0,low,4.0,9.96221132120229,1.157719368467875,3.9999999999999982,4.0,4.440892098500627e-16,matched,True
45,3,42,0.25,0,middle,16.0,7.245899793652363,0.3938550834553458,16.000000000000004,16.000000000000004,0.0,matched,True
45,3,42,0.25,0,high,64.0,4.358952604615332,0.08056566769432028,64.00000000000001,63.99999999999997,6.66133814775094e-16,matched,True
46,3,46,0.25,0,low,4.0,10.153061237264374,1.183697702479475,4.0,4.000000000000002,4.440892098500625e-16,matched,True
46,3,46,0.25,0,middle,16.0,7.330494636117516,0.37175983634108345,16.0,15.999999999999993,4.440892098500627e-16,matched,True
46,3,46,0.25,0,high,64.0,4.366338844688274,0.07948697738944484,64.00000000000001,63.99999999999997,6.66133814775094e-16,matched,True
47,3,47,0.25,0,low,4.0,10.250832322601074,1.2362678548580095,3.999999999999999,4.0,2.2204460492503136e-16,matched,True
47,3,47,0.25,0,middle,16.0,7.385881138870313,0.36577055034550776,15.999999999999996,15.999999999999993,2.220446049250314e-16,matched,True
47,3,47,0.25,0,high,64.0,4.3573207563325,0.07660474080426888,64.00000000000001,64.00000000000003,2.220446049250312e-16,matched,True
48,3,49,0.25,0,low,4.0,9.971569935866217,1.1398322655424256,3.9999999999999973,4.0,6.661338147750941e-16,matched,True
48,3,49,0.25,0,middle,16.0,7.176097283632243,0.364080451554337,15.999999999999993,16.00000000000001,1.1102230246251565e-15,matched,True
48,3,49,0.25,0,high,64.0,4.246877227277635,0.07442518399444009,64.00000000000001,64.00000000000003,2.220446049250312e-16,matched,True
49,3,55,0.25,0,low,4.0,9.465105114869186,1.1523450967197495,3.999999999999999,4.000000000000001,4.440892098500626e-16,matched,True
49,3,55,0.25,0,middle,16.0,6.901087529345843,0.3405893903567203,16.000000000000007,16.000000000000004,2.220446049250312e-16,matched,True
49,3,55,0.25,0,high,64.0,4.192214686809573,0.08344810511280176,64.00000000000001,63.999999999999915,1.55431223447522e-15,matched,True
50,3,56,0.25,0,low,4.0,9.66572241449866,1.1071570791198866,4.000000000000001,4.000000000000001,0.0,matched,True
50,3,56,0.25,0,middle,16.0,7.056617782452651,0.38484715633273936,15.999999999999996,15.999999999999996,0.0,matched,True
50,3,56,0.25,0,high,64.0,4.281502741775885,0.08372882283694416,64.0,64.00000000000004,6.661338147750936e-16,matched,True
51,3,61,0.25,0,low,4.0,9.924004847754084,1.208500185203342,3.999999999999999,4.0,2.2204460492503136e-16,matched,True
51,3,61,0.25,0,middle,16.0,7.141622122989608,0.3725377313072172,16.000000000000004,16.000000000000004,0.0,matched,True
51,3,61,0.25,0,high,64.0,4.180508832299335,0.07006786519889596,64.00000000000001,63.99999999999993,1.3322676295501884e-15,matched,True
52,3,66,0.25,0,low,4.0,10.403423207698197,1.1892706339954664,3.999999999999999,4.0,2.2204460492503136e-16,matched,True
52,3,66,0.25,0,middle,16.0,7.486158440836581,0.37298429685549017,16.0,16.0,0.0,matched,True
52,3,66,0.25,0,high,64.0,4.426175922061553,0.07834925043107122,63.999999999999986,64.00000000000009,1.5543122344752186e-15,matched,True
53,3,70,0.25,0,low,4.0,9.835332868997124,1.1865423197019265,4.0,4.000000000000001,2.220446049250313e-16,matched,True
53,3,70,0.25,0,middle,16.0,7.143574093426712,0.38692066672533976,16.000000000000007,15.999999999999993,8.881784197001252e-16,matched,True
53,3,70,0.25,0,high,64.0,4.273440372632824,0.07563162070321021,63.99999999999997,63.99999999999994,4.440892098500629e-16,matched,True
54,3,71,0.25,0,low,4.0,9.952273122011322,1.202016434784503,4.000000000000001,3.9999999999999982,6.66133814775094e-16,matched,True
54,3,71,0.25,0,middle,16.0,7.254418578744061,0.41060750694904335,16.0,15.999999999999996,2.2204460492503136e-16,matched,True
54,3,71,0.25,0,high,64.0,4.370882030613277,0.07987642975304171,64.00000000000001,63.999999999999986,4.440892098500626e-16,matched,True
55,3,72,0.25,0,low,4.0,9.776164653618014,1.1615264138250048,4.000000000000001,4.000000000000001,0.0,matched,True
55,3,72,0.25,0,middle,16.0,7.125889986601474,0.39524017425307,15.999999999999996,16.0,2.2204460492503136e-16,matched,True
55,3,72,0.25,0,high,64.0,4.289543961273034,0.07970528873616356,64.0,64.00000000000001,2.220446049250313e-16,matched,True
56,3,75,0.25,0,low,4.0,9.857395158608032,1.1964532861684258,4.0,3.999999999999999,2.2204460492503136e-16,matched,True
56,3,75,0.25,0,middle,16.0,7.158090641946444,0.3703544947463522,16.000000000000004,16.000000000000004,0.0,matched,True
56,3,75,0.25,0,high,64.0,4.295807936164351,0.07799336434686355,63.99999999999997,63.99999999999996,2.2204460492503146e-16,matched,True
57,3,78,0.25,0,low,4.0,9.984918334990361,1.150253400991005,4.0,4.0000000000000036,8.881784197001248e-16,matched,True
57,3,78,0.25,0,middle,16.0,7.31758664606329,0.43171741720182255,15.999999999999993,16.00000000000002,1.7763568394002497e-15,matched,True
57,3,78,0.25,0,high,64.0,4.468189724027166,0.08443818478388015,63.99999999999997,64.00000000000001,6.66133814775094e-16,matched,True
58,3,83,0.25,0,low,4.0,9.99186513447114,1.171668685056085,4.000000000000001,4.000000000000001,0.0,matched,True
58,3,83,0.25,0,middle,16.0,7.314690246171391,0.42190917357883506,16.000000000000004,16.0,2.220446049250313e-16,matched,True
58,3,83,0.25,0,high,64.0,4.4404228781739015,0.08689152796859645,64.0,64.0,0.0,matched,True
59,3,84,0.25,0,low,4.0,10.080973207791088,1.1704830545718103,4.0,4.0,0.0,matched,True
59,3,84,0.25,0,middle,16.0,7.327331710706189,0.39453591063902493,16.0,15.999999999999986,8.881784197001256e-16,matched,True
59,3,84,0.25,0,high,64.0,4.392977944799301,0.07993092290479353,63.999999999999986,63.999999999999986,0.0,matched,True
60,3,88,0.25,0,low,4.0,9.898076839798183,1.183158186634457,4.000000000000002,4.000000000000001,2.220446049250312e-16,matched,True
60,3,88,0.25,0,middle,16.0,7.154089794294583,0.3574716191804318,16.000000000000004,15.99999999999999,8.881784197001254e-16,matched,True
60,3,88,0.25,0,high,64.0,4.261106945211954,0.07643394469860672,64.0,63.999999999999915,1.3322676295501888e-15,matched,True
61,3,92,0.25,0,low,4.0,10.169681404986207,1.1722768993861283,4.0,4.0,0.0,matched,True
61,3,92,0.25,0,middle,16.0,7.392374627120214,0.39909007085744497,15.999999999999993,16.00000000000002,1.7763568394002497e-15,matched,True
61,3,92,0.25,0,high,64.0,4.437991205927382,0.08217347154671728,63.99999999999997,64.00000000000001,6.66133814775094e-16,matched,True
62,3,93,0.25,0,low,4.0,10.496530647165756,1.2060453783110545,4.000000000000001,4.000000000000003,4.440892098500624e-16,matched,True
62,3,93,0.25,0,middle,16.0,7.485968877314471,0.37250246712083923,16.0,15.999999999999996,2.2204460492503136e-16,matched,True
62,3,93,0.25,0,high,64.0,4.341710714156498,0.07267745891166155,63.999999999999986,63.99999999999997,2.220446049250314e-16,matched,True
63,3,97,0.25,0,low,4.0,9.912248410612312,1.1528257189280318,4.000000000000002,4.000000000000002,0.0,matched,True
63,3,97,0.25,0,middle,16.0,7.209605929315528,0.3802390241623561,15.999999999999993,16.00000000000002,1.7763568394002497e-15,matched,True
63,3,97,0.25,0,high,64.0,4.334019280297298,0.08036990989840875,63.99999999999997,64.00000000000003,8.881784197001252e-16,matched,True
64,3,3,0.4,0,low,4.0,42.08956430499231,4.354648431614539,4.0,4.0,0.0,matched,True
64,3,3,0.4,0,middle,16.0,19.31755460959606,0.7184212081070989,16.000000000000004,16.000000000000004,0.0,matched,True
64,3,3,0.4,0,high,64.0,7.795459660818404,0.09598985065322432,64.0,64.00000000000001,2.220446049250313e-16,matched,True
65,3,5,0.4,0,low,4.0,48.849032536308016,6.53197264742181,4.0,3.9999999999999982,4.440892098500627e-16,matched,True
65,3,5,0.4,0,middle,16.0,23.97020550921441,0.8718342800535464,16.0,15.999999999999996,2.2204460492503136e-16,matched,True
65,3,5,0.4,0,high,64.0,8.941305698527813,0.1022047569756051,63.99999999999997,64.0,4.440892098500627e-16,matched,True
66,3,8,0.4,0,low,4.0,1024.0,8.0,4.0,4.0,0.0,matched,True
66,3,8,0.4,0,middle,16.0,17.561680693825604,0.5774870010492554,16.0,15.999999999999993,4.440892098500627e-16,matched,True
66,3,8,0.4,0,high,64.0,7.2082666947756895,0.0929029551218572,64.0,64.00000000000003,4.440892098500625e-16,matched,True
67,3,10,0.4,0,low,4.0,42.78300234977246,5.333333333333333,4.000000000000001,4.0,2.220446049250313e-16,matched,True
67,3,10,0.4,0,middle,16.0,19.056717886954047,0.6975226536762156,15.999999999999996,16.000000000000004,4.440892098500626e-16,matched,True
67,3,10,0.4,0,high,64.0,7.518488262173848,0.09341119716818269,64.0,64.0,0.0,matched,True
68,3,12,0.4,0,low,4.0,12.427681180367186,1.3935012611600373,3.999999999999999,4.0,2.2204460492503136e-16,matched,True
68,3,12,0.4,0,middle,16.0,8.744799248974385,0.4160490477317875,16.000000000000004,15.999999999999986,1.110223024625157e-15,matched,True
68,3,12,0.4,0,high,64.0,4.980404397789215,0.08131660325971724,64.00000000000003,64.00000000000001,2.220446049250312e-16,matched,True
69,3,13,0.4,0,low,4.0,39.52707670300095,4.201805851511122,4.000000000000001,4.0,2.220446049250313e-16,matched,True
69,3,13,0.4,0,middle,16.0,19.848074357109066,0.7181316972317102,16.0,16.000000000000004,2.220446049250313e-16,matched,True
69,3,13,0.4,0,high,64.0,8.103297516293026,0.1005332058633599,64.00000000000001,64.0,2.220446049250313e-16,matched,True
70,3,14,0.4,0,low,4.0,22.56980795231052,2.3959788785097618,4.0,4.0,0.0,matched,True
70,3,14,0.4,0,middle,16.0,14.677138831595549,0.6333042761400408,16.000000000000007,16.000000000000007,0.0,matched,True
70,3,14,0.4,0,high,64.0,7.397145745310112,0.10463027132917779,64.0,63.99999999999997,4.440892098500627e-16,matched,True
71,3,19,0.4,0,low,4.0,47.08482448739112,7.067617668790177,4.0,4.0,0.0,matched,True
71,3,19,0.4,0,middle,16.0,20.945237831188614,0.747739750851131,15.999999999999993,15.999999999999996,2.220446049250314e-16,matched,True
71,3,19,0.4,0,high,64.0,8.025545812412837,0.09458485226064138,64.0,64.00000000000001,2.220446049250313e-16,matched,True
72,3,22,0.4,0,low,4.0,42.853886595299684,7.067617668790177,4.000000000000001,4.0,2.220446049250313e-16,matched,True
72,3,22,0.4,0,middle,16.0,18.324908126697864,0.6233790129418111,16.000000000000007,16.000000000000014,4.440892098500623e-16,matched,True
72,3,22,0.4,0,high,64.0,7.698189723887353,0.09587606876100499,64.0,63.99999999999997,4.440892098500627e-16,matched,True
73,3,29,0.4,0,low,4.0,23.614573382997914,3.1081147595432457,4.000000000000002,3.999999999999999,6.661338147750939e-16,matched,True
73,3,29,0.4,0,middle,16.0,14.526610610258194,0.5827371589249606,16.000000000000007,16.0,4.440892098500625e-16,matched,True
73,3,29,0.4,0,high,64.0,6.937243606415503,0.09253565048844861,64.00000000000001,63.99999999999997,6.66133814775094e-16,matched,True
74,3,30,0.4,0,low,4.0,37.590359236840264,5.102342433146246,4.0,4.0,0.0,matched,True
74,3,30,0.4,0,middle,16.0,21.11045872045388,0.8510463180056345,16.0,16.0,0.0,matched,True
74,3,30,0.4,0,high,64.0,8.130450462281262,0.09533380134400193,64.0,63.999999999999986,2.2204460492503136e-16,matched,True
75,3,34,0.4,0,low,4.0,43.14153079200656,5.613171323564985,4.0,4.0,0.0,matched,True
75,3,34,0.4,0,middle,16.0,20.775685488747122,0.7381231276214438,15.999999999999996,15.999999999999996,0.0,matched,True
75,3,34,0.4,0,high,64.0,8.119587602600955,0.10026353813659401,64.00000000000001,64.0,2.220446049250313e-16,matched,True
76,3,35,0.4,0,low,4.0,41.96908050192889,5.333333333333329,4.000000000000002,4.000000000000001,2.220446049250312e-16,matched,True
76,3,35,0.4,0,middle,16.0,22.099220331285583,0.8276565051516709,15.999999999999996,16.0,2.2204460492503136e-16,matched,True
76,3,35,0.4,0,high,64.0,8.571122368583055,0.09798216822336644,64.00000000000001,64.0,2.220446049250313e-16,matched,True
77,3,42,0.4,0,low,4.0,29.09965767188756,3.861686336203821,4.0,4.0,0.0,matched,True
77,3,42,0.4,0,middle,16.0,15.242294627324988,0.5081285807389619,16.0,15.999999999999993,4.440892098500627e-16,matched,True
77,3,42,0.4,0,high,64.0,6.779370137919678,0.09050075758669873,63.999999999999986,64.00000000000001,4.440892098500626e-16,matched,True
78,3,46,0.4,0,low,4.0,28.942852392484795,3.4506487425100296,3.999999999999999,4.0,2.2204460492503136e-16,matched,True
78,3,46,0.4,0,middle,16.0,15.22589962747622,0.5803810000880096,16.0,15.999999999999993,4.440892098500627e-16,matched,True
78,3,46,0.4,0,high,64.0,6.783624802655712,0.08757557795103654,64.0,63.999999999999986,2.2204460492503136e-16,matched,True
79,3,47,0.4,0,low,4.0,25.643798342829093,3.192029875544426,4.0,4.0,0.0,matched,True
79,3,47,0.4,0,middle,16.0,15.907098155463617,0.634940632106036,16.0,16.00000000000001,6.661338147750936e-16,matched,True
79,3,47,0.4,0,high,64.0,7.535748921890601,0.09875398040820507,64.00000000000001,64.00000000000003,2.220446049250312e-16,matched,True
80,3,49,0.4,0,low,4.0,32.287948231710885,2.943760583875038,4.0,4.0,0.0,matched,True
80,3,49,0.4,0,middle,16.0,17.58748625957711,0.6719862244235975,16.0,16.000000000000018,1.1102230246251561e-15,matched,True
80,3,49,0.4,0,high,64.0,8.066455362526893,0.10581418150558886,64.0,64.0,0.0,matched,True
81,3,55,0.4,0,low,4.0,30.476228082768202,3.93892771133865,4.0,3.999999999999999,2.2204460492503136e-16,matched,True
81,3,55,0.4,0,middle,16.0,15.69848276320603,0.5540346888515546,16.0,16.0,0.0,matched,True
81,3,55,0.4,0,high,64.0,6.883685465098623,0.08865257056380896,64.0,63.999999999999986,2.2204460492503136e-16,matched,True
82,3,56,0.4,0,low,4.0,33.45939068960158,4.257216673521532,4.0,4.0,0.0,matched,True
82,3,56,0.4,0,middle,16.0,17.74946730461222,0.6686340306574674,16.0,16.0,0.0,matched,True
82,3,56,0.4,0,high,64.0,7.62943540478847,0.09413856525425723,64.0,63.99999999999997,4.440892098500627e-16,matched,True
83,3,61,0.4,0,low,4.0,37.27773672058184,3.7199244398022167,3.999999999999999,4.0,2.2204460492503136e-16,matched,True
83,3,61,0.4,0,middle,16.0,19.212534674247504,0.7601829410329284,16.0,15.999999999999996,2.2204460492503136e-16,matched,True
83,3,61,0.4,0,high,64.0,7.891176670377604,0.09268162384768464,64.0,63.999999999999986,2.2204460492503136e-16,matched,True
84,3,66,0.4,0,low,4.0,58.51705491343803,8.0,4.0,4.0,0.0,matched,True
84,3,66,0.4,0,middle,16.0,24.11866976900795,0.8077474715263322,16.000000000000004,16.0,2.220446049250313e-16,matched,True
84,3,66,0.4,0,high,64.0,7.741075745172198,0.08623666883078154,63.999999999999986,64.0,2.2204460492503136e-16,matched,True
85,3,70,0.4,0,low,4.0,45.70555904590654,8.552359741197577,4.0,4.0,0.0,matched,True
85,3,70,0.4,0,middle,16.0,17.688371675155523,0.6288548380612617,15.999999999999993,15.999999999999982,6.661338147750944e-16,matched,True
85,3,70,0.4,0,high,64.0,7.55577339303032,0.09699727018592419,64.0,64.0,0.0,matched,True
86,3,71,0.4,0,low,4.0,28.488104999754235,3.623286509262705,4.000000000000001,4.0,2.220446049250313e-16,matched,True
86,3,71,0.4,0,middle,16.0,17.090472830264012,0.7293304680463466,16.0,15.999999999999993,4.440892098500627e-16,matched,True
86,3,71,0.4,0,high,64.0,7.401965773234011,0.08853696125028304,63.999999999999986,64.0,2.2204460492503136e-16,matched,True
87,3,72,0.4,0,low,4.0,25.293204863745565,3.0270961269785746,4.000000000000001,3.999999999999999,4.440892098500626e-16,matched,True
87,3,72,0.4,0,middle,16.0,15.873340768096327,0.6884144877179978,15.999999999999996,16.00000000000001,8.88178419700125e-16,matched,True
87,3,72,0.4,0,high,64.0,7.485080223615888,0.09683725654729147,64.0,63.999999999999986,2.2204460492503136e-16,matched,True
88,3,75,0.4,0,low,4.0,50.235373821048476,6.275716324421893,3.999999999999999,3.999999999999999,0.0,matched,True
88,3,75,0.4,0,middle,16.0,22.931397712486913,0.8616608362643277,16.0,16.0,0.0,matched,True
88,3,75,0.4,0,high,64.0,7.716265878070011,0.08689418567210336,64.0,63.99999999999996,6.661338147750941e-16,matched,True
89,3,78,0.4,0,low,4.0,59.7215115580137,7.155417527999324,4.0,4.000000000000001,2.220446049250313e-16,matched,True
89,3,78,0.4,0,middle,16.0,22.379559340947104,0.8204742906440243,16.0,15.999999999999996,2.2204460492503136e-16,matched,True
89,3,78,0.4,0,high,64.0,7.7386080624381,0.09002056466346375,64.0,63.99999999999997,4.440892098500627e-16,matched,True
90,3,83,0.4,0,low,4.0,20.943603410683835,2.806585661782494,4.000000000000003,4.000000000000001,4.440892098500624e-16,matched,True
90,3,83,0.4,0,middle,16.0,13.911847775387654,0.6349021776571551,15.999999999999993,16.0,4.440892098500627e-16,matched,True
90,3,83,0.4,0,high,64.0,6.889538265763411,0.08966364791485824,63.999999999999986,64.0,2.2204460492503136e-16,matched,True
91,3,84,0.4,0,low,4.0,48.60801293685833,4.201805851511121,4.0,4.0,0.0,matched,True
91,3,84,0.4,0,middle,16.0,19.48459821312887,0.6754001480181797,15.999999999999996,16.000000000000004,4.440892098500626e-16,matched,True
91,3,84,0.4,0,high,64.0,7.8669612882592155,0.09714081790920859,64.00000000000001,63.99999999999997,6.66133814775094e-16,matched,True
92,3,88,0.4,0,low,4.0,55.548248254900386,6.196773353931867,4.0,4.000000000000001,2.220446049250313e-16,matched,True
92,3,88,0.4,0,middle,16.0,20.945780248864622,0.6818291876725633,16.0,15.999999999999993,4.440892098500627e-16,matched,True
92,3,88,0.4,0,high,64.0,7.460316013875087,0.09111494614812521,63.999999999999986,64.0,2.2204460492503136e-16,matched,True
93,3,92,0.4,0,low,4.0,29.877825906771875,3.8247315498700587,4.0,4.000000000000002,4.440892098500625e-16,matched,True
93,3,92,0.4,0,middle,16.0,16.30363694958496,0.5842373946721775,15.999999999999993,16.000000000000004,6.66133814775094e-16,matched,True
93,3,92,0.4,0,high,64.0,7.237726746320028,0.09320446468593113,64.0,63.99999999999994,8.881784197001256e-16,matched,True
94,3,93,0.4,0,low,4.0,36.878674542304374,4.0477154050155235,4.0,4.0,0.0,matched,True
94,3,93,0.4,0,middle,16.0,20.209672263617783,0.7477669705868868,16.0,16.000000000000032,1.99840144432528e-15,matched,True
94,3,93,0.4,0,high,64.0,8.87895197998154,0.11280916160403588,64.0,63.99999999999996,6.661338147750941e-16,matched,True
95,3,97,0.4,0,low,4.0,40.84810474377798,4.354648431614539,4.0,4.0,0.0,matched,True
95,3,97,0.4,0,middle,16.0,18.457891851139735,0.7103514704452518,16.000000000000004,16.000000000000014,6.661338147750936e-16,matched,True
95,3,97,0.4,0,high,64.0,7.362882564353399,0.08820747931900641,64.00000000000001,64.0,2.220446049250313e-16,matched,True
0,4,3,0.1,0,low,4.0,5.901354538398362,0.6579762908250872,4.000000000000001,3.9999999999999973,8.881784197001254e-16,matched,True
0,4,3,0.1,0,middle,16.0,4.373126658472852,0.25842717537945803,16.000000000000007,16.0,4.440892098500625e-16,matched,True
0,4,3,0.1,0,high,64.0,2.7515135989906305,0.06490593596052197,64.0,63.9999999999999,1.5543122344752203e-15,matched,True
1,4,5,0.1,0,low,4.0,6.070100050297457,0.6892886882284914,4.000000000000001,4.0,2.220446049250313e-16,matched,True
1,4,5,0.1,0,middle,16.0,4.488130033346705,0.2540422033922104,16.000000000000004,16.00000000000002,1.1102230246251556e-15,matched,True
1,4,5,0.1,0,high,64.0,2.8105848197434486,0.06470257081533237,63.999999999999986,64.00000000000001,4.440892098500626e-16,matched,True
2,4,6,0.1,0,low,4.0,5.850029367413516,0.6505083148016166,3.999999999999999,4.0,2.2204460492503136e-16,matched,True
2,4,6,0.1,0,middle,16.0,4.339349473466408,0.2575543601208845,15.999999999999996,16.00000000000003,1.99840144432528e-15,matched,True
2,4,6,0.1,0,high,64.0,2.73717126487774,0.0657913127950458,64.00000000000001,64.0000000000001,1.3322676295501867e-15,matched,True
3,4,10,0.1,0,low,4.0,5.907190552022486,0.6712184854318436,3.999999999999999,4.000000000000002,6.661338147750939e-16,matched,True
3,4,10,0.1,0,middle,16.0,4.37097452359433,0.2535408444692546,16.000000000000004,15.999999999999979,1.55431223447522e-15,matched,True
3,4,10,0.1,0,high,64.0,2.7396439859334523,0.06323574395479636,64.0,64.00000000000007,1.1102230246251561e-15,matched,True
4,4,12,0.1,0,low,4.0,5.879953177598211,0.6751650427004218,4.000000000000001,4.000000000000001,0.0,matched,True
4,4,12,0.1,0,middle,16.0,4.350011573466874,0.2469944242160702,15.999999999999996,15.999999999999975,1.332267629550189e-15,matched,True
4,4,12,0.1,0,high,64.0,2.727062308204813,0.06277331957621302,64.0,64.0,0.0,matched,True
5,4,14,0.1,0,low,4.0,5.891734626798924,0.649330828078542,4.000000000000001,4.000000000000005,1.1102230246251556e-15,matched,True
5,4,14,0.1,0,middle,16.0,4.361303312153289,0.2572776763714719,16.00000000000001,16.000000000000046,2.220446049250309e-15,matched,True
5,4,14,0.1,0,high,64.0,2.737126968721485,0.06342143619311226,64.00000000000001,64.00000000000004,4.440892098500624e-16,matched,True
6,4,21,0.1,0,low,4.0,5.93623245165214,0.6513603649410307,4.000000000000001,3.999999999999999,4.440892098500626e-16,matched,True
6,4,21,0.1,0,middle,16.0,4.393291065420645,0.25194231806451883,15.999999999999993,15.999999999999979,8.88178419700126e-16,matched,True
6,4,21,0.1,0,high,64.0,2.757006668099618,0.06538951252667935,63.99999999999997,64.00000000000009,1.7763568394002497e-15,matched,True
7,4,23,0.1,0,low,4.0,5.797005942882037,0.6497119502887985,3.9999999999999982,3.9999999999999982,0.0,matched,True
7,4,23,0.1,0,middle,16.0,4.307299507785727,0.2646516430319862,15.999999999999986,16.00000000000001,1.5543122344752194e-15,matched,True
7,4,23,0.1,0,high,64.0,2.7268703133741585,0.06733133747971545,64.0,64.00000000000009,1.332267629550187e-15,matched,True
8,4,26,0.1,0,low,4.0,5.88388183249619,0.6548364072560464,3.9999999999999973,3.9999999999999982,2.2204460492503146e-16,matched,True
8,4,26,0.1,0,middle,16.0,4.3626630803022,0.2544662139377721,15.99999999999999,15.999999999999996,4.440892098500628e-16,matched,True
8,4,26,0.1,0,high,64.0,2.74935054444179,0.06630785596536048,63.999999999999986,63.99999999999983,2.442490654175348e-15,matched,True
9,4,27,0.1,0,low,4.0,5.715581482425776,0.6247675161763113,3.9999999999999982,4.000000000000004,1.5543122344752186e-15,matched,True
9,4,27,0.1,0,middle,16.0,4.240316624436189,0.2549642554137775,16.0,16.000000000000064,3.996802888650556e-15,matched,True
9,4,27,0.1,0,high,64.0,2.675907052566697,0.0651845723875134,64.00000000000001,63.999999999999815,3.1086244689504427e-15,matched,True
10,4,34,0.1,0,low,4.0,6.005424090538389,0.6621603042726623,4.000000000000001,4.000000000000001,0.0,matched,True
10,4,34,0.1,0,middle,16.0,4.447755102121201,0.261089443044237,16.000000000000004,16.00000000000001,4.440892098500624e-16,matched,True
10,4,34,0.1,0,high,64.0,2.795332948859051,0.06588875365672475,63.999999999999986,64.00000000000003,6.661338147750939e-16,matched,True
11,4,37,0.1,0,low,4.0,5.837936876980887,0.6564879518897748,4.000000000000001,3.9999999999999982,6.66133814775094e-16,matched,True
11,4,37,0.1,0,middle,16.0,4.323889354419462,0.25117342680043764,16.000000000000007,16.000000000000025,1.1102230246251556e-15,matched,True
11,4,37,0.1,0,high,64.0,2.718379529558609,0.06360389981627258,63.99999999999997,64.00000000000006,1.3322676295501877e-15,matched,True
12,4,38,0.1,0,low,4.0,5.935087370651484,0.6521016451684192,4.000000000000004,3.999999999999999,1.3322676295501873e-15,matched,True
12,4,38,0.1,0,middle,16.0,4.393203594699692,0.24702330966560293,16.000000000000014,15.999999999999986,1.7763568394002505e-15,matched,True
12,4,38,0.1,0,high,64.0,2.7601130013518063,0.06511601494368782,64.0,64.00000000000001,2.220446049250313e-16,matched,True
13,4,42,0.1,0,low,4.0,6.002303401632406,0.6805045845121942,4.000000000000001,4.000000000000003,4.440892098500624e-16,matched,True
13,4,42,0.1,0,middle,16.0,4.4372213237523805,0.24898526008449728,16.000000000000004,15.999999999999993,6.66133814775094e-16,matched,True
13,4,42,0.1,0,high,64.0,2.77801858309158,0.06333059437022537,63.99999999999997,64.0,4.440892098500627e-16,matched,True
14,4,43,0.1,0,low,4.0,5.88262843072169,0.6472349647901341,4.000000000000002,4.0,4.440892098500625e-16,matched,True
14,4,43,0.1,0,middle,16.0,4.351075336209047,0.2558161513053596,16.000000000000004,15.999999999999993,6.66133814775094e-16,matched,True
14,4,43,0.1,0,high,64.0,2.7242045954594687,0.062118966915416185,63.99999999999997,63.99999999999994,4.440892098500629e-16,matched,True
15,4,45,0.1,0,low,4.0,5.856526657293111,0.6572837580634943,3.999999999999999,4.000000000000001,4.440892098500626e-16,matched,True
15,4,45,0.1,0,middle,16.0,4.342481097961952,0.25169006610132705,16.000000000000004,15.999999999999993,6.66133814775094e-16,matched,True
15,4,45,0.1,0,high,64.0,2.736554671131562,0.06704415436821799,64.0,63.999999999999986,2.2204460492503136e-16,matched,True
16,4,47,0.1,0,low,4.0,6.0872348825209235,0.69807567259578,4.000000000000002,4.0,4.440892098500625e-16,matched,True
16,4,47,0.1,0,middle,16.0,4.492328744422803,0.2457087001105256,16.000000000000004,16.0,2.220446049250313e-16,matched,True
16,4,47,0.1,0,high,64.0,2.802083805758284,0.06342172712123531,64.0,64.00000000000006,8.881784197001248e-16,matched,True
17,4,48,0.1,0,low,4.0,6.060613768702951,0.683122638749166,4.000000000000001,3.9999999999999982,6.66133814775094e-16,matched,True
17,4,48,0.1,0,middle,16.0,4.482522511963437,0.2553812965826747,16.000000000000004,15.999999999999964,2.4424906541753468e-15,matched,True
17,4,48,0.1,0,high,64.0,2.8098295594303018,0.06470204271736218,64.00000000000001,64.00000000000004,4.440892098500624e-16,matched,True
18,4,58,0.1,0,low,4.0,5.937556517571515,0.6636490846274725,3.999999999999999,4.0,2.2204460492503136e-16,matched,True
18,4,58,0.1,0,middle,16.0,4.396188845418641,0.2564214731576411,16.000000000000004,15.999999999999993,6.66133814775094e-16,matched,True
18,4,58,0.1,0,high,64.0,2.7604459003657897,0.06434639362167363,64.00000000000001,63.999999999999986,4.440892098500626e-16,matched,True
19,4,61,0.1,0,low,4.0,5.7968352688038784,0.6530408257821767,4.000000000000001,4.0,2.220446049250313e-16,matched,True
19,4,61,0.1,0,middle,16.0,4.307124605423604,0.25357311458702636,15.999999999999986,16.000000000000018,1.9984014443252818e-15,matched,True
19,4,61,0.1,0,high,64.0,2.728716897429621,0.06948128963119624,64.0,64.00000000000009,1.332267629550187e-15,matched,True
20,4,67,0.1,0,low,4.0,5.945216116779648,0.6727192768099659,4.0,4.000000000000001,2.220446049250313e-16,matched,True
20,4,67,0.1,0,middle,16.0,4.396106348297823,0.24938065478770965,15.999999999999996,16.000000000000007,6.661338147750939e-16,matched,True
20,4,67,0.1,0,high,64.0,2.7524844439176155,0.0631860719040731,64.00000000000001,64.00000000000003,2.220446049250312e-16,matched,True
21,4,69,0.1,0,low,4.0,5.936539287191731,0.6653414187318014,3.999999999999999,4.000000000000003,8.88178419700125e-16,matched,True
21,4,69,0.1,0,middle,16.0,4.388872402864612,0.26626613716977987,16.0,15.999999999999993,4.440892098500627e-16,matched,True
21,4,69,0.1,0,high,64.0,2.742229730548626,0.06089665060862348,64.0,64.00000000000004,6.661338147750936e-16,matched,True
22,4,70,0.1,0,low,4.0,5.828625941564281,0.6535968071329292,4.0,4.0,0.0,matched,True
22,4,70,0.1,0,middle,16.0,4.325112086357793,0.25097670792899085,16.000000000000007,16.0,4.440892098500625e-16,matched,True
22,4,70,0.1,0,high,64.0,2.731884053797502,0.06699739438496044,64.0,63.99999999999994,8.881784197001256e-16,matched,True
23,4,73,0.1,0,low,4.0,5.9098177161476215,0.6707352467187845,4.0,3.9999999999999973,6.661338147750941e-16,matched,True
23,4,73,0.1,0,middle,16.0,4.370264073647647,0.25256704052740964,16.000000000000004,15.999999999999979,1.55431223447522e-15,matched,True
23,4,73,0.1,0,high,64.0,2.735500063234514,0.06123920081963319,63.999999999999986,64.00000000000003,6.661338147750939e-16,matched,True
24,4,74,0.1,0,low,4.0,5.871069465848971,0.6537003046817688,4.0,3.9999999999999964,8.881784197001256e-16,matched,True
24,4,74,0.1,0,middle,16.0,4.3476545654818475,0.24662321742414317,15.999999999999996,16.000000000000014,1.1102230246251561e-15,matched,True
24,4,74,0.1,0,high,64.0,2.732649987643631,0.06463083801950895,63.99999999999997,64.00000000000007,1.5543122344752186e-15,matched,True
25,4,81,0.1,0,low,4.0,5.839607966365258,0.6627693297492123,4.0,3.9999999999999964,8.881784197001256e-16,matched,True
25,4,81,0.1,0,middle,16.0,4.3280807831842285,0.2515642810785773,16.000000000000004,15.999999999999993,6.66133814775094e-16,matched,True
25,4,81,0.1,0,high,64.0,2.7245699680261595,0.06503475731938971,64.00000000000001,63.99999999999997,6.66133814775094e-16,matched,True
26,4,82,0.1,0,low,4.0,5.889425155613893,0.6659733054112932,4.000000000000001,3.9999999999999973,8.881784197001254e-16,matched,True
26,4,82,0.1,0,middle,16.0,4.362928617345302,0.25089912512420215,16.0,16.0,0.0,matched,True
26,4,82,0.1,0,high,64.0,2.7443487888735385,0.06548915905383335,63.999999999999986,64.00000000000001,4.440892098500626e-16,matched,True
27,4,89,0.1,0,low,4.0,5.916697452758868,0.657873826245968,4.0,4.000000000000003,6.661338147750936e-16,matched,True
27,4,89,0.1,0,middle,16.0,4.393011793359641,0.2655568247871809,16.0,15.999999999999954,2.8865798640254113e-15,matched,True
27,4,89,0.1,0,high,64.0,2.7751230562628777,0.06915344617405791,64.00000000000001,64.0,2.220446049250313e-16,matched,True
28,4,90,0.1,0,low,4.0,6.0421978338073785,0.6733146755703494,3.999999999999999,4.0,2.2204460492503136e-16,matched,True
28,4,90,0.1,0,middle,16.0,4.464854721055247,0.2521640072205118,16.0,16.000000000000025,1.5543122344752178e-15,matched,True
28,4,90,0.1,0,high,64.0,2.7922237212115597,0.06329470224617079,64.0,64.00000000000004,6.661338147750936e-16,matched,True
29,4,91,0.1,0,low,4.0,5.885156787206212,0.65153660540384,4.000000000000002,4.0,4.440892098500625e-16,matched,True
29,4,91,0.1,0,middle,16.0,4.359839527429032,0.25016399242896714,15.999999999999993,15.999999999999979,8.88178419700126e-16,matched,True
29,4,91,0.1,0,high,64.0,2.74266059792048,0.06605092094495074,63.999999999999986,64.00000000000016,2.664535259100373e-15,matched,True
30,4,94,0.1,0,low,4.0,5.974822055484562,0.665312457910309,4.000000000000001,3.9999999999999982,6.66133814775094e-16,matched,True
30,4,94,0.1,0,middle,16.0,4.4291940198711535,0.2661623537708341,16.000000000000004,16.000000000000004,0.0,matched,True
30,4,94,0.1,0,high,64.0,2.7881752018254735,0.06571230275639164,64.0,64.00000000000006,8.881784197001248e-16,matched,True
31,4,96,0.1,0,low,4.0,5.846726869516185,0.6350726053494498,4.000000000000001,4.0,2.220446049250313e-16,matched,True
31,4,96,0.1,0,middle,16.0,4.338347393716166,0.2560259083649683,16.000000000000007,15.999999999999982,1.5543122344752197e-15,matched,True
31,4,96,0.1,0,high,64.0,2.739857897824152,0.06750556692947107,64.0,64.0,0.0,matched,True
32,4,3,0.25,0,low,4.0,9.662548865115173,1.0881374767190541,4.0,4.0,0.0,matched,True
32,4,3,0.25,0,middle,16.0,7.065610018324023,0.39152702738591727,16.0,16.0,0.0,matched,True
32,4,3,0.25,0,high,64.0,4.296917600375108,0.08293402278700317,64.00000000000001,63.999999999999915,1.55431223447522e-15,matched,True
33,4,5,0.25,0,low,4.0,10.262444265898282,1.1406768092792303,4.000000000000001,4.0,2.220446049250313e-16,matched,True
33,4,5,0.25,0,middle,16.0,7.343541557670772,0.3619673523743465,16.000000000000004,16.000000000000007,2.220446049250312e-16,matched,True
33,4,5,0.25,0,high,64.0,4.313643229962761,0.07686355267450917,63.999999999999986,63.99999999999996,4.440892098500628e-16,matched,True
34,4,6,0.25,0,low,4.0,9.63961695544571,1.133261195159725,4.000000000000001,4.000000000000001,0.0,matched,True
34,4,6,0.25,0,middle,16.0,6.9714112863327955,0.35461553799335965,15.999999999999993,16.0,4.440892098500627e-16,matched,True
34,4,6,0.25,0,high,64.0,4.148048000531073,0.07430354064606748,64.0,64.00000000000003,4.440892098500625e-16,matched,True
35,4,10,0.25,0,low,4.0,9.751141114737768,1.1215994195724506,3.9999999999999982,4.000000000000002,8.881784197001252e-16,matched,True
35,4,10,0.25,0,middle,16.0,7.0466053638643515,0.34705677990382444,16.000000000000007,16.00000000000001,2.220446049250312e-16,matched,True
35,4,10,0.25,0,high,64.0,4.2009484903232766,0.0773652629173105,64.0,63.99999999999997,4.440892098500627e-16,matched,True
36,4,12,0.25,0,low,4.0,9.563139717687138,1.103095196615902,4.000000000000001,4.0,2.220446049250313e-16,matched,True
36,4,12,0.25,0,middle,16.0,7.013670223087827,0.40964210909858867,15.999999999999996,16.0,2.2204460492503136e-16,matched,True
36,4,12,0.25,0,high,64.0,4.287910770176412,0.08419653359482315,63.999999999999986,63.99999999999996,4.440892098500628e-16,matched,True
37,4,14,0.25,0,low,4.0,9.986622384954638,1.0350523948807493,4.000000000000001,4.000000000000001,0.0,matched,True
37,4,14,0.25,0,middle,16.0,7.2062757343464146,0.38297909705132926,16.000000000000004,16.0,2.220446049250313e-16,matched,True
37,4,14,0.25,0,high,64.0,4.313494683570884,0.08009230235659409,64.0,64.0,0.0,matched,True
38,4,21,0.25,0,low,4.0,10.469512949575186,1.236114118880936,3.999999999999999,3.999999999999999,0.0,matched,True
38,4,21,0.25,0,middle,16.0,7.503919395232051,0.3788109790483025,15.999999999999996,16.000000000000007,6.661338147750939e-16,matched,True
38,4,21,0.25,0,high,64.0,4.37926297496573,0.07324636631461484,64.00000000000001,64.00000000000007,8.881784197001246e-16,matched,True
39,4,23,0.25,0,low,4.0,9.58373230810546,1.07983239644516,3.999999999999999,4.000000000000002,6.661338147750939e-16,matched,True
39,4,23,0.25,0,middle,16.0,7.021348320312343,0.407929719763406,16.000000000000004,15.999999999999993,6.66133814775094e-16,matched,True
39,4,23,0.25,0,high,64.0,4.291818556266755,0.0854693275303337,64.0,63.999999999999915,1.3322676295501888e-15,matched,True
40,4,26,0.25,0,low,4.0,9.929078431093167,1.1798028449950664,4.0000000000000036,4.0,8.881784197001248e-16,matched,True
40,4,26,0.25,0,middle,16.0,7.242873622707564,0.4206159303742412,15.999999999999996,16.0,2.2204460492503136e-16,matched,True
40,4,26,0.25,0,high,64.0,4.357909967791836,0.07946932734428636,64.0,64.00000000000004,6.661338147750936e-16,matched,True
41,4,27,0.25,0,low,4.0,9.863968289976473,1.0880326414688737,4.000000000000001,4.000000000000002,2.220446049250312e-16,matched,True
41,4,27,0.25,0,middle,16.0,7.10307014619665,0.3676461270874587,16.0,16.00000000000001,6.661338147750936e-16,matched,True
41,4,27,0.25,0,high,64.0,4.221929714961485,0.07586557497276131,64.00000000000003,64.00000000000009,8.881784197001244e-16,matched,True
42,4,34,0.25,0,low,4.0,10.011068597270887,1.1525349003194263,4.000000000000001,4.000000000000001,0.0,matched,True
42,4,34,0.25,0,middle,16.0,7.316264156134004,0.39901366027945073,15.999999999999996,16.000000000000018,1.3322676295501873e-15,matched,True
42,4,34,0.25,0,high,64.0,4.4408970773496925,0.08521996857510106,64.0,63.99999999999993,1.1102230246251571e-15,matched,True
43,4,37,0.25,0,low,4.0,9.87772391977864,1.1978095834641629,4.000000000000002,3.9999999999999982,8.881784197001252e-16,matched,True
43,4,37,0.25,0,middle,16.0,7.191966584826395,0.3626123433486974,15.999999999999996,15.999999999999993,2.220446049250314e-16,matched,True
43,4,37,0.25,0,high,64.0,4.350883459097192,0.0833242925594169,64.00000000000003,64.00000000000001,2.220446049250312e-16,matched,True
44,4,38,0.25,0,low,4.0,9.62206591483492,1.124167141952897,4.0,3.999999999999999,2.2204460492503136e-16,matched,True
44,4,38,0.25,0,middle,16.0,7.014045199232221,0.36787420852734787,16.000000000000007,16.000000000000032,1.5543122344752172e-15,matched,True
44,4,38,0.25,0,high,64.0,4.250384460754898,0.08127916361732641,63.99999999999997,63.999999999999986,2.220446049250314e-16,matched,True
45,4,42,0.25,0,low,4.0,9.652473625541228,1.079701773571888,4.000000000000001,3.999999999999999,4.440892098500626e-16,matched,True
45,4,42,0.25,0,middle,16.0,7.05179083504934,0.37774693948156113,16.0,16.000000000000004,2.220446049250313e-16,matched,True
45,4,42,0.25,0,high,64.0,4.298177230161035,0.08473495524170577,64.00000000000001,63.99999999999997,6.66133814775094e-16,matched,True
46,4,43,0.25,0,low,4.0,10.021339291035158,1.1970112033291596,4.0,4.000000000000001,2.220446049250313e-16,matched,True
46,4,43,0.25,0,middle,16.0,7.292715319762598,0.4020272122405108,15.999999999999996,15.99999999999999,4.440892098500628e-16,matched,True
46,4,43,0.25,0,high,64.0,4.375311250350659,0.08038776111528258,63.99999999999997,63.999999999999986,2.220446049250314e-16,matched,True
47,4,45,0.25,0,low,4.0,9.794089153467157,1.1307285728953083,3.9999999999999964,3.999999999999999,6.661338147750943e-16,matched,True
47,4,45,0.25,0,middle,16.0,7.14770850478459,0.41254356311329765,15.999999999999996,16.000000000000014,1.1102230246251561e-15,matched,True
47,4,45,0.25,0,high,64.0,4.317366218918483,0.07996602165965822,63.99999999999997,63.99999999999997,0.0,matched,True
48,4,47,0.25,0,low,4.0,10.23721725693326,1.259859257959848,3.999999999999999,4.000000000000001,4.440892098500626e-16,matched,True
48,4,47,0.25,0,middle,16.0,7.400069331820208,0.3719281160312775,16.0,15.99999999999995,3.108624468950443e-15,matched,True
48,4,47,0.25,0,high,64.0,4.391745282643399,0.07802743146408728,63.99999999999997,63.99999999999996,2.2204460492503146e-16,matched,True
49,4,48,0.25,0,low,4.0,9.635526367165985,1.1231335461540528,4.000000000000001,4.000000000000002,2.220446049250312e-16,matched,True
49,4,48,0.25,0,middle,16.0,7.051925204182641,0.38734156711902035,15.999999999999993,15.999999999999986,4.440892098500629e-16,matched,True
49,4,48,0.25,0,high,64.0,4.297172204172884,0.08329135630697238,64.00000000000001,64.00000000000011,1.5543122344752178e-15,matched,True
50,4,58,0.25,0,low,4.0,9.640377141622421,1.0999389088982285,4.000000000000002,4.000000000000001,2.220446049250312e-16,matched,True
50,4,58,0.25,0,middle,16.0,7.052392979633513,0.39050394887856044,15.999999999999996,15.99999999999999,4.440892098500628e-16,matched,True
50,4,58,0.25,0,high,64.0,4.297590780604079,0.08424030415742945,64.0,63.99999999999997,4.440892098500627e-16,matched,True
51,4,61,0.25,0,low,4.0,9.583165460006427,1.1242497326785053,4.000000000000003,4.0,6.661338147750936e-16,matched,True
51,4,61,0.25,0,middle,16.0,6.974465552074068,0.37931488852088613,16.0,16.000000000000004,2.220446049250313e-16,matched,True
51,4,61,0.25,0,high,64.0,4.1974465934367196,0.07689997343046288,64.0,64.00000000000001,2.220446049250313e-16,matched,True
52,4,67,0.25,0,low,4.0,9.754905550130754,1.1074793513685686,4.000000000000001,4.000000000000001,0.0,matched,True
52,4,67,0.25,0,middle,16.0,7.139071765537215,0.40620674948476854,16.0,16.0,0.0,matched,True
52,4,67,0.25,0,high,64.0,4.354595930762971,0.08462884367481811,64.0,64.00000000000001,2.220446049250313e-16,matched,True
53,4,69,0.25,0,low,4.0,9.987468922907489,1.1522794173183444,4.0,4.000000000000004,1.1102230246251561e-15,matched,True
53,4,69,0.25,0,middle,16.0,7.249701436166534,0.3900956689796823,16.000000000000007,16.000000000000004,2.220446049250312e-16,matched,True
53,4,69,0.25,0,high,64.0,4.335538468707831,0.07800901868892707,63.99999999999997,64.00000000000001,6.66133814775094e-16,matched,True
54,4,70,0.25,0,low,4.0,9.70795002178584,1.1770505450354505,4.000000000000001,4.0,2.220446049250313e-16,matched,True
54,4,70,0.25,0,middle,16.0,7.058367721459911,0.38483438585450225,15.999999999999996,16.000000000000018,1.3322676295501873e-15,matched,True
54,4,70,0.25,0,high,64.0,4.224271861134191,0.07566805950776345,64.0,63.999999999999886,1.776356839400252e-15,matched,True
55,4,73,0.25,0,low,4.0,10.384442688274262,1.179535649239177,4.000000000000003,4.0,6.661338147750936e-16,matched,True
55,4,73,0.25,0,middle,16.0,7.41346202612965,0.37418809433246025,15.999999999999996,16.000000000000004,4.440892098500626e-16,matched,True
55,4,73,0.25,0,high,64.0,4.302009959223543,0.07103925455775588,63.99999999999997,64.00000000000001,6.66133814775094e-16,matched,True
56,4,74,0.25,0,low,4.0,9.942125162261043,1.1901751162345455,3.9999999999999982,4.000000000000001,6.66133814775094e-16,matched,True
56,4,74,0.25,0,middle,16.0,7.255668828442444,0.39741991639416674,15.999999999999993,16.0,4.440892098500627e-16,matched,True
56,4,74,0.25,0,high,64.0,4.39275832566518,0.08317682778706809,64.0,63.99999999999993,1.1102230246251571e-15,matched,True
57,4,81,0.25,0,low,4.0,9.528840323006722,1.0718899694426973,3.9999999999999982,4.000000000000002,8.881784197001252e-16,matched,True
57,4,81,0.25,0,middle,16.0,6.9950253740669055,0.40068654611824606,16.000000000000004,16.000000000000014,6.661338147750936e-16,matched,True
57,4,81,0.25,0,high,64.0,4.292194539757032,0.08668271381796236,64.00000000000001,63.99999999999994,1.110223024625157e-15,matched,True
58,4,82,0.25,0,low,4.0,9.884829763748769,1.0651882644777704,4.0,3.999999999999999,2.2204460492503136e-16,matched,True
58,4,82,0.25,0,middle,16.0,7.139147354466086,0.37127067290123605,15.999999999999993,15.999999999999979,8.88178419700126e-16,matched,True
58,4,82,0.25,0,high,64.0,4.260843496649541,0.07815944997449065,64.0,64.00000000000001,2.220446049250313e-16,matched,True
59,4,89,0.25,0,low,4.0,9.858210669016405,1.1522277026933017,3.999999999999999,4.000000000000002,6.661338147750939e-16,matched,True
59,4,89,0.25,0,middle,16.0,7.212460458474686,0.3996915336559009,16.0,15.999999999999996,2.2204460492503136e-16,matched,True
59,4,89,0.25,0,high,64.0,4.390315159107811,0.08283523685489863,64.0,64.00000000000004,6.661338147750936e-16,matched,True
60,4,90,0.25,0,low,4.0,10.042236597152897,1.1612714414997223,3.9999999999999982,4.0,4.440892098500627e-16,matched,True
60,4,90,0.25,0,middle,16.0,7.301520158966705,0.38532612240191355,15.999999999999993,16.000000000000018,1.5543122344752186e-15,matched,True
60,4,90,0.25,0,high,64.0,4.40011852175941,0.08192897502680796,64.0,64.00000000000001,2.220446049250313e-16,matched,True
61,4,91,0.25,0,low,4.0,9.720973430349979,1.1629061724747736,4.0,4.0,0.0,matched,True
61,4,91,0.25,0,middle,16.0,7.0789515571848405,0.3898750966056368,16.000000000000004,16.000000000000004,0.0,matched,True
61,4,91,0.25,0,high,64.0,4.258154989376313,0.0757505114301209,64.0,64.0,0.0,matched,True
62,4,94,0.25,0,low,4.0,9.781047923464804,1.1628037994676224,3.999999999999999,3.999999999999999,0.0,matched,True
62,4,94,0.25,0,middle,16.0,7.143822021894402,0.37411588280542957,16.000000000000004,16.0,2.220446049250313e-16,matched,True
62,4,94,0.25,0,high,64.0,4.3358389262099255,0.08577255206950984,64.0,63.99999999999996,6.661338147750941e-16,matched,True
63,4,96,0.25,0,low,4.0,10.017381734364635,1.1370704872299218,4.000000000000001,4.000000000000001,0.0,matched,True
63,4,96,0.25,0,middle,16.0,7.155099459020542,0.3404983286860115,15.999999999999996,16.000000000000025,1.7763568394002493e-15,matched,True
63,4,96,0.25,0,high,64.0,4.168636525869321,0.0716066325823346,64.00000000000001,64.00000000000003,2.220446049250312e-16,matched,True
64,4,3,0.4,0,low,4.0,47.46080042801502,7.067617668790184,4.000000000000002,4.0,4.440892098500625e-16,matched,True
64,4,3,0.4,0,middle,16.0,24.782165747831556,0.9752782824598274,15.999999999999996,16.000000000000007,6.661338147750939e-16,matched,True
64,4,3,0.4,0,high,64.0,8.77962040913151,0.09942283444662703,64.0,64.0,0.0,matched,True
65,4,5,0.4,0,low,4.0,34.2740168137422,3.7199244398022184,4.000000000000001,4.0,2.220446049250313e-16,matched,True
65,4,5,0.4,0,middle,16.0,19.20293828489416,0.7748816045717923,15.999999999999996,15.999999999999982,8.881784197001258e-16,matched,True
65,4,5,0.4,0,high,64.0,7.929571343020621,0.0896809390948847,64.00000000000001,64.0,2.220446049250313e-16,matched,True
66,4,6,0.4,0,low,4.0,38.59171066605874,4.71814259695671,4.0,4.0,0.0,matched,True
66,4,6,0.4,0,middle,16.0,18.89682901598536,0.7275859773743751,16.0,16.000000000000007,4.440892098500625e-16,matched,True
66,4,6,0.4,0,high,64.0,7.8789353306099486,0.09610197711687404,63.999999999999986,63.99999999999994,6.661338147750943e-16,matched,True
67,4,10,0.4,0,low,4.0,43.150252314283236,5.613171323564988,3.999999999999999,4.0,2.2204460492503136e-16,matched,True
67,4,10,0.4,0,middle,16.0,20.17132856419977,0.7724872793364277,15.999999999999993,16.00000000000001,1.1102230246251565e-15,matched,True
67,4,10,0.4,0,high,64.0,7.696413538340224,0.09006024794295836,64.0,63.99999999999994,8.881784197001256e-16,matched,True
68,4,12,0.4,0,low,4.0,40.17766155530951,4.692707680683304,3.999999999999999,4.0,2.2204460492503136e-16,matched,True
68,4,12,0.4,0,middle,16.0,19.651716675974093,0.6839855680567699,16.000000000000004,16.0,2.220446049250313e-16,matched,True
68,4,12,0.4,0,high,64.0,7.909931973361267,0.09820765358064465,64.0,64.00000000000001,2.220446049250313e-16,matched,True
69,4,14,0.4,0,low,4.0,22.562629989078324,2.5090001927487195,4.000000000000001,4.0,2.220446049250313e-16,matched,True
69,4,14,0.4,0,middle,16.0,13.497147391461146,0.5299582363822459,16.000000000000004,15.999999999999993,6.66133814775094e-16,matched,True
69,4,14,0.4,0,high,64.0,6.514634538283595,0.09025138432583481,63.999999999999986,64.00000000000007,1.3322676295501873e-15,matched,True
70,4,21,0.4,0,low,4.0,53.756863187655824,6.822422923379534,4.000000000000001,3.999999999999999,4.440892098500626e-16,matched,True
70,4,21,0.4,0,middle,16.0,21.747951870127817,0.7297901204951049,15.999999999999996,16.000000000000004,4.440892098500626e-16,matched,True
70,4,21,0.4,0,high,64.0,7.789067815929449,0.09319668033512184,64.0,63.999999999999986,2.2204460492503136e-16,matched,True
71,4,23,0.4,0,low,4.0,44.39697980212651,5.059644256269408,3.9999999999999982,3.999999999999999,2.220446049250314e-16,matched,True
71,4,23,0.4,0,middle,16.0,17.650407171879813,0.6283156417519997,16.0,15.999999999999986,8.881784197001256e-16,matched,True
71,4,23,0.4,0,high,64.0,7.565863795280635,0.09828258283187741,64.0,64.0,0.0,matched,True
72,4,26,0.4,0,low,4.0,22.007318311462853,2.964742749517308,3.9999999999999982,4.0,4.440892098500627e-16,matched,True
72,4,26,0.4,0,middle,16.0,13.829006785431716,0.5686788675262114,16.0,16.000000000000004,2.220446049250313e-16,matched,True
72,4,26,0.4,0,high,64.0,6.57786906060148,0.08559719372488539,64.0,64.0,0.0,matched,True
73,4,27,0.4,0,low,4.0,47.95550597205259,5.059644256269408,4.0,4.0,0.0,matched,True
73,4,27,0.4,0,middle,16.0,19.570498110152663,0.7485030289581318,15.999999999999993,16.000000000000004,6.66133814775094e-16,matched,True
73,4,27,0.4,0,high,64.0,7.902240420576854,0.09315532696676472,64.0,64.0,0.0,matched,True
74,4,34,0.4,0,low,4.0,27.248751737526348,3.3272015674242335,4.0,4.0,0.0,matched,True
74,4,34,0.4,0,middle,16.0,16.72258162975131,0.6653204467247127,16.0,15.999999999999993,4.440892098500627e-16,matched,True
74,4,34,0.4,0,high,64.0,7.832671933235364,0.10502439998198815,64.0,64.0,0.0,matched,True
75,4,37,0.4,0,low,4.0,33.286067057929245,4.276179870598792,3.9999999999999982,4.0,4.440892098500627e-16,matched,True
75,4,37,0.4,0,middle,16.0,17.659322294229412,0.641620906323948,16.0,15.999999999999993,4.440892098500627e-16,matched,True
75,4,37,0.4,0,high,64.0,7.82163186871157,0.10155404418149105,63.999999999999986,63.99999999999994,6.661338147750943e-16,matched,True
76,4,38,0.4,0,low,4.0,63.853852114427696,8.552359741197577,4.000000000000001,4.0,2.220446049250313e-16,matched,True
76,4,38,0.4,0,middle,16.0,23.61406806275204,0.8073500672735896,16.0,16.0,0.0,matched,True
76,4,38,0.4,0,high,64.0,7.344007951018785,0.08422660063893872,63.99999999999997,63.99999999999997,0.0,matched,True
77,4,42,0.4,0,low,4.0,34.47909365389855,4.824181513244216,4.000000000000003,4.000000000000002,2.220446049250312e-16,matched,True
77,4,42,0.4,0,middle,16.0,16.907745603093453,0.5733909455213215,16.0,15.999999999999993,4.440892098500627e-16,matched,True
77,4,42,0.4,0,high,64.0,7.194312167680778,0.09268551141815884,64.0,64.00000000000003,4.440892098500625e-16,matched,True
78,4,43,0.4,0,low,4.0,30.155059698953366,3.2040075156592565,4.0,4.0,0.0,matched,True
78,4,43,0.4,0,middle,16.0,17.714284565353722,0.7450078463529213,16.000000000000004,16.0,2.220446049250313e-16,matched,True
78,4,43,0.4,0,high,64.0,7.948976566089112,0.09755273269669945,63.999999999999986,63.99999999999997,2.220446049250314e-16,matched,True
79,4,45,0.4,0,low,4.0,24.01311156820934,3.1081147595432483,3.9999999999999982,4.0,4.440892098500627e-16,matched,True
79,4,45,0.4,0,middle,16.0,13.454948075776052,0.48908050071206244,16.000000000000004,16.000000000000004,0.0,matched,True
79,4,45,0.4,0,high,64.0,6.251893134406963,0.08292551423058803,64.0,63.999999999999986,2.2204460492503136e-16,matched,True
80,4,47,0.4,0,low,4.0,41.13356484626071,5.157266969762435,4.0,4.0,0.0,matched,True
80,4,47,0.4,0,middle,16.0,23.161041343495782,1.0815326133472256,16.000000000000004,16.000000000000007,2.220446049250312e-16,matched,True
80,4,47,0.4,0,high,64.0,8.092257385185938,0.08727352067197619,64.0,64.0,0.0,matched,True
81,4,48,0.4,0,low,4.0,29.978687066528607,3.300547988028139,4.000000000000002,3.999999999999999,6.661338147750939e-16,matched,True
81,4,48,0.4,0,middle,16.0,16.002162521881065,0.606079447781064,15.999999999999996,16.0,2.2204460492503136e-16,matched,True
81,4,48,0.4,0,high,64.0,7.1678257493180055,0.09427183999396316,64.0,64.00000000000001,2.220446049250313e-16,matched,True
82,4,58,0.4,0,low,4.0,31.66436767336092,3.2918047991912935,4.000000000000001,4.000000000000001,0.0,matched,True
82,4,58,0.4,0,middle,16.0,17.502519513926803,0.6797135186419729,16.000000000000004,16.000000000000004,0.0,matched,True
82,4,58,0.4,0,high,64.0,7.6619135243749525,0.09630070758494591,64.0,64.00000000000003,4.440892098500625e-16,matched,True
83,4,61,0.4,0,low,4.0,33.8887353723768,4.7527082062880375,4.0,3.999999999999999,2.2204460492503136e-16,matched,True
83,4,61,0.4,0,middle,16.0,20.184794219915226,0.8097763301789165,15.999999999999996,16.0,2.2204460492503136e-16,matched,True
83,4,61,0.4,0,high,64.0,8.389376316166981,0.1015289281402092,63.999999999999986,63.999999999999915,1.1102230246251573e-15,matched,True
84,4,67,0.4,0,low,4.0,48.24919631119796,6.822422923379534,4.0,4.0,0.0,matched,True
84,4,67,0.4,0,middle,16.0,18.238777797425165,0.6201204368694648,16.0,16.000000000000004,2.220446049250313e-16,matched,True
84,4,67,0.4,0,high,64.0,7.137750150139718,0.0877423147438754,64.00000000000001,64.0,2.220446049250313e-16,matched,True
85,4,69,0.4,0,low,4.0,20.376954127139605,2.6438156312704866,4.0,4.0,0.0,matched,True
85,4,69,0.4,0,middle,16.0,13.293341804342099,0.5587442366156634,15.999999999999996,16.000000000000004,4.440892098500626e-16,matched,True
85,4,69,0.4,0,high,64.0,6.6181887006775,0.0902158077092512,64.00000000000003,64.00000000000001,2.220446049250312e-16,matched,True
86,4,70,0.4,0,low,4.0,38.33310034590244,4.718142596956707,4.000000000000001,4.000000000000001,0.0,matched,True
86,4,70,0.4,0,middle,16.0,19.33756676376497,0.7117792669893466,15.999999999999996,15.999999999999993,2.220446049250314e-16,matched,True
86,4,70,0.4,0,high,64.0,8.071757050300146,0.1013689521502199,64.0,64.0,0.0,matched,True
87,4,73,0.4,0,low,4.0,39.621613895749746,5.613171323564986,4.0,4.0,0.0,matched,True
87,4,73,0.4,0,middle,16.0,17.666734519266043,0.601085324098245,16.0,15.999999999999993,4.440892098500627e-16,matched,True
87,4,73,0.4,0,high,64.0,7.222884847516044,0.09013095224689938,64.0,64.00000000000003,4.440892098500625e-16,matched,True
88,4,74,0.4,0,low,4.0,28.946203417433317,4.752708206288036,4.0,4.0,0.0,matched,True
88,4,74,0.4,0,middle,16.0,15.385423266871854,0.5002617846913164,16.000000000000004,16.0,2.220446049250313e-16,matched,True
88,4,74,0.4,0,high,64.0,6.56692634847813,0.08545057306965506,63.999999999999986,64.0,2.2204460492503136e-16,matched,True
89,4,81,0.4,0,low,4.0,22.35733804248301,2.778235584831517,4.000000000000001,3.999999999999999,4.440892098500626e-16,matched,True
89,4,81,0.4,0,middle,16.0,14.15302392724906,0.6037735849056602,16.0,16.000000000000014,8.881784197001248e-16,matched,True
89,4,81,0.4,0,high,64.0,6.635353459390281,0.0844903546909026,64.00000000000001,64.0,2.220446049250313e-16,matched,True
90,4,82,0.4,0,low,4.0,27.56443376242593,3.491486243775878,4.0,4.0,0.0,matched,True
90,4,82,0.4,0,middle,16.0,15.947063875448933,0.573497722090548,16.000000000000007,16.000000000000004,2.220446049250312e-16,matched,True
90,4,82,0.4,0,high,64.0,7.339396949625943,0.09834604408068395,64.0,64.0,0.0,matched,True
91,4,89,0.4,0,low,4.0,36.93402575637333,4.276179870598792,4.000000000000002,3.999999999999999,6.661338147750939e-16,matched,True
91,4,89,0.4,0,middle,16.0,19.448021812096417,0.7793296386295712,16.0,16.000000000000004,2.220446049250313e-16,matched,True
91,4,89,0.4,0,high,64.0,7.479255945382607,0.08503152151672655,64.0,64.0,0.0,matched,True
92,4,90,0.4,0,low,4.0,42.240895723879134,4.437601569801833,4.000000000000002,4.0,4.440892098500625e-16,matched,True
92,4,90,0.4,0,middle,16.0,19.781789825768513,0.7609563144844261,16.000000000000007,15.99999999999999,1.1102230246251567e-15,matched,True
92,4,90,0.4,0,high,64.0,7.650371549889986,0.08995864960879851,63.999999999999986,64.00000000000001,4.440892098500626e-16,matched,True
93,4,91,0.4,0,low,4.0,28.091055016858974,3.623286509262706,4.000000000000002,4.0,4.440892098500625e-16,matched,True
93,4,91,0.4,0,middle,16.0,17.006288011561793,0.6676817116626841,16.0,16.00000000000001,6.661338147750936e-16,matched,True
93,4,91,0.4,0,high,64.0,7.6295745954242165,0.09468249533161738,64.00000000000001,64.0,2.220446049250313e-16,matched,True
94,4,94,0.4,0,low,4.0,57.001203679269594,7.22806322324201,4.000000000000001,4.0,2.220446049250313e-16,matched,True
94,4,94,0.4,0,middle,16.0,19.64186879521401,0.5523619806899474,15.999999999999993,15.999999999999993,0.0,matched,True
94,4,94,0.4,0,high,64.0,7.800371341533879,0.10391399696502072,64.0,64.0,0.0,matched,True
95,4,96,0.4,0,low,4.0,35.19629092975806,3.8111445387226457,4.0,4.0,0.0,matched,True
95,4,96,0.4,0,middle,16.0,17.29614620233468,0.6409529814567769,16.0,16.0,0.0,matched,True
95,4,96,0.4,0,high,64.0,7.201435965426207,0.08822180562165327,64.0,63.99999999999997,4.440892098500627e-16,matched,True
0,5,0,0.1,0,low,4.0,5.705472066726575,0.63180258092317,4.0,4.000000000000003,6.661338147750936e-16,matched,True
0,5,0,0.1,0,middle,16.0,4.237500232070275,0.25384126206284746,15.999999999999993,16.000000000000004,6.66133814775094e-16,matched,True
0,5,0,0.1,0,high,64.0,2.6818184326109513,0.06674762196870473,63.999999999999986,63.99999999999996,4.440892098500628e-16,matched,True
1,5,1,0.1,0,low,4.0,6.021097815279387,0.6600393843843895,4.000000000000001,3.999999999999999,4.440892098500626e-16,matched,True
1,5,1,0.1,0,middle,16.0,4.451294373361444,0.26084554622783657,15.999999999999996,16.0,2.2204460492503136e-16,matched,True
1,5,1,0.1,0,high,64.0,2.7852974211487687,0.06233528630355589,64.0,63.999999999999915,1.3322676295501888e-15,matched,True
2,5,2,0.1,0,low,4.0,5.885467189492132,0.6707969981152845,4.000000000000002,3.9999999999999982,8.881784197001252e-16,matched,True
2,5,2,0.1,0,middle,16.0,4.356650176260573,0.25218328139368307,16.00000000000001,15.999999999999964,2.8865798640254094e-15,matched,True
2,5,2,0.1,0,high,64.0,2.7349032800782833,0.06307816419471055,64.0,64.00000000000011,1.7763568394002489e-15,matched,True
3,5,6,0.1,0,low,4.0,5.995012654268522,0.6721809596566359,4.0,4.000000000000002,4.440892098500625e-16,matched,True
3,5,6,0.1,0,middle,16.0,4.45042465489018,0.27506044472738544,15.999999999999996,15.999999999999979,1.1102230246251573e-15,matched,True
3,5,6,0.1,0,high,64.0,2.8101243477878395,0.06773423822727669,63.999999999999986,63.99999999999997,2.220446049250314e-16,matched,True
4,5,8,0.1,0,low,4.0,5.887206197135224,0.6558556798063686,4.000000000000002,3.999999999999999,6.661338147750939e-16,matched,True
4,5,8,0.1,0,middle,16.0,4.35576341470531,0.2548610486640288,16.0,16.00000000000001,6.661338147750936e-16,matched,True
4,5,8,0.1,0,high,64.0,2.729657062064055,0.06283294180132992,64.0,63.999999999999915,1.3322676295501888e-15,matched,True
5,5,10,0.1,0,low,4.0,5.964950503981094,0.6770307493985444,4.0,4.000000000000003,6.661338147750936e-16,matched,True
5,5,10,0.1,0,middle,16.0,4.4214464779782015,0.2619725963026085,15.999999999999993,15.999999999999996,2.220446049250314e-16,matched,True
5,5,10,0.1,0,high,64.0,2.7830840425789996,0.06580163075044826,63.999999999999986,64.00000000000004,8.88178419700125e-16,matched,True
6,5,12,0.1,0,low,4.0,5.987462391710594,0.6574848969620501,3.9999999999999982,4.000000000000003,1.1102230246251565e-15,matched,True
6,5,12,0.1,0,middle,16.0,4.444429049016696,0.2672524693256625,16.00000000000001,16.00000000000003,1.1102230246251552e-15,matched,True
6,5,12,0.1,0,high,64.0,2.8077981684462374,0.06917308402635328,64.00000000000001,64.0,2.220446049250313e-16,matched,True
7,5,15,0.1,0,low,4.0,5.8646110154489435,0.651487266734355,4.000000000000001,3.999999999999999,4.440892098500626e-16,matched,True
7,5,15,0.1,0,middle,16.0,4.352356687543428,0.26481409823528246,16.0,15.999999999999986,8.881784197001256e-16,matched,True
7,5,15,0.1,0,high,64.0,2.747041071188079,0.06644860544010123,64.0,64.00000000000014,2.2204460492503107e-15,matched,True
8,5,20,0.1,0,low,4.0,5.909393565851853,0.6537632664256845,4.000000000000002,4.0,4.440892098500625e-16,matched,True
8,5,20,0.1,0,middle,16.0,4.370403679176342,0.24500503653225447,15.99999999999999,16.000000000000018,1.77635683940025e-15,matched,True
8,5,20,0.1,0,high,64.0,2.7397868403541494,0.063685911371373,64.00000000000001,63.99999999999996,8.881784197001254e-16,matched,True
9,5,21,0.1,0,low,4.0,6.000717954048593,0.6693537660979825,4.0,4.0,0.0,matched,True
9,5,21,0.1,0,middle,16.0,4.435364670847324,0.2584482850431531,16.0,16.00000000000001,6.661338147750936e-16,matched,True
9,5,21,0.1,0,high,64.0,2.7725106330284817,0.06260861990644129,63.99999999999997,64.0,4.440892098500627e-16,matched,True
10,5,23,0.1,0,low,4.0,5.920595713538949,0.6666666666666665,4.000000000000001,4.000000000000002,2.220446049250312e-16,matched,True
10,5,23,0.1,0,middle,16.0,4.373413652557474,0.24737667457443513,16.00000000000001,16.0,6.661338147750936e-16,matched,True
10,5,23,0.1,0,high,64.0,2.7320277155218253,0.06066654713377062,64.0,64.00000000000004,6.661338147750936e-16,matched,True
11,5,26,0.1,0,low,4.0,5.910396918616789,0.6601396958462953,3.999999999999999,3.999999999999999,0.0,matched,True
11,5,26,0.1,0,middle,16.0,4.3771254432259585,0.25612455639352366,16.000000000000007,15.999999999999993,8.881784197001252e-16,matched,True
11,5,26,0.1,0,high,64.0,2.7512505527622366,0.0641096942246524,63.999999999999986,63.999999999999986,0.0,matched,True
12,5,29,0.1,0,low,4.0,5.882299914694892,0.6579850757312046,4.000000000000002,4.000000000000001,2.220446049250312e-16,matched,True
12,5,29,0.1,0,middle,16.0,4.349724946447569,0.24736224435786136,16.000000000000007,16.0,4.440892098500625e-16,matched,True
12,5,29,0.1,0,high,64.0,2.7234348877083763,0.06226281133208289,64.00000000000001,63.999999999999986,4.440892098500626e-16,matched,True
13,5,40,0.1,0,low,4.0,5.97400446583356,0.678384784616626,3.9999999999999973,4.0,6.661338147750941e-16,matched,True
13,5,40,0.1,0,middle,16.0,4.422873966934081,0.2564378172076307,15.999999999999993,16.000000000000007,8.881784197001252e-16,matched,True
13,5,40,0.1,0,high,64.0,2.776007145550526,0.06490387105921513,64.0,63.99999999999996,6.661338147750941e-16,matched,True
14,5,43,0.1,0,low,4.0,5.8091626644221295,0.6368868629616342,4.000000000000001,4.000000000000001,0.0,matched,True
14,5,43,0.1,0,middle,16.0,4.300283920057075,0.24592581683234815,16.000000000000004,16.000000000000014,6.661338147750936e-16,matched,True
14,5,43,0.1,0,high,64.0,2.7010116399803747,0.06347290335848799,64.00000000000001,64.00000000000006,6.661338147750936e-16,matched,True
15,5,45,0.1,0,low,4.0,5.92252319233935,0.6613470118106031,3.9999999999999973,4.0,6.661338147750941e-16,matched,True
15,5,45,0.1,0,middle,16.0,4.3824010047997275,0.2521741100665922,16.000000000000007,16.00000000000002,8.881784197001244e-16,matched,True
15,5,45,0.1,0,high,64.0,2.749183021643706,0.06307364896151024,63.999999999999986,64.00000000000004,8.88178419700125e-16,matched,True
16,5,47,0.1,0,low,4.0,5.8819471331826945,0.6697861934941338,4.000000000000001,3.999999999999999,4.440892098500626e-16,matched,True
16,5,47,0.1,0,middle,16.0,4.352274631532462,0.2548843196786379,16.0,16.00000000000001,6.661338147750936e-16,matched,True
16,5,47,0.1,0,high,64.0,2.727671605002076,0.06225940160969706,64.0,64.0,0.0,matched,True
17,5,52,0.1,0,low,4.0,5.9935968137366,0.6699459125560828,4.000000000000001,4.000000000000001,0.0,matched,True
17,5,52,0.1,0,middle,16.0,4.425906493654909,0.2517366801779617,16.000000000000004,15.999999999999996,4.440892098500626e-16,matched,True
17,5,52,0.1,0,high,64.0,2.762262841014369,0.06146401239471544,64.0,63.99999999999987,1.9984014443252837e-15,matched,True
18,5,55,0.1,0,low,4.0,5.87696064613813,0.6522213613040004,3.999999999999999,4.0,2.2204460492503136e-16,matched,True
18,5,55,0.1,0,middle,16.0,4.36267421493093,0.2613908791051007,15.999999999999996,15.999999999999993,2.220446049250314e-16,matched,True
18,5,55,0.1,0,high,64.0,2.757299630914927,0.06766359079203088,63.999999999999986,63.999999999999986,0.0,matched,True
19,5,58,0.1,0,low,4.0,5.956737682626288,0.6626167765788225,3.9999999999999982,4.0000000000000036,1.3322676295501877e-15,matched,True
19,5,58,0.1,0,middle,16.0,4.417103403141198,0.2579087323167837,15.99999999999999,15.999999999999986,2.220446049250315e-16,matched,True
19,5,58,0.1,0,high,64.0,2.7848066789703285,0.06774804800544157,64.00000000000003,64.0,4.440892098500625e-16,matched,True
20,5,59,0.1,0,low,4.0,5.904508779805501,0.6752666751138199,3.999999999999999,3.9999999999999982,2.220446049250314e-16,matched,True
20,5,59,0.1,0,middle,16.0,4.374656198442165,0.25607375986579156,16.000000000000007,16.000000000000004,2.220446049250312e-16,matched,True
20,5,59,0.1,0,high,64.0,2.750861612316318,0.06394094583647736,64.0,64.0,0.0,matched,True
21,5,62,0.1,0,low,4.0,5.874048044505665,0.674405171262336,4.000000000000002,4.000000000000001,2.220446049250312e-16,matched,True
21,5,62,0.1,0,middle,16.0,4.35316863437828,0.2523605699426439,15.999999999999993,15.99999999999999,2.2204460492503146e-16,matched,True
21,5,62,0.1,0,high,64.0,2.7394379160941646,0.0650606568291532,64.00000000000003,63.99999999999997,8.881784197001252e-16,matched,True
22,5,63,0.1,0,low,4.0,5.942472321092847,0.6802920959930372,4.000000000000002,4.000000000000002,0.0,matched,True
22,5,63,0.1,0,middle,16.0,4.399836107005048,0.2642293819690823,16.0,16.0,0.0,matched,True
22,5,63,0.1,0,high,64.0,2.760228222012587,0.06309438933850853,64.00000000000001,63.99999999999996,8.881784197001254e-16,matched,True
23,5,64,0.1,0,low,4.0,6.061264177221249,0.6605697290465797,3.999999999999999,4.0,2.2204460492503136e-16,matched,True
23,5,64,0.1,0,middle,16.0,4.475039385909872,0.2464345824670211,16.000000000000004,16.00000000000003,1.5543122344752178e-15,matched,True
23,5,64,0.1,0,high,64.0,2.7969484833043303,0.06477815173548823,64.00000000000001,63.99999999999993,1.3322676295501884e-15,matched,True
24,5,65,0.1,0,low,4.0,5.959185010755105,0.6675686998745709,4.000000000000001,3.9999999999999982,6.66133814775094e-16,matched,True
24,5,65,0.1,0,middle,16.0,4.409781627489787,0.24777004471600395,16.000000000000007,16.0,4.440892098500625e-16,matched,True
24,5,65,0.1,0,high,64.0,2.7683070761872166,0.06511913912348533,64.0,64.00000000000004,6.661338147750936e-16,matched,True
25,5,66,0.1,0,low,4.0,5.918535208980835,0.6847609065355648,3.9999999999999982,4.0,4.440892098500627e-16,matched,True
25,5,66,0.1,0,middle,16.0,4.377811134874607,0.24732850549685456,16.0,15.99999999999999,6.661338147750941e-16,matched,True
25,5,66,0.1,0,high,64.0,2.743046894226632,0.0627726168675127,63.999999999999986,63.99999999999994,6.661338147750943e-16,matched,True
26,5,72,0.1,0,low,4.0,5.822205831491836,0.6295303210541376,3.9999999999999982,4.000000000000001,6.66133814775094e-16,matched,True
26,5,72,0.1,0,middle,16.0,4.302611052931767,0.24576152254650138,16.000000000000007,16.000000000000007,0.0,matched,True
26,5,72,0.1,0,high,64.0,2.6927118962305343,0.0616211038197263,63.999999999999986,63.999999999999986,0.0,matched,True
27,5,74,0.1,0,low,4.0,5.953005491273691,0.6542886560876248,4.000000000000001,3.999999999999999,4.440892098500626e-16,matched,True
27,5,74,0.1,0,middle,16.0,4.4079796915643605,0.2566729176035558,16.000000000000007,16.00000000000007,3.996802888650554e-15,matched,True
27,5,74,0.1,0,high,64.0,2.7692087070744047,0.06556374612760374,63.999999999999986,63.99999999999997,2.220446049250314e-16,matched,True
28,5,81,0.1,0,low,4.0,5.9774415077858265,0.6647220830397398,3.9999999999999982,4.0,4.440892098500627e-16,matched,True
28,5,81,0.1,0,middle,16.0,4.435820790333483,0.26754313136369884,15.999999999999996,15.999999999999979,1.1102230246251573e-15,matched,True
28,5,81,0.1,0,high,64.0,2.799679768793093,0.06863494407614829,64.0,63.999999999999986,2.2204460492503136e-16,matched,True
29,5,89,0.1,0,low,4.0,5.774131562220525,0.632308895362228,3.999999999999999,4.0,2.2204460492503136e-16,matched,True
29,5,89,0.1,0,middle,16.0,4.275404985929275,0.24748141479859553,16.0,16.0,0.0,matched,True
29,5,89,0.1,0,high,64.0,2.686827374040545,0.06295588329390628,64.0,63.999999999999915,1.3322676295501888e-15,matched,True
30,5,92,0.1,0,low,4.0,5.827398006317524,0.6527523579374175,3.9999999999999982,4.0000000000000036,1.3322676295501877e-15,matched,True
30,5,92,0.1,0,middle,16.0,4.325519324154424,0.2638517899016317,16.000000000000004,15.999999999999993,6.66133814775094e-16,matched,True
30,5,92,0.1,0,high,64.0,2.7307018141083024,0.06650711991275493,64.00000000000001,64.00000000000003,2.220446049250312e-16,matched,True
31,5,98,0.1,0,low,4.0,6.052671522372887,0.7052286019481581,4.000000000000001,4.000000000000001,0.0,matched,True
31,5,98,0.1,0,middle,16.0,4.468578369741951,0.2524663314755971,16.0,16.00000000000001,6.661338147750936e-16,matched,True
31,5,98,0.1,0,high,64.0,2.786100253193484,0.06098708035514244,64.0,64.00000000000001,2.220446049250313e-16,matched,True
32,5,0,0.25,0,low,4.0,9.802235697076725,1.0499487342235372,4.0,3.999999999999999,2.2204460492503136e-16,matched,True
32,5,0,0.25,0,middle,16.0,7.109123718978139,0.35690609632471837,15.99999999999999,15.999999999999957,1.998401444325285e-15,matched,True
32,5,0,0.25,0,high,64.0,4.313637582817595,0.08773892778380787,64.0,64.0,0.0,matched,True
33,5,1,0.25,0,low,4.0,10.11170852865982,1.1887234655128591,4.0,4.000000000000001,2.220446049250313e-16,matched,True
33,5,1,0.25,0,middle,16.0,7.336556182850306,0.37539954598469016,15.999999999999996,16.0,2.2204460492503136e-16,matched,True
33,5,1,0.25,0,high,64.0,4.39231798892788,0.08248071401091783,64.0,63.99999999999994,8.881784197001256e-16,matched,True
34,5,2,0.25,0,low,4.0,9.55470703285163,1.055664653522376,4.000000000000001,3.999999999999999,4.440892098500626e-16,matched,True
34,5,2,0.25,0,middle,16.0,6.973204486094174,0.368969820342667,15.999999999999996,16.000000000000007,6.661338147750939e-16,matched,True
34,5,2,0.25,0,high,64.0,4.243076555131336,0.08402336962387147,64.0,63.999999999999915,1.3322676295501888e-15,matched,True
35,5,6,0.25,0,low,4.0,9.979333103446848,1.1500811742543888,4.000000000000004,3.9999999999999964,1.9984014443252818e-15,matched,True
35,5,6,0.25,0,middle,16.0,7.24395591196332,0.39167518343084695,15.999999999999996,15.99999999999999,4.440892098500628e-16,matched,True
35,5,6,0.25,0,high,64.0,4.320408411851829,0.0760376921966347,64.0,64.00000000000001,2.220446049250313e-16,matched,True
36,5,8,0.25,0,low,4.0,10.277801371109204,1.181371503500693,4.000000000000001,4.0,2.220446049250313e-16,matched,True
36,5,8,0.25,0,middle,16.0,7.376292800517756,0.3803240572838219,16.0,16.000000000000014,8.881784197001248e-16,matched,True
36,5,8,0.25,0,high,64.0,4.310840710917084,0.07288211595363513,63.999999999999986,64.0,2.2204460492503136e-16,matched,True
37,5,10,0.25,0,low,4.0,10.188970540756369,1.1376452006794198,4.000000000000001,4.0,2.220446049250313e-16,matched,True
37,5,10,0.25,0,middle,16.0,7.370451299203204,0.37777204305716516,16.0,15.99999999999999,6.661338147750941e-16,matched,True
37,5,10,0.25,0,high,64.0,4.411756503193653,0.08299758097071264,64.0,64.0,0.0,matched,True
38,5,12,0.25,0,low,4.0,9.975258896955555,1.184733840797294,3.999999999999999,3.9999999999999982,2.220446049250314e-16,matched,True
38,5,12,0.25,0,middle,16.0,7.2416698607396786,0.36386524056820413,16.000000000000004,16.000000000000043,2.4424906541753412e-15,matched,True
38,5,12,0.25,0,high,64.0,4.353401322747651,0.08038070034866404,64.0,64.0,0.0,matched,True
39,5,15,0.25,0,low,4.0,9.61531433611843,1.1382387875842594,4.000000000000003,3.9999999999999982,1.1102230246251565e-15,matched,True
39,5,15,0.25,0,middle,16.0,7.033895496332312,0.392040890772281,16.0,16.0,0.0,matched,True
39,5,15,0.25,0,high,64.0,4.274644537091422,0.08208757416830292,63.999999999999986,64.0,2.2204460492503136e-16,matched,True
40,5,20,0.25,0,low,4.0,9.947100542183572,1.1552020370080545,4.000000000000001,3.9999999999999982,6.66133814775094e-16,matched,True
40,5,20,0.25,0,middle,16.0,7.2310797614877895,0.37893237337253716,16.000000000000004,16.00000000000001,4.440892098500624e-16,matched,True
40,5,20,0.25,0,high,64.0,4.3565148956499264,0.08064928648059438,64.00000000000003,64.0,4.440892098500625e-16,matched,True
41,5,21,0.25,0,low,4.0,10.285101211740411,1.2445212691162122,4.000000000000001,4.0,2.220446049250313e-16,matched,True
41,5,21,0.25,0,middle,16.0,7.409016696523351,0.3780562097337181,16.000000000000004,16.00000000000002,1.1102230246251556e-15,matched,True
41,5,21,0.25,0,high,64.0,4.371203155329177,0.07507188054812111,64.0,64.00000000000006,8.881784197001248e-16,matched,True
42,5,23,0.25,0,low,4.0,10.489201422695526,1.2791630035069659,4.0,4.0,0.0,matched,True
42,5,23,0.25,0,middle,16.0,7.587347053389993,0.39493133008580983,16.000000000000007,16.00000000000004,1.998401444325279e-15,matched,True
42,5,23,0.25,0,high,64.0,4.488232599494072,0.0790102468869951,63.999999999999986,64.0,2.2204460492503136e-16,matched,True
43,5,26,0.25,0,low,4.0,9.921208784539132,1.1543999525253028,4.000000000000001,4.000000000000001,0.0,matched,True
43,5,26,0.25,0,middle,16.0,7.224415569212009,0.3819617063483396,16.000000000000004,16.000000000000018,8.881784197001246e-16,matched,True
43,5,26,0.25,0,high,64.0,4.358460742799696,0.08170385069379527,64.0,64.00000000000003,4.440892098500625e-16,matched,True
44,5,29,0.25,0,low,4.0,9.955969699469843,1.1313708498984756,4.000000000000001,3.999999999999999,4.440892098500626e-16,matched,True
44,5,29,0.25,0,middle,16.0,7.273366034770008,0.3972878358869689,15.999999999999996,15.999999999999993,2.220446049250314e-16,matched,True
44,5,29,0.25,0,high,64.0,4.410804313369441,0.08514126226916474,64.0,63.99999999999997,4.440892098500627e-16,matched,True
45,5,40,0.25,0,low,4.0,10.271029473629099,1.275720755355679,4.000000000000001,3.999999999999999,4.440892098500626e-16,matched,True
45,5,40,0.25,0,middle,16.0,7.318027798333722,0.3465076304933553,16.0,16.0,0.0,matched,True
45,5,40,0.25,0,high,64.0,4.2335758937727945,0.07030004884773813,64.0,63.99999999999994,8.881784197001256e-16,matched,True
46,5,43,0.25,0,low,4.0,9.902075339301184,1.126220779976936,4.000000000000001,4.0,2.220446049250313e-16,matched,True
46,5,43,0.25,0,middle,16.0,7.178484357490685,0.38851434494290604,15.999999999999996,16.0,2.2204460492503136e-16,matched,True
46,5,43,0.25,0,high,64.0,4.279697936030456,0.07398082251278437,64.0,63.99999999999997,4.440892098500627e-16,matched,True
47,5,45,0.25,0,low,4.0,9.724215689210068,1.1417984514369,3.999999999999999,3.9999999999999982,2.220446049250314e-16,matched,True
47,5,45,0.25,0,middle,16.0,7.143073321901269,0.42531536532012115,16.000000000000007,15.999999999999996,6.661338147750939e-16,matched,True
47,5,45,0.25,0,high,64.0,4.37924720548577,0.08543842336184426,64.0,63.999999999999986,2.2204460492503136e-16,matched,True
48,5,47,0.25,0,low,4.0,9.602225741907974,1.1063021207925616,4.000000000000003,4.0,6.661338147750936e-16,matched,True
48,5,47,0.25,0,middle,16.0,7.0351949952942405,0.4047121870663822,15.999999999999993,16.000000000000004,6.66133814775094e-16,matched,True
48,5,47,0.25,0,high,64.0,4.292287122867145,0.08218179593160917,64.00000000000001,64.00000000000007,8.881784197001246e-16,matched,True
49,5,52,0.25,0,low,4.0,10.106355623463296,1.2192012192018282,4.0,4.000000000000001,2.220446049250313e-16,matched,True
49,5,52,0.25,0,middle,16.0,7.338316715155115,0.3781453894007645,16.000000000000007,16.0,4.440892098500625e-16,matched,True
49,5,52,0.25,0,high,64.0,4.406268933494861,0.08010226472070511,64.0,63.99999999999994,8.881784197001256e-16,matched,True
50,5,55,0.25,0,low,4.0,9.614612284140547,1.1353515588287815,3.999999999999999,4.0,2.2204460492503136e-16,matched,True
50,5,55,0.25,0,middle,16.0,7.046299489101106,0.39967652916232344,16.0,15.99999999999999,6.661338147750941e-16,matched,True
50,5,55,0.25,0,high,64.0,4.309428390740676,0.08580829949317437,64.0,64.0,0.0,matched,True
51,5,58,0.25,0,low,4.0,10.099931527084994,1.1925695879998877,4.000000000000002,3.9999999999999973,1.1102230246251567e-15,matched,True
51,5,58,0.25,0,middle,16.0,7.303855504762492,0.3673322546304676,15.999999999999996,16.000000000000025,1.7763568394002493e-15,matched,True
51,5,58,0.25,0,high,64.0,4.358314253348937,0.07984800569603356,63.999999999999986,64.0,2.2204460492503136e-16,matched,True
52,5,59,0.25,0,low,4.0,9.896068267771284,1.129959282474318,3.9999999999999982,4.0,4.440892098500627e-16,matched,True
52,5,59,0.25,0,middle,16.0,7.184710234558612,0.38664705217484396,16.000000000000004,15.999999999999993,6.66133814775094e-16,matched,True
52,5,59,0.25,0,high,64.0,4.302446761398996,0.07804042443522086,64.0,64.0,0.0,matched,True
53,5,62,0.25,0,low,4.0,9.492520615333442,1.1159773319406652,4.000000000000001,3.9999999999999982,6.66133814775094e-16,matched,True
53,5,62,0.25,0,middle,16.0,6.975557007477775,0.3862166324563736,15.999999999999993,15.999999999999979,8.88178419700126e-16,matched,True
53,5,62,0.25,0,high,64.0,4.29643823996959,0.08830846426236238,64.0,64.0,0.0,matched,True
54,5,63,0.25,0,low,4.0,9.9045573642004,1.1257560715684671,3.9999999999999973,3.999999999999999,4.440892098500628e-16,matched,True
54,5,63,0.25,0,middle,16.0,7.1754668532935275,0.3583741041712498,16.000000000000004,16.000000000000004,0.0,matched,True
54,5,63,0.25,0,high,64.0,4.302642061453177,0.08091317869747057,64.0,63.99999999999993,1.1102230246251571e-15,matched,True
55,5,64,0.25,0,low,4.0,9.824909798375476,1.107157079119887,4.000000000000002,4.0,4.440892098500625e-16,matched,True
55,5,64,0.25,0,middle,16.0,7.109495497548899,0.3655874064063001,16.0,16.000000000000004,2.220446049250313e-16,matched,True
55,5,64,0.25,0,high,64.0,4.2550415231119505,0.07760774796823894,63.999999999999986,64.00000000000003,6.661338147750939e-16,matched,True
56,5,65,0.25,0,low,4.0,10.129713065756498,1.191100000765117,4.000000000000002,4.0,4.440892098500625e-16,matched,True
56,5,65,0.25,0,middle,16.0,7.32861244144452,0.3866124861374344,16.000000000000004,15.99999999999999,8.881784197001254e-16,matched,True
56,5,65,0.25,0,high,64.0,4.344217615416504,0.07724230895506047,64.0,63.999999999999986,2.2204460492503136e-16,matched,True
57,5,66,0.25,0,low,4.0,10.192080832578306,1.2288015728670194,4.000000000000002,4.000000000000002,0.0,matched,True
57,5,66,0.25,0,middle,16.0,7.30022696456173,0.36489230975808695,15.999999999999993,16.0,4.440892098500627e-16,matched,True
57,5,66,0.25,0,high,64.0,4.256767810538723,0.07206156687840626,64.0,63.999999999999986,2.2204460492503136e-16,matched,True
58,5,72,0.25,0,low,4.0,9.877850262609742,1.1449685839888701,4.000000000000002,4.0,4.440892098500625e-16,matched,True
58,5,72,0.25,0,middle,16.0,7.207507232412041,0.42410464526936714,15.999999999999996,16.000000000000004,4.440892098500626e-16,matched,True
58,5,72,0.25,0,high,64.0,4.344675122148115,0.07777557063645135,64.0,64.00000000000001,2.220446049250313e-16,matched,True
59,5,74,0.25,0,low,4.0,9.758026310048836,1.1514255819161958,4.000000000000003,3.999999999999999,8.88178419700125e-16,matched,True
59,5,74,0.25,0,middle,16.0,7.085716844647507,0.3557312687145666,16.0,15.999999999999993,4.440892098500627e-16,matched,True
59,5,74,0.25,0,high,64.0,4.263651750148051,0.08230631888028761,63.999999999999986,63.99999999999997,2.220446049250314e-16,matched,True
60,5,81,0.25,0,low,4.0,9.787980994203517,1.1604757339050265,4.000000000000002,3.9999999999999982,8.881784197001252e-16,matched,True
60,5,81,0.25,0,middle,16.0,7.1086461321181895,0.3788734468475843,15.999999999999996,16.000000000000004,4.440892098500626e-16,matched,True
60,5,81,0.25,0,high,64.0,4.253713914392243,0.07834873602173087,64.00000000000001,63.99999999999997,6.66133814775094e-16,matched,True
61,5,89,0.25,0,low,4.0,9.774511242617733,1.113843880540073,4.000000000000002,4.0,4.440892098500625e-16,matched,True
61,5,89,0.25,0,middle,16.0,7.141853751836238,0.38552538030252714,15.999999999999996,16.000000000000007,6.661338147750939e-16,matched,True
61,5,89,0.25,0,high,64.0,4.345100826285433,0.08478590818784326,63.999999999999986,64.00000000000001,4.440892098500626e-16,matched,True
62,5,92,0.25,0,low,4.0,9.778095939473342,1.198759737965588,4.0,4.0,0.0,matched,True
62,5,92,0.25,0,middle,16.0,7.116179307199451,0.3920798367362601,15.999999999999996,15.999999999999986,6.661338147750943e-16,matched,True
62,5,92,0.25,0,high,64.0,4.2755029768343995,0.07638285088227298,63.99999999999994,63.99999999999996,2.220446049250315e-16,matched,True
63,5,98,0.25,0,low,4.0,10.179538040871389,1.1979894392548802,4.000000000000001,4.000000000000001,0.0,matched,True
63,5,98,0.25,0,middle,16.0,7.241016952396506,0.3405026123034993,16.000000000000004,16.000000000000018,8.881784197001246e-16,matched,True
63,5,98,0.25,0,high,64.0,4.191375988577159,0.07202073466764847,64.00000000000001,64.0,2.220446049250313e-16,matched,True
64,5,0,0.4,0,low,4.0,58.77797580387285,6.53197264742181,4.0,3.999999999999999,2.2204460492503136e-16,matched,True
64,5,0,0.4,0,middle,16.0,21.798795804467368,0.7898397453437185,16.0,16.000000000000007,4.440892098500625e-16,matched,True
64,5,0,0.4,0,high,64.0,8.328269830439138,0.09957752792693653,64.0,64.0,0.0,matched,True
65,5,1,0.4,0,low,4.0,51.43671210294496,7.595402612440658,4.0,4.000000000000001,2.220446049250313e-16,matched,True
65,5,1,0.4,0,middle,16.0,21.02993718590271,0.7305735281685564,16.0,16.0,0.0,matched,True
65,5,1,0.4,0,high,64.0,7.444429926535747,0.08749405334064841,64.00000000000001,64.00000000000001,0.0,matched,True
66,5,2,0.4,0,low,4.0,31.934396279231663,3.0046144192831505,4.0,3.999999999999999,2.2204460492503136e-16,matched,True
66,5,2,0.4,0,middle,16.0,18.132462244421696,0.7965228025417836,16.0,16.00000000000002,1.332267629550187e-15,matched,True
66,5,2,0.4,0,high,64.0,8.053812028422414,0.10113957103975868,64.0,64.0,0.0,matched,True
67,5,6,0.4,0,low,4.0,46.774912377306464,6.53197264742181,4.000000000000001,3.9999999999999982,6.66133814775094e-16,matched,True
67,5,6,0.4,0,middle,16.0,19.453003754095448,0.6438749092684268,16.000000000000007,16.0,4.440892098500625e-16,matched,True
67,5,6,0.4,0,high,64.0,6.84573621034248,0.08028443283090952,63.999999999999986,63.999999999999986,0.0,matched,True
68,5,8,0.4,0,low,4.0,22.295976154341353,2.743977362280142,4.000000000000001,4.0,2.220446049250313e-16,matched,True
68,5,8,0.4,0,middle,16.0,14.305703925436934,0.6118311985044178,16.000000000000004,15.999999999999993,6.66133814775094e-16,matched,True
68,5,8,0.4,0,high,64.0,6.926902751975763,0.0936157442322732,64.00000000000001,64.0,2.220446049250313e-16,matched,True
69,5,10,0.4,0,low,4.0,41.15805488731602,5.59883369779012,3.999999999999999,4.0,2.2204460492503136e-16,matched,True
69,5,10,0.4,0,middle,16.0,22.414212294308697,0.9546923442581576,15.999999999999996,16.0,2.2204460492503136e-16,matched,True
69,5,10,0.4,0,high,64.0,7.798193458582304,0.08734540578796324,64.0,64.00000000000004,6.661338147750936e-16,matched,True
70,5,12,0.4,0,low,4.0,33.82448358676709,4.71814259695671,3.9999999999999973,3.999999999999999,4.440892098500628e-16,matched,True
70,5,12,0.4,0,middle,16.0,20.269774932218933,0.862940958355944,16.0,15.999999999999996,2.2204460492503136e-16,matched,True
70,5,12,0.4,0,high,64.0,8.35167852618504,0.09744113179408842,64.00000000000001,64.00000000000003,2.220446049250312e-16,matched,True
71,5,15,0.4,0,low,4.0,62.6517627612169,8.552359741197577,4.0,4.0,0.0,matched,True
71,5,15,0.4,0,middle,16.0,20.805422136015473,0.6735378363625881,16.0,16.0,0.0,matched,True
71,5,15,0.4,0,high,64.0,8.00481970259419,0.09755529852739941,63.999999999999986,63.999999999999986,0.0,matched,True
72,5,20,0.4,0,low,4.0,49.63381186806646,4.797002809573513,4.000000000000001,4.0,2.220446049250313e-16,matched,True
72,5,20,0.4,0,middle,16.0,18.40618802510466,0.6381308867560209,16.0,16.0,0.0,matched,True
72,5,20,0.4,0,high,64.0,7.423364656824036,0.09178495985201884,64.0,64.0,0.0,matched,True
73,5,21,0.4,0,low,4.0,36.87895580404191,4.4956118955921305,4.0,4.0,0.0,matched,True
73,5,21,0.4,0,middle,16.0,21.576052845251677,0.9636106685240104,16.000000000000004,15.999999999999993,6.66133814775094e-16,matched,True
73,5,21,0.4,0,high,64.0,8.78403474601113,0.10357982747601557,63.999999999999986,64.00000000000001,4.440892098500626e-16,matched,True
74,5,23,0.4,0,low,4.0,42.03839086070325,8.0,4.0,3.9999999999999982,4.440892098500627e-16,matched,True
74,5,23,0.4,0,middle,16.0,18.5587630455818,0.6649895151627447,16.0,15.999999999999996,2.2204460492503136e-16,matched,True
74,5,23,0.4,0,high,64.0,7.274159760260177,0.09067089658131405,64.0,64.00000000000006,8.881784197001248e-16,matched,True
75,5,26,0.4,0,low,4.0,34.24431410493386,3.8920340432841583,4.0,3.999999999999999,2.2204460492503136e-16,matched,True
75,5,26,0.4,0,middle,16.0,19.88760708558897,0.817695255291132,16.000000000000004,16.000000000000007,2.220446049250312e-16,matched,True
75,5,26,0.4,0,high,64.0,8.586317813179328,0.10773983287494238,64.00000000000001,63.99999999999997,6.66133814775094e-16,matched,True
76,5,29,0.4,0,low,4.0,34.87159925835738,3.670651741928989,3.9999999999999982,4.000000000000001,6.66133814775094e-16,matched,True
76,5,29,0.4,0,middle,16.0,16.84261441696337,0.610342894794109,16.0,16.0,0.0,matched,True
76,5,29,0.4,0,high,64.0,7.584171793530341,0.1015282171607853,64.00000000000003,64.00000000000003,0.0,matched,True
77,5,40,0.4,0,low,4.0,27.610441558403345,3.559953275919878,4.000000000000001,4.0,2.220446049250313e-16,matched,True
77,5,40,0.4,0,middle,16.0,16.50642133616729,0.6703342779034926,16.0,16.000000000000004,2.220446049250313e-16,matched,True
77,5,40,0.4,0,high,64.0,7.271078686695805,0.09090775692779834,64.00000000000001,63.99999999999997,6.66133814775094e-16,matched,True
78,5,43,0.4,0,low,4.0,41.87270056971261,4.71814259695671,4.000000000000001,4.0,2.220446049250313e-16,matched,True
78,5,43,0.4,0,middle,16.0,17.605327989902623,0.5939325765706158,16.000000000000004,16.0,2.220446049250313e-16,matched,True
78,5,43,0.4,0,high,64.0,7.243152344406825,0.09261970078342285,64.0,63.99999999999997,4.440892098500627e-16,matched,True
79,5,45,0.4,0,low,4.0,37.989739760248426,5.716716808083969,4.000000000000001,4.000000000000001,0.0,matched,True
79,5,45,0.4,0,middle,16.0,18.790823068226018,0.6129244809388258,16.0,16.0,0.0,matched,True
79,5,45,0.4,0,high,64.0,7.961381610218194,0.10527946757537343,64.0,64.0,0.0,matched,True
80,5,47,0.4,0,low,4.0,21.152358604231587,2.568645196271742,4.0,4.0,0.0,matched,True
80,5,47,0.4,0,middle,16.0,13.992219642119563,0.6519447280868249,15.999999999999996,15.999999999999996,0.0,matched,True
80,5,47,0.4,0,high,64.0,6.9471126184918015,0.0902103212370684,64.0,64.00000000000001,2.220446049250313e-16,matched,True
81,5,52,0.4,0,low,4.0,33.50052984097885,3.7199244398022167,4.000000000000001,4.0,2.220446049250313e-16,matched,True
81,5,52,0.4,0,middle,16.0,18.725005301538605,0.7739059899518939,16.0,16.000000000000018,1.1102230246251561e-15,matched,True
81,5,52,0.4,0,high,64.0,8.23582858709215,0.1009807119292696,64.00000000000001,64.00000000000001,0.0,matched,True
82,5,55,0.4,0,low,4.0,36.29591168789446,4.301862863502919,4.000000000000001,4.000000000000001,0.0,matched,True
82,5,55,0.4,0,middle,16.0,20.93221325836612,0.9630868246861531,16.0,16.0,0.0,matched,True
82,5,55,0.4,0,high,64.0,8.14382572614113,0.0931039499148747,64.0,64.00000000000003,4.440892098500625e-16,matched,True
83,5,58,0.4,0,low,4.0,35.35138096065893,4.139815855060165,4.0,3.999999999999999,2.2204460492503136e-16,matched,True
83,5,58,0.4,0,middle,16.0,17.723105378960515,0.6339762573733534,16.0,16.000000000000014,8.881784197001248e-16,matched,True
83,5,58,0.4,0,high,64.0,7.719992268309593,0.09979480398655116,64.0,64.00000000000003,4.440892098500625e-16,matched,True
84,5,59,0.4,0,low,4.0,45.50404079786506,5.487954724560282,4.0,4.0,0.0,matched,True
84,5,59,0.4,0,middle,16.0,17.56414962038707,0.6008320848608428,15.999999999999996,16.0,2.2204460492503136e-16,matched,True
84,5,59,0.4,0,high,64.0,6.939986511642957,0.08611282070455983,64.0,64.0,0.0,matched,True
85,5,62,0.4,0,low,4.0,39.6896810351405,6.15840287135601,3.9999999999999982,3.999999999999999,2.220446049250314e-16,matched,True
85,5,62,0.4,0,middle,16.0,22.899567633528505,0.9116846116771029,16.000000000000004,16.000000000000007,2.220446049250312e-16,matched,True
85,5,62,0.4,0,high,64.0,8.785717654169666,0.1030491795351296,64.0,64.0,0.0,matched,True
86,5,63,0.4,0,low,4.0,38.79899074905647,4.525483399593902,4.0,4.000000000000001,2.220446049250313e-16,matched,True
86,5,63,0.4,0,middle,16.0,19.22114563381946,0.7350982200630352,16.0,16.0,0.0,matched,True
86,5,63,0.4,0,high,64.0,7.817896611156683,0.09369252589843508,64.0,64.00000000000004,6.661338147750936e-16,matched,True
87,5,64,0.4,0,low,4.0,25.333009961545514,3.8663813973131305,4.0000000000000036,4.000000000000001,6.661338147750936e-16,matched,True
87,5,64,0.4,0,middle,16.0,15.69296807441355,0.5654543970306496,15.999999999999996,16.0,2.2204460492503136e-16,matched,True
87,5,64,0.4,0,high,64.0,7.588767427352636,0.10492958287363804,64.0,64.0,0.0,matched,True
88,5,65,0.4,0,low,4.0,39.117496839695235,4.675977831777438,3.999999999999999,4.000000000000002,6.661338147750939e-16,matched,True
88,5,65,0.4,0,middle,16.0,21.622640095372535,0.877359362047172,16.0,15.999999999999996,2.2204460492503136e-16,matched,True
88,5,65,0.4,0,high,64.0,8.717723206674153,0.10452991055217148,64.0,63.99999999999997,4.440892098500627e-16,matched,True
89,5,66,0.4,0,low,4.0,28.425800542763,4.0,3.999999999999999,4.000000000000001,4.440892098500626e-16,matched,True
89,5,66,0.4,0,middle,16.0,16.974751499755662,0.6830270805103789,15.999999999999996,16.000000000000014,1.1102230246251561e-15,matched,True
89,5,66,0.4,0,high,64.0,7.640214897013115,0.0973766625340306,64.0,63.999999999999986,2.2204460492503136e-16,matched,True
90,5,72,0.4,0,low,4.0,18.171936642894458,2.3014238471298443,4.000000000000001,4.0,2.220446049250313e-16,matched,True
90,5,72,0.4,0,middle,16.0,12.245693532810545,0.5764848058501393,16.0,16.0,0.0,matched,True
90,5,72,0.4,0,high,64.0,6.211764879085139,0.08231835242289609,64.00000000000001,64.0,2.220446049250313e-16,matched,True
91,5,74,0.4,0,low,4.0,24.826623304143414,3.7712361663282543,3.999999999999999,4.0,2.2204460492503136e-16,matched,True
91,5,74,0.4,0,middle,16.0,14.863214562066434,0.5503995921250855,16.000000000000004,16.000000000000004,0.0,matched,True
91,5,74,0.4,0,high,64.0,6.6969250692885325,0.08479941613959528,63.999999999999986,63.99999999999997,2.220446049250314e-16,matched,True
92,5,81,0.4,0,low,4.0,37.176695965574226,4.48089626888963,4.000000000000001,4.000000000000001,0.0,matched,True
92,5,81,0.4,0,middle,16.0,18.60244530311739,0.6516379146441555,15.999999999999993,16.0,4.440892098500627e-16,matched,True
92,5,81,0.4,0,high,64.0,7.446662296647197,0.09004068828994516,64.00000000000001,63.999999999999986,4.440892098500626e-16,matched,True
93,5,89,0.4,0,low,4.0,55.780347881135356,6.181339274290046,4.000000000000001,3.9999999999999982,6.66133814775094e-16,matched,True
93,5,89,0.4,0,middle,16.0,23.06324856523974,0.8445947546292224,16.0,16.000000000000007,4.440892098500625e-16,matched,True
93,5,89,0.4,0,high,64.0,7.652906377170204,0.08276802981383091,64.0,64.0,0.0,matched,True
94,5,92,0.4,0,low,4.0,43.7216480809944,6.158402871356007,4.0,4.000000000000001,2.220446049250313e-16,matched,True
94,5,92,0.4,0,middle,16.0,21.996571635998826,0.8069465847859281,16.000000000000004,16.000000000000004,0.0,matched,True
94,5,92,0.4,0,high,64.0,8.06802057799512,0.0966457209903645,64.0,64.00000000000003,4.440892098500625e-16,matched,True
95,5,98,0.4,0,low,4.0,33.76234156803712,4.718142596956708,3.999999999999999,4.0,2.2204460492503136e-16,matched,True
95,5,98,0.4,0,middle,16.0,18.761005669888434,0.6783768658051201,16.000000000000004,16.00000000000001,4.440892098500624e-16,matched,True
95,5,98,0.4,0,high,64.0,7.770366992314337,0.09573496936276377,64.0,64.00000000000001,2.220446049250313e-16,matched,True
0,6,1,0.1,0,low,4.0,6.03766404895992,0.6812932717857914,4.000000000000001,3.9999999999999982,6.66133814775094e-16,matched,True
0,6,1,0.1,0,middle,16.0,4.4704292145321745,0.2654693912630652,15.999999999999993,16.000000000000004,6.66133814775094e-16,matched,True
0,6,1,0.1,0,high,64.0,2.805241630351238,0.06397310039718918,64.0,63.99999999999993,1.1102230246251571e-15,matched,True
1,6,4,0.1,0,low,4.0,5.94599388274872,0.6406868182981579,3.9999999999999982,4.000000000000002,8.881784197001252e-16,matched,True
1,6,4,0.1,0,middle,16.0,4.407269901398554,0.2547914535642337,16.0,15.999999999999996,2.2204460492503136e-16,matched,True
1,6,4,0.1,0,high,64.0,2.7770295984936855,0.06806238676605667,63.99999999999997,63.99999999999996,2.2204460492503146e-16,matched,True
2,6,5,0.1,0,low,4.0,6.033194684595563,0.6749350671613547,4.0,3.9999999999999973,6.661338147750941e-16,matched,True
2,6,5,0.1,0,middle,16.0,4.4740677982975505,0.26407016710694087,16.0,16.00000000000005,3.1086244689504336e-15,matched,True
2,6,5,0.1,0,high,64.0,2.819050701638942,0.06756723017954036,64.00000000000001,64.00000000000001,0.0,matched,True
3,6,11,0.1,0,low,4.0,5.9006964361510175,0.6591566131030017,4.000000000000001,4.000000000000001,0.0,matched,True
3,6,11,0.1,0,middle,16.0,4.385014292446966,0.26340146718212143,16.000000000000007,15.999999999999961,2.8865798640254098e-15,matched,True
3,6,11,0.1,0,high,64.0,2.7787603525564073,0.07000351795819751,63.99999999999997,64.00000000000001,6.66133814775094e-16,matched,True
4,6,15,0.1,0,low,4.0,5.990431949220822,0.6791417816229344,3.999999999999999,3.9999999999999982,2.220446049250314e-16,matched,True
4,6,15,0.1,0,middle,16.0,4.431150212246266,0.25086088749786256,16.000000000000014,15.999999999999986,1.7763568394002505e-15,matched,True
4,6,15,0.1,0,high,64.0,2.777400673206486,0.0637265241210651,64.0,64.00000000000006,8.881784197001248e-16,matched,True
5,6,17,0.1,0,low,4.0,6.030055335343122,0.6889862021513691,4.000000000000001,3.999999999999999,4.440892098500626e-16,matched,True
5,6,17,0.1,0,middle,16.0,4.459253009522981,0.2597398685943293,15.999999999999993,16.00000000000002,1.7763568394002497e-15,matched,True
5,6,17,0.1,0,high,64.0,2.7905431369746747,0.06318951146798685,64.00000000000001,64.00000000000004,4.440892098500624e-16,matched,True
6,6,18,0.1,0,low,4.0,5.990255829824351,0.6863229669293033,4.000000000000001,4.000000000000002,2.220446049250312e-16,matched,True
6,6,18,0.1,0,middle,16.0,4.4298528229076055,0.2481185925408762,15.999999999999993,16.000000000000007,8.881784197001252e-16,matched,True
6,6,18,0.1,0,high,64.0,2.7747423355451257,0.06386378507412616,64.0,64.00000000000003,4.440892098500625e-16,matched,True
7,6,26,0.1,0,low,4.0,5.975764371481205,0.6786920047932217,3.999999999999999,4.000000000000001,4.440892098500626e-16,matched,True
7,6,26,0.1,0,middle,16.0,4.415726499464946,0.2598558410485309,15.999999999999993,16.000000000000004,6.66133814775094e-16,matched,True
7,6,26,0.1,0,high,64.0,2.7577158073127492,0.06040650800617261,63.999999999999986,63.999999999999915,1.1102230246251573e-15,matched,True
8,6,37,0.1,0,low,4.0,5.859128061946815,0.6554640962640512,4.0,4.000000000000001,2.220446049250313e-16,matched,True
8,6,37,0.1,0,middle,16.0,4.345676884903813,0.25519372731780443,16.0,15.999999999999986,8.881784197001256e-16,matched,True
8,6,37,0.1,0,high,64.0,2.7407716440191354,0.06624290005886546,63.999999999999986,64.00000000000006,1.1102230246251561e-15,matched,True
9,6,53,0.1,0,low,4.0,5.792390233518075,0.6215838598134051,4.0,4.0,0.0,matched,True
9,6,53,0.1,0,middle,16.0,4.2957938783988645,0.2544199661496198,16.00000000000001,16.00000000000002,6.661338147750933e-16,matched,True
9,6,53,0.1,0,high,64.0,2.710390582973734,0.06716376122587953,64.0,63.99999999999976,3.774758283725539e-15,matched,True
10,6,54,0.1,0,low,4.0,5.9056479487673155,0.6753146529253415,3.9999999999999973,4.000000000000001,8.881784197001254e-16,matched,True
10,6,54,0.1,0,middle,16.0,4.378837881710476,0.25344644496956725,16.000000000000007,16.000000000000036,1.776356839400248e-15,matched,True
10,6,54,0.1,0,high,64.0,2.7600213202720276,0.06627852839405302,64.0,64.0,0.0,matched,True
11,6,59,0.1,0,low,4.0,5.826003310580221,0.6575589255494565,3.9999999999999973,3.999999999999999,4.440892098500628e-16,matched,True
11,6,59,0.1,0,middle,16.0,4.321751475683902,0.25056058635100575,15.999999999999996,15.999999999999979,1.1102230246251573e-15,matched,True
11,6,59,0.1,0,high,64.0,2.7268359317027393,0.06656192597099636,63.99999999999997,63.999999999999915,8.88178419700126e-16,matched,True
12,6,60,0.1,0,low,4.0,5.939666937018389,0.6613772796392893,4.000000000000002,4.000000000000002,0.0,matched,True
12,6,60,0.1,0,middle,16.0,4.406378301291466,0.2564143273322803,15.999999999999996,16.000000000000007,6.661338147750939e-16,matched,True
12,6,60,0.1,0,high,64.0,2.781270264460633,0.068275144234895,64.0,64.0,0.0,matched,True
13,6,62,0.1,0,low,4.0,5.925169833795507,0.6643573306591062,4.000000000000001,3.999999999999999,4.440892098500626e-16,matched,True
13,6,62,0.1,0,middle,16.0,4.401327499558219,0.270171827461128,15.999999999999996,15.999999999999986,6.661338147750943e-16,matched,True
13,6,62,0.1,0,high,64.0,2.78450695208538,0.06874435750576424,64.00000000000001,64.00000000000003,2.220446049250312e-16,matched,True
14,6,63,0.1,0,low,4.0,5.975678859641667,0.6776756671891156,4.000000000000001,4.0,2.220446049250313e-16,matched,True
14,6,63,0.1,0,middle,16.0,4.420798179552882,0.2582389840481196,16.0,16.0,0.0,matched,True
14,6,63,0.1,0,high,64.0,2.769863844798467,0.062229257022748286,64.0,64.00000000000001,2.220446049250313e-16,matched,True
15,6,64,0.1,0,low,4.0,5.9251683995251225,0.6564386182293365,4.000000000000001,3.999999999999999,4.440892098500626e-16,matched,True
15,6,64,0.1,0,middle,16.0,4.398417982482047,0.25811335498566335,16.0,16.00000000000001,6.661338147750936e-16,matched,True
15,6,64,0.1,0,high,64.0,2.7811038230710214,0.06866039441421856,64.0,64.00000000000004,6.661338147750936e-16,matched,True
16,6,69,0.1,0,low,4.0,5.916429436585353,0.6579974402692771,4.0,4.0,0.0,matched,True
16,6,69,0.1,0,middle,16.0,4.390855863191614,0.2565500668607783,16.000000000000004,16.000000000000004,0.0,matched,True
16,6,69,0.1,0,high,64.0,2.7741902474529123,0.0684342871553509,64.00000000000001,64.0,2.220446049250313e-16,matched,True
17,6,70,0.1,0,low,4.0,5.912869188893739,0.666336224680236,3.9999999999999973,4.0,6.661338147750941e-16,matched,True
17,6,70,0.1,0,middle,16.0,4.376613649312182,0.24966063923375792,15.999999999999993,15.999999999999968,1.5543122344752211e-15,matched,True
17,6,70,0.1,0,high,64.0,2.7473920022770377,0.06439734850414844,63.99999999999996,64.00000000000003,1.1102230246251567e-15,matched,True
18,6,71,0.1,0,low,4.0,6.0014715388958635,0.6635064104165096,3.999999999999999,3.9999999999999973,4.440892098500628e-16,matched,True
18,6,71,0.1,0,middle,16.0,4.4528360844350505,0.2636029998054775,16.0,15.999999999999979,1.3322676295501888e-15,matched,True
18,6,71,0.1,0,high,64.0,2.809792956529529,0.0687134703919082,64.0,64.00000000000018,2.886579864025403e-15,matched,True
19,6,72,0.1,0,low,4.0,5.888749302098935,0.6506689733826366,4.0,4.000000000000001,2.220446049250313e-16,matched,True
19,6,72,0.1,0,middle,16.0,4.367370607627402,0.25530650816747125,16.000000000000004,16.00000000000001,4.440892098500624e-16,matched,True
19,6,72,0.1,0,high,64.0,2.7546556029269262,0.06699312309016836,64.00000000000001,64.00000000000006,6.661338147750936e-16,matched,True
20,6,76,0.1,0,low,4.0,5.948625210429675,0.6585368586311444,4.000000000000001,4.000000000000001,0.0,matched,True
20,6,76,0.1,0,middle,16.0,4.415829394549961,0.2660835893881277,16.000000000000004,15.999999999999993,6.66133814775094e-16,matched,True
20,6,76,0.1,0,high,64.0,2.7901651473584144,0.06807029692160171,64.0,64.0,0.0,matched,True
21,6,77,0.1,0,low,4.0,5.908048768769844,0.6534943751804434,4.000000000000003,3.9999999999999982,1.1102230246251565e-15,matched,True
21,6,77,0.1,0,middle,16.0,4.367281546011897,0.2479256548233555,15.999999999999996,16.0,2.2204460492503136e-16,matched,True
21,6,77,0.1,0,high,64.0,2.7340209959470423,0.06218305855084616,63.99999999999997,64.00000000000001,6.66133814775094e-16,matched,True
22,6,80,0.1,0,low,4.0,5.948729156123392,0.6693312391736459,4.000000000000001,4.000000000000001,0.0,matched,True
22,6,80,0.1,0,middle,16.0,4.397482085255163,0.25595458372499325,15.999999999999979,16.000000000000004,1.55431223447522e-15,matched,True
22,6,80,0.1,0,high,64.0,2.7498362198890796,0.06158924283842876,64.0,64.0,0.0,matched,True
23,6,82,0.1,0,low,4.0,5.975554749853267,0.6604023940705055,4.000000000000002,3.9999999999999956,1.5543122344752197e-15,matched,True
23,6,82,0.1,0,middle,16.0,4.438575636227764,0.2634875910471077,15.999999999999996,16.000000000000004,4.440892098500626e-16,matched,True
23,6,82,0.1,0,high,64.0,2.8094047937630755,0.07123677777372617,63.999999999999986,63.9999999999999,1.332267629550189e-15,matched,True
24,6,87,0.1,0,low,4.0,5.948339262593532,0.6704327885792021,4.000000000000002,4.000000000000003,2.220446049250312e-16,matched,True
24,6,87,0.1,0,middle,16.0,4.408812180615321,0.260069181836346,15.999999999999996,15.99999999999999,4.440892098500628e-16,matched,True
24,6,87,0.1,0,high,64.0,2.7753392499619967,0.06605482348384045,64.00000000000001,64.00000000000007,8.881784197001246e-16,matched,True
25,6,88,0.1,0,low,4.0,6.014759867956458,0.6784748806199667,4.0,3.9999999999999982,4.440892098500627e-16,matched,True
25,6,88,0.1,0,middle,16.0,4.45624730679275,0.2714145405239238,15.999999999999996,15.999999999999986,6.661338147750943e-16,matched,True
25,6,88,0.1,0,high,64.0,2.7990903673377585,0.06556048413807253,64.00000000000001,63.999999999999915,1.55431223447522e-15,matched,True
26,6,89,0.1,0,low,4.0,5.831696719274978,0.6481120462686198,3.9999999999999982,4.0,4.440892098500627e-16,matched,True
26,6,89,0.1,0,middle,16.0,4.335331320118441,0.26640132249437276,15.999999999999993,16.000000000000057,3.996802888650557e-15,matched,True
26,6,89,0.1,0,high,64.0,2.7476205879255655,0.07060595008173864,64.0,64.00000000000001,2.220446049250313e-16,matched,True
27,6,90,0.1,0,low,4.0,5.80807714094265,0.6483943094436038,3.999999999999999,3.9999999999999973,4.440892098500628e-16,matched,True
27,6,90,0.1,0,middle,16.0,4.296098815378252,0.24943935092930497,16.0,15.999999999999996,2.2204460492503136e-16,matched,True
27,6,90,0.1,0,high,64.0,2.6910714081339835,0.06124341761240104,64.0,64.00000000000001,2.220446049250313e-16,matched,True
28,6,91,0.1,0,low,4.0,5.949573769282546,0.660484446924654,4.0,4.000000000000001,2.220446049250313e-16,matched,True
28,6,91,0.1,0,middle,16.0,4.399343531178786,0.24766457971370612,16.0,15.999999999999979,1.3322676295501888e-15,matched,True
28,6,91,0.1,0,high,64.0,2.7571007413145865,0.06366412209524774,63.999999999999986,63.999999999999986,0.0,matched,True
29,6,92,0.1,0,low,4.0,5.871905195816712,0.655991176978004,4.0,4.000000000000001,2.220446049250313e-16,matched,True
29,6,92,0.1,0,middle,16.0,4.345189756646363,0.24056653543408224,15.999999999999996,16.000000000000007,6.661338147750939e-16,matched,True
29,6,92,0.1,0,high,64.0,2.7292210548600693,0.06508453227641331,64.0,63.999999999999986,2.2204460492503136e-16,matched,True
30,6,96,0.1,0,low,4.0,5.8629178646653495,0.6436838304193876,4.000000000000001,3.9999999999999982,6.66133814775094e-16,matched,True
30,6,96,0.1,0,middle,16.0,4.34229367105012,0.24301154414617265,16.000000000000007,16.000000000000007,0.0,matched,True
30,6,96,0.1,0,high,64.0,2.733264781282759,0.06643638388299244,64.0,63.99999999999994,8.881784197001256e-16,matched,True
31,6,98,0.1,0,low,4.0,5.910530797022869,0.6610596745457803,4.000000000000002,3.9999999999999982,8.881784197001252e-16,matched,True
31,6,98,0.1,0,middle,16.0,4.381239243802838,0.25466584418321747,15.999999999999996,16.00000000000001,8.88178419700125e-16,matched,True
31,6,98,0.1,0,high,64.0,2.7595742234483485,0.06554215276032371,63.99999999999997,64.0,4.440892098500627e-16,matched,True
32,6,1,0.25,0,low,4.0,9.904694690285249,1.1248283779032284,4.000000000000001,3.999999999999999,4.440892098500626e-16,matched,True
32,6,1,0.25,0,middle,16.0,7.191411388552409,0.3913383035840461,15.999999999999996,15.999999999999996,0.0,matched,True
32,6,1,0.25,0,high,64.0,4.297542681411626,0.07790439207380051,64.0,63.99999999999996,6.661338147750941e-16,matched,True
33,6,4,0.25,0,low,4.0,10.11453092932632,1.1665321865223828,3.999999999999999,4.0,2.2204460492503136e-16,matched,True
33,6,4,0.25,0,middle,16.0,7.339789325130061,0.398278226492222,16.000000000000014,16.0,8.881784197001248e-16,matched,True
33,6,4,0.25,0,high,64.0,4.392353083943245,0.07830764416696523,64.0,64.00000000000001,2.220446049250313e-16,matched,True
34,6,5,0.25,0,low,4.0,10.459384468981309,1.1435867038269816,4.0000000000000036,4.0,8.881784197001248e-16,matched,True
34,6,5,0.25,0,middle,16.0,7.425464637549759,0.35121272200884834,15.999999999999996,15.999999999999993,2.220446049250314e-16,matched,True
34,6,5,0.25,0,high,64.0,4.328224136908726,0.07662359225619186,64.0,64.0,0.0,matched,True
35,6,11,0.25,0,low,4.0,9.903130575227571,1.189818558758005,4.000000000000003,4.000000000000001,4.440892098500624e-16,matched,True
35,6,11,0.25,0,middle,16.0,7.168640646772436,0.3641445645012378,16.0,16.0,0.0,matched,True
35,6,11,0.25,0,high,64.0,4.277078982993569,0.07768454932099464,64.00000000000001,64.0,2.220446049250313e-16,matched,True
36,6,15,0.25,0,low,4.0,10.302626859640831,1.2485746549512027,4.000000000000001,4.000000000000001,0.0,matched,True
36,6,15,0.25,0,middle,16.0,7.4672969340731425,0.39717494959409017,15.99999999999999,16.000000000000004,8.881784197001254e-16,matched,True
36,6,15,0.25,0,high,64.0,4.446208893291948,0.07831911522792812,64.00000000000006,63.99999999999997,1.3322676295501877e-15,matched,True
37,6,17,0.25,0,low,4.0,9.791155893305731,1.0773850055220098,3.9999999999999982,4.0,4.440892098500627e-16,matched,True
37,6,17,0.25,0,middle,16.0,7.119983601850943,0.38132437528159135,16.000000000000004,16.000000000000007,2.220446049250312e-16,matched,True
37,6,17,0.25,0,high,64.0,4.293854224563741,0.08211105952954689,63.99999999999997,64.0,4.440892098500627e-16,matched,True
38,6,18,0.25,0,low,4.0,9.699035236261587,1.0765809764039824,4.000000000000001,4.000000000000001,0.0,matched,True
38,6,18,0.25,0,middle,16.0,7.087082278608888,0.3868211466008411,16.000000000000007,16.000000000000004,2.220446049250312e-16,matched,True
38,6,18,0.25,0,high,64.0,4.312321621929083,0.08453919820700817,64.0,64.00000000000001,2.220446049250313e-16,matched,True
39,6,26,0.25,0,low,4.0,10.022490860677994,1.1086603480798984,4.000000000000001,4.000000000000001,0.0,matched,True
39,6,26,0.25,0,middle,16.0,7.248147927398849,0.3728708216942531,15.999999999999993,15.999999999999996,2.220446049250314e-16,matched,True
39,6,26,0.25,0,high,64.0,4.332255159771227,0.07918248202182765,64.0,63.99999999999996,6.661338147750941e-16,matched,True
40,6,37,0.25,0,low,4.0,10.187487038000997,1.2006970354243869,4.0,3.9999999999999973,6.661338147750941e-16,matched,True
40,6,37,0.25,0,middle,16.0,7.184939053971322,0.3356147456945875,16.000000000000004,16.00000000000003,1.5543122344752178e-15,matched,True
40,6,37,0.25,0,high,64.0,4.082410889637217,0.06675652566068191,64.00000000000003,64.00000000000004,2.220446049250312e-16,matched,True
41,6,53,0.25,0,low,4.0,9.485113568709135,1.022528617424694,4.000000000000002,4.0,4.440892098500625e-16,matched,True
41,6,53,0.25,0,middle,16.0,6.901451719200274,0.3652478253142255,16.000000000000004,16.000000000000025,1.3322676295501867e-15,matched,True
41,6,53,0.25,0,high,64.0,4.175666778374426,0.08058185840806331,64.00000000000003,64.0,4.440892098500625e-16,matched,True
42,6,54,0.25,0,low,4.0,9.752996432970946,1.0666666666666669,3.9999999999999982,3.999999999999999,2.220446049250314e-16,matched,True
42,6,54,0.25,0,middle,16.0,7.070328119262994,0.3699318964118845,15.999999999999996,16.000000000000018,1.3322676295501873e-15,matched,True
42,6,54,0.25,0,high,64.0,4.2422978490047925,0.07823048998002546,64.0,64.00000000000006,8.881784197001248e-16,matched,True
43,6,59,0.25,0,low,4.0,9.797776628395482,1.129959282474318,4.000000000000002,4.0,4.440892098500625e-16,matched,True
43,6,59,0.25,0,middle,16.0,7.1513757106358025,0.39278027891872663,15.999999999999996,16.0,2.2204460492503136e-16,matched,True
43,6,59,0.25,0,high,64.0,4.3399219359234,0.08290134833039198,63.99999999999996,64.00000000000003,1.1102230246251567e-15,matched,True
44,6,60,0.25,0,low,4.0,9.907916538085527,1.14477522612479,4.000000000000001,4.000000000000001,0.0,matched,True
44,6,60,0.25,0,middle,16.0,7.203415386358067,0.37197010410427556,16.000000000000007,16.000000000000025,1.1102230246251556e-15,matched,True
44,6,60,0.25,0,high,64.0,4.335201195064121,0.08179052069274206,64.0,64.00000000000001,2.220446049250313e-16,matched,True
45,6,62,0.25,0,low,4.0,9.844183670337358,1.1928062793960859,4.000000000000001,4.000000000000001,0.0,matched,True
45,6,62,0.25,0,middle,16.0,7.145278402919504,0.3918556669535458,16.000000000000004,15.999999999999993,6.66133814775094e-16,matched,True
45,6,62,0.25,0,high,64.0,4.259959309555857,0.07503529382775144,64.0,63.99999999999997,4.440892098500627e-16,matched,True
46,6,63,0.25,0,low,4.0,10.04905029193414,1.1735713316528618,4.0,4.0,0.0,matched,True
46,6,63,0.25,0,middle,16.0,7.310772055154395,0.38960705268200035,15.999999999999996,16.0,2.2204460492503136e-16,matched,True
46,6,63,0.25,0,high,64.0,4.390689076658035,0.08328737387314833,63.999999999999986,64.00000000000007,1.3322676295501873e-15,matched,True
47,6,64,0.25,0,low,4.0,9.946971240364139,1.1550766010950937,3.9999999999999982,3.999999999999999,2.220446049250314e-16,matched,True
47,6,64,0.25,0,middle,16.0,7.181143737944041,0.3568975459349053,16.0,15.999999999999979,1.3322676295501888e-15,matched,True
47,6,64,0.25,0,high,64.0,4.28540436286472,0.07968335656953696,64.00000000000001,63.99999999999997,6.66133814775094e-16,matched,True
48,6,69,0.25,0,low,4.0,9.7190950867958,1.1282898887422825,3.999999999999999,4.000000000000001,4.440892098500626e-16,matched,True
48,6,69,0.25,0,middle,16.0,7.09377473836581,0.3843814957596372,16.000000000000004,16.000000000000018,8.881784197001246e-16,matched,True
48,6,69,0.25,0,high,64.0,4.300330057390731,0.08021687875529146,64.0,63.99999999999997,4.440892098500627e-16,matched,True
49,6,70,0.25,0,low,4.0,10.13582999490792,1.2263245203067061,4.000000000000001,4.0,2.220446049250313e-16,matched,True
49,6,70,0.25,0,middle,16.0,7.350007721687248,0.397645945175653,16.000000000000004,16.000000000000007,2.220446049250312e-16,matched,True
49,6,70,0.25,0,high,64.0,4.3796765320382836,0.07715334079115785,64.00000000000001,64.00000000000003,2.220446049250312e-16,matched,True
50,6,71,0.25,0,low,4.0,10.056258972945216,1.2062357714574468,4.0,3.9999999999999982,4.440892098500627e-16,matched,True
50,6,71,0.25,0,middle,16.0,7.304049648235271,0.3970652259507168,16.0,15.99999999999999,6.661338147750941e-16,matched,True
50,6,71,0.25,0,high,64.0,4.366383854904447,0.07737624227571871,64.0,64.00000000000001,2.220446049250313e-16,matched,True
51,6,72,0.25,0,low,4.0,9.949993085394217,1.143343361616794,4.0,3.999999999999999,2.2204460492503136e-16,matched,True
51,6,72,0.25,0,middle,16.0,7.194512349861073,0.35488439259692495,16.000000000000004,16.000000000000004,0.0,matched,True
51,6,72,0.25,0,high,64.0,4.300987664236601,0.07951473695061435,64.0,63.999999999999986,2.2204460492503136e-16,matched,True
52,6,76,0.25,0,low,4.0,10.107371874589326,1.2354778231308083,4.000000000000001,3.999999999999999,4.440892098500626e-16,matched,True
52,6,76,0.25,0,middle,16.0,7.312415542047733,0.3797047723582396,16.000000000000004,16.000000000000004,0.0,matched,True
52,6,76,0.25,0,high,64.0,4.345085951419836,0.07706532896636947,63.99999999999997,64.00000000000004,1.1102230246251565e-15,matched,True
53,6,77,0.25,0,low,4.0,9.830945544249424,1.1607620001760193,4.000000000000001,4.000000000000001,0.0,matched,True
53,6,77,0.25,0,middle,16.0,7.1861820827216905,0.3953329688859206,15.999999999999996,15.999999999999979,1.1102230246251573e-15,matched,True
53,6,77,0.25,0,high,64.0,4.36607039416357,0.08357928190153321,64.00000000000001,63.99999999999997,6.66133814775094e-16,matched,True
54,6,80,0.25,0,low,4.0,9.888790093712116,1.1892706339954664,4.0,4.000000000000001,2.220446049250313e-16,matched,True
54,6,80,0.25,0,middle,16.0,7.200498363135418,0.3962161409616723,15.999999999999996,15.999999999999996,0.0,matched,True
54,6,80,0.25,0,high,64.0,4.324436152143288,0.07831565103216148,64.0,64.0,0.0,matched,True
55,6,82,0.25,0,low,4.0,9.771471103607995,1.0935955407973297,4.000000000000001,4.0,2.220446049250313e-16,matched,True
55,6,82,0.25,0,middle,16.0,7.128460292254973,0.3861436413132262,16.0,16.00000000000002,1.332267629550187e-15,matched,True
55,6,82,0.25,0,high,64.0,4.321781160530119,0.08347434760813353,64.0,63.999999999999986,2.2204460492503136e-16,matched,True
56,6,87,0.25,0,low,4.0,9.792043386893123,1.0506401723848948,4.000000000000001,3.9999999999999973,8.881784197001254e-16,matched,True
56,6,87,0.25,0,middle,16.0,7.076854210536188,0.36695789224578945,16.0,16.000000000000014,8.881784197001248e-16,matched,True
56,6,87,0.25,0,high,64.0,4.234731845569478,0.07804562344137089,64.0,64.00000000000001,2.220446049250313e-16,matched,True
57,6,88,0.25,0,low,4.0,10.07239111157064,1.2307692307692304,4.000000000000001,4.0,2.220446049250313e-16,matched,True
57,6,88,0.25,0,middle,16.0,7.344355827052182,0.40608338522779897,15.999999999999996,15.999999999999993,2.220446049250314e-16,matched,True
57,6,88,0.25,0,high,64.0,4.435725141387969,0.08093710090317785,64.00000000000003,64.00000000000001,2.220446049250312e-16,matched,True
58,6,89,0.25,0,low,4.0,9.746853910769062,1.1297245345165603,4.000000000000002,4.000000000000001,2.220446049250312e-16,matched,True
58,6,89,0.25,0,middle,16.0,7.120562834045062,0.40325074082094137,15.999999999999996,15.999999999999986,6.661338147750943e-16,matched,True
58,6,89,0.25,0,high,64.0,4.316487254418117,0.08191425893693705,64.00000000000001,63.999999999999986,4.440892098500626e-16,matched,True
59,6,90,0.25,0,low,4.0,9.996903958546085,1.2029426065680833,4.000000000000001,3.9999999999999982,6.66133814775094e-16,matched,True
59,6,90,0.25,0,middle,16.0,7.227171952872208,0.3797047723582394,16.000000000000004,16.000000000000014,6.661338147750936e-16,matched,True
59,6,90,0.25,0,high,64.0,4.2796157572228815,0.07459591127543796,64.00000000000003,63.99999999999994,1.3322676295501882e-15,matched,True
60,6,91,0.25,0,low,4.0,10.17699275776059,1.1840127610951936,4.000000000000002,4.0,4.440892098500625e-16,matched,True
60,6,91,0.25,0,middle,16.0,7.346266973539287,0.3740996671251465,16.000000000000004,16.00000000000002,1.1102230246251556e-15,matched,True
60,6,91,0.25,0,high,64.0,4.358475935861281,0.07625286820276635,63.999999999999986,63.99999999999997,2.220446049250314e-16,matched,True
61,6,92,0.25,0,low,4.0,9.607599042186148,1.085972056577422,4.000000000000003,4.0,6.661338147750936e-16,matched,True
61,6,92,0.25,0,middle,16.0,7.037217410210228,0.4008177180595993,16.000000000000004,15.999999999999986,1.110223024625157e-15,matched,True
61,6,92,0.25,0,high,64.0,4.2960901352387575,0.08288700278078427,64.0,63.999999999999986,2.2204460492503136e-16,matched,True
62,6,96,0.25,0,low,4.0,9.878128482713173,1.2073800269920185,3.9999999999999982,4.0,4.440892098500627e-16,matched,True
62,6,96,0.25,0,middle,16.0,7.195098056678047,0.3864971081235815,15.999999999999993,15.99999999999999,2.2204460492503146e-16,matched,True
62,6,96,0.25,0,high,64.0,4.341870195399569,0.0795860235037866,64.00000000000001,64.00000000000001,0.0,matched,True
63,6,98,0.25,0,low,4.0,9.936868738234502,1.1621744062959527,4.0,3.999999999999999,2.2204460492503136e-16,matched,True
63,6,98,0.25,0,middle,16.0,7.225414972849839,0.4011297684511194,15.999999999999996,15.999999999999996,0.0,matched,True
63,6,98,0.25,0,high,64.0,4.324688169923743,0.07678068677069261,64.0,64.00000000000001,2.220446049250313e-16,matched,True
64,6,1,0.4,0,low,4.0,39.017502194868385,4.692707680683305,3.999999999999999,4.0,2.2204460492503136e-16,matched,True
64,6,1,0.4,0,middle,16.0,19.930874538747858,0.7157620211606366,16.0,16.000000000000007,4.440892098500625e-16,matched,True
64,6,1,0.4,0,high,64.0,8.425742076055815,0.10638738639534817,64.00000000000001,64.00000000000006,6.661338147750936e-16,matched,True
65,6,4,0.4,0,low,4.0,19.345574405584006,2.1357076616511996,3.999999999999999,4.0,2.2204460492503136e-16,matched,True
65,6,4,0.4,0,middle,16.0,12.325848061617329,0.5285010450980867,16.000000000000004,16.0,2.220446049250313e-16,matched,True
65,6,4,0.4,0,high,64.0,6.224008100613942,0.08658823160656981,64.0,63.99999999999996,6.661338147750941e-16,matched,True
66,6,5,0.4,0,low,4.0,51.50877500030617,5.842373946721771,3.999999999999999,4.0,2.2204460492503136e-16,matched,True
66,6,5,0.4,0,middle,16.0,21.99178548185928,0.7967202793769861,16.000000000000004,16.000000000000004,0.0,matched,True
66,6,5,0.4,0,high,64.0,8.048437507792276,0.09182935594958466,63.99999999999997,64.0,4.440892098500627e-16,matched,True
67,6,11,0.4,0,low,4.0,36.721111757594755,3.811144538722651,4.0,3.999999999999999,2.2204460492503136e-16,matched,True
67,6,11,0.4,0,middle,16.0,16.81893750451367,0.5729837309062934,15.99999999999999,15.999999999999993,2.2204460492503146e-16,matched,True
67,6,11,0.4,0,high,64.0,7.36566732492464,0.09682802221134737,64.0,64.00000000000004,6.661338147750936e-16,matched,True
68,6,15,0.4,0,low,4.0,30.254725248403,3.7032803990902057,4.000000000000001,4.000000000000002,2.220446049250312e-16,matched,True
68,6,15,0.4,0,middle,16.0,17.051551741739488,0.6772733258124184,16.000000000000004,16.000000000000004,0.0,matched,True
68,6,15,0.4,0,high,64.0,7.198474281707547,0.0892689995590592,64.0,64.0,0.0,matched,True
69,6,17,0.4,0,low,4.0,64.1235443726456,8.552359741197577,4.0,4.0,0.0,matched,True
69,6,17,0.4,0,middle,16.0,22.376621121810118,0.7720029395552511,16.000000000000004,16.00000000000001,4.440892098500624e-16,matched,True
69,6,17,0.4,0,high,64.0,8.06979289364514,0.09469106833230842,64.00000000000001,64.00000000000001,0.0,matched,True
70,6,18,0.4,0,low,4.0,38.05704814107172,3.8663813973131314,4.0,4.0,0.0,matched,True
70,6,18,0.4,0,middle,16.0,19.756628244350907,0.8355727485873494,16.0,16.000000000000004,2.220446049250313e-16,matched,True
70,6,18,0.4,0,high,64.0,7.891579286156645,0.09155493457636626,64.00000000000001,64.00000000000001,0.0,matched,True
71,6,26,0.4,0,low,4.0,36.095658318505855,4.824181513244216,4.000000000000001,4.000000000000001,0.0,matched,True
71,6,26,0.4,0,middle,16.0,17.994897754815064,0.6749192649753564,15.999999999999993,15.999999999999996,2.220446049250314e-16,matched,True
71,6,26,0.4,0,high,64.0,7.221921863966893,0.08845782618582182,64.00000000000001,64.00000000000001,0.0,matched,True
72,6,37,0.4,0,low,4.0,26.14655134935978,3.566580560482258,4.0,3.999999999999999,2.2204460492503136e-16,matched,True
72,6,37,0.4,0,middle,16.0,15.475673540928824,0.600328394410607,16.0,15.99999999999999,6.661338147750941e-16,matched,True
72,6,37,0.4,0,high,64.0,6.69315384187605,0.08142615855108715,64.0,63.999999999999986,2.2204460492503136e-16,matched,True
73,6,53,0.4,0,low,4.0,35.80106796516033,5.487954724560282,4.0,4.0,0.0,matched,True
73,6,53,0.4,0,middle,16.0,18.421916446409767,0.6455163272880875,16.000000000000007,16.000000000000004,2.220446049250312e-16,matched,True
73,6,53,0.4,0,high,64.0,7.652947672527136,0.09670113848048306,64.0,64.00000000000003,4.440892098500625e-16,matched,True
74,6,54,0.4,0,low,4.0,4096.0,16.0,4.0,4.0,0.0,matched,True
74,6,54,0.4,0,middle,16.0,20.777071839657822,0.6249673051605313,16.0,15.999999999999996,2.2204460492503136e-16,matched,True
74,6,54,0.4,0,high,64.0,7.501919761559947,0.09626335170804928,64.0,64.00000000000003,4.440892098500625e-16,matched,True
75,6,59,0.4,0,low,4.0,28.410887312448722,3.566580560482258,4.0,4.000000000000002,4.440892098500625e-16,matched,True
75,6,59,0.4,0,middle,16.0,16.31236460535416,0.6374046726465323,16.0,16.0,0.0,matched,True
75,6,59,0.4,0,high,64.0,7.093906257555808,0.08770798302503957,64.0,64.00000000000001,2.220446049250313e-16,matched,True
76,6,60,0.4,0,low,4.0,39.150442905346125,4.48970826613051,4.000000000000001,4.0,2.220446049250313e-16,matched,True
76,6,60,0.4,0,middle,16.0,20.66645285353026,0.7463644962853468,15.999999999999996,15.999999999999996,0.0,matched,True
76,6,60,0.4,0,high,64.0,8.655246916754587,0.10711818113115912,64.0,64.00000000000001,2.220446049250313e-16,matched,True
77,6,62,0.4,0,low,4.0,60.06265570939536,6.047431568147637,3.999999999999999,4.0,2.2204460492503136e-16,matched,True
77,6,62,0.4,0,middle,16.0,21.66569456861532,0.7986699907676655,16.000000000000004,16.0,2.220446049250313e-16,matched,True
77,6,62,0.4,0,high,64.0,7.8107363895507405,0.09186093594339362,64.0,64.00000000000001,2.220446049250313e-16,matched,True
78,6,63,0.4,0,low,4.0,47.87050034925968,5.018000385497441,4.0,4.000000000000001,2.220446049250313e-16,matched,True
78,6,63,0.4,0,middle,16.0,19.972704262948355,0.7355252980519342,16.000000000000007,16.0,4.440892098500625e-16,matched,True
78,6,63,0.4,0,high,64.0,7.529515330861563,0.08899883189799712,64.0,63.999999999999986,2.2204460492503136e-16,matched,True
79,6,64,0.4,0,low,4.0,35.709697501389996,4.525483399593904,4.000000000000001,4.0,2.220446049250313e-16,matched,True
79,6,64,0.4,0,middle,16.0,16.284431901371516,0.5639648237911394,16.000000000000004,16.000000000000004,0.0,matched,True
79,6,64,0.4,0,high,64.0,6.767581632523068,0.08823725009047971,64.0,64.00000000000003,4.440892098500625e-16,matched,True
80,6,69,0.4,0,low,4.0,41.89672510993705,5.333333333333334,4.0,4.0,0.0,matched,True
80,6,69,0.4,0,middle,16.0,19.07436726239664,0.6521113167513777,15.999999999999996,16.000000000000004,4.440892098500626e-16,matched,True
80,6,69,0.4,0,high,64.0,8.23791022610309,0.10958604220695169,64.0,63.99999999999997,4.440892098500627e-16,matched,True
81,6,70,0.4,0,low,4.0,45.96666808496684,6.275716324421893,4.0,4.0,0.0,matched,True
81,6,70,0.4,0,middle,16.0,19.71549437763987,0.6530983179469849,16.0,16.0,0.0,matched,True
81,6,70,0.4,0,high,64.0,7.208686476444047,0.08560189781511207,64.00000000000001,64.0,2.220446049250313e-16,matched,True
82,6,71,0.4,0,low,4.0,34.941648925419344,4.752708206288036,4.0,4.0,0.0,matched,True
82,6,71,0.4,0,middle,16.0,19.34003619957747,0.7347106122216576,16.0,16.0,0.0,matched,True
82,6,71,0.4,0,high,64.0,8.296425618518743,0.1059264996506119,64.00000000000001,63.999999999999986,4.440892098500626e-16,matched,True
83,6,72,0.4,0,low,4.0,74.59435262078853,8.0,4.0,3.999999999999999,2.2204460492503136e-16,matched,True
83,6,72,0.4,0,middle,16.0,21.085274843688495,0.7042469992625406,15.999999999999993,16.0,4.440892098500627e-16,matched,True
83,6,72,0.4,0,high,64.0,7.373681052515799,0.08936548855970684,64.00000000000003,64.00000000000003,0.0,matched,True
84,6,76,0.4,0,low,4.0,17.858629749366045,2.3215240003520368,4.000000000000001,4.000000000000001,0.0,matched,True
84,6,76,0.4,0,middle,16.0,11.976243540962862,0.5126730688896006,16.0,16.0,0.0,matched,True
84,6,76,0.4,0,high,64.0,6.218962302603657,0.08848481244752548,64.00000000000001,64.00000000000017,2.4424906541753412e-15,matched,True
85,6,77,0.4,0,low,4.0,52.44799282340102,6.822422923379534,3.999999999999999,4.000000000000001,4.440892098500626e-16,matched,True
85,6,77,0.4,0,middle,16.0,21.125025922267053,0.6936227885707442,16.0,16.000000000000004,2.220446049250313e-16,matched,True
85,6,77,0.4,0,high,64.0,8.182133964162624,0.09990638163028098,64.00000000000001,64.00000000000001,0.0,matched,True
86,6,80,0.4,0,low,4.0,46.063301259427476,6.216229519086491,4.0,4.0,0.0,matched,True
86,6,80,0.4,0,middle,16.0,22.72082391189063,0.839975063610443,16.0,16.000000000000004,2.220446049250313e-16,matched,True
86,6,80,0.4,0,high,64.0,8.217787565695637,0.09710950212389324,64.00000000000001,64.00000000000004,4.440892098500624e-16,matched,True
87,6,82,0.4,0,low,4.0,23.7773661318859,2.6289039746606386,3.9999999999999982,3.999999999999999,2.220446049250314e-16,matched,True
87,6,82,0.4,0,middle,16.0,14.99114363652056,0.6597268883662277,16.000000000000004,16.0,2.220446049250313e-16,matched,True
87,6,82,0.4,0,high,64.0,7.130007215514519,0.09205404883222273,64.0,64.0,0.0,matched,True
88,6,87,0.4,0,low,4.0,36.725950644838676,3.2547048173798903,4.0,4.0,0.0,matched,True
88,6,87,0.4,0,middle,16.0,17.572635820473252,0.6279230163624661,16.000000000000007,16.000000000000007,0.0,matched,True
88,6,87,0.4,0,high,64.0,7.7125274033320625,0.10205773941399303,64.00000000000001,63.99999999999996,8.881784197001254e-16,matched,True
89,6,88,0.4,0,low,4.0,26.766192570935786,3.1303423234849213,4.000000000000002,3.999999999999999,6.661338147750939e-16,matched,True
89,6,88,0.4,0,middle,16.0,15.992298303064722,0.6196773353931873,16.000000000000004,16.00000000000001,4.440892098500624e-16,matched,True
89,6,88,0.4,0,high,64.0,7.461202598235108,0.09652716505845997,64.0,64.0,0.0,matched,True
90,6,89,0.4,0,low,4.0,32.372039052586686,4.48970826613051,4.000000000000001,3.999999999999999,4.440892098500626e-16,matched,True
90,6,89,0.4,0,middle,16.0,20.75228427482981,0.951661902861773,15.999999999999993,15.999999999999993,0.0,matched,True
90,6,89,0.4,0,high,64.0,9.247467143342774,0.10844909185219664,63.99999999999997,63.99999999999997,0.0,matched,True
91,6,90,0.4,0,low,4.0,44.25986005054452,5.613171323564988,4.000000000000001,4.0,2.220446049250313e-16,matched,True
91,6,90,0.4,0,middle,16.0,19.83030773163572,0.6837981490731018,16.0,15.999999999999996,2.2204460492503136e-16,matched,True
91,6,90,0.4,0,high,64.0,7.736995919689498,0.09298434985087844,64.0,63.999999999999986,2.2204460492503136e-16,matched,True
92,6,91,0.4,0,low,4.0,39.94720909752672,6.196773353931867,3.999999999999999,4.0,2.2204460492503136e-16,matched,True
92,6,91,0.4,0,middle,16.0,21.879775305718056,0.8417873476127484,16.000000000000004,16.000000000000007,2.220446049250312e-16,matched,True
92,6,91,0.4,0,high,64.0,9.046366099905327,0.11209255192839507,64.0,64.0,0.0,matched,True
93,6,92,0.4,0,low,4.0,30.74092720814767,3.65465754060903,4.0,4.000000000000001,2.220446049250313e-16,matched,True
93,6,92,0.4,0,middle,16.0,18.39678875773074,0.7257747386024225,16.000000000000004,15.999999999999993,6.66133814775094e-16,matched,True
93,6,92,0.4,0,high,64.0,8.143569752562321,0.10105419919087227,64.00000000000001,64.00000000000003,2.220446049250312e-16,matched,True
94,6,96,0.4,0,low,4.0,59.424856010162785,8.552359741197577,4.0,4.0,0.0,matched,True
94,6,96,0.4,0,middle,16.0,19.260129765646163,0.6829255597023263,16.000000000000004,15.999999999999993,6.66133814775094e-16,matched,True
94,6,96,0.4,0,high,64.0,7.207792151190276,0.08694551630258435,63.999999999999986,64.00000000000006,1.1102230246251561e-15,matched,True
95,6,98,0.4,0,low,4.0,60.53339906651098,8.552359741197577,3.999999999999999,4.0,2.2204460492503136e-16,matched,True
95,6,98,0.4,0,middle,16.0,22.538280849002717,0.7605732388155011,16.000000000000007,15.99999999999999,1.1102230246251567e-15,matched,True
95,6,98,0.4,0,high,64.0,7.598136939699639,0.0867242872841626,64.0,64.0,0.0,matched,True
0,7,3,0.1,0,low,4.0,5.857358878199969,0.640010666933341,4.0,3.9999999999999982,4.440892098500627e-16,matched,True
0,7,3,0.1,0,middle,16.0,4.332585647824561,0.24735598031823525,15.999999999999996,16.0,2.2204460492503136e-16,matched,True
0,7,3,0.1,0,high,64.0,2.715698686000504,0.06414775423887786,64.0,63.999999999999986,2.2204460492503136e-16,matched,True
1,7,10,0.1,0,low,4.0,6.018620978167217,0.6872720561089375,4.000000000000003,4.0,6.661338147750936e-16,matched,True
1,7,10,0.1,0,middle,16.0,4.4372889457223135,0.24286052220146398,15.999999999999993,16.00000000000002,1.7763568394002497e-15,matched,True
1,7,10,0.1,0,high,64.0,2.75985305345366,0.060057081353820596,64.00000000000001,64.00000000000009,1.1102230246251556e-15,matched,True
2,7,11,0.1,0,low,4.0,5.848138434649173,0.6518707296497561,4.000000000000001,4.0,2.220446049250313e-16,matched,True
2,7,11,0.1,0,middle,16.0,4.32500710478002,0.24689879697421357,16.0,16.00000000000001,6.661338147750936e-16,matched,True
2,7,11,0.1,0,high,64.0,2.7089912798027216,0.06247200053281948,64.0,63.99999999999996,6.661338147750941e-16,matched,True
3,7,15,0.1,0,low,4.0,5.837350638782133,0.6401066933407429,4.000000000000001,3.999999999999999,4.440892098500626e-16,matched,True
3,7,15,0.1,0,middle,16.0,4.3333131864983265,0.26003715952731277,16.000000000000007,16.000000000000053,2.886579864025402e-15,matched,True
3,7,15,0.1,0,high,64.0,2.738329785239836,0.06747612633871869,64.0,64.00000000000009,1.332267629550187e-15,matched,True
4,7,20,0.1,0,low,4.0,5.849205632093393,0.6526536131584033,3.9999999999999982,4.000000000000003,1.1102230246251565e-15,matched,True
4,7,20,0.1,0,middle,16.0,4.345248940306907,0.2633312316350427,15.99999999999999,16.00000000000004,3.1086244689504356e-15,matched,True
4,7,20,0.1,0,high,64.0,2.7494282854765766,0.06886570338766262,64.0,63.999999999999986,2.2204460492503136e-16,matched,True
5,7,21,0.1,0,low,4.0,5.916742052837982,0.6728045342002973,3.999999999999999,4.0,2.2204460492503136e-16,matched,True
5,7,21,0.1,0,middle,16.0,4.381838370316556,0.2570826236814039,16.0,15.999999999999996,2.2204460492503136e-16,matched,True
5,7,21,0.1,0,high,64.0,2.752293490171539,0.06379834632842107,64.00000000000001,64.00000000000003,2.220446049250312e-16,matched,True
6,7,23,0.1,0,low,4.0,5.807275602624616,0.63701304163805,4.000000000000001,4.000000000000003,4.440892098500624e-16,matched,True
6,7,23,0.1,0,middle,16.0,4.307807268997167,0.2606358321959572,15.99999999999999,16.000000000000004,8.881784197001254e-16,matched,True
6,7,23,0.1,0,high,64.0,2.7160378858846084,0.06557935170073473,64.00000000000001,64.00000000000013,1.7763568394002485e-15,matched,True
7,7,24,0.1,0,low,4.0,5.903714367332189,0.6618368517948778,3.9999999999999956,3.999999999999999,8.881784197001258e-16,matched,True
7,7,24,0.1,0,middle,16.0,4.38136943383582,0.25945756423216493,15.999999999999993,16.000000000000004,6.66133814775094e-16,matched,True
7,7,24,0.1,0,high,64.0,2.76676297476215,0.06699944195039881,64.0,64.00000000000007,1.1102230246251561e-15,matched,True
8,7,26,0.1,0,low,4.0,5.945937262359594,0.6394585701902498,3.999999999999999,4.0,2.2204460492503136e-16,matched,True
8,7,26,0.1,0,middle,16.0,4.402746916865028,0.2580384122799302,16.0,15.999999999999986,8.881784197001256e-16,matched,True
8,7,26,0.1,0,high,64.0,2.7670666484379858,0.06614601025250355,64.0,64.0,0.0,matched,True
9,7,35,0.1,0,low,4.0,5.853907965925555,0.6534696004908249,4.0000000000000036,4.0,8.881784197001248e-16,matched,True
9,7,35,0.1,0,middle,16.0,4.337350981150951,0.2604778657781408,16.000000000000007,15.99999999999999,1.1102230246251567e-15,matched,True
9,7,35,0.1,0,high,64.0,2.7263629752233403,0.06393716961000817,64.00000000000003,63.99999999999997,8.881784197001252e-16,matched,True
10,7,37,0.1,0,low,4.0,5.956126226373442,0.6711740809275986,3.999999999999999,4.000000000000001,4.440892098500626e-16,matched,True
10,7,37,0.1,0,middle,16.0,4.4047185971964735,0.2593895595986541,16.000000000000007,16.000000000000014,4.440892098500623e-16,matched,True
10,7,37,0.1,0,high,64.0,2.756232350959362,0.06269283161040275,64.0,64.0,0.0,matched,True
11,7,38,0.1,0,low,4.0,6.111948621697682,0.675131292604539,4.000000000000002,3.999999999999999,6.661338147750939e-16,matched,True
11,7,38,0.1,0,middle,16.0,4.521142183121773,0.25830898806347724,15.999999999999986,16.000000000000025,2.4424906541753432e-15,matched,True
11,7,38,0.1,0,high,64.0,2.8357276915536715,0.06599575908379308,63.99999999999997,63.99999999999993,6.661338147750944e-16,matched,True
12,7,40,0.1,0,low,4.0,5.847862257487761,0.6442418012025604,4.000000000000001,4.0,2.220446049250313e-16,matched,True
12,7,40,0.1,0,middle,16.0,4.349319386843241,0.2557291841185574,15.999999999999996,15.999999999999947,3.108624468950444e-15,matched,True
12,7,40,0.1,0,high,64.0,2.762926385224275,0.07247667853845385,63.999999999999986,64.00000000000007,1.3322676295501873e-15,matched,True
13,7,44,0.1,0,low,4.0,5.932285283879141,0.6709711165819137,3.9999999999999964,3.9999999999999982,4.440892098500629e-16,matched,True
13,7,44,0.1,0,middle,16.0,4.4009380866593695,0.2633188849925059,16.000000000000004,15.999999999999996,4.440892098500626e-16,matched,True
13,7,44,0.1,0,high,64.0,2.7760402478921993,0.06664427651770027,63.99999999999997,64.00000000000001,6.66133814775094e-16,matched,True
14,7,47,0.1,0,low,4.0,5.978322937131361,0.6782462454388758,3.9999999999999982,4.000000000000001,6.66133814775094e-16,matched,True
14,7,47,0.1,0,middle,16.0,4.436231833671748,0.2661394983885611,16.0,15.99999999999999,6.661338147750941e-16,matched,True
14,7,47,0.1,0,high,64.0,2.7988203371132307,0.06791205734562056,64.00000000000001,64.0,2.220446049250313e-16,matched,True
15,7,50,0.1,0,low,4.0,5.855985221697044,0.6544682353986729,3.999999999999999,3.999999999999999,0.0,matched,True
15,7,50,0.1,0,middle,16.0,4.337412164391,0.24925794824255187,16.000000000000007,15.999999999999993,8.881784197001252e-16,matched,True
15,7,50,0.1,0,high,64.0,2.7264397844413177,0.06464576737636285,63.999999999999986,63.999999999999915,1.1102230246251573e-15,matched,True
16,7,53,0.1,0,low,4.0,5.936744179929908,0.6649826450885856,4.000000000000002,3.9999999999999982,8.881784197001252e-16,matched,True
16,7,53,0.1,0,middle,16.0,4.405973413721399,0.26934856442770716,16.0,16.000000000000014,8.881784197001248e-16,matched,True
16,7,53,0.1,0,high,64.0,2.779844077418643,0.06782305760647978,64.00000000000001,64.00000000000006,6.661338147750936e-16,matched,True
17,7,54,0.1,0,low,4.0,5.777701788642908,0.6373739657960987,4.0,4.000000000000001,2.220446049250313e-16,matched,True
17,7,54,0.1,0,middle,16.0,4.284248152342364,0.2481275926559583,16.0,15.999999999999993,4.440892098500627e-16,matched,True
17,7,54,0.1,0,high,64.0,2.701710255111883,0.06569865494432214,63.999999999999986,64.00000000000003,6.661338147750939e-16,matched,True
18,7,56,0.1,0,low,4.0,5.925531964090355,0.6549392638352178,3.9999999999999982,4.000000000000002,8.881784197001252e-16,matched,True
18,7,56,0.1,0,middle,16.0,4.394732058433722,0.25233978941592206,16.000000000000004,16.000000000000004,0.0,matched,True
18,7,56,0.1,0,high,64.0,2.772986898302693,0.06767642161583146,63.99999999999997,64.0000000000001,1.998401444325281e-15,matched,True
19,7,59,0.1,0,low,4.0,5.93389414955791,0.671208749843939,3.9999999999999982,4.000000000000001,6.66133814775094e-16,matched,True
19,7,59,0.1,0,middle,16.0,4.388896849860795,0.25601949353666953,16.00000000000001,16.000000000000004,4.440892098500624e-16,matched,True
19,7,59,0.1,0,high,64.0,2.7481068032268956,0.06149518796616471,64.0,64.00000000000004,6.661338147750936e-16,matched,True
20,7,60,0.1,0,low,4.0,6.086146757397709,0.7017138911793415,4.0,3.999999999999999,2.2204460492503136e-16,matched,True
20,7,60,0.1,0,middle,16.0,4.485764646514678,0.25604253097753515,15.999999999999993,16.00000000000001,1.1102230246251565e-15,matched,True
20,7,60,0.1,0,high,64.0,2.7847120569224604,0.05996492594002051,64.0,64.00000000000011,1.7763568394002489e-15,matched,True
21,7,61,0.1,0,low,4.0,5.984150720568103,0.672827413649888,4.000000000000001,3.999999999999999,4.440892098500626e-16,matched,True
21,7,61,0.1,0,middle,16.0,4.41657248708451,0.24305878359157074,16.000000000000004,15.999999999999996,4.440892098500626e-16,matched,True
21,7,61,0.1,0,high,64.0,2.7566455396616227,0.062109786796272784,64.00000000000001,64.00000000000006,6.661338147750936e-16,matched,True
22,7,75,0.1,0,low,4.0,5.85496629449301,0.6624518034184635,3.9999999999999982,4.000000000000001,6.66133814775094e-16,matched,True
22,7,75,0.1,0,middle,16.0,4.338195592097219,0.26010752731594455,16.0,16.00000000000001,6.661338147750936e-16,matched,True
22,7,75,0.1,0,high,64.0,2.726483652889584,0.06363323984466496,63.99999999999997,63.99999999999997,0.0,matched,True
23,7,76,0.1,0,low,4.0,5.880344799679034,0.6623425220013894,3.999999999999999,3.999999999999999,0.0,matched,True
23,7,76,0.1,0,middle,16.0,4.349692372663242,0.24605286144926186,15.99999999999999,16.000000000000018,1.77635683940025e-15,matched,True
23,7,76,0.1,0,high,64.0,2.726042466936713,0.06295427658450953,64.0,63.99999999999996,6.661338147750941e-16,matched,True
24,7,80,0.1,0,low,4.0,5.89543768662868,0.6554199028732102,4.000000000000002,4.0,4.440892098500625e-16,matched,True
24,7,80,0.1,0,middle,16.0,4.372720934101408,0.2617940249386277,15.999999999999996,16.000000000000007,6.661338147750939e-16,matched,True
24,7,80,0.1,0,high,64.0,2.7564669418685126,0.06629245175670018,64.00000000000001,63.999999999999986,4.440892098500626e-16,matched,True
25,7,81,0.1,0,low,4.0,5.998540993059022,0.6717090579769855,4.000000000000001,4.000000000000001,0.0,matched,True
25,7,81,0.1,0,middle,16.0,4.437023748422662,0.26137987210678926,16.000000000000004,15.999999999999993,6.66133814775094e-16,matched,True
25,7,81,0.1,0,high,64.0,2.7785428622504162,0.0634188469783038,64.0,64.00000000000003,4.440892098500625e-16,matched,True
26,7,82,0.1,0,low,4.0,5.877955982178948,0.6471848016905739,4.000000000000001,4.0,2.220446049250313e-16,matched,True
26,7,82,0.1,0,middle,16.0,4.363517386742358,0.2626917336055694,16.000000000000007,15.999999999999972,2.2204460492503147e-15,matched,True
26,7,82,0.1,0,high,64.0,2.7571556935612067,0.06862580862471646,64.00000000000001,63.99999999999983,2.8865798640254106e-15,matched,True
27,7,87,0.1,0,low,4.0,5.832632126534367,0.6601396958462954,3.999999999999999,4.0,2.2204460492503136e-16,matched,True
27,7,87,0.1,0,middle,16.0,4.323714221114416,0.25239921294949363,16.000000000000004,16.000000000000043,2.4424906541753412e-15,matched,True
27,7,87,0.1,0,high,64.0,2.7235661821224646,0.06499984765678501,64.00000000000003,64.00000000000013,1.5543122344752172e-15,matched,True
28,7,88,0.1,0,low,4.0,5.822311609255428,0.6493340109713817,4.000000000000001,4.0,2.220446049250313e-16,matched,True
28,7,88,0.1,0,middle,16.0,4.313767670154375,0.2510595545161044,16.000000000000004,15.999999999999979,1.55431223447522e-15,matched,True
28,7,88,0.1,0,high,64.0,2.714761365766225,0.06506417778382634,64.00000000000001,64.0,2.220446049250313e-16,matched,True
29,7,92,0.1,0,low,4.0,5.949516476092164,0.6667390164055167,3.999999999999999,4.000000000000001,4.440892098500626e-16,matched,True
29,7,92,0.1,0,middle,16.0,4.412272264731169,0.2602275027985588,16.00000000000001,15.999999999999993,1.1102230246251565e-15,matched,True
29,7,92,0.1,0,high,64.0,2.781624887348457,0.06705082114288485,64.00000000000001,63.999999999999986,4.440892098500626e-16,matched,True
30,7,97,0.1,0,low,4.0,5.947367720461138,0.6771065265267016,4.000000000000001,4.000000000000003,4.440892098500624e-16,matched,True
30,7,97,0.1,0,middle,16.0,4.401932978368484,0.26075391496554623,16.000000000000004,15.99999999999999,8.881784197001254e-16,matched,True
30,7,97,0.1,0,high,64.0,2.7588095224572426,0.06304323884853846,64.0,63.999999999999844,2.4424906541753475e-15,matched,True
31,7,99,0.1,0,low,4.0,5.858993043048849,0.6678658823436776,3.999999999999999,4.0,2.2204460492503136e-16,matched,True
31,7,99,0.1,0,middle,16.0,4.33733511444015,0.2537777843023736,16.0,16.000000000000004,2.220446049250313e-16,matched,True
31,7,99,0.1,0,high,64.0,2.721903872016722,0.06228460564308197,64.0,63.99999999999997,4.440892098500627e-16,matched,True
32,7,3,0.25,0,low,4.0,10.49233050503144,1.2884206574887784,3.999999999999999,4.0,2.2204460492503136e-16,matched,True
32,7,3,0.25,0,middle,16.0,7.5568627749075645,0.4087225480612625,16.0,16.0,0.0,matched,True
32,7,3,0.25,0,high,64.0,4.4258082228208915,0.0724401550993572,64.0,64.00000000000001,2.220446049250313e-16,matched,True
33,7,10,0.25,0,low,4.0,9.752466405630937,1.0762764703940997,3.999999999999999,4.000000000000001,4.440892098500626e-16,matched,True
33,7,10,0.25,0,middle,16.0,7.016416052675303,0.3567545244611745,16.0,16.0,0.0,matched,True
33,7,10,0.25,0,high,64.0,4.1640916801149,0.07474350927519387,64.0,64.00000000000001,2.220446049250313e-16,matched,True
34,7,11,0.25,0,low,4.0,9.564382727776934,1.1215994195724495,3.9999999999999964,4.000000000000001,1.110223024625157e-15,matched,True
34,7,11,0.25,0,middle,16.0,6.980765879300088,0.3745145702961052,16.000000000000004,15.999999999999993,6.66133814775094e-16,matched,True
34,7,11,0.25,0,high,64.0,4.227943441190128,0.08183331429646445,63.99999999999997,63.99999999999996,2.2204460492503146e-16,matched,True
35,7,15,0.25,0,low,4.0,9.820905549803536,1.1641367613613927,3.999999999999999,4.0,2.2204460492503136e-16,matched,True
35,7,15,0.25,0,middle,16.0,7.1811444693076805,0.4047601121420782,15.999999999999993,15.99999999999999,2.2204460492503146e-16,matched,True
35,7,15,0.25,0,high,64.0,4.36288034515587,0.08204742906440199,64.00000000000001,64.0,2.220446049250313e-16,matched,True
36,7,20,0.25,0,low,4.0,9.949923812149901,1.2014675314276662,4.000000000000001,3.999999999999999,4.440892098500626e-16,matched,True
36,7,20,0.25,0,middle,16.0,7.215307000235963,0.38224872558825346,16.0,15.999999999999996,2.2204460492503136e-16,matched,True
36,7,20,0.25,0,high,64.0,4.30152541283932,0.07766705596177471,64.0,64.0,0.0,matched,True
37,7,21,0.25,0,low,4.0,9.308117442630273,1.1008334658460504,3.9999999999999982,3.9999999999999964,4.440892098500629e-16,matched,True
37,7,21,0.25,0,middle,16.0,6.834976577239541,0.387760590543349,16.000000000000004,15.999999999999996,4.440892098500626e-16,matched,True
37,7,21,0.25,0,high,64.0,4.198828265648357,0.08329407409682155,64.0,63.999999999999986,2.2204460492503136e-16,matched,True
38,7,23,0.25,0,low,4.0,9.937974146222608,1.1440516980041817,3.999999999999999,4.000000000000001,4.440892098500626e-16,matched,True
38,7,23,0.25,0,middle,16.0,7.249568425201742,0.39933499538383305,15.999999999999996,16.00000000000001,8.88178419700125e-16,matched,True
38,7,23,0.25,0,high,64.0,4.39265823659883,0.08392292421344995,64.00000000000003,63.999999999999986,6.661338147750939e-16,matched,True
39,7,24,0.25,0,low,4.0,9.896298607804507,1.1988765795633747,4.000000000000001,3.999999999999999,4.440892098500626e-16,matched,True
39,7,24,0.25,0,middle,16.0,7.175052508611404,0.3741297663907486,15.999999999999996,16.000000000000007,6.661338147750939e-16,matched,True
39,7,24,0.25,0,high,64.0,4.280198130768698,0.07658311592168765,64.00000000000001,64.0,2.220446049250313e-16,matched,True
40,7,26,0.25,0,low,4.0,9.762750693770895,1.1302725075066604,3.999999999999999,4.0,2.2204460492503136e-16,matched,True
40,7,26,0.25,0,middle,16.0,7.079106239032985,0.36274008759974374,16.000000000000007,16.000000000000007,0.0,matched,True
40,7,26,0.25,0,high,64.0,4.248459652919488,0.07929931420329117,64.0,64.0,0.0,matched,True
41,7,35,0.25,0,low,4.0,9.408735620108672,1.1213239438420093,3.999999999999999,4.0,2.2204460492503136e-16,matched,True
41,7,35,0.25,0,middle,16.0,6.895852730046624,0.3864689203170961,16.000000000000004,16.000000000000004,0.0,matched,True
41,7,35,0.25,0,high,64.0,4.211821518695867,0.08114905983695654,64.00000000000001,64.00000000000001,0.0,matched,True
42,7,37,0.25,0,low,4.0,10.161622556996448,1.194229393379322,4.0,3.999999999999999,2.2204460492503136e-16,matched,True
42,7,37,0.25,0,middle,16.0,7.301270474927303,0.3836588487647725,15.999999999999993,16.000000000000007,8.881784197001252e-16,matched,True
42,7,37,0.25,0,high,64.0,4.268510121229522,0.07314339623086608,64.00000000000001,64.00000000000001,0.0,matched,True
43,7,38,0.25,0,low,4.0,10.197660881750217,1.2198999103653563,4.0,4.0,0.0,matched,True
43,7,38,0.25,0,middle,16.0,7.42111124953644,0.4043476469395857,15.999999999999996,16.00000000000001,8.88178419700125e-16,matched,True
43,7,38,0.25,0,high,64.0,4.468558560055657,0.08180235540574232,64.0,63.999999999999986,2.2204460492503136e-16,matched,True
44,7,40,0.25,0,low,4.0,10.0915731673307,1.2239980301297555,4.000000000000002,4.0,4.440892098500625e-16,matched,True
44,7,40,0.25,0,middle,16.0,7.3003934849996845,0.37994141042806806,15.999999999999996,16.000000000000007,6.661338147750939e-16,matched,True
44,7,40,0.25,0,high,64.0,4.330230067557537,0.0767291554271412,64.00000000000001,63.99999999999994,1.110223024625157e-15,matched,True
45,7,44,0.25,0,low,4.0,9.825935123518164,1.1320786202835598,3.999999999999999,4.0,2.2204460492503136e-16,matched,True
45,7,44,0.25,0,middle,16.0,7.161708531149677,0.3621527489897316,16.000000000000004,16.00000000000002,1.1102230246251556e-15,matched,True
45,7,44,0.25,0,high,64.0,4.347071969269878,0.08472862978731222,64.0,64.0,0.0,matched,True
46,7,47,0.25,0,low,4.0,9.808637203557051,1.1768736380614242,4.000000000000002,4.0,4.440892098500625e-16,matched,True
46,7,47,0.25,0,middle,16.0,7.100321023828448,0.3631543356944906,16.000000000000004,16.000000000000014,6.661338147750936e-16,matched,True
46,7,47,0.25,0,high,64.0,4.232599330779109,0.07760944349569598,63.999999999999986,64.00000000000006,1.1102230246251561e-15,matched,True
47,7,50,0.25,0,low,4.0,9.77214542791486,1.1388416261339556,4.0,3.9999999999999982,4.440892098500627e-16,matched,True
47,7,50,0.25,0,middle,16.0,7.152951025057518,0.4021878195668734,16.000000000000007,16.0,4.440892098500625e-16,matched,True
47,7,50,0.25,0,high,64.0,4.356811336922693,0.08209823640948732,64.0,64.00000000000003,4.440892098500625e-16,matched,True
48,7,53,0.25,0,low,4.0,10.002829769066222,1.1485216370103344,4.000000000000002,4.0,4.440892098500625e-16,matched,True
48,7,53,0.25,0,middle,16.0,7.290256930930058,0.38394694917755245,16.000000000000004,16.00000000000001,4.440892098500624e-16,matched,True
48,7,53,0.25,0,high,64.0,4.417792243832656,0.08764104311395648,64.0,63.999999999999844,2.4424906541753475e-15,matched,True
49,7,54,0.25,0,low,4.0,9.829131040319943,1.154915386374111,3.9999999999999982,3.9999999999999982,0.0,matched,True
49,7,54,0.25,0,middle,16.0,7.172513616917419,0.4017215772320457,15.999999999999996,16.000000000000007,6.661338147750939e-16,matched,True
49,7,54,0.25,0,high,64.0,4.332185229797737,0.0800264478922863,64.0,64.00000000000006,8.881784197001248e-16,matched,True
50,7,56,0.25,0,low,4.0,9.512344382566907,1.0577428773274773,4.000000000000001,3.9999999999999982,6.66133814775094e-16,matched,True
50,7,56,0.25,0,middle,16.0,6.969149679755741,0.3940360830436947,16.000000000000004,15.999999999999982,1.3322676295501884e-15,matched,True
50,7,56,0.25,0,high,64.0,4.262481725479227,0.08573707905951267,63.999999999999986,64.0,2.2204460492503136e-16,matched,True
51,7,59,0.25,0,low,4.0,10.105590070415074,1.1112383942102424,3.999999999999999,4.0,2.2204460492503136e-16,matched,True
51,7,59,0.25,0,middle,16.0,7.29023580857614,0.3813508251371768,16.0,16.000000000000004,2.220446049250313e-16,matched,True
51,7,59,0.25,0,high,64.0,4.336824288426939,0.07846372145611769,64.0,63.999999999999986,2.2204460492503136e-16,matched,True
52,7,60,0.25,0,low,4.0,9.924374508786235,1.1240878719783982,3.999999999999999,4.000000000000002,6.661338147750939e-16,matched,True
52,7,60,0.25,0,middle,16.0,7.197226553121566,0.3824156531968601,16.0,16.000000000000018,1.1102230246251561e-15,matched,True
52,7,60,0.25,0,high,64.0,4.308841438735765,0.07796290660179117,63.999999999999986,64.0,2.2204460492503136e-16,matched,True
53,7,61,0.25,0,low,4.0,10.051609356336913,1.1889627587776403,4.000000000000001,4.000000000000001,0.0,matched,True
53,7,61,0.25,0,middle,16.0,7.330148404287488,0.4024751670525898,15.999999999999996,16.000000000000004,4.440892098500626e-16,matched,True
53,7,61,0.25,0,high,64.0,4.431092099943441,0.08204462336862998,64.0,63.99999999999997,4.440892098500627e-16,matched,True
54,7,75,0.25,0,low,4.0,9.54375575381853,1.1312137477870612,3.999999999999999,3.9999999999999982,2.220446049250314e-16,matched,True
54,7,75,0.25,0,middle,16.0,6.990870417468248,0.3803921248709061,16.000000000000007,15.999999999999993,8.881784197001252e-16,matched,True
54,7,75,0.25,0,high,64.0,4.275789270115563,0.08552395941891966,64.0,64.00000000000001,2.220446049250313e-16,matched,True
55,7,76,0.25,0,low,4.0,10.139188656473934,1.0428931529731713,4.000000000000001,4.0,2.220446049250313e-16,matched,True
55,7,76,0.25,0,middle,16.0,7.251631050449845,0.3525352837627853,15.999999999999996,15.999999999999972,1.5543122344752207e-15,matched,True
55,7,76,0.25,0,high,64.0,4.297383506717442,0.08076844926080941,64.00000000000001,64.0,2.220446049250313e-16,matched,True
56,7,80,0.25,0,low,4.0,10.055379931667947,1.1900295007964963,3.999999999999999,4.000000000000001,4.440892098500626e-16,matched,True
56,7,80,0.25,0,middle,16.0,7.3185751469102485,0.42561048149652114,15.999999999999996,16.000000000000014,1.1102230246251561e-15,matched,True
56,7,80,0.25,0,high,64.0,4.385855869826665,0.07721389568751214,64.0,63.99999999999996,6.661338147750941e-16,matched,True
57,7,81,0.25,0,low,4.0,9.843730847741366,1.1938137923946182,3.999999999999999,4.000000000000001,4.440892098500626e-16,matched,True
57,7,81,0.25,0,middle,16.0,7.169802070525082,0.3826964597380794,16.000000000000007,15.999999999999993,8.881784197001252e-16,matched,True
57,7,81,0.25,0,high,64.0,4.324603851974103,0.08029843587536373,63.999999999999986,64.00000000000009,1.5543122344752186e-15,matched,True
58,7,82,0.25,0,low,4.0,10.188669467795751,1.2029426065680835,4.0,3.9999999999999973,6.661338147750941e-16,matched,True
58,7,82,0.25,0,middle,16.0,7.4141156820293475,0.4080920351320536,16.0,16.00000000000001,6.661338147750936e-16,matched,True
58,7,82,0.25,0,high,64.0,4.455769517737573,0.08044562701070272,64.0,64.0,0.0,matched,True
59,7,87,0.25,0,low,4.0,9.846055358647362,1.1497212114367283,4.0000000000000036,3.999999999999999,1.1102230246251561e-15,matched,True
59,7,87,0.25,0,middle,16.0,7.171950690748984,0.3873319586460351,16.000000000000004,16.00000000000002,1.1102230246251556e-15,matched,True
59,7,87,0.25,0,high,64.0,4.314908008460913,0.07821758878812535,64.00000000000001,64.00000000000001,0.0,matched,True
60,7,88,0.25,0,low,4.0,10.221933186010968,1.2147033888017975,4.0,4.000000000000001,2.220446049250313e-16,matched,True
60,7,88,0.25,0,middle,16.0,7.375038121603403,0.3783366388280076,16.000000000000004,15.999999999999979,1.55431223447522e-15,matched,True
60,7,88,0.25,0,high,64.0,4.362059374395793,0.0760958226970749,64.0,63.999999999999986,2.2204460492503136e-16,matched,True
61,7,92,0.25,0,low,4.0,9.85394865524595,1.1508772913783163,4.0,3.9999999999999982,4.440892098500627e-16,matched,True
61,7,92,0.25,0,middle,16.0,7.213321380549586,0.39492053364940505,16.000000000000004,15.99999999999999,8.881784197001254e-16,matched,True
61,7,92,0.25,0,high,64.0,4.40101499991539,0.08712772736570429,63.999999999999986,64.00000000000006,1.1102230246251561e-15,matched,True
62,7,97,0.25,0,low,4.0,9.987128333871992,1.1840127610951936,4.000000000000001,4.0,2.220446049250313e-16,matched,True
62,7,97,0.25,0,middle,16.0,7.224153767855308,0.36403718216378617,15.999999999999996,15.999999999999986,6.661338147750943e-16,matched,True
62,7,97,0.25,0,high,64.0,4.309878988260477,0.07817697704992535,64.00000000000003,63.99999999999997,8.881784197001252e-16,matched,True
63,7,99,0.25,0,low,4.0,10.11588547366376,1.242308665912646,4.000000000000002,4.000000000000001,2.220446049250312e-16,matched,True
63,7,99,0.25,0,middle,16.0,7.289171950200514,0.3776835629198753,16.0,16.0,0.0,matched,True
63,7,99,0.25,0,high,64.0,4.2980828442515,0.07418156314481639,64.00000000000001,63.999999999999915,1.55431223447522e-15,matched,True
64,7,3,0.4,0,low,4.0,41.74221336457265,3.7923637051198185,4.000000000000001,4.000000000000001,0.0,matched,True
64,7,3,0.4,0,middle,16.0,20.115918254851266,0.7874447308556004,16.000000000000004,15.999999999999996,4.440892098500626e-16,matched,True
64,7,3,0.4,0,high,64.0,7.981213461006612,0.0966242770308956,64.0,63.999999999999986,2.2204460492503136e-16,matched,True
65,7,10,0.4,0,low,4.0,55.5477092444506,7.039061521024955,4.000000000000001,3.999999999999999,4.440892098500626e-16,matched,True
65,7,10,0.4,0,middle,16.0,20.234548757208593,0.6059246815298853,15.999999999999993,16.0,4.440892098500627e-16,matched,True
65,7,10,0.4,0,high,64.0,7.188621810099235,0.08646754023342335,64.0,64.00000000000004,6.661338147750936e-16,matched,True
66,7,11,0.4,0,low,4.0,39.39303164233371,5.333333333333334,4.000000000000001,4.0,2.220446049250313e-16,matched,True
66,7,11,0.4,0,middle,16.0,19.22281548848329,0.6345036245890725,16.0,15.999999999999993,4.440892098500627e-16,matched,True
66,7,11,0.4,0,high,64.0,7.905954417853955,0.10123306237728841,64.0,63.99999999999997,4.440892098500627e-16,matched,True
67,7,15,0.4,0,low,4.0,47.62055566438697,5.487954724560282,4.0,4.0,0.0,matched,True
67,7,15,0.4,0,middle,16.0,18.70166565819983,0.6491908271143454,15.999999999999996,16.0,2.2204460492503136e-16,matched,True
67,7,15,0.4,0,high,64.0,7.371241577087158,0.09290158983672392,64.00000000000001,64.0,2.220446049250313e-16,matched,True
68,7,20,0.4,0,low,4.0,50.23694060914144,8.552359741197577,4.000000000000001,4.0,2.220446049250313e-16,matched,True
68,7,20,0.4,0,middle,16.0,18.75051058674581,0.6289554745468648,16.0,16.0,0.0,matched,True
68,7,20,0.4,0,high,64.0,7.461970197837658,0.09363445696610823,64.0,63.99999999999997,4.440892098500627e-16,matched,True
69,7,21,0.4,0,low,4.0,35.04502594337106,3.307592922378891,4.000000000000001,4.0,2.220446049250313e-16,matched,True
69,7,21,0.4,0,middle,16.0,17.406318646500257,0.6476280592039041,15.999999999999986,16.0,8.881784197001256e-16,matched,True
69,7,21,0.4,0,high,64.0,7.678227584177478,0.10090898439813722,64.0,64.00000000000001,2.220446049250313e-16,matched,True
70,7,23,0.4,0,low,4.0,35.21027572001856,5.157266969762435,3.999999999999999,4.0,2.2204460492503136e-16,matched,True
70,7,23,0.4,0,middle,16.0,19.80296158921739,0.7590211888254501,15.999999999999996,16.00000000000002,1.5543122344752186e-15,matched,True
70,7,23,0.4,0,high,64.0,8.2988460820839,0.10125446656751436,64.0,63.99999999999997,4.440892098500627e-16,matched,True
71,7,24,0.4,0,low,4.0,48.19353884766722,7.067617668790177,3.999999999999999,4.0,2.2204460492503136e-16,matched,True
71,7,24,0.4,0,middle,16.0,20.487153326051796,0.7443873683187774,16.000000000000004,16.0,2.220446049250313e-16,matched,True
71,7,24,0.4,0,high,64.0,7.323471048300554,0.0868199983640292,64.00000000000001,64.0,2.220446049250313e-16,matched,True
72,7,26,0.4,0,low,4.0,26.49912342970159,2.94941165763845,3.9999999999999982,4.000000000000001,6.66133814775094e-16,matched,True
72,7,26,0.4,0,middle,16.0,15.514433029980129,0.6753399814198673,16.0,15.999999999999993,4.440892098500627e-16,matched,True
72,7,26,0.4,0,high,64.0,6.619318841523609,0.08123375781287509,64.0,64.0,0.0,matched,True
73,7,35,0.4,0,low,4.0,33.64009147790987,3.340772806220035,4.0,4.0,0.0,matched,True
73,7,35,0.4,0,middle,16.0,17.55391550701525,0.6906263603770846,16.000000000000004,15.999999999999993,6.66133814775094e-16,matched,True
73,7,35,0.4,0,high,64.0,7.521193225616248,0.09226447052161202,64.00000000000003,63.99999999999996,1.1102230246251567e-15,matched,True
74,7,37,0.4,0,low,4.0,24.014199037508533,3.2242734199032217,4.0,4.0,0.0,matched,True
74,7,37,0.4,0,middle,16.0,13.15305772149657,0.4739384967180296,16.000000000000004,16.0,2.220446049250313e-16,matched,True
74,7,37,0.4,0,high,64.0,5.824448948918606,0.07620456729640876,64.0,64.0,0.0,matched,True
75,7,38,0.4,0,low,4.0,34.52017817804408,4.4956118955921305,3.9999999999999982,4.0,4.440892098500627e-16,matched,True
75,7,38,0.4,0,middle,16.0,19.52534852844055,0.7622607090215414,16.000000000000004,16.0,2.220446049250313e-16,matched,True
75,7,38,0.4,0,high,64.0,7.981473226865496,0.09312368892588013,64.0,64.00000000000001,2.220446049250313e-16,matched,True
76,7,40,0.4,0,low,4.0,39.92722864601271,5.448041796855989,3.999999999999999,4.0,2.2204460492503136e-16,matched,True
76,7,40,0.4,0,middle,16.0,20.248459788369573,0.7672515275855438,16.0,16.0,0.0,matched,True
76,7,40,0.4,0,high,64.0,7.6831280812688325,0.09135112004653467,64.0,64.0,0.0,matched,True
77,7,44,0.4,0,low,4.0,43.593303181394994,5.333333333333332,4.0,4.000000000000001,2.220446049250313e-16,matched,True
77,7,44,0.4,0,middle,16.0,18.82788501507953,0.6285999928361701,16.000000000000004,15.999999999999993,6.66133814775094e-16,matched,True
77,7,44,0.4,0,high,64.0,7.699853184190843,0.09591305777139247,64.0,64.00000000000001,2.220446049250313e-16,matched,True
78,7,47,0.4,0,low,4.0,35.4937008906897,4.6308774738715,4.000000000000002,4.0,4.440892098500625e-16,matched,True
78,7,47,0.4,0,middle,16.0,18.530315078976564,0.7115211591519239,16.0,15.999999999999996,2.2204460492503136e-16,matched,True
78,7,47,0.4,0,high,64.0,7.520079975184595,0.09176536475368668,64.0,63.99999999999997,4.440892098500627e-16,matched,True
79,7,50,0.4,0,low,4.0,43.670326617109396,5.747369664856798,3.999999999999999,4.0,2.2204460492503136e-16,matched,True
79,7,50,0.4,0,middle,16.0,21.03034027552232,0.6884241425616255,15.999999999999996,16.000000000000004,4.440892098500626e-16,matched,True
79,7,50,0.4,0,high,64.0,8.052219537286149,0.09699523320556591,64.0,64.0,0.0,matched,True
80,7,53,0.4,0,low,4.0,52.49052009213746,6.822422923379534,4.0,4.000000000000001,2.220446049250313e-16,matched,True
80,7,53,0.4,0,middle,16.0,21.41367802160122,0.7496797706401956,16.0,16.0,0.0,matched,True
80,7,53,0.4,0,high,64.0,7.768574840248732,0.08999848831933709,64.0,63.999999999999986,2.2204460492503136e-16,matched,True
81,7,54,0.4,0,low,4.0,39.03464575778156,5.448041796855989,4.000000000000001,4.0,2.220446049250313e-16,matched,True
81,7,54,0.4,0,middle,16.0,20.447811795987505,0.7893018203564007,16.0,16.000000000000007,4.440892098500625e-16,matched,True
81,7,54,0.4,0,high,64.0,8.299844921627967,0.10109308552378948,64.00000000000001,64.0,2.220446049250313e-16,matched,True
82,7,56,0.4,0,low,4.0,29.597413171216537,3.8616863362038227,4.000000000000001,4.0,2.220446049250313e-16,matched,True
82,7,56,0.4,0,middle,16.0,16.078698837354022,0.5769897632105541,15.999999999999993,15.999999999999979,8.88178419700126e-16,matched,True
82,7,56,0.4,0,high,64.0,7.06141216018046,0.08908984264217694,63.999999999999986,63.99999999999996,4.440892098500628e-16,matched,True
83,7,59,0.4,0,low,4.0,48.75443567193062,7.067617668790177,4.0,4.0,0.0,matched,True
83,7,59,0.4,0,middle,16.0,22.73993574381474,0.8485944364541118,16.0,16.000000000000007,4.440892098500625e-16,matched,True
83,7,59,0.4,0,high,64.0,8.425223784668034,0.09561397543161698,64.00000000000003,64.00000000000001,2.220446049250312e-16,matched,True
84,7,60,0.4,0,low,4.0,27.235561657055882,3.4914862437758787,4.000000000000002,4.0,4.440892098500625e-16,matched,True
84,7,60,0.4,0,middle,16.0,16.935643167599547,0.6942972756714303,16.0,15.999999999999993,4.440892098500627e-16,matched,True
84,7,60,0.4,0,high,64.0,7.721998174606662,0.09790407693685466,64.0,63.99999999999997,4.440892098500627e-16,matched,True
85,7,61,0.4,0,low,4.0,26.38657424868166,3.424206600030825,3.999999999999999,4.0,2.2204460492503136e-16,matched,True
85,7,61,0.4,0,middle,16.0,16.016917935110556,0.6421048841770644,16.000000000000004,15.999999999999996,4.440892098500626e-16,matched,True
85,7,61,0.4,0,high,64.0,7.286250976412923,0.09288902226425819,64.0,64.0,0.0,matched,True
86,7,75,0.4,0,low,4.0,46.05490019771216,5.333333333333334,4.0,4.0,0.0,matched,True
86,7,75,0.4,0,middle,16.0,20.6830161559796,0.7648589025224353,16.0,16.00000000000001,6.661338147750936e-16,matched,True
86,7,75,0.4,0,high,64.0,7.953349967368215,0.09243475044396288,64.00000000000001,63.999999999999986,4.440892098500626e-16,matched,True
87,7,76,0.4,0,low,4.0,34.064130372408634,5.487954724560282,3.999999999999999,4.0,2.2204460492503136e-16,matched,True
87,7,76,0.4,0,middle,16.0,16.087924890800963,0.5321520841901914,16.000000000000007,15.999999999999996,6.661338147750939e-16,matched,True
87,7,76,0.4,0,high,64.0,6.5827741565762,0.08237421074006313,64.0,64.00000000000001,2.220446049250313e-16,matched,True
88,7,80,0.4,0,low,4.0,31.921964631955603,3.5482621005819492,4.0,4.0,0.0,matched,True
88,7,80,0.4,0,middle,16.0,18.42483272523151,0.7788678136179769,15.999999999999996,15.99999999999999,4.440892098500628e-16,matched,True
88,7,80,0.4,0,high,64.0,8.210189529851956,0.10239593700982741,64.00000000000001,64.00000000000001,0.0,matched,True
89,7,81,0.4,0,low,4.0,31.98260433356974,3.866381397313134,4.000000000000001,4.000000000000001,0.0,matched,True
89,7,81,0.4,0,middle,16.0,17.378790283032355,0.649858089810861,16.0,15.999999999999993,4.440892098500627e-16,matched,True
89,7,81,0.4,0,high,64.0,7.655858179690831,0.09990779812926609,64.0,64.00000000000003,4.440892098500625e-16,matched,True
90,7,82,0.4,0,low,4.0,30.736880082064385,3.82473154987006,4.0,4.0,0.0,matched,True
90,7,82,0.4,0,middle,16.0,18.230977953118938,0.725448285691435,16.000000000000004,16.000000000000018,8.881784197001246e-16,matched,True
90,7,82,0.4,0,high,64.0,8.241415702245796,0.10639565742709989,64.0,64.00000000000006,8.881784197001248e-16,matched,True
91,7,87,0.4,0,low,4.0,32.98817356402641,3.53920808709972,4.000000000000001,4.0,2.220446049250313e-16,matched,True
91,7,87,0.4,0,middle,16.0,17.885757043269557,0.7436722986356568,16.0,15.999999999999993,4.440892098500627e-16,matched,True
91,7,87,0.4,0,high,64.0,7.263136985346321,0.08537108202107357,63.999999999999986,64.00000000000003,6.661338147750939e-16,matched,True
92,7,88,0.4,0,low,4.0,42.73500935767008,4.525483399593902,3.999999999999999,4.000000000000001,4.440892098500626e-16,matched,True
92,7,88,0.4,0,middle,16.0,21.97765252802696,0.8583068492573123,16.000000000000004,15.999999999999996,4.440892098500626e-16,matched,True
92,7,88,0.4,0,high,64.0,8.537959047243254,0.09891138036263629,64.0,64.00000000000004,6.661338147750936e-16,matched,True
93,7,92,0.4,0,low,4.0,40.961197509510185,4.937707198786946,4.0,4.0,0.0,matched,True
93,7,92,0.4,0,middle,16.0,19.998369892305732,0.7955048396465738,16.000000000000004,16.000000000000004,0.0,matched,True
93,7,92,0.4,0,high,64.0,7.977156531790913,0.0948633538444501,64.0,64.0,0.0,matched,True
94,7,97,0.4,0,low,4.0,32.34903752128072,4.618802153517006,3.999999999999999,4.000000000000001,4.440892098500626e-16,matched,True
94,7,97,0.4,0,middle,16.0,17.24478417139339,0.6460902047112125,15.999999999999993,16.0,4.440892098500627e-16,matched,True
94,7,97,0.4,0,high,64.0,7.077302000290672,0.08472679691499607,63.999999999999986,64.00000000000004,8.88178419700125e-16,matched,True
95,7,99,0.4,0,low,4.0,29.510916674262063,4.0,4.000000000000001,4.000000000000001,0.0,matched,True
95,7,99,0.4,0,middle,16.0,16.70589409972464,0.6204867120272137,16.000000000000004,16.0,2.220446049250313e-16,matched,True
95,7,99,0.4,0,high,64.0,7.016449093182347,0.08704250781533274,64.00000000000001,64.00000000000003,2.220446049250312e-16,matched,True
