cue_index,memory_seed,target,rho,mask_index,method,alpha,category,converged,convergence_step,stable,stability_radius,final_top_memory,final_max_weight,final_ipr,final_support_size,level,target_ipr
5.0,0.0,5.0,0.1,0.0,softmax,48.0,correct_memory_like,True,4,True,3.362133593990881e-14,5,0.9999999999999996,1.0000000000000009,1,low,1.0000000000029354
8.0,0.0,8.0,0.1,0.0,softmax,48.0,correct_memory_like,True,4,True,3.136102109634245e-15,8,1.0,1.0,1,low,1.0000000000029354
10.0,0.0,10.0,0.1,0.0,softmax,48.0,correct_memory_like,True,4,True,3.0808189297773026e-15,10,1.0,1.0,1,low,1.0000000000029354
12.0,0.0,12.0,0.1,0.0,softmax,48.0,correct_memory_like,True,4,True,1.5378192813067484e-15,12,1.0,1.0,1,low,1.0000000000029354
13.0,0.0,13.0,0.1,0.0,softmax,48.0,correct_memory_like,True,4,True,1.0329948222055934e-14,13,0.9999999999999998,1.0000000000000004,1,low,1.0000000000029354
14.0,0.0,14.0,0.1,0.0,softmax,48.0,correct_memory_like,True,4,True,7.464367852368318e-16,14,1.0,1.0,1,low,1.0000000000029354
16.0,0.0,16.0,0.1,0.0,softmax,48.0,correct_memory_like,True,4,True,6.6182469684853906e-15,16,1.0,1.0,1,low,1.0000000000029354
17.0,0.0,17.0,0.1,0.0,softmax,48.0,correct_memory_like,True,4,True,1.8065626979521e-15,17,1.0,1.0,1,low,1.0000000000029354
18.0,0.0,18.0,0.1,0.0,softmax,48.0,correct_memory_like,True,4,True,3.2192416384864902e-15,18,1.0,1.0,1,low,1.0000000000029354
24.0,0.0,24.0,0.1,0.0,softmax,48.0,correct_memory_like,True,4,True,7.418933724963283e-16,24,1.0,1.0,1,low,1.0000000000029354
27.0,0.0,27.0,0.1,0.0,softmax,48.0,correct_memory_like,True,4,True,2.063216463705149e-15,27,1.0,1.0,1,low,1.0000000000029354
28.0,0.0,28.0,0.1,0.0,softmax,48.0,correct_memory_like,True,4,True,1.6400923303360894e-14,28,0.9999999999999998,1.0000000000000004,1,low,1.0000000000029354
32.0,0.0,32.0,0.1,0.0,softmax,48.0,correct_memory_like,True,4,True,1.417658870776228e-16,32,1.0,1.0,1,low,1.0000000000029354
39.0,0.0,39.0,0.1,0.0,softmax,48.0,correct_memory_like,True,4,True,7.483232624548443e-16,39,1.0,1.0,1,low,1.0000000000029354
41.0,0.0,41.0,0.1,0.0,softmax,48.0,correct_memory_like,True,4,True,1.0635461427250216e-14,41,0.9999999999999998,1.0000000000000004,1,low,1.0000000000029354
49.0,0.0,49.0,0.1,0.0,softmax,48.0,correct_memory_like,True,4,True,3.0839244458964483e-15,49,1.0,1.0,1,low,1.0000000000029354
54.0,0.0,54.0,0.1,0.0,softmax,48.0,correct_memory_like,True,4,True,2.239415636901765e-16,54,1.0,1.0,1,low,1.0000000000029354
57.0,0.0,57.0,0.1,0.0,softmax,48.0,correct_memory_like,True,4,True,1.506202834502634e-13,57,0.9999999999999976,1.0000000000000049,1,low,1.0000000000029354
58.0,0.0,58.0,0.1,0.0,softmax,48.0,correct_memory_like,True,4,True,3.156105798127734e-15,58,1.0,1.0,1,low,1.0000000000029354
59.0,0.0,59.0,0.1,0.0,softmax,48.0,correct_memory_like,True,4,True,1.6000568024651083e-14,59,0.9999999999999998,1.0000000000000004,1,low,1.0000000000029354
61.0,0.0,61.0,0.1,0.0,softmax,48.0,correct_memory_like,True,4,True,3.3627898800850364e-14,61,0.9999999999999996,1.0000000000000009,1,low,1.0000000000029354
65.0,0.0,65.0,0.1,0.0,softmax,48.0,correct_memory_like,True,4,True,1.763956972224079e-15,65,1.0,1.0,1,low,1.0000000000029354
70.0,0.0,70.0,0.1,0.0,softmax,48.0,correct_memory_like,True,4,True,1.0757226264498347e-14,70,0.9999999999999998,1.0000000000000004,1,low,1.0000000000029354
76.0,0.0,76.0,0.1,0.0,softmax,48.0,correct_memory_like,True,4,True,1.6480051922149134e-14,76,0.9999999999999998,1.0000000000000004,1,low,1.0000000000029354
78.0,0.0,78.0,0.1,0.0,softmax,48.0,correct_memory_like,True,4,True,3.18507719061341e-15,78,1.0,1.0,1,low,1.0000000000029354
82.0,0.0,82.0,0.1,0.0,softmax,48.0,correct_memory_like,True,4,True,5.405886506837447e-16,82,1.0,1.0,1,low,1.0000000000029354
84.0,0.0,84.0,0.1,0.0,softmax,48.0,correct_memory_like,True,4,True,3.1173021331798873e-15,84,1.0,1.0,1,low,1.0000000000029354
88.0,0.0,88.0,0.1,0.0,softmax,48.0,correct_memory_like,True,4,True,1.0934332959557895e-14,88,0.9999999999999998,1.0000000000000004,1,low,1.0000000000029354
89.0,0.0,89.0,0.1,0.0,softmax,48.0,correct_memory_like,True,4,True,1.6408475788743245e-14,89,0.9999999999999998,1.0000000000000004,1,low,1.0000000000029354
90.0,0.0,90.0,0.1,0.0,softmax,48.0,correct_memory_like,True,4,True,3.074281469817702e-13,90,0.9999999999999952,1.000000000000009,1,low,1.0000000000029354
94.0,0.0,94.0,0.1,0.0,softmax,48.0,correct_memory_like,True,4,True,2.43190152802635e-15,94,1.0,1.0,1,low,1.0000000000029354
98.0,0.0,98.0,0.1,0.0,softmax,48.0,correct_memory_like,True,4,True,2.7385705965419455e-16,98,1.0,1.0,1,low,1.0000000000029354
5.0,0.0,5.0,0.1,0.0,sparsemax,1.8,correct_memory_like,True,4,True,0.0,5,1.0,1.0,1,low,1.0000000000029354
8.0,0.0,8.0,0.1,0.0,sparsemax,1.8,correct_memory_like,True,4,True,0.0,8,1.0,1.0,1,low,1.0000000000029354
10.0,0.0,10.0,0.1,0.0,sparsemax,1.8,correct_memory_like,True,4,True,0.0,10,1.0,1.0,1,low,1.0000000000029354
12.0,0.0,12.0,0.1,0.0,sparsemax,1.8,correct_memory_like,True,4,True,0.0,12,1.0,1.0,1,low,1.0000000000029354
13.0,0.0,13.0,0.1,0.0,sparsemax,1.8,correct_memory_like,True,4,True,0.0,13,1.0,1.0,1,low,1.0000000000029354
14.0,0.0,14.0,0.1,0.0,sparsemax,1.8,correct_memory_like,True,5,True,0.0,14,1.0,1.0,1,low,1.0000000000029354
16.0,0.0,16.0,0.1,0.0,sparsemax,1.8,correct_memory_like,True,4,True,0.0,16,1.0,1.0,1,low,1.0000000000029354
17.0,0.0,17.0,0.1,0.0,sparsemax,1.8,correct_memory_like,True,4,True,0.0,17,1.0,1.0,1,low,1.0000000000029354
18.0,0.0,18.0,0.1,0.0,sparsemax,1.8,correct_memory_like,True,4,True,0.0,18,1.0,1.0,1,low,1.0000000000029354
24.0,0.0,24.0,0.1,0.0,sparsemax,1.8,correct_memory_like,True,4,True,0.0,24,1.0,1.0,1,low,1.0000000000029354
27.0,0.0,27.0,0.1,0.0,sparsemax,1.8,correct_memory_like,True,4,True,0.0,27,1.0,1.0,1,low,1.0000000000029354
28.0,0.0,28.0,0.1,0.0,sparsemax,1.8,correct_memory_like,True,4,True,0.0,28,1.0,1.0,1,low,1.0000000000029354
32.0,0.0,32.0,0.1,0.0,sparsemax,1.8,correct_memory_like,True,4,True,0.0,32,1.0,1.0,1,low,1.0000000000029354
39.0,0.0,39.0,0.1,0.0,sparsemax,1.8,correct_memory_like,True,4,True,0.0,39,1.0,1.0,1,low,1.0000000000029354
41.0,0.0,41.0,0.1,0.0,sparsemax,1.8,correct_memory_like,True,4,True,0.0,41,1.0,1.0,1,low,1.0000000000029354
49.0,0.0,49.0,0.1,0.0,sparsemax,1.8,correct_memory_like,True,4,True,0.0,49,1.0,1.0,1,low,1.0000000000029354
54.0,0.0,54.0,0.1,0.0,sparsemax,1.8,correct_memory_like,True,4,True,0.0,54,1.0,1.0,1,low,1.0000000000029354
57.0,0.0,57.0,0.1,0.0,sparsemax,1.8,correct_memory_like,True,4,True,0.0,57,1.0,1.0,1,low,1.0000000000029354
58.0,0.0,58.0,0.1,0.0,sparsemax,1.8,correct_memory_like,True,5,True,0.0,58,1.0,1.0,1,low,1.0000000000029354
59.0,0.0,59.0,0.1,0.0,sparsemax,1.8,correct_memory_like,True,5,True,0.0,59,1.0,1.0,1,low,1.0000000000029354
61.0,0.0,61.0,0.1,0.0,sparsemax,1.8,correct_memory_like,True,4,True,0.0,61,1.0,1.0,1,low,1.0000000000029354
65.0,0.0,65.0,0.1,0.0,sparsemax,1.8,correct_memory_like,True,4,True,0.0,65,1.0,1.0,1,low,1.0000000000029354
70.0,0.0,70.0,0.1,0.0,sparsemax,1.8,correct_memory_like,True,4,True,0.0,70,1.0,1.0,1,low,1.0000000000029354
76.0,0.0,76.0,0.1,0.0,sparsemax,1.8,correct_memory_like,True,5,True,0.0,76,1.0,1.0,1,low,1.0000000000029354
78.0,0.0,78.0,0.1,0.0,sparsemax,1.8,correct_memory_like,True,4,True,0.0,78,1.0,1.0,1,low,1.0000000000029354
82.0,0.0,82.0,0.1,0.0,sparsemax,1.8,correct_memory_like,True,4,True,0.0,82,1.0,1.0,1,low,1.0000000000029354
84.0,0.0,84.0,0.1,0.0,sparsemax,1.8,correct_memory_like,True,4,True,0.0,84,1.0,1.0,1,low,1.0000000000029354
88.0,0.0,88.0,0.1,0.0,sparsemax,1.8,correct_memory_like,True,5,True,0.0,88,1.0,1.0,1,low,1.0000000000029354
89.0,0.0,89.0,0.1,0.0,sparsemax,1.8,correct_memory_like,True,4,True,0.0,89,1.0,1.0,1,low,1.0000000000029354
90.0,0.0,90.0,0.1,0.0,sparsemax,1.8,correct_memory_like,True,4,True,0.0,90,1.0,1.0,1,low,1.0000000000029354
94.0,0.0,94.0,0.1,0.0,sparsemax,1.8,correct_memory_like,True,5,True,0.0,94,1.0,1.0,1,low,1.0000000000029354
98.0,0.0,98.0,0.1,0.0,sparsemax,1.8,correct_memory_like,True,4,True,0.0,98,1.0,1.0,1,low,1.0000000000029354
5.0,0.0,5.0,0.1,0.0,softmax,5.0,stable_mixture,True,13,True,0.1579734893787067,35,0.0114272038220709,99.72074913727263,100,middle,8.707332297366008
8.0,0.0,8.0,0.1,0.0,softmax,5.0,stable_mixture,True,13,True,0.1579734893787067,35,0.0114272038220709,99.72074913727263,100,middle,8.707332297366008
10.0,0.0,10.0,0.1,0.0,softmax,5.0,stable_mixture,True,13,True,0.1579734893787067,35,0.0114272038220709,99.72074913727263,100,middle,8.707332297366008
12.0,0.0,12.0,0.1,0.0,softmax,5.0,stable_mixture,True,13,True,0.1579734893787067,35,0.0114272038220709,99.72074913727263,100,middle,8.707332297366008
13.0,0.0,13.0,0.1,0.0,softmax,5.0,stable_mixture,True,13,True,0.1579734893787067,35,0.0114272038220709,99.72074913727263,100,middle,8.707332297366008
14.0,0.0,14.0,0.1,0.0,softmax,5.0,stable_mixture,True,13,True,0.1579734893787067,35,0.0114272038220709,99.72074913727263,100,middle,8.707332297366008
16.0,0.0,16.0,0.1,0.0,softmax,5.0,stable_mixture,True,13,True,0.1579734893787067,35,0.0114272038220709,99.72074913727263,100,middle,8.707332297366008
17.0,0.0,17.0,0.1,0.0,softmax,5.0,stable_mixture,True,13,True,0.1579734893787067,35,0.0114272038220709,99.72074913727263,100,middle,8.707332297366008
18.0,0.0,18.0,0.1,0.0,softmax,5.0,stable_mixture,True,14,True,0.1579734893787067,35,0.0114272038220709,99.72074913727263,100,middle,8.707332297366008
24.0,0.0,24.0,0.1,0.0,softmax,5.0,stable_mixture,True,13,True,0.1579734893787067,35,0.0114272038220709,99.72074913727263,100,middle,8.707332297366008
27.0,0.0,27.0,0.1,0.0,softmax,5.0,stable_mixture,True,13,True,0.1579734893787067,35,0.0114272038220709,99.72074913727263,100,middle,8.707332297366008
28.0,0.0,28.0,0.1,0.0,softmax,5.0,stable_mixture,True,13,True,0.1579734893787067,35,0.0114272038220709,99.72074913727263,100,middle,8.707332297366008
32.0,0.0,32.0,0.1,0.0,softmax,5.0,stable_mixture,True,13,True,0.1579734893787067,35,0.0114272038220709,99.72074913727263,100,middle,8.707332297366008
39.0,0.0,39.0,0.1,0.0,softmax,5.0,stable_mixture,True,13,True,0.1579734893787068,35,0.0114272038220709,99.72074913727263,100,middle,8.707332297366008
41.0,0.0,41.0,0.1,0.0,softmax,5.0,stable_mixture,True,13,True,0.1579734893787067,35,0.0114272038220709,99.72074913727263,100,middle,8.707332297366008
49.0,0.0,49.0,0.1,0.0,softmax,5.0,stable_mixture,True,13,True,0.1579734893787068,35,0.0114272038220709,99.72074913727263,100,middle,8.707332297366008
54.0,0.0,54.0,0.1,0.0,softmax,5.0,stable_mixture,True,13,True,0.1579734893787067,35,0.0114272038220709,99.72074913727263,100,middle,8.707332297366008
57.0,0.0,57.0,0.1,0.0,softmax,5.0,stable_mixture,True,13,True,0.1579734893787067,35,0.0114272038220709,99.72074913727263,100,middle,8.707332297366008
58.0,0.0,58.0,0.1,0.0,softmax,5.0,stable_mixture,True,13,True,0.1579734893787067,35,0.0114272038220709,99.72074913727263,100,middle,8.707332297366008
59.0,0.0,59.0,0.1,0.0,softmax,5.0,stable_mixture,True,14,True,0.1579734893787067,35,0.0114272038220709,99.72074913727263,100,middle,8.707332297366008
61.0,0.0,61.0,0.1,0.0,softmax,5.0,stable_mixture,True,14,True,0.1579734893787067,35,0.0114272038220709,99.72074913727263,100,middle,8.707332297366008
65.0,0.0,65.0,0.1,0.0,softmax,5.0,stable_mixture,True,13,True,0.1579734893787067,35,0.0114272038220709,99.72074913727263,100,middle,8.707332297366008
70.0,0.0,70.0,0.1,0.0,softmax,5.0,stable_mixture,True,13,True,0.1579734893787067,35,0.0114272038220709,99.72074913727263,100,middle,8.707332297366008
76.0,0.0,76.0,0.1,0.0,softmax,5.0,stable_mixture,True,13,True,0.1579734893787067,35,0.0114272038220709,99.72074913727263,100,middle,8.707332297366008
78.0,0.0,78.0,0.1,0.0,softmax,5.0,stable_mixture,True,13,True,0.1579734893787068,35,0.0114272038220709,99.72074913727263,100,middle,8.707332297366008
82.0,0.0,82.0,0.1,0.0,softmax,5.0,stable_mixture,True,13,True,0.1579734893787067,35,0.0114272038220709,99.72074913727263,100,middle,8.707332297366008
84.0,0.0,84.0,0.1,0.0,softmax,5.0,stable_mixture,True,13,True,0.1579734893787068,35,0.0114272038220709,99.72074913727263,100,middle,8.707332297366008
88.0,0.0,88.0,0.1,0.0,softmax,5.0,stable_mixture,True,13,True,0.1579734893787067,35,0.0114272038220709,99.72074913727263,100,middle,8.707332297366008
89.0,0.0,89.0,0.1,0.0,softmax,5.0,stable_mixture,True,13,True,0.1579734893787067,35,0.0114272038220709,99.72074913727263,100,middle,8.707332297366008
90.0,0.0,90.0,0.1,0.0,softmax,5.0,stable_mixture,True,14,True,0.1579734893787069,35,0.0114272038220709,99.72074913727263,100,middle,8.707332297366008
94.0,0.0,94.0,0.1,0.0,softmax,5.0,stable_mixture,True,13,True,0.1579734893787067,35,0.0114272038220709,99.72074913727263,100,middle,8.707332297366008
98.0,0.0,98.0,0.1,0.0,softmax,5.0,stable_mixture,True,13,True,0.1579734893787067,35,0.0114272038220709,99.72074913727263,100,middle,8.707332297366008
5.0,0.0,5.0,0.1,0.0,sparsemax,0.4,unconverged_or_unstable,False,-1,True,0.9460733553640344,35,0.0535527617988948,40.14265887320059,58,middle,8.707332297366008
8.0,0.0,8.0,0.1,0.0,sparsemax,0.4,unconverged_or_unstable,False,-1,False,1.0012879807686383,35,0.0543471557262488,40.44101197049272,59,middle,8.707332297366008
10.0,0.0,10.0,0.1,0.0,sparsemax,0.4,unconverged_or_unstable,False,-1,True,0.9394257518906288,35,0.0518718832275357,39.416750622987834,56,middle,8.707332297366008
12.0,0.0,12.0,0.1,0.0,sparsemax,0.4,unconverged_or_unstable,False,-1,False,1.0515842546196827,35,0.0566510719313508,40.13245630522895,62,middle,8.707332297366008
13.0,0.0,13.0,0.1,0.0,sparsemax,0.4,unconverged_or_unstable,False,-1,True,0.9394257518906288,35,0.0518346606805489,39.39742477466297,56,middle,8.707332297366008
14.0,0.0,14.0,0.1,0.0,sparsemax,0.4,unconverged_or_unstable,False,-1,True,0.9460733553640344,35,0.0533376815072679,40.104724890513275,58,middle,8.707332297366008
16.0,0.0,16.0,0.1,0.0,sparsemax,0.4,unconverged_or_unstable,False,-1,True,0.9394257518906288,35,0.0517825135728969,39.43548767836053,56,middle,8.707332297366008
17.0,0.0,17.0,0.1,0.0,sparsemax,0.4,unconverged_or_unstable,False,-1,True,0.9711061578065762,35,0.05610527414623,40.96478496565451,58,middle,8.707332297366008
18.0,0.0,18.0,0.1,0.0,sparsemax,0.4,unconverged_or_unstable,False,-1,False,1.0012879807686383,35,0.0541244426363468,40.37151172404128,59,middle,8.707332297366008
24.0,0.0,24.0,0.1,0.0,sparsemax,0.4,unconverged_or_unstable,False,-1,True,0.9772839762019953,35,0.056391769184969,40.783344963042424,60,middle,8.707332297366008
27.0,0.0,27.0,0.1,0.0,sparsemax,0.4,unconverged_or_unstable,False,-1,True,0.9394257518906288,35,0.0518281242073305,39.40927114830682,56,middle,8.707332297366008
28.0,0.0,28.0,0.1,0.0,sparsemax,0.4,unconverged_or_unstable,False,-1,True,0.94481630169991,35,0.0521404934160824,39.547067890043735,57,middle,8.707332297366008
32.0,0.0,32.0,0.1,0.0,sparsemax,0.4,unconverged_or_unstable,False,-1,True,0.9394257518906288,35,0.0518539034877227,39.4080935018346,56,middle,8.707332297366008
39.0,0.0,39.0,0.1,0.0,sparsemax,0.4,unconverged_or_unstable,False,-1,True,0.9394257518906288,35,0.051839349297055,39.399330120563185,56,middle,8.707332297366008
41.0,0.0,41.0,0.1,0.0,sparsemax,0.4,unconverged_or_unstable,False,-1,False,1.036588953988883,35,0.0565686222225995,39.453154933130385,61,middle,8.707332297366008
49.0,0.0,49.0,0.1,0.0,sparsemax,0.4,unconverged_or_unstable,False,-1,True,0.9394257518906288,35,0.0518668603027208,39.41410846211178,56,middle,8.707332297366008
54.0,0.0,54.0,0.1,0.0,sparsemax,0.4,unconverged_or_unstable,False,-1,True,0.9394257518906288,35,0.0518431197811795,39.402890276713094,56,middle,8.707332297366008
57.0,0.0,57.0,0.1,0.0,sparsemax,0.4,unconverged_or_unstable,False,-1,True,0.991914538827053,35,0.0551467790844154,40.712674284056504,58,middle,8.707332297366008
58.0,0.0,58.0,0.1,0.0,sparsemax,0.4,unconverged_or_unstable,False,-1,True,0.9394257518906288,35,0.0519929862982488,39.472227372486486,56,middle,8.707332297366008
59.0,0.0,59.0,0.1,0.0,sparsemax,0.4,unconverged_or_unstable,False,-1,True,0.9394257518906288,35,0.0518519559185916,39.4061571769327,56,middle,8.707332297366008
61.0,0.0,61.0,0.1,0.0,sparsemax,0.4,unconverged_or_unstable,False,-1,True,0.9394257518906288,35,0.0518189083804325,39.38971481302101,56,middle,8.707332297366008
65.0,0.0,65.0,0.1,0.0,sparsemax,0.4,unconverged_or_unstable,False,-1,True,0.9394257518906288,35,0.0518769856548231,39.42928197785263,56,middle,8.707332297366008
70.0,0.0,70.0,0.1,0.0,sparsemax,0.4,unconverged_or_unstable,False,-1,True,0.9394257518906288,35,0.0518400080608108,39.400207051785515,56,middle,8.707332297366008
76.0,0.0,76.0,0.1,0.0,sparsemax,0.4,unconverged_or_unstable,False,-1,True,0.9394257518906288,35,0.0518819460364167,39.42188526905545,56,middle,8.707332297366008
78.0,0.0,78.0,0.1,0.0,sparsemax,0.4,unconverged_or_unstable,False,-1,True,0.94481630169991,35,0.0522307899642886,39.59483688330519,57,middle,8.707332297366008
82.0,0.0,82.0,0.1,0.0,sparsemax,0.4,unconverged_or_unstable,False,-1,False,1.0012879807686383,35,0.0544721668991448,40.48758312715136,59,middle,8.707332297366008
84.0,0.0,84.0,0.1,0.0,sparsemax,0.4,unconverged_or_unstable,False,-1,True,0.9394257518906288,35,0.0519251016442989,39.44322407094775,56,middle,8.707332297366008
88.0,0.0,88.0,0.1,0.0,sparsemax,0.4,unconverged_or_unstable,False,-1,True,0.9394257518906288,35,0.0518728281229319,39.41874475615072,56,middle,8.707332297366008
89.0,0.0,89.0,0.1,0.0,sparsemax,0.4,unconverged_or_unstable,False,-1,True,0.9394257518906288,35,0.0518267263944869,39.39307376027637,56,middle,8.707332297366008
90.0,0.0,90.0,0.1,0.0,sparsemax,0.4,unconverged_or_unstable,False,-1,True,0.9394257518906288,35,0.0518317857034481,39.39700238277581,56,middle,8.707332297366008
94.0,0.0,94.0,0.1,0.0,sparsemax,0.4,unconverged_or_unstable,False,-1,True,0.94481630169991,35,0.0520235596523323,39.49070739006616,57,middle,8.707332297366008
98.0,0.0,98.0,0.1,0.0,sparsemax,0.4,unconverged_or_unstable,False,-1,True,0.9394257518906288,35,0.0518568198576359,39.40933998997203,56,middle,8.707332297366008
5.0,0.0,5.0,0.1,0.0,softmax,2.5,stable_mixture,True,10,True,0.0790964680207525,35,0.0106520783394886,99.93743814459752,100,high,73.16456697633235
8.0,0.0,8.0,0.1,0.0,softmax,2.5,stable_mixture,True,10,True,0.0790964680207525,35,0.0106520783394886,99.93743814459752,100,high,73.16456697633235
10.0,0.0,10.0,0.1,0.0,softmax,2.5,stable_mixture,True,10,True,0.0790964680207524,35,0.0106520783394886,99.93743814459752,100,high,73.16456697633235
12.0,0.0,12.0,0.1,0.0,softmax,2.5,stable_mixture,True,10,True,0.0790964680207525,35,0.0106520783394886,99.93743814459752,100,high,73.16456697633235
13.0,0.0,13.0,0.1,0.0,softmax,2.5,stable_mixture,True,10,True,0.0790964680207524,35,0.0106520783394886,99.93743814459752,100,high,73.16456697633235
14.0,0.0,14.0,0.1,0.0,softmax,2.5,stable_mixture,True,10,True,0.0790964680207525,35,0.0106520783394886,99.93743814459752,100,high,73.16456697633235
16.0,0.0,16.0,0.1,0.0,softmax,2.5,stable_mixture,True,10,True,0.0790964680207524,35,0.0106520783394886,99.93743814459752,100,high,73.16456697633235
17.0,0.0,17.0,0.1,0.0,softmax,2.5,stable_mixture,True,10,True,0.0790964680207525,35,0.0106520783394886,99.93743814459752,100,high,73.16456697633235
18.0,0.0,18.0,0.1,0.0,softmax,2.5,stable_mixture,True,11,True,0.0790964680207525,35,0.0106520783394886,99.93743814459752,100,high,73.16456697633235
24.0,0.0,24.0,0.1,0.0,softmax,2.5,stable_mixture,True,10,True,0.0790964680207525,35,0.0106520783394886,99.93743814459752,100,high,73.16456697633235
27.0,0.0,27.0,0.1,0.0,softmax,2.5,stable_mixture,True,10,True,0.0790964680207524,35,0.0106520783394886,99.93743814459752,100,high,73.16456697633235
28.0,0.0,28.0,0.1,0.0,softmax,2.5,stable_mixture,True,10,True,0.0790964680207525,35,0.0106520783394886,99.93743814459752,100,high,73.16456697633235
32.0,0.0,32.0,0.1,0.0,softmax,2.5,stable_mixture,True,10,True,0.0790964680207524,35,0.0106520783394886,99.93743814459752,100,high,73.16456697633235
39.0,0.0,39.0,0.1,0.0,softmax,2.5,stable_mixture,True,10,True,0.0790964680207525,35,0.0106520783394886,99.93743814459752,100,high,73.16456697633235
41.0,0.0,41.0,0.1,0.0,softmax,2.5,stable_mixture,True,10,True,0.0790964680207525,35,0.0106520783394886,99.93743814459752,100,high,73.16456697633235
49.0,0.0,49.0,0.1,0.0,softmax,2.5,stable_mixture,True,10,True,0.0790964680207524,35,0.0106520783394886,99.93743814459752,100,high,73.16456697633235
54.0,0.0,54.0,0.1,0.0,softmax,2.5,stable_mixture,True,10,True,0.0790964680207525,35,0.0106520783394886,99.93743814459752,100,high,73.16456697633235
57.0,0.0,57.0,0.1,0.0,softmax,2.5,stable_mixture,True,10,True,0.0790964680207525,35,0.0106520783394886,99.93743814459752,100,high,73.16456697633235
58.0,0.0,58.0,0.1,0.0,softmax,2.5,stable_mixture,True,10,True,0.0790964680207524,35,0.0106520783394886,99.93743814459752,100,high,73.16456697633235
59.0,0.0,59.0,0.1,0.0,softmax,2.5,stable_mixture,True,10,True,0.0790964680207524,35,0.0106520783394886,99.93743814459752,100,high,73.16456697633235
61.0,0.0,61.0,0.1,0.0,softmax,2.5,stable_mixture,True,10,True,0.0790964680207524,35,0.0106520783394886,99.93743814459752,100,high,73.16456697633235
65.0,0.0,65.0,0.1,0.0,softmax,2.5,stable_mixture,True,10,True,0.0790964680207524,35,0.0106520783394886,99.93743814459752,100,high,73.16456697633235
70.0,0.0,70.0,0.1,0.0,softmax,2.5,stable_mixture,True,10,True,0.0790964680207525,35,0.0106520783394886,99.93743814459752,100,high,73.16456697633235
76.0,0.0,76.0,0.1,0.0,softmax,2.5,stable_mixture,True,10,True,0.0790964680207524,35,0.0106520783394886,99.93743814459752,100,high,73.16456697633235
78.0,0.0,78.0,0.1,0.0,softmax,2.5,stable_mixture,True,10,True,0.0790964680207525,35,0.0106520783394886,99.93743814459752,100,high,73.16456697633235
82.0,0.0,82.0,0.1,0.0,softmax,2.5,stable_mixture,True,10,True,0.0790964680207525,35,0.0106520783394886,99.93743814459752,100,high,73.16456697633235
84.0,0.0,84.0,0.1,0.0,softmax,2.5,stable_mixture,True,10,True,0.0790964680207525,35,0.0106520783394886,99.93743814459752,100,high,73.16456697633235
88.0,0.0,88.0,0.1,0.0,softmax,2.5,stable_mixture,True,10,True,0.0790964680207525,35,0.0106520783394886,99.93743814459752,100,high,73.16456697633235
89.0,0.0,89.0,0.1,0.0,softmax,2.5,stable_mixture,True,10,True,0.0790964680207525,35,0.0106520783394886,99.93743814459752,100,high,73.16456697633235
90.0,0.0,90.0,0.1,0.0,softmax,2.5,stable_mixture,True,11,True,0.0790964680207525,35,0.0106520783394886,99.93743814459752,100,high,73.16456697633235
94.0,0.0,94.0,0.1,0.0,softmax,2.5,stable_mixture,True,10,True,0.0790964680207525,35,0.0106520783394886,99.93743814459752,100,high,73.16456697633235
98.0,0.0,98.0,0.1,0.0,softmax,2.5,stable_mixture,True,10,True,0.0790964680207524,35,0.0106520783394886,99.93743814459752,100,high,73.16456697633235
5.0,0.0,5.0,0.1,0.0,sparsemax,0.05,stable_mixture,True,13,True,0.1591274362682732,35,0.0113444125864966,99.72041256376582,100,high,73.16456697633235
8.0,0.0,8.0,0.1,0.0,sparsemax,0.05,stable_mixture,True,13,True,0.1591274362682732,35,0.0113444125864966,99.72041256376582,100,high,73.16456697633235
10.0,0.0,10.0,0.1,0.0,sparsemax,0.05,stable_mixture,True,12,True,0.1591274362682732,35,0.0113444125864966,99.72041256376582,100,high,73.16456697633235
12.0,0.0,12.0,0.1,0.0,sparsemax,0.05,stable_mixture,True,13,True,0.1591274362682732,35,0.0113444125864966,99.72041256376582,100,high,73.16456697633235
13.0,0.0,13.0,0.1,0.0,sparsemax,0.05,stable_mixture,True,12,True,0.1591274362682732,35,0.0113444125864966,99.72041256376582,100,high,73.16456697633235
14.0,0.0,14.0,0.1,0.0,sparsemax,0.05,stable_mixture,True,13,True,0.1591274362682732,35,0.0113444125864966,99.72041256376582,100,high,73.16456697633235
16.0,0.0,16.0,0.1,0.0,sparsemax,0.05,stable_mixture,True,13,True,0.1591274362682732,35,0.0113444125864966,99.72041256376582,100,high,73.16456697633235
17.0,0.0,17.0,0.1,0.0,sparsemax,0.05,stable_mixture,True,13,True,0.1591274362682732,35,0.0113444125864966,99.72041256376582,100,high,73.16456697633235
18.0,0.0,18.0,0.1,0.0,sparsemax,0.05,stable_mixture,True,13,True,0.1591274362682732,35,0.0113444125864966,99.72041256376582,100,high,73.16456697633235
24.0,0.0,24.0,0.1,0.0,sparsemax,0.05,stable_mixture,True,13,True,0.1591274362682732,35,0.0113444125864966,99.72041256376582,100,high,73.16456697633235
27.0,0.0,27.0,0.1,0.0,sparsemax,0.05,stable_mixture,True,12,True,0.1591274362682732,35,0.0113444125864966,99.72041256376582,100,high,73.16456697633235
28.0,0.0,28.0,0.1,0.0,sparsemax,0.05,stable_mixture,True,12,True,0.1591274362682732,35,0.0113444125864966,99.72041256376582,100,high,73.16456697633235
32.0,0.0,32.0,0.1,0.0,sparsemax,0.05,stable_mixture,True,12,True,0.1591274362682732,35,0.0113444125864966,99.72041256376582,100,high,73.16456697633235
39.0,0.0,39.0,0.1,0.0,sparsemax,0.05,stable_mixture,True,13,True,0.1591274362682732,35,0.0113444125864966,99.72041256376582,100,high,73.16456697633235
41.0,0.0,41.0,0.1,0.0,sparsemax,0.05,stable_mixture,True,13,True,0.1591274362682732,35,0.0113444125864966,99.72041256376582,100,high,73.16456697633235
49.0,0.0,49.0,0.1,0.0,sparsemax,0.05,stable_mixture,True,12,True,0.1591274362682732,35,0.0113444125864966,99.72041256376582,100,high,73.16456697633235
54.0,0.0,54.0,0.1,0.0,sparsemax,0.05,stable_mixture,True,13,True,0.1591274362682732,35,0.0113444125864966,99.72041256376582,100,high,73.16456697633235
57.0,0.0,57.0,0.1,0.0,sparsemax,0.05,stable_mixture,True,13,True,0.1591274362682732,35,0.0113444125864966,99.72041256376582,100,high,73.16456697633235
58.0,0.0,58.0,0.1,0.0,sparsemax,0.05,stable_mixture,True,13,True,0.1591274362682732,35,0.0113444125864966,99.72041256376582,100,high,73.16456697633235
59.0,0.0,59.0,0.1,0.0,sparsemax,0.05,stable_mixture,True,13,True,0.1591274362682732,35,0.0113444125864966,99.72041256376582,100,high,73.16456697633235
61.0,0.0,61.0,0.1,0.0,sparsemax,0.05,stable_mixture,True,13,True,0.1591274362682732,35,0.0113444125864966,99.72041256376582,100,high,73.16456697633235
65.0,0.0,65.0,0.1,0.0,sparsemax,0.05,stable_mixture,True,13,True,0.1591274362682732,35,0.0113444125864966,99.72041256376582,100,high,73.16456697633235
70.0,0.0,70.0,0.1,0.0,sparsemax,0.05,stable_mixture,True,13,True,0.1591274362682732,35,0.0113444125864966,99.72041256376582,100,high,73.16456697633235
76.0,0.0,76.0,0.1,0.0,sparsemax,0.05,stable_mixture,True,12,True,0.1591274362682732,35,0.0113444125864966,99.72041256376582,100,high,73.16456697633235
78.0,0.0,78.0,0.1,0.0,sparsemax,0.05,stable_mixture,True,12,True,0.1591274362682732,35,0.0113444125864966,99.72041256376582,100,high,73.16456697633235
82.0,0.0,82.0,0.1,0.0,sparsemax,0.05,stable_mixture,True,12,True,0.1591274362682732,35,0.0113444125864966,99.72041256376582,100,high,73.16456697633235
84.0,0.0,84.0,0.1,0.0,sparsemax,0.05,stable_mixture,True,12,True,0.1591274362682732,35,0.0113444125864966,99.72041256376582,100,high,73.16456697633235
88.0,0.0,88.0,0.1,0.0,sparsemax,0.05,stable_mixture,True,13,True,0.1591274362682732,35,0.0113444125864966,99.72041256376582,100,high,73.16456697633235
89.0,0.0,89.0,0.1,0.0,sparsemax,0.05,stable_mixture,True,13,True,0.1591274362682732,35,0.0113444125864966,99.72041256376582,100,high,73.16456697633235
90.0,0.0,90.0,0.1,0.0,sparsemax,0.05,stable_mixture,True,13,True,0.1591274362682732,35,0.0113444125864966,99.72041256376582,100,high,73.16456697633235
94.0,0.0,94.0,0.1,0.0,sparsemax,0.05,stable_mixture,True,12,True,0.1591274362682732,35,0.0113444125864966,99.72041256376582,100,high,73.16456697633235
98.0,0.0,98.0,0.1,0.0,sparsemax,0.05,stable_mixture,True,13,True,0.1591274362682732,35,0.0113444125864966,99.72041256376582,100,high,73.16456697633235
105.0,0.0,5.0,0.25,0.0,softmax,48.0,correct_memory_like,True,5,True,3.362133593990881e-14,5,0.9999999999999996,1.0000000000000009,1,low,1.000003652309054
108.0,0.0,8.0,0.25,0.0,softmax,48.0,correct_memory_like,True,5,True,3.136102109634245e-15,8,1.0,1.0,1,low,1.000003652309054
110.0,0.0,10.0,0.25,0.0,softmax,48.0,correct_memory_like,True,5,True,3.0808189297773026e-15,10,1.0,1.0,1,low,1.000003652309054
112.0,0.0,12.0,0.25,0.0,softmax,48.0,correct_memory_like,True,5,True,1.5378192813067484e-15,12,1.0,1.0,1,low,1.000003652309054
113.0,0.0,13.0,0.25,0.0,softmax,48.0,correct_memory_like,True,5,True,1.0329948222055934e-14,13,0.9999999999999998,1.0000000000000004,1,low,1.000003652309054
114.0,0.0,14.0,0.25,0.0,softmax,48.0,correct_memory_like,True,5,True,7.464367852368318e-16,14,1.0,1.0,1,low,1.000003652309054
116.0,0.0,16.0,0.25,0.0,softmax,48.0,correct_memory_like,True,5,True,6.6182469684853906e-15,16,1.0,1.0,1,low,1.000003652309054
117.0,0.0,17.0,0.25,0.0,softmax,48.0,correct_memory_like,True,5,True,1.8065626979521e-15,17,1.0,1.0,1,low,1.000003652309054
118.0,0.0,18.0,0.25,0.0,softmax,48.0,correct_memory_like,True,5,True,3.2192416384864902e-15,18,1.0,1.0,1,low,1.000003652309054
124.0,0.0,24.0,0.25,0.0,softmax,48.0,correct_memory_like,True,5,True,7.418933724963283e-16,24,1.0,1.0,1,low,1.000003652309054
127.0,0.0,27.0,0.25,0.0,softmax,48.0,correct_memory_like,True,5,True,2.063216463705149e-15,27,1.0,1.0,1,low,1.000003652309054
128.0,0.0,28.0,0.25,0.0,softmax,48.0,correct_memory_like,True,5,True,1.6400923303360894e-14,28,0.9999999999999998,1.0000000000000004,1,low,1.000003652309054
132.0,0.0,32.0,0.25,0.0,softmax,48.0,correct_memory_like,True,5,True,1.417658870776228e-16,32,1.0,1.0,1,low,1.000003652309054
139.0,0.0,39.0,0.25,0.0,softmax,48.0,correct_memory_like,True,5,True,7.483232624548443e-16,39,1.0,1.0,1,low,1.000003652309054
141.0,0.0,41.0,0.25,0.0,softmax,48.0,correct_memory_like,True,5,True,1.0635461427250216e-14,41,0.9999999999999998,1.0000000000000004,1,low,1.000003652309054
149.0,0.0,49.0,0.25,0.0,softmax,48.0,correct_memory_like,True,5,True,3.0839244458964483e-15,49,1.0,1.0,1,low,1.000003652309054
154.0,0.0,54.0,0.25,0.0,softmax,48.0,correct_memory_like,True,5,True,2.239415636901765e-16,54,1.0,1.0,1,low,1.000003652309054
157.0,0.0,57.0,0.25,0.0,softmax,48.0,correct_memory_like,True,5,True,1.506202834502634e-13,57,0.9999999999999976,1.0000000000000049,1,low,1.000003652309054
158.0,0.0,58.0,0.25,0.0,softmax,48.0,correct_memory_like,True,5,True,3.156105798127734e-15,58,1.0,1.0,1,low,1.000003652309054
159.0,0.0,59.0,0.25,0.0,softmax,48.0,correct_memory_like,True,5,True,1.6000568024651083e-14,59,0.9999999999999998,1.0000000000000004,1,low,1.000003652309054
161.0,0.0,61.0,0.25,0.0,softmax,48.0,correct_memory_like,True,5,True,3.3627898800850364e-14,61,0.9999999999999996,1.0000000000000009,1,low,1.000003652309054
165.0,0.0,65.0,0.25,0.0,softmax,48.0,correct_memory_like,True,5,True,1.763956972224079e-15,65,1.0,1.0,1,low,1.000003652309054
170.0,0.0,70.0,0.25,0.0,softmax,48.0,correct_memory_like,True,5,True,1.0757226264498347e-14,70,0.9999999999999998,1.0000000000000004,1,low,1.000003652309054
176.0,0.0,76.0,0.25,0.0,softmax,48.0,correct_memory_like,True,5,True,1.6480051922149134e-14,76,0.9999999999999998,1.0000000000000004,1,low,1.000003652309054
178.0,0.0,78.0,0.25,0.0,softmax,48.0,correct_memory_like,True,5,True,3.18507719061341e-15,78,1.0,1.0,1,low,1.000003652309054
182.0,0.0,82.0,0.25,0.0,softmax,48.0,correct_memory_like,True,5,True,5.405886506837447e-16,82,1.0,1.0,1,low,1.000003652309054
184.0,0.0,84.0,0.25,0.0,softmax,48.0,correct_memory_like,True,5,True,3.1173021331798873e-15,84,1.0,1.0,1,low,1.000003652309054
188.0,0.0,88.0,0.25,0.0,softmax,48.0,correct_memory_like,True,5,True,1.0934332959557895e-14,88,0.9999999999999998,1.0000000000000004,1,low,1.000003652309054
189.0,0.0,89.0,0.25,0.0,softmax,48.0,correct_memory_like,True,5,True,1.6408475788743245e-14,89,0.9999999999999998,1.0000000000000004,1,low,1.000003652309054
190.0,0.0,90.0,0.25,0.0,softmax,48.0,correct_memory_like,True,5,True,3.074281469817702e-13,90,0.9999999999999952,1.000000000000009,1,low,1.000003652309054
194.0,0.0,94.0,0.25,0.0,softmax,48.0,correct_memory_like,True,5,True,2.43190152802635e-15,94,1.0,1.0,1,low,1.000003652309054
198.0,0.0,98.0,0.25,0.0,softmax,48.0,correct_memory_like,True,5,True,2.7385705965419455e-16,98,1.0,1.0,1,low,1.000003652309054
105.0,0.0,5.0,0.25,0.0,sparsemax,3.75,correct_memory_like,True,4,True,0.0,5,1.0,1.0,1,low,1.000003652309054
108.0,0.0,8.0,0.25,0.0,sparsemax,3.75,correct_memory_like,True,4,True,0.0,8,1.0,1.0,1,low,1.000003652309054
110.0,0.0,10.0,0.25,0.0,sparsemax,3.75,correct_memory_like,True,4,True,0.0,10,1.0,1.0,1,low,1.000003652309054
112.0,0.0,12.0,0.25,0.0,sparsemax,3.75,correct_memory_like,True,4,True,0.0,12,1.0,1.0,1,low,1.000003652309054
113.0,0.0,13.0,0.25,0.0,sparsemax,3.75,correct_memory_like,True,5,True,0.0,13,1.0,1.0,1,low,1.000003652309054
114.0,0.0,14.0,0.25,0.0,sparsemax,3.75,correct_memory_like,True,4,True,0.0,14,1.0,1.0,1,low,1.000003652309054
116.0,0.0,16.0,0.25,0.0,sparsemax,3.75,correct_memory_like,True,4,True,0.0,16,1.0,1.0,1,low,1.000003652309054
117.0,0.0,17.0,0.25,0.0,sparsemax,3.75,correct_memory_like,True,5,True,0.0,17,1.0,1.0,1,low,1.000003652309054
118.0,0.0,18.0,0.25,0.0,sparsemax,3.75,correct_memory_like,True,4,True,0.0,18,1.0,1.0,1,low,1.000003652309054
124.0,0.0,24.0,0.25,0.0,sparsemax,3.75,correct_memory_like,True,4,True,0.0,24,1.0,1.0,1,low,1.000003652309054
127.0,0.0,27.0,0.25,0.0,sparsemax,3.75,correct_memory_like,True,4,True,0.0,27,1.0,1.0,1,low,1.000003652309054
128.0,0.0,28.0,0.25,0.0,sparsemax,3.75,correct_memory_like,True,4,True,0.0,28,1.0,1.0,1,low,1.000003652309054
132.0,0.0,32.0,0.25,0.0,sparsemax,3.75,correct_memory_like,True,5,True,0.0,32,1.0,1.0,1,low,1.000003652309054
139.0,0.0,39.0,0.25,0.0,sparsemax,3.75,correct_memory_like,True,5,True,0.0,39,1.0,1.0,1,low,1.000003652309054
141.0,0.0,41.0,0.25,0.0,sparsemax,3.75,correct_memory_like,True,4,True,0.0,41,1.0,1.0,1,low,1.000003652309054
149.0,0.0,49.0,0.25,0.0,sparsemax,3.75,correct_memory_like,True,4,True,0.0,49,1.0,1.0,1,low,1.000003652309054
154.0,0.0,54.0,0.25,0.0,sparsemax,3.75,correct_memory_like,True,4,True,0.0,54,1.0,1.0,1,low,1.000003652309054
157.0,0.0,57.0,0.25,0.0,sparsemax,3.75,correct_memory_like,True,4,True,0.0,57,1.0,1.0,1,low,1.000003652309054
158.0,0.0,58.0,0.25,0.0,sparsemax,3.75,correct_memory_like,True,4,True,0.0,58,1.0,1.0,1,low,1.000003652309054
159.0,0.0,59.0,0.25,0.0,sparsemax,3.75,correct_memory_like,True,4,True,0.0,59,1.0,1.0,1,low,1.000003652309054
161.0,0.0,61.0,0.25,0.0,sparsemax,3.75,correct_memory_like,True,5,True,0.0,61,1.0,1.0,1,low,1.000003652309054
165.0,0.0,65.0,0.25,0.0,sparsemax,3.75,correct_memory_like,True,4,True,0.0,65,1.0,1.0,1,low,1.000003652309054
170.0,0.0,70.0,0.25,0.0,sparsemax,3.75,correct_memory_like,True,4,True,0.0,70,1.0,1.0,1,low,1.000003652309054
176.0,0.0,76.0,0.25,0.0,sparsemax,3.75,correct_memory_like,True,4,True,0.0,76,1.0,1.0,1,low,1.000003652309054
178.0,0.0,78.0,0.25,0.0,sparsemax,3.75,correct_memory_like,True,4,True,0.0,78,1.0,1.0,1,low,1.000003652309054
182.0,0.0,82.0,0.25,0.0,sparsemax,3.75,correct_memory_like,True,4,True,0.0,82,1.0,1.0,1,low,1.000003652309054
184.0,0.0,84.0,0.25,0.0,sparsemax,3.75,correct_memory_like,True,4,True,0.0,84,1.0,1.0,1,low,1.000003652309054
188.0,0.0,88.0,0.25,0.0,sparsemax,3.75,correct_memory_like,True,4,True,0.0,88,1.0,1.0,1,low,1.000003652309054
189.0,0.0,89.0,0.25,0.0,sparsemax,3.75,correct_memory_like,True,4,True,0.0,89,1.0,1.0,1,low,1.000003652309054
190.0,0.0,90.0,0.25,0.0,sparsemax,3.75,correct_memory_like,True,4,True,0.0,90,1.0,1.0,1,low,1.000003652309054
194.0,0.0,94.0,0.25,0.0,sparsemax,3.75,correct_memory_like,True,4,True,0.0,94,1.0,1.0,1,low,1.000003652309054
198.0,0.0,98.0,0.25,0.0,sparsemax,3.75,correct_memory_like,True,5,True,0.0,98,1.0,1.0,1,low,1.000003652309054
105.0,0.0,5.0,0.25,0.0,softmax,3.5,stable_mixture,True,11,True,0.1106188204655965,35,0.0109452341761813,99.87201251327626,100,high,78.79242488015784
108.0,0.0,8.0,0.25,0.0,softmax,3.5,stable_mixture,True,11,True,0.1106188204655965,35,0.0109452341761813,99.87201251327626,100,high,78.79242488015784
110.0,0.0,10.0,0.25,0.0,softmax,3.5,stable_mixture,True,11,True,0.1106188204655965,35,0.0109452341761813,99.87201251327626,100,high,78.79242488015784
112.0,0.0,12.0,0.25,0.0,softmax,3.5,stable_mixture,True,11,True,0.1106188204655965,35,0.0109452341761813,99.87201251327626,100,high,78.79242488015784
113.0,0.0,13.0,0.25,0.0,softmax,3.5,stable_mixture,True,11,True,0.1106188204655965,35,0.0109452341761813,99.87201251327626,100,high,78.79242488015784
114.0,0.0,14.0,0.25,0.0,softmax,3.5,stable_mixture,True,11,True,0.1106188204655965,35,0.0109452341761813,99.87201251327626,100,high,78.79242488015784
116.0,0.0,16.0,0.25,0.0,softmax,3.5,stable_mixture,True,11,True,0.1106188204655965,35,0.0109452341761813,99.87201251327626,100,high,78.79242488015784
117.0,0.0,17.0,0.25,0.0,softmax,3.5,stable_mixture,True,11,True,0.1106188204655965,35,0.0109452341761813,99.87201251327626,100,high,78.79242488015784
118.0,0.0,18.0,0.25,0.0,softmax,3.5,stable_mixture,True,11,True,0.1106188204655965,35,0.0109452341761813,99.87201251327626,100,high,78.79242488015784
124.0,0.0,24.0,0.25,0.0,softmax,3.5,stable_mixture,True,11,True,0.1106188204655965,35,0.0109452341761813,99.87201251327626,100,high,78.79242488015784
127.0,0.0,27.0,0.25,0.0,softmax,3.5,stable_mixture,True,11,True,0.1106188204655965,35,0.0109452341761813,99.87201251327626,100,high,78.79242488015784
128.0,0.0,28.0,0.25,0.0,softmax,3.5,stable_mixture,True,11,True,0.1106188204655965,35,0.0109452341761813,99.87201251327626,100,high,78.79242488015784
132.0,0.0,32.0,0.25,0.0,softmax,3.5,stable_mixture,True,11,True,0.1106188204655965,35,0.0109452341761813,99.87201251327626,100,high,78.79242488015784
139.0,0.0,39.0,0.25,0.0,softmax,3.5,stable_mixture,True,11,True,0.1106188204655965,35,0.0109452341761813,99.87201251327626,100,high,78.79242488015784
141.0,0.0,41.0,0.25,0.0,softmax,3.5,stable_mixture,True,11,True,0.1106188204655965,35,0.0109452341761813,99.87201251327626,100,high,78.79242488015784
149.0,0.0,49.0,0.25,0.0,softmax,3.5,stable_mixture,True,11,True,0.1106188204655965,35,0.0109452341761813,99.87201251327626,100,high,78.79242488015784
154.0,0.0,54.0,0.25,0.0,softmax,3.5,stable_mixture,True,11,True,0.1106188204655965,35,0.0109452341761813,99.87201251327626,100,high,78.79242488015784
157.0,0.0,57.0,0.25,0.0,softmax,3.5,stable_mixture,True,11,True,0.1106188204655965,35,0.0109452341761813,99.87201251327626,100,high,78.79242488015784
158.0,0.0,58.0,0.25,0.0,softmax,3.5,stable_mixture,True,11,True,0.1106188204655965,35,0.0109452341761813,99.87201251327626,100,high,78.79242488015784
159.0,0.0,59.0,0.25,0.0,softmax,3.5,stable_mixture,True,11,True,0.1106188204655965,35,0.0109452341761813,99.87201251327626,100,high,78.79242488015784
161.0,0.0,61.0,0.25,0.0,softmax,3.5,stable_mixture,True,11,True,0.1106188204655965,35,0.0109452341761813,99.87201251327626,100,high,78.79242488015784
165.0,0.0,65.0,0.25,0.0,softmax,3.5,stable_mixture,True,11,True,0.1106188204655965,35,0.0109452341761813,99.87201251327626,100,high,78.79242488015784
170.0,0.0,70.0,0.25,0.0,softmax,3.5,stable_mixture,True,11,True,0.1106188204655965,35,0.0109452341761813,99.87201251327626,100,high,78.79242488015784
176.0,0.0,76.0,0.25,0.0,softmax,3.5,stable_mixture,True,11,True,0.1106188204655965,35,0.0109452341761813,99.87201251327626,100,high,78.79242488015784
178.0,0.0,78.0,0.25,0.0,softmax,3.5,stable_mixture,True,11,True,0.1106188204655965,35,0.0109452341761813,99.87201251327626,100,high,78.79242488015784
182.0,0.0,82.0,0.25,0.0,softmax,3.5,stable_mixture,True,11,True,0.1106188204655965,35,0.0109452341761813,99.87201251327626,100,high,78.79242488015784
184.0,0.0,84.0,0.25,0.0,softmax,3.5,stable_mixture,True,11,True,0.1106188204655965,35,0.0109452341761813,99.87201251327626,100,high,78.79242488015784
188.0,0.0,88.0,0.25,0.0,softmax,3.5,stable_mixture,True,11,True,0.1106188204655965,35,0.0109452341761813,99.87201251327626,100,high,78.79242488015784
189.0,0.0,89.0,0.25,0.0,softmax,3.5,stable_mixture,True,11,True,0.1106188204655965,35,0.0109452341761813,99.87201251327626,100,high,78.79242488015784
190.0,0.0,90.0,0.25,0.0,softmax,3.5,stable_mixture,True,11,True,0.1106188204655965,35,0.0109452341761813,99.87201251327626,100,high,78.79242488015784
194.0,0.0,94.0,0.25,0.0,softmax,3.5,stable_mixture,True,11,True,0.1106188204655965,35,0.0109452341761813,99.87201251327626,100,high,78.79242488015784
198.0,0.0,98.0,0.25,0.0,softmax,3.5,stable_mixture,True,11,True,0.1106188204655965,35,0.0109452341761813,99.87201251327626,100,high,78.79242488015784
105.0,0.0,5.0,0.25,0.0,sparsemax,0.05,stable_mixture,True,12,True,0.1591274362682732,35,0.0113444125864966,99.72041256376582,100,high,78.79242488015784
108.0,0.0,8.0,0.25,0.0,sparsemax,0.05,stable_mixture,True,12,True,0.1591274362682732,35,0.0113444125864966,99.72041256376582,100,high,78.79242488015784
110.0,0.0,10.0,0.25,0.0,sparsemax,0.05,stable_mixture,True,12,True,0.1591274362682732,35,0.0113444125864966,99.72041256376582,100,high,78.79242488015784
112.0,0.0,12.0,0.25,0.0,sparsemax,0.05,stable_mixture,True,12,True,0.1591274362682732,35,0.0113444125864966,99.72041256376582,100,high,78.79242488015784
113.0,0.0,13.0,0.25,0.0,sparsemax,0.05,stable_mixture,True,13,True,0.1591274362682732,35,0.0113444125864966,99.72041256376582,100,high,78.79242488015784
114.0,0.0,14.0,0.25,0.0,sparsemax,0.05,stable_mixture,True,12,True,0.1591274362682732,35,0.0113444125864966,99.72041256376582,100,high,78.79242488015784
116.0,0.0,16.0,0.25,0.0,sparsemax,0.05,stable_mixture,True,12,True,0.1591274362682732,35,0.0113444125864966,99.72041256376582,100,high,78.79242488015784
117.0,0.0,17.0,0.25,0.0,sparsemax,0.05,stable_mixture,True,13,True,0.1591274362682732,35,0.0113444125864966,99.72041256376582,100,high,78.79242488015784
118.0,0.0,18.0,0.25,0.0,sparsemax,0.05,stable_mixture,True,13,True,0.1591274362682732,35,0.0113444125864966,99.72041256376582,100,high,78.79242488015784
124.0,0.0,24.0,0.25,0.0,sparsemax,0.05,stable_mixture,True,13,True,0.1591274362682732,35,0.0113444125864966,99.72041256376582,100,high,78.79242488015784
127.0,0.0,27.0,0.25,0.0,sparsemax,0.05,stable_mixture,True,12,True,0.1591274362682732,35,0.0113444125864966,99.72041256376582,100,high,78.79242488015784
128.0,0.0,28.0,0.25,0.0,sparsemax,0.05,stable_mixture,True,12,True,0.1591274362682732,35,0.0113444125864966,99.72041256376582,100,high,78.79242488015784
132.0,0.0,32.0,0.25,0.0,sparsemax,0.05,stable_mixture,True,12,True,0.1591274362682732,35,0.0113444125864966,99.72041256376582,100,high,78.79242488015784
139.0,0.0,39.0,0.25,0.0,sparsemax,0.05,stable_mixture,True,12,True,0.1591274362682732,35,0.0113444125864966,99.72041256376582,100,high,78.79242488015784
141.0,0.0,41.0,0.25,0.0,sparsemax,0.05,stable_mixture,True,13,True,0.1591274362682732,35,0.0113444125864966,99.72041256376582,100,high,78.79242488015784
149.0,0.0,49.0,0.25,0.0,sparsemax,0.05,stable_mixture,True,13,True,0.1591274362682732,35,0.0113444125864966,99.72041256376582,100,high,78.79242488015784
154.0,0.0,54.0,0.25,0.0,sparsemax,0.05,stable_mixture,True,13,True,0.1591274362682732,35,0.0113444125864966,99.72041256376582,100,high,78.79242488015784
157.0,0.0,57.0,0.25,0.0,sparsemax,0.05,stable_mixture,True,13,True,0.1591274362682732,35,0.0113444125864966,99.72041256376582,100,high,78.79242488015784
158.0,0.0,58.0,0.25,0.0,sparsemax,0.05,stable_mixture,True,12,True,0.1591274362682732,35,0.0113444125864966,99.72041256376582,100,high,78.79242488015784
159.0,0.0,59.0,0.25,0.0,sparsemax,0.05,stable_mixture,True,12,True,0.1591274362682732,35,0.0113444125864966,99.72041256376582,100,high,78.79242488015784
161.0,0.0,61.0,0.25,0.0,sparsemax,0.05,stable_mixture,True,13,True,0.1591274362682732,35,0.0113444125864966,99.72041256376582,100,high,78.79242488015784
165.0,0.0,65.0,0.25,0.0,sparsemax,0.05,stable_mixture,True,12,True,0.1591274362682732,35,0.0113444125864966,99.72041256376582,100,high,78.79242488015784
170.0,0.0,70.0,0.25,0.0,sparsemax,0.05,stable_mixture,True,13,True,0.1591274362682732,35,0.0113444125864966,99.72041256376582,100,high,78.79242488015784
176.0,0.0,76.0,0.25,0.0,sparsemax,0.05,stable_mixture,True,12,True,0.1591274362682732,35,0.0113444125864966,99.72041256376582,100,high,78.79242488015784
178.0,0.0,78.0,0.25,0.0,sparsemax,0.05,stable_mixture,True,12,True,0.1591274362682732,35,0.0113444125864966,99.72041256376582,100,high,78.79242488015784
182.0,0.0,82.0,0.25,0.0,sparsemax,0.05,stable_mixture,True,12,True,0.1591274362682732,35,0.0113444125864966,99.72041256376582,100,high,78.79242488015784
184.0,0.0,84.0,0.25,0.0,sparsemax,0.05,stable_mixture,True,12,True,0.1591274362682732,35,0.0113444125864966,99.72041256376582,100,high,78.79242488015784
188.0,0.0,88.0,0.25,0.0,sparsemax,0.05,stable_mixture,True,13,True,0.1591274362682732,35,0.0113444125864966,99.72041256376582,100,high,78.79242488015784
189.0,0.0,89.0,0.25,0.0,sparsemax,0.05,stable_mixture,True,13,True,0.1591274362682732,35,0.0113444125864966,99.72041256376582,100,high,78.79242488015784
190.0,0.0,90.0,0.25,0.0,sparsemax,0.05,stable_mixture,True,13,True,0.1591274362682732,35,0.0113444125864966,99.72041256376582,100,high,78.79242488015784
194.0,0.0,94.0,0.25,0.0,sparsemax,0.05,stable_mixture,True,12,True,0.1591274362682732,35,0.0113444125864966,99.72041256376582,100,high,78.79242488015784
198.0,0.0,98.0,0.25,0.0,sparsemax,0.05,stable_mixture,True,13,True,0.1591274362682732,35,0.0113444125864966,99.72041256376582,100,high,78.79242488015784
205.0,0.0,5.0,0.4,0.0,softmax,48.0,correct_memory_like,True,6,True,3.362133593990881e-14,5,0.9999999999999996,1.0000000000000009,1,low,2.824340786677101
208.0,0.0,8.0,0.4,0.0,softmax,48.0,correct_memory_like,True,7,True,3.136102109634245e-15,8,1.0,1.0,1,low,2.824340786677101
210.0,0.0,10.0,0.4,0.0,softmax,48.0,other_stored_memory_like,True,6,True,3.0839244458964483e-15,49,1.0,1.0,1,low,2.824340786677101
212.0,0.0,12.0,0.4,0.0,softmax,48.0,correct_memory_like,True,5,True,1.5378192813067484e-15,12,1.0,1.0,1,low,2.824340786677101
213.0,0.0,13.0,0.4,0.0,softmax,48.0,other_stored_memory_like,True,6,True,3.074281469817702e-13,90,0.9999999999999952,1.000000000000009,1,low,2.824340786677101
214.0,0.0,14.0,0.4,0.0,softmax,48.0,other_stored_memory_like,True,5,True,7.483232624548443e-16,39,1.0,1.0,1,low,2.824340786677101
216.0,0.0,16.0,0.4,0.0,softmax,48.0,correct_memory_like,True,7,True,6.6182469684853906e-15,16,1.0,1.0,1,low,2.824340786677101
217.0,0.0,17.0,0.4,0.0,softmax,48.0,other_stored_memory_like,True,6,True,7.464367852368318e-16,14,1.0,1.0,1,low,2.824340786677101
218.0,0.0,18.0,0.4,0.0,softmax,48.0,other_stored_memory_like,True,5,True,1.5392409631248788e-15,55,1.0,1.0,1,low,2.824340786677101
224.0,0.0,24.0,0.4,0.0,softmax,48.0,other_stored_memory_like,True,6,True,1.6000568024651083e-14,59,0.9999999999999998,1.0000000000000004,1,low,2.824340786677101
227.0,0.0,27.0,0.4,0.0,softmax,48.0,correct_memory_like,True,6,True,2.063216463705149e-15,27,1.0,1.0,1,low,2.824340786677101
228.0,0.0,28.0,0.4,0.0,softmax,48.0,correct_memory_like,True,5,True,1.6400923303360894e-14,28,0.9999999999999998,1.0000000000000004,1,low,2.824340786677101
232.0,0.0,32.0,0.4,0.0,softmax,48.0,other_stored_memory_like,True,6,True,7.280673238006305e-14,6,0.9999999999999988,1.0000000000000022,1,low,2.824340786677101
239.0,0.0,39.0,0.4,0.0,softmax,48.0,other_stored_memory_like,True,8,True,1.6408475788743245e-14,89,0.9999999999999998,1.0000000000000004,1,low,2.824340786677101
241.0,0.0,41.0,0.4,0.0,softmax,48.0,other_stored_memory_like,True,5,True,4.2277572207677733e-16,37,1.0,1.0,1,low,2.824340786677101
249.0,0.0,49.0,0.4,0.0,softmax,48.0,correct_memory_like,True,6,True,3.0839244458964483e-15,49,1.0,1.0,1,low,2.824340786677101
254.0,0.0,54.0,0.4,0.0,softmax,48.0,correct_memory_like,True,6,True,2.239415636901765e-16,54,1.0,1.0,1,low,2.824340786677101
257.0,0.0,57.0,0.4,0.0,softmax,48.0,other_stored_memory_like,True,5,True,1.6408475788743245e-14,89,0.9999999999999998,1.0000000000000004,1,low,2.824340786677101
258.0,0.0,58.0,0.4,0.0,softmax,48.0,correct_memory_like,True,5,True,3.156105798127734e-15,58,1.0,1.0,1,low,2.824340786677101
259.0,0.0,59.0,0.4,0.0,softmax,48.0,correct_memory_like,True,6,True,1.6000568024651083e-14,59,0.9999999999999998,1.0000000000000004,1,low,2.824340786677101
261.0,0.0,61.0,0.4,0.0,softmax,48.0,other_stored_memory_like,True,5,True,6.6182469684853906e-15,16,1.0,1.0,1,low,2.824340786677101
265.0,0.0,65.0,0.4,0.0,softmax,48.0,other_stored_memory_like,True,5,True,1.612935395970073e-14,69,0.9999999999999998,1.0000000000000004,1,low,2.824340786677101
270.0,0.0,70.0,0.4,0.0,softmax,48.0,correct_memory_like,True,6,True,1.0757226264498347e-14,70,0.9999999999999998,1.0000000000000004,1,low,2.824340786677101
276.0,0.0,76.0,0.4,0.0,softmax,48.0,other_stored_memory_like,True,5,True,3.1173021331798873e-15,84,1.0,1.0,1,low,2.824340786677101
278.0,0.0,78.0,0.4,0.0,softmax,48.0,other_stored_memory_like,True,5,True,7.418933724963283e-16,24,1.0,1.0,1,low,2.824340786677101
282.0,0.0,82.0,0.4,0.0,softmax,48.0,other_stored_memory_like,True,6,True,1.0882219383478308e-14,72,0.9999999999999998,1.0000000000000004,1,low,2.824340786677101
284.0,0.0,84.0,0.4,0.0,softmax,48.0,other_stored_memory_like,True,7,True,2.7385705965419455e-16,98,1.0,1.0,1,low,2.824340786677101
288.0,0.0,88.0,0.4,0.0,softmax,48.0,other_stored_memory_like,True,5,True,2.063216463705149e-15,27,1.0,1.0,1,low,2.824340786677101
289.0,0.0,89.0,0.4,0.0,softmax,48.0,correct_memory_like,True,7,True,1.6408475788743245e-14,89,0.9999999999999998,1.0000000000000004,1,low,2.824340786677101
290.0,0.0,90.0,0.4,0.0,softmax,48.0,other_stored_memory_like,True,6,True,3.058441712977019e-13,44,0.9999999999999952,1.000000000000009,1,low,2.824340786677101
294.0,0.0,94.0,0.4,0.0,softmax,48.0,correct_memory_like,True,6,True,2.43190152802635e-15,94,1.0,1.0,1,low,2.824340786677101
298.0,0.0,98.0,0.4,0.0,softmax,48.0,correct_memory_like,True,6,True,2.7385705965419455e-16,98,1.0,1.0,1,low,2.824340786677101
205.0,0.0,5.0,0.4,0.0,sparsemax,8.0,correct_memory_like,True,6,True,0.0,5,1.0,1.0,1,low,2.824340786677101
208.0,0.0,8.0,0.4,0.0,sparsemax,8.0,correct_memory_like,True,7,True,0.0,8,1.0,1.0,1,low,2.824340786677101
210.0,0.0,10.0,0.4,0.0,sparsemax,8.0,other_stored_memory_like,True,5,True,0.0,49,1.0,1.0,1,low,2.824340786677101
212.0,0.0,12.0,0.4,0.0,sparsemax,8.0,correct_memory_like,True,5,True,0.0,12,1.0,1.0,1,low,2.824340786677101
213.0,0.0,13.0,0.4,0.0,sparsemax,8.0,other_stored_memory_like,True,6,True,0.0,90,1.0,1.0,1,low,2.824340786677101
214.0,0.0,14.0,0.4,0.0,sparsemax,8.0,other_stored_memory_like,True,5,True,0.0,39,1.0,1.0,1,low,2.824340786677101
216.0,0.0,16.0,0.4,0.0,sparsemax,8.0,correct_memory_like,True,6,True,0.0,16,1.0,1.0,1,low,2.824340786677101
217.0,0.0,17.0,0.4,0.0,sparsemax,8.0,other_stored_memory_like,True,5,True,0.0,14,1.0,1.0,1,low,2.824340786677101
218.0,0.0,18.0,0.4,0.0,sparsemax,8.0,other_stored_memory_like,True,5,True,0.0,55,1.0,1.0,1,low,2.824340786677101
224.0,0.0,24.0,0.4,0.0,sparsemax,8.0,other_stored_memory_like,True,6,True,0.0,59,1.0,1.0,1,low,2.824340786677101
227.0,0.0,27.0,0.4,0.0,sparsemax,8.0,correct_memory_like,True,6,True,0.0,27,1.0,1.0,1,low,2.824340786677101
228.0,0.0,28.0,0.4,0.0,sparsemax,8.0,correct_memory_like,True,5,True,0.0,28,1.0,1.0,1,low,2.824340786677101
232.0,0.0,32.0,0.4,0.0,sparsemax,8.0,other_stored_memory_like,True,6,True,0.0,6,1.0,1.0,1,low,2.824340786677101
239.0,0.0,39.0,0.4,0.0,sparsemax,8.0,other_stored_memory_like,True,7,True,0.0,89,1.0,1.0,1,low,2.824340786677101
241.0,0.0,41.0,0.4,0.0,sparsemax,8.0,other_stored_memory_like,True,5,True,0.0,37,1.0,1.0,1,low,2.824340786677101
249.0,0.0,49.0,0.4,0.0,sparsemax,8.0,correct_memory_like,True,6,True,0.0,49,1.0,1.0,1,low,2.824340786677101
254.0,0.0,54.0,0.4,0.0,sparsemax,8.0,correct_memory_like,True,6,True,0.0,54,1.0,1.0,1,low,2.824340786677101
257.0,0.0,57.0,0.4,0.0,sparsemax,8.0,other_stored_memory_like,True,5,True,0.0,89,1.0,1.0,1,low,2.824340786677101
258.0,0.0,58.0,0.4,0.0,sparsemax,8.0,correct_memory_like,True,5,True,0.0,58,1.0,1.0,1,low,2.824340786677101
259.0,0.0,59.0,0.4,0.0,sparsemax,8.0,correct_memory_like,True,6,True,0.0,59,1.0,1.0,1,low,2.824340786677101
261.0,0.0,61.0,0.4,0.0,sparsemax,8.0,other_stored_memory_like,True,5,True,0.0,16,1.0,1.0,1,low,2.824340786677101
265.0,0.0,65.0,0.4,0.0,sparsemax,8.0,other_stored_memory_like,True,5,True,0.0,69,1.0,1.0,1,low,2.824340786677101
270.0,0.0,70.0,0.4,0.0,sparsemax,8.0,correct_memory_like,True,6,True,0.0,70,1.0,1.0,1,low,2.824340786677101
276.0,0.0,76.0,0.4,0.0,sparsemax,8.0,other_stored_memory_like,True,5,True,0.0,84,1.0,1.0,1,low,2.824340786677101
278.0,0.0,78.0,0.4,0.0,sparsemax,8.0,other_stored_memory_like,True,5,True,0.0,24,1.0,1.0,1,low,2.824340786677101
282.0,0.0,82.0,0.4,0.0,sparsemax,8.0,other_stored_memory_like,True,6,True,0.0,72,1.0,1.0,1,low,2.824340786677101
284.0,0.0,84.0,0.4,0.0,sparsemax,8.0,other_stored_memory_like,True,7,True,0.0,98,1.0,1.0,1,low,2.824340786677101
288.0,0.0,88.0,0.4,0.0,sparsemax,8.0,other_stored_memory_like,True,5,True,0.0,27,1.0,1.0,1,low,2.824340786677101
289.0,0.0,89.0,0.4,0.0,sparsemax,8.0,correct_memory_like,True,7,True,0.0,89,1.0,1.0,1,low,2.824340786677101
290.0,0.0,90.0,0.4,0.0,sparsemax,8.0,other_stored_memory_like,True,5,True,0.0,44,1.0,1.0,1,low,2.824340786677101
294.0,0.0,94.0,0.4,0.0,sparsemax,8.0,correct_memory_like,True,5,True,0.0,94,1.0,1.0,1,low,2.824340786677101
298.0,0.0,98.0,0.4,0.0,sparsemax,8.0,correct_memory_like,True,6,True,0.0,98,1.0,1.0,1,low,2.824340786677101
205.0,0.0,5.0,0.4,0.0,softmax,19.0,stable_mixture,True,41,True,0.673610092246336,35,0.0244538849361862,89.65450805221465,100,middle,15.279073017755698
208.0,0.0,8.0,0.4,0.0,softmax,19.0,stable_mixture,True,42,True,0.6736100922463357,35,0.0244538849361862,89.65450805221464,100,middle,15.279073017755698
210.0,0.0,10.0,0.4,0.0,softmax,19.0,other_stored_memory_like,True,9,True,3.432291720596084e-05,49,0.9999977334237488,1.0000045331676313,100,middle,15.279073017755698
212.0,0.0,12.0,0.4,0.0,softmax,19.0,correct_memory_like,True,10,True,2.8138713415985135e-05,12,0.9999982410688874,1.0000035178713689,100,middle,15.279073017755698
213.0,0.0,13.0,0.4,0.0,softmax,19.0,stable_mixture,True,42,True,0.6736100922463357,35,0.0244538849361862,89.6545080522146,100,middle,15.279073017755698
214.0,0.0,14.0,0.4,0.0,softmax,19.0,other_stored_memory_like,True,8,True,2.1204115537019793e-05,39,0.999998720740201,1.0000025585244192,100,middle,15.279073017755698
216.0,0.0,16.0,0.4,0.0,softmax,19.0,correct_memory_like,True,13,True,3.352299066873946e-05,16,0.999997863662718,1.000004272687881,100,middle,15.279073017755698
217.0,0.0,17.0,0.4,0.0,softmax,19.0,other_stored_memory_like,True,8,True,1.9799076682038785e-05,14,0.9999988006350568,1.0000023987341065,100,middle,15.279073017755698
218.0,0.0,18.0,0.4,0.0,softmax,19.0,other_stored_memory_like,True,8,True,2.9626636370259193e-05,55,0.9999980898790032,1.0000038202527286,100,middle,15.279073017755698
224.0,0.0,24.0,0.4,0.0,softmax,19.0,stable_mixture,True,43,True,0.6736100922463351,35,0.0244538849361862,89.65450805221465,100,middle,15.279073017755698
227.0,0.0,27.0,0.4,0.0,softmax,19.0,stable_mixture,True,41,True,0.6736100922463357,35,0.0244538849361862,89.65450805221464,100,middle,15.279073017755698
228.0,0.0,28.0,0.4,0.0,softmax,19.0,correct_memory_like,True,8,True,3.491846689120122e-05,28,0.9999978013317918,1.0000043973503865,100,middle,15.279073017755698
232.0,0.0,32.0,0.4,0.0,softmax,19.0,other_stored_memory_like,True,10,True,4.6812425310508625e-05,6,0.9999971473128312,1.0000057053972644,100,middle,15.279073017755698
239.0,0.0,39.0,0.4,0.0,softmax,19.0,stable_mixture,True,40,True,0.6736100922463357,35,0.0244538849361862,89.65450805221468,100,middle,15.279073017755698
241.0,0.0,41.0,0.4,0.0,softmax,19.0,other_stored_memory_like,True,7,True,2.347589102913047e-05,37,0.9999985609288756,1.000002878148374,100,middle,15.279073017755698
249.0,0.0,49.0,0.4,0.0,softmax,19.0,correct_memory_like,True,10,True,3.432291720596084e-05,49,0.9999977334237488,1.0000045331676313,100,middle,15.279073017755698
254.0,0.0,54.0,0.4,0.0,softmax,19.0,stable_mixture,True,41,True,0.6736100922463357,35,0.0244538849361862,89.65450805221465,100,middle,15.279073017755698
257.0,0.0,57.0,0.4,0.0,softmax,19.0,other_stored_memory_like,True,8,True,3.7841449484566245e-05,89,0.9999975846371304,1.000004830742676,100,middle,15.279073017755698
258.0,0.0,58.0,0.4,0.0,softmax,19.0,stable_mixture,True,41,True,0.6736100922463355,35,0.0244538849361862,89.65450805221465,100,middle,15.279073017755698
259.0,0.0,59.0,0.4,0.0,softmax,19.0,stable_mixture,True,43,True,0.673610092246336,35,0.0244538849361862,89.65450805221462,100,middle,15.279073017755698
261.0,0.0,61.0,0.4,0.0,softmax,19.0,other_stored_memory_like,True,7,True,3.352299066873946e-05,16,0.999997863662718,1.000004272687881,100,middle,15.279073017755698
265.0,0.0,65.0,0.4,0.0,softmax,19.0,other_stored_memory_like,True,8,True,4.4727570322535055e-05,69,0.9999969825055576,1.000006035015501,100,middle,15.279073017755698
270.0,0.0,70.0,0.4,0.0,softmax,19.0,stable_mixture,True,41,True,0.6736100922463355,35,0.0244538849361862,89.65450805221465,100,middle,15.279073017755698
276.0,0.0,76.0,0.4,0.0,softmax,19.0,other_stored_memory_like,True,7,True,3.837754197758265e-05,84,0.9999974743505472,1.000005051317724,100,middle,15.279073017755698
278.0,0.0,78.0,0.4,0.0,softmax,19.0,other_stored_memory_like,True,7,True,2.4640690883405567e-05,24,0.9999984691817612,1.0000030616433988,100,middle,15.279073017755698
282.0,0.0,82.0,0.4,0.0,softmax,19.0,other_stored_memory_like,True,12,True,3.159471282738151e-05,72,0.9999980027053738,1.0000039946009085,100,middle,15.279073017755698
284.0,0.0,84.0,0.4,0.0,softmax,19.0,stable_mixture,True,44,True,0.673610092246336,35,0.0244538849361862,89.65450805221465,100,middle,15.279073017755698
288.0,0.0,88.0,0.4,0.0,softmax,19.0,other_stored_memory_like,True,8,True,2.982704081458273e-05,27,0.9999981361264496,1.0000037277573044,100,middle,15.279073017755698
289.0,0.0,89.0,0.4,0.0,softmax,19.0,correct_memory_like,True,10,True,3.7841449484566245e-05,89,0.9999975846371304,1.000004830742676,100,middle,15.279073017755698
290.0,0.0,90.0,0.4,0.0,softmax,19.0,other_stored_memory_like,True,9,True,6.950183923715443e-05,44,0.9999956301547162,1.000008739742834,100,middle,15.279073017755698
294.0,0.0,94.0,0.4,0.0,softmax,19.0,correct_memory_like,True,9,True,3.650446862107047e-05,94,0.9999976074523208,1.0000047851122122,100,middle,15.279073017755698
298.0,0.0,98.0,0.4,0.0,softmax,19.0,stable_mixture,True,40,True,0.6736100922463357,35,0.0244538849361862,89.65450805221465,100,middle,15.279073017755698
205.0,0.0,5.0,0.4,0.0,sparsemax,0.7,unconverged_or_unstable,False,-1,True,0.9312201894034252,99,0.149877481353045,8.481748107294008,12,middle,15.279073017755698
208.0,0.0,8.0,0.4,0.0,sparsemax,0.7,unconverged_or_unstable,False,-1,True,0.8943087205057463,97,0.1561172586225526,8.870789189641467,11,middle,15.279073017755698
210.0,0.0,10.0,0.4,0.0,sparsemax,0.7,unconverged_or_unstable,False,-1,False,1.036195103845024,51,0.1758350958833493,8.30857667764887,15,middle,15.279073017755698
212.0,0.0,12.0,0.4,0.0,sparsemax,0.7,unconverged_or_unstable,False,-1,True,0.906724382598072,99,0.1732256314044699,9.019941276506843,13,middle,15.279073017755698
213.0,0.0,13.0,0.4,0.0,sparsemax,0.7,unconverged_or_unstable,False,-1,True,0.973937354231829,83,0.1930795738109841,8.604012146264475,14,middle,15.279073017755698
214.0,0.0,14.0,0.4,0.0,sparsemax,0.7,unconverged_or_unstable,False,-1,True,0.9849291030945616,36,0.1769773281833796,8.282722319305895,12,middle,15.279073017755698
216.0,0.0,16.0,0.4,0.0,sparsemax,0.7,unconverged_or_unstable,False,-1,True,0.8796396527363697,36,0.1549102786288025,8.772897374154052,10,middle,15.279073017755698
217.0,0.0,17.0,0.4,0.0,sparsemax,0.7,unconverged_or_unstable,False,-1,True,0.9503612285221792,99,0.1569632400771223,8.927920742489897,14,middle,15.279073017755698
218.0,0.0,18.0,0.4,0.0,sparsemax,0.7,unconverged_or_unstable,False,-1,True,0.9068589769938344,36,0.1911787102210862,7.97424099384216,11,middle,15.279073017755698
224.0,0.0,24.0,0.4,0.0,sparsemax,0.7,unconverged_or_unstable,False,-1,True,0.9747101797554736,51,0.1752669353113686,8.257926750112023,14,middle,15.279073017755698
227.0,0.0,27.0,0.4,0.0,sparsemax,0.7,unconverged_or_unstable,False,-1,True,0.8796396527363697,36,0.1549109058894924,8.77287847303027,10,middle,15.279073017755698
228.0,0.0,28.0,0.4,0.0,sparsemax,0.7,unconverged_or_unstable,False,-1,True,0.8796396527363697,36,0.1549097732527669,8.77291444851668,10,middle,15.279073017755698
232.0,0.0,32.0,0.4,0.0,sparsemax,0.7,unconverged_or_unstable,False,-1,True,0.9747101797554736,51,0.1751773588183946,8.230947932112123,14,middle,15.279073017755698
239.0,0.0,39.0,0.4,0.0,sparsemax,0.7,unconverged_or_unstable,False,-1,True,0.9068589769938344,36,0.1911730308797311,7.974283156582461,11,middle,15.279073017755698
241.0,0.0,41.0,0.4,0.0,sparsemax,0.7,unconverged_or_unstable,False,-1,True,0.8943087205057463,97,0.1552511069960157,8.890447531866256,11,middle,15.279073017755698
249.0,0.0,49.0,0.4,0.0,sparsemax,0.7,unconverged_or_unstable,False,-1,False,1.0521143766641026,36,0.175302602786504,8.943810461738158,13,middle,15.279073017755698
254.0,0.0,54.0,0.4,0.0,sparsemax,0.7,unconverged_or_unstable,False,-1,True,0.973937354231829,83,0.1932033832667953,8.601755725412625,14,middle,15.279073017755698
257.0,0.0,57.0,0.4,0.0,sparsemax,0.7,unconverged_or_unstable,False,-1,True,0.9004190052453176,36,0.1903595906427769,8.136007324634306,11,middle,15.279073017755698
258.0,0.0,58.0,0.4,0.0,sparsemax,0.7,unconverged_or_unstable,False,-1,True,0.9156898347040926,97,0.1527305224489279,10.211360878730492,13,middle,15.279073017755698
259.0,0.0,59.0,0.4,0.0,sparsemax,0.7,unconverged_or_unstable,False,-1,False,1.036195103845024,51,0.1758082419846291,8.331074473966327,15,middle,15.279073017755698
261.0,0.0,61.0,0.4,0.0,sparsemax,0.7,unconverged_or_unstable,False,-1,True,0.8796396527363697,36,0.1549110608844217,8.772874184770497,10,middle,15.279073017755698
265.0,0.0,65.0,0.4,0.0,sparsemax,0.7,unconverged_or_unstable,False,-1,True,0.8796396527363697,36,0.1549106999468296,8.772884224375408,10,middle,15.279073017755698
270.0,0.0,70.0,0.4,0.0,sparsemax,0.7,unconverged_or_unstable,False,-1,True,0.9068589769938344,36,0.1911584573296282,7.974394098748704,11,middle,15.279073017755698
276.0,0.0,76.0,0.4,0.0,sparsemax,0.7,unconverged_or_unstable,False,-1,True,0.9747101797554736,51,0.1751826779187671,8.247373511942058,14,middle,15.279073017755698
278.0,0.0,78.0,0.4,0.0,sparsemax,0.7,unconverged_or_unstable,False,-1,True,0.968186119953014,97,0.1554467474810282,10.07270239829854,13,middle,15.279073017755698
282.0,0.0,82.0,0.4,0.0,sparsemax,0.7,unconverged_or_unstable,False,-1,True,0.9747101797554736,51,0.1752095467668091,8.220807733206932,14,middle,15.279073017755698
284.0,0.0,84.0,0.4,0.0,sparsemax,0.7,unconverged_or_unstable,False,-1,True,0.9747101797554736,51,0.175176531503778,8.231187113389932,14,middle,15.279073017755698
288.0,0.0,88.0,0.4,0.0,sparsemax,0.7,unconverged_or_unstable,False,-1,True,0.8796396527363697,36,0.1549104842081507,8.772890789493648,10,middle,15.279073017755698
289.0,0.0,89.0,0.4,0.0,sparsemax,0.7,unconverged_or_unstable,False,-1,True,0.9882671462286196,89,0.143602202476639,10.067349989470294,13,middle,15.279073017755698
290.0,0.0,90.0,0.4,0.0,sparsemax,0.7,unconverged_or_unstable,False,-1,True,0.9202485140368006,85,0.1547171855573507,10.48749992841864,14,middle,15.279073017755698
294.0,0.0,94.0,0.4,0.0,sparsemax,0.7,unconverged_or_unstable,False,-1,True,0.9156898347040926,97,0.1527119941426075,10.213088057447768,13,middle,15.279073017755698
298.0,0.0,98.0,0.4,0.0,sparsemax,0.7,unconverged_or_unstable,False,-1,True,0.8943087205057463,97,0.1561465183823183,8.870081824628818,11,middle,15.279073017755698
205.0,0.0,5.0,0.4,0.0,softmax,5.0,stable_mixture,True,12,True,0.1579734893787067,35,0.0114272038220709,99.72074913727263,100,high,82.44553817584185
208.0,0.0,8.0,0.4,0.0,softmax,5.0,stable_mixture,True,13,True,0.1579734893787067,35,0.0114272038220709,99.72074913727263,100,high,82.44553817584185
210.0,0.0,10.0,0.4,0.0,softmax,5.0,stable_mixture,True,12,True,0.1579734893787067,35,0.0114272038220709,99.72074913727263,100,high,82.44553817584185
212.0,0.0,12.0,0.4,0.0,softmax,5.0,stable_mixture,True,12,True,0.1579734893787067,35,0.0114272038220709,99.72074913727263,100,high,82.44553817584185
213.0,0.0,13.0,0.4,0.0,softmax,5.0,stable_mixture,True,13,True,0.1579734893787067,35,0.0114272038220709,99.72074913727263,100,high,82.44553817584185
214.0,0.0,14.0,0.4,0.0,softmax,5.0,stable_mixture,True,12,True,0.1579734893787067,35,0.0114272038220709,99.72074913727263,100,high,82.44553817584185
216.0,0.0,16.0,0.4,0.0,softmax,5.0,stable_mixture,True,12,True,0.1579734893787067,35,0.0114272038220709,99.72074913727263,100,high,82.44553817584185
217.0,0.0,17.0,0.4,0.0,softmax,5.0,stable_mixture,True,12,True,0.1579734893787067,35,0.0114272038220709,99.72074913727263,100,high,82.44553817584185
218.0,0.0,18.0,0.4,0.0,softmax,5.0,stable_mixture,True,12,True,0.1579734893787068,35,0.0114272038220709,99.72074913727263,100,high,82.44553817584185
224.0,0.0,24.0,0.4,0.0,softmax,5.0,stable_mixture,True,12,True,0.1579734893787068,35,0.0114272038220709,99.72074913727263,100,high,82.44553817584185
227.0,0.0,27.0,0.4,0.0,softmax,5.0,stable_mixture,True,12,True,0.1579734893787067,35,0.0114272038220709,99.72074913727263,100,high,82.44553817584185
228.0,0.0,28.0,0.4,0.0,softmax,5.0,stable_mixture,True,12,True,0.1579734893787068,35,0.0114272038220709,99.72074913727263,100,high,82.44553817584185
232.0,0.0,32.0,0.4,0.0,softmax,5.0,stable_mixture,True,12,True,0.1579734893787068,35,0.0114272038220709,99.72074913727263,100,high,82.44553817584185
239.0,0.0,39.0,0.4,0.0,softmax,5.0,stable_mixture,True,12,True,0.1579734893787067,35,0.0114272038220709,99.72074913727263,100,high,82.44553817584185
241.0,0.0,41.0,0.4,0.0,softmax,5.0,stable_mixture,True,12,True,0.1579734893787067,35,0.0114272038220709,99.72074913727263,100,high,82.44553817584185
249.0,0.0,49.0,0.4,0.0,softmax,5.0,stable_mixture,True,12,True,0.1579734893787068,35,0.0114272038220709,99.72074913727263,100,high,82.44553817584185
254.0,0.0,54.0,0.4,0.0,softmax,5.0,stable_mixture,True,12,True,0.1579734893787067,35,0.0114272038220709,99.72074913727263,100,high,82.44553817584185
257.0,0.0,57.0,0.4,0.0,softmax,5.0,stable_mixture,True,12,True,0.1579734893787067,35,0.0114272038220709,99.72074913727263,100,high,82.44553817584185
258.0,0.0,58.0,0.4,0.0,softmax,5.0,stable_mixture,True,12,True,0.1579734893787067,35,0.0114272038220709,99.72074913727263,100,high,82.44553817584185
259.0,0.0,59.0,0.4,0.0,softmax,5.0,stable_mixture,True,12,True,0.1579734893787067,35,0.0114272038220709,99.72074913727263,100,high,82.44553817584185
261.0,0.0,61.0,0.4,0.0,softmax,5.0,stable_mixture,True,13,True,0.1579734893787067,35,0.0114272038220709,99.72074913727263,100,high,82.44553817584185
265.0,0.0,65.0,0.4,0.0,softmax,5.0,stable_mixture,True,12,True,0.1579734893787067,35,0.0114272038220709,99.72074913727263,100,high,82.44553817584185
270.0,0.0,70.0,0.4,0.0,softmax,5.0,stable_mixture,True,13,True,0.1579734893787067,35,0.0114272038220709,99.72074913727263,100,high,82.44553817584185
276.0,0.0,76.0,0.4,0.0,softmax,5.0,stable_mixture,True,12,True,0.1579734893787067,35,0.0114272038220709,99.72074913727263,100,high,82.44553817584185
278.0,0.0,78.0,0.4,0.0,softmax,5.0,stable_mixture,True,13,True,0.1579734893787067,35,0.0114272038220709,99.72074913727263,100,high,82.44553817584185
282.0,0.0,82.0,0.4,0.0,softmax,5.0,stable_mixture,True,12,True,0.1579734893787067,35,0.0114272038220709,99.72074913727263,100,high,82.44553817584185
284.0,0.0,84.0,0.4,0.0,softmax,5.0,stable_mixture,True,12,True,0.1579734893787067,35,0.0114272038220709,99.72074913727263,100,high,82.44553817584185
288.0,0.0,88.0,0.4,0.0,softmax,5.0,stable_mixture,True,12,True,0.1579734893787067,35,0.0114272038220709,99.72074913727263,100,high,82.44553817584185
289.0,0.0,89.0,0.4,0.0,softmax,5.0,stable_mixture,True,12,True,0.1579734893787067,35,0.0114272038220709,99.72074913727263,100,high,82.44553817584185
290.0,0.0,90.0,0.4,0.0,softmax,5.0,stable_mixture,True,12,True,0.1579734893787067,35,0.0114272038220709,99.72074913727263,100,high,82.44553817584185
294.0,0.0,94.0,0.4,0.0,softmax,5.0,stable_mixture,True,12,True,0.1579734893787067,35,0.0114272038220709,99.72074913727263,100,high,82.44553817584185
298.0,0.0,98.0,0.4,0.0,softmax,5.0,stable_mixture,True,12,True,0.1579734893787067,35,0.0114272038220709,99.72074913727263,100,high,82.44553817584185
205.0,0.0,5.0,0.4,0.0,sparsemax,0.05,stable_mixture,True,12,True,0.1591274362682732,35,0.0113444125864966,99.72041256376582,100,high,82.44553817584185
208.0,0.0,8.0,0.4,0.0,sparsemax,0.05,stable_mixture,True,13,True,0.1591274362682732,35,0.0113444125864966,99.72041256376582,100,high,82.44553817584185
210.0,0.0,10.0,0.4,0.0,sparsemax,0.05,stable_mixture,True,12,True,0.1591274362682732,35,0.0113444125864966,99.72041256376582,100,high,82.44553817584185
212.0,0.0,12.0,0.4,0.0,sparsemax,0.05,stable_mixture,True,12,True,0.1591274362682732,35,0.0113444125864966,99.72041256376582,100,high,82.44553817584185
213.0,0.0,13.0,0.4,0.0,sparsemax,0.05,stable_mixture,True,12,True,0.1591274362682732,35,0.0113444125864966,99.72041256376582,100,high,82.44553817584185
214.0,0.0,14.0,0.4,0.0,sparsemax,0.05,stable_mixture,True,12,True,0.1591274362682732,35,0.0113444125864966,99.72041256376582,100,high,82.44553817584185
216.0,0.0,16.0,0.4,0.0,sparsemax,0.05,stable_mixture,True,12,True,0.1591274362682732,35,0.0113444125864966,99.72041256376582,100,high,82.44553817584185
217.0,0.0,17.0,0.4,0.0,sparsemax,0.05,stable_mixture,True,12,True,0.1591274362682732,35,0.0113444125864966,99.72041256376582,100,high,82.44553817584185
218.0,0.0,18.0,0.4,0.0,sparsemax,0.05,stable_mixture,True,12,True,0.1591274362682732,35,0.0113444125864966,99.72041256376582,100,high,82.44553817584185
224.0,0.0,24.0,0.4,0.0,sparsemax,0.05,stable_mixture,True,12,True,0.1591274362682732,35,0.0113444125864966,99.72041256376582,100,high,82.44553817584185
227.0,0.0,27.0,0.4,0.0,sparsemax,0.05,stable_mixture,True,12,True,0.1591274362682732,35,0.0113444125864966,99.72041256376582,100,high,82.44553817584185
228.0,0.0,28.0,0.4,0.0,sparsemax,0.05,stable_mixture,True,12,True,0.1591274362682732,35,0.0113444125864966,99.72041256376582,100,high,82.44553817584185
232.0,0.0,32.0,0.4,0.0,sparsemax,0.05,stable_mixture,True,12,True,0.1591274362682732,35,0.0113444125864966,99.72041256376582,100,high,82.44553817584185
239.0,0.0,39.0,0.4,0.0,sparsemax,0.05,stable_mixture,True,12,True,0.1591274362682732,35,0.0113444125864966,99.72041256376582,100,high,82.44553817584185
241.0,0.0,41.0,0.4,0.0,sparsemax,0.05,stable_mixture,True,12,True,0.1591274362682732,35,0.0113444125864966,99.72041256376582,100,high,82.44553817584185
249.0,0.0,49.0,0.4,0.0,sparsemax,0.05,stable_mixture,True,12,True,0.1591274362682732,35,0.0113444125864966,99.72041256376582,100,high,82.44553817584185
254.0,0.0,54.0,0.4,0.0,sparsemax,0.05,stable_mixture,True,12,True,0.1591274362682732,35,0.0113444125864966,99.72041256376582,100,high,82.44553817584185
257.0,0.0,57.0,0.4,0.0,sparsemax,0.05,stable_mixture,True,12,True,0.1591274362682732,35,0.0113444125864966,99.72041256376582,100,high,82.44553817584185
258.0,0.0,58.0,0.4,0.0,sparsemax,0.05,stable_mixture,True,12,True,0.1591274362682732,35,0.0113444125864966,99.72041256376582,100,high,82.44553817584185
259.0,0.0,59.0,0.4,0.0,sparsemax,0.05,stable_mixture,True,12,True,0.1591274362682732,35,0.0113444125864966,99.72041256376582,100,high,82.44553817584185
261.0,0.0,61.0,0.4,0.0,sparsemax,0.05,stable_mixture,True,13,True,0.1591274362682732,35,0.0113444125864966,99.72041256376582,100,high,82.44553817584185
265.0,0.0,65.0,0.4,0.0,sparsemax,0.05,stable_mixture,True,12,True,0.1591274362682732,35,0.0113444125864966,99.72041256376582,100,high,82.44553817584185
270.0,0.0,70.0,0.4,0.0,sparsemax,0.05,stable_mixture,True,13,True,0.1591274362682732,35,0.0113444125864966,99.72041256376582,100,high,82.44553817584185
276.0,0.0,76.0,0.4,0.0,sparsemax,0.05,stable_mixture,True,12,True,0.1591274362682732,35,0.0113444125864966,99.72041256376582,100,high,82.44553817584185
278.0,0.0,78.0,0.4,0.0,sparsemax,0.05,stable_mixture,True,13,True,0.1591274362682732,35,0.0113444125864966,99.72041256376582,100,high,82.44553817584185
282.0,0.0,82.0,0.4,0.0,sparsemax,0.05,stable_mixture,True,12,True,0.1591274362682732,35,0.0113444125864966,99.72041256376582,100,high,82.44553817584185
284.0,0.0,84.0,0.4,0.0,sparsemax,0.05,stable_mixture,True,12,True,0.1591274362682732,35,0.0113444125864966,99.72041256376582,100,high,82.44553817584185
288.0,0.0,88.0,0.4,0.0,sparsemax,0.05,stable_mixture,True,12,True,0.1591274362682732,35,0.0113444125864966,99.72041256376582,100,high,82.44553817584185
289.0,0.0,89.0,0.4,0.0,sparsemax,0.05,stable_mixture,True,12,True,0.1591274362682732,35,0.0113444125864966,99.72041256376582,100,high,82.44553817584185
290.0,0.0,90.0,0.4,0.0,sparsemax,0.05,stable_mixture,True,12,True,0.1591274362682732,35,0.0113444125864966,99.72041256376582,100,high,82.44553817584185
294.0,0.0,94.0,0.4,0.0,sparsemax,0.05,stable_mixture,True,12,True,0.1591274362682732,35,0.0113444125864966,99.72041256376582,100,high,82.44553817584185
298.0,0.0,98.0,0.4,0.0,sparsemax,0.05,stable_mixture,True,12,True,0.1591274362682732,35,0.0113444125864966,99.72041256376582,100,high,82.44553817584185
1.0,1.0,1.0,0.1,0.0,softmax,48.0,correct_memory_like,True,4,True,1.9364905006295015e-15,1,1.0,1.0,1,low,1.0000000000029354
2.0,1.0,2.0,0.1,0.0,softmax,48.0,correct_memory_like,True,4,True,1.0183737737557491e-15,2,1.0,1.0,1,low,1.0000000000029354
5.0,1.0,5.0,0.1,0.0,softmax,48.0,correct_memory_like,True,4,True,1.060964410483344e-14,5,0.9999999999999998,1.0000000000000004,1,low,1.0000000000029354
8.0,1.0,8.0,0.1,0.0,softmax,48.0,correct_memory_like,True,4,True,8.95275276237043e-16,8,1.0,1.0,1,low,1.0000000000029354
11.0,1.0,11.0,0.1,0.0,softmax,48.0,correct_memory_like,True,4,True,1.6028846858302272e-14,11,0.9999999999999998,1.0000000000000004,1,low,1.0000000000029354
12.0,1.0,12.0,0.1,0.0,softmax,48.0,correct_memory_like,True,4,True,3.3703803594138266e-14,12,0.9999999999999996,1.0000000000000009,1,low,1.0000000000029354
19.0,1.0,19.0,0.1,0.0,softmax,48.0,correct_memory_like,True,4,True,3.843744764694446e-16,19,1.0,1.0,1,low,1.0000000000029354
21.0,1.0,21.0,0.1,0.0,softmax,48.0,correct_memory_like,True,4,True,3.3555979604903404e-14,21,0.9999999999999996,1.0000000000000009,1,low,1.0000000000029354
25.0,1.0,25.0,0.1,0.0,softmax,48.0,correct_memory_like,True,4,True,3.35293373189865e-14,25,0.9999999999999996,1.0000000000000009,1,low,1.0000000000029354
33.0,1.0,33.0,0.1,0.0,softmax,48.0,correct_memory_like,True,4,True,1.5289060196675213e-15,33,1.0,1.0,1,low,1.0000000000029354
38.0,1.0,38.0,0.1,0.0,softmax,48.0,correct_memory_like,True,4,True,1.504795272004938e-15,38,1.0,1.0,1,low,1.0000000000029354
39.0,1.0,39.0,0.1,0.0,softmax,48.0,correct_memory_like,True,4,True,1.4568782037170002e-15,39,1.0,1.0,1,low,1.0000000000029354
41.0,1.0,41.0,0.1,0.0,softmax,48.0,correct_memory_like,True,4,True,7.703765034781389e-16,41,1.0,1.0,1,low,1.0000000000029354
45.0,1.0,45.0,0.1,0.0,softmax,48.0,correct_memory_like,True,4,True,2.0772721179340148e-14,45,0.9999999999999996,1.0000000000000009,1,low,1.0000000000029354
51.0,1.0,51.0,0.1,0.0,softmax,48.0,correct_memory_like,True,4,True,7.741105886641642e-16,51,1.0,1.0,1,low,1.0000000000029354
61.0,1.0,61.0,0.1,0.0,softmax,48.0,correct_memory_like,True,4,True,1.5296434926806826e-15,61,1.0,1.0,1,low,1.0000000000029354
67.0,1.0,67.0,0.1,0.0,softmax,48.0,correct_memory_like,True,4,True,3.1780333367051705e-15,67,1.0,1.0,1,low,1.0000000000029354
68.0,1.0,68.0,0.1,0.0,softmax,48.0,correct_memory_like,True,4,True,3.7889295274465384e-15,68,1.0,1.0,1,low,1.0000000000029354
75.0,1.0,75.0,0.1,0.0,softmax,48.0,correct_memory_like,True,4,True,1.5976453433700204e-15,75,1.0,1.0,1,low,1.0000000000029354
77.0,1.0,77.0,0.1,0.0,softmax,48.0,correct_memory_like,True,4,True,8.12900517291196e-16,77,1.0,1.0,1,low,1.0000000000029354
80.0,1.0,80.0,0.1,0.0,softmax,48.0,correct_memory_like,True,4,True,1.630252556315779e-14,80,0.9999999999999998,1.0000000000000004,1,low,1.0000000000029354
82.0,1.0,82.0,0.1,0.0,softmax,48.0,correct_memory_like,True,4,True,1.5501817664855165e-15,82,1.0,1.0,1,low,1.0000000000029354
84.0,1.0,84.0,0.1,0.0,softmax,48.0,correct_memory_like,True,4,True,3.0876273315592914e-15,84,1.0,1.0,1,low,1.0000000000029354
85.0,1.0,85.0,0.1,0.0,softmax,48.0,correct_memory_like,True,4,True,7.891729872187128e-16,85,1.0,1.0,1,low,1.0000000000029354
86.0,1.0,86.0,0.1,0.0,softmax,48.0,correct_memory_like,True,4,True,1.6082110225124723e-14,86,0.9999999999999998,1.0000000000000004,1,low,1.0000000000029354
88.0,1.0,88.0,0.1,0.0,softmax,48.0,correct_memory_like,True,4,True,4.369499243687394e-16,88,1.0,1.0,1,low,1.0000000000029354
89.0,1.0,89.0,0.1,0.0,softmax,48.0,correct_memory_like,True,4,True,7.957054288946803e-16,89,1.0,1.0,1,low,1.0000000000029354
93.0,1.0,93.0,0.1,0.0,softmax,48.0,correct_memory_like,True,4,True,1.0586524727775115e-14,93,0.9999999999999998,1.0000000000000004,1,low,1.0000000000029354
94.0,1.0,94.0,0.1,0.0,softmax,48.0,correct_memory_like,True,4,True,2.0837275298883703e-16,94,1.0,1.0,1,low,1.0000000000029354
97.0,1.0,97.0,0.1,0.0,softmax,48.0,correct_memory_like,True,4,True,2.0013439881757614e-14,97,0.9999999999999996,1.0000000000000009,1,low,1.0000000000029354
98.0,1.0,98.0,0.1,0.0,softmax,48.0,correct_memory_like,True,4,True,9.681564730568821e-15,98,0.9999999999999998,1.0000000000000004,1,low,1.0000000000029354
99.0,1.0,99.0,0.1,0.0,softmax,48.0,correct_memory_like,True,4,True,1.6428005424698047e-14,99,0.9999999999999998,1.0000000000000004,1,low,1.0000000000029354
1.0,1.0,1.0,0.1,0.0,sparsemax,1.8,correct_memory_like,True,4,True,0.0,1,1.0,1.0,1,low,1.0000000000029354
2.0,1.0,2.0,0.1,0.0,sparsemax,1.8,correct_memory_like,True,5,True,0.0,2,1.0,1.0,1,low,1.0000000000029354
5.0,1.0,5.0,0.1,0.0,sparsemax,1.8,correct_memory_like,True,4,True,0.0,5,1.0,1.0,1,low,1.0000000000029354
8.0,1.0,8.0,0.1,0.0,sparsemax,1.8,correct_memory_like,True,5,True,0.0,8,1.0,1.0,1,low,1.0000000000029354
11.0,1.0,11.0,0.1,0.0,sparsemax,1.8,correct_memory_like,True,4,True,0.0,11,1.0,1.0,1,low,1.0000000000029354
12.0,1.0,12.0,0.1,0.0,sparsemax,1.8,correct_memory_like,True,5,True,0.0,12,1.0,1.0,1,low,1.0000000000029354
19.0,1.0,19.0,0.1,0.0,sparsemax,1.8,correct_memory_like,True,5,True,0.0,19,1.0,1.0,1,low,1.0000000000029354
21.0,1.0,21.0,0.1,0.0,sparsemax,1.8,correct_memory_like,True,5,True,0.0,21,1.0,1.0,1,low,1.0000000000029354
25.0,1.0,25.0,0.1,0.0,sparsemax,1.8,correct_memory_like,True,5,True,0.0,25,1.0,1.0,1,low,1.0000000000029354
33.0,1.0,33.0,0.1,0.0,sparsemax,1.8,correct_memory_like,True,4,True,0.0,33,1.0,1.0,1,low,1.0000000000029354
38.0,1.0,38.0,0.1,0.0,sparsemax,1.8,correct_memory_like,True,4,True,0.0,38,1.0,1.0,1,low,1.0000000000029354
39.0,1.0,39.0,0.1,0.0,sparsemax,1.8,correct_memory_like,True,4,True,0.0,39,1.0,1.0,1,low,1.0000000000029354
41.0,1.0,41.0,0.1,0.0,sparsemax,1.8,correct_memory_like,True,4,True,0.0,41,1.0,1.0,1,low,1.0000000000029354
45.0,1.0,45.0,0.1,0.0,sparsemax,1.8,correct_memory_like,True,5,True,0.0,45,1.0,1.0,1,low,1.0000000000029354
51.0,1.0,51.0,0.1,0.0,sparsemax,1.8,correct_memory_like,True,4,True,0.0,51,1.0,1.0,1,low,1.0000000000029354
61.0,1.0,61.0,0.1,0.0,sparsemax,1.8,correct_memory_like,True,4,True,0.0,61,1.0,1.0,1,low,1.0000000000029354
67.0,1.0,67.0,0.1,0.0,sparsemax,1.8,correct_memory_like,True,4,True,0.0,67,1.0,1.0,1,low,1.0000000000029354
68.0,1.0,68.0,0.1,0.0,sparsemax,1.8,correct_memory_like,True,4,True,0.0,68,1.0,1.0,1,low,1.0000000000029354
75.0,1.0,75.0,0.1,0.0,sparsemax,1.8,correct_memory_like,True,4,True,0.0,75,1.0,1.0,1,low,1.0000000000029354
77.0,1.0,77.0,0.1,0.0,sparsemax,1.8,correct_memory_like,True,4,True,0.0,77,1.0,1.0,1,low,1.0000000000029354
80.0,1.0,80.0,0.1,0.0,sparsemax,1.8,correct_memory_like,True,4,True,0.0,80,1.0,1.0,1,low,1.0000000000029354
82.0,1.0,82.0,0.1,0.0,sparsemax,1.8,correct_memory_like,True,5,True,0.0,82,1.0,1.0,1,low,1.0000000000029354
84.0,1.0,84.0,0.1,0.0,sparsemax,1.8,correct_memory_like,True,4,True,0.0,84,1.0,1.0,1,low,1.0000000000029354
85.0,1.0,85.0,0.1,0.0,sparsemax,1.8,correct_memory_like,True,4,True,0.0,85,1.0,1.0,1,low,1.0000000000029354
86.0,1.0,86.0,0.1,0.0,sparsemax,1.8,correct_memory_like,True,5,True,0.0,86,1.0,1.0,1,low,1.0000000000029354
88.0,1.0,88.0,0.1,0.0,sparsemax,1.8,correct_memory_like,True,4,True,0.0,88,1.0,1.0,1,low,1.0000000000029354
89.0,1.0,89.0,0.1,0.0,sparsemax,1.8,correct_memory_like,True,4,True,0.0,89,1.0,1.0,1,low,1.0000000000029354
93.0,1.0,93.0,0.1,0.0,sparsemax,1.8,correct_memory_like,True,4,True,0.0,93,1.0,1.0,1,low,1.0000000000029354
94.0,1.0,94.0,0.1,0.0,sparsemax,1.8,correct_memory_like,True,4,True,0.0,94,1.0,1.0,1,low,1.0000000000029354
97.0,1.0,97.0,0.1,0.0,sparsemax,1.8,correct_memory_like,True,5,True,0.0,97,1.0,1.0,1,low,1.0000000000029354
98.0,1.0,98.0,0.1,0.0,sparsemax,1.8,correct_memory_like,True,5,True,0.0,98,1.0,1.0,1,low,1.0000000000029354
99.0,1.0,99.0,0.1,0.0,sparsemax,1.8,correct_memory_like,True,4,True,0.0,99,1.0,1.0,1,low,1.0000000000029354
1.0,1.0,1.0,0.1,0.0,softmax,5.0,stable_mixture,True,14,True,0.163286364952232,6,0.0120788960925794,99.67565525188644,100,middle,8.707332297366008
2.0,1.0,2.0,0.1,0.0,softmax,5.0,stable_mixture,True,13,True,0.163286364952232,6,0.0120788960925794,99.67565525188644,100,middle,8.707332297366008
5.0,1.0,5.0,0.1,0.0,softmax,5.0,stable_mixture,True,14,True,0.163286364952232,6,0.0120788960925794,99.67565525188644,100,middle,8.707332297366008
8.0,1.0,8.0,0.1,0.0,softmax,5.0,stable_mixture,True,13,True,0.163286364952232,6,0.0120788960925794,99.67565525188644,100,middle,8.707332297366008
11.0,1.0,11.0,0.1,0.0,softmax,5.0,stable_mixture,True,14,True,0.163286364952232,6,0.0120788960925794,99.67565525188644,100,middle,8.707332297366008
12.0,1.0,12.0,0.1,0.0,softmax,5.0,stable_mixture,True,13,True,0.163286364952232,6,0.0120788960925794,99.67565525188644,100,middle,8.707332297366008
19.0,1.0,19.0,0.1,0.0,softmax,5.0,stable_mixture,True,13,True,0.163286364952232,6,0.0120788960925794,99.67565525188644,100,middle,8.707332297366008
21.0,1.0,21.0,0.1,0.0,softmax,5.0,stable_mixture,True,14,True,0.163286364952232,6,0.0120788960925794,99.67565525188644,100,middle,8.707332297366008
25.0,1.0,25.0,0.1,0.0,softmax,5.0,stable_mixture,True,13,True,0.163286364952232,6,0.0120788960925794,99.67565525188644,100,middle,8.707332297366008
33.0,1.0,33.0,0.1,0.0,softmax,5.0,stable_mixture,True,13,True,0.163286364952232,6,0.0120788960925794,99.67565525188644,100,middle,8.707332297366008
38.0,1.0,38.0,0.1,0.0,softmax,5.0,stable_mixture,True,14,True,0.163286364952232,6,0.0120788960925794,99.67565525188644,100,middle,8.707332297366008
39.0,1.0,39.0,0.1,0.0,softmax,5.0,stable_mixture,True,13,True,0.163286364952232,6,0.0120788960925794,99.67565525188644,100,middle,8.707332297366008
41.0,1.0,41.0,0.1,0.0,softmax,5.0,stable_mixture,True,13,True,0.163286364952232,6,0.0120788960925794,99.67565525188644,100,middle,8.707332297366008
45.0,1.0,45.0,0.1,0.0,softmax,5.0,stable_mixture,True,13,True,0.163286364952232,6,0.0120788960925794,99.67565525188644,100,middle,8.707332297366008
51.0,1.0,51.0,0.1,0.0,softmax,5.0,stable_mixture,True,14,True,0.163286364952232,6,0.0120788960925794,99.67565525188644,100,middle,8.707332297366008
61.0,1.0,61.0,0.1,0.0,softmax,5.0,stable_mixture,True,13,True,0.163286364952232,6,0.0120788960925794,99.67565525188644,100,middle,8.707332297366008
67.0,1.0,67.0,0.1,0.0,softmax,5.0,stable_mixture,True,14,True,0.163286364952232,6,0.0120788960925794,99.67565525188644,100,middle,8.707332297366008
68.0,1.0,68.0,0.1,0.0,softmax,5.0,stable_mixture,True,13,True,0.163286364952232,6,0.0120788960925794,99.67565525188644,100,middle,8.707332297366008
75.0,1.0,75.0,0.1,0.0,softmax,5.0,stable_mixture,True,14,True,0.163286364952232,6,0.0120788960925794,99.67565525188644,100,middle,8.707332297366008
77.0,1.0,77.0,0.1,0.0,softmax,5.0,stable_mixture,True,13,True,0.163286364952232,6,0.0120788960925794,99.67565525188644,100,middle,8.707332297366008
80.0,1.0,80.0,0.1,0.0,softmax,5.0,stable_mixture,True,14,True,0.163286364952232,6,0.0120788960925794,99.67565525188644,100,middle,8.707332297366008
82.0,1.0,82.0,0.1,0.0,softmax,5.0,stable_mixture,True,13,True,0.163286364952232,6,0.0120788960925794,99.67565525188644,100,middle,8.707332297366008
84.0,1.0,84.0,0.1,0.0,softmax,5.0,stable_mixture,True,13,True,0.163286364952232,6,0.0120788960925794,99.67565525188644,100,middle,8.707332297366008
85.0,1.0,85.0,0.1,0.0,softmax,5.0,stable_mixture,True,13,True,0.163286364952232,6,0.0120788960925794,99.67565525188644,100,middle,8.707332297366008
86.0,1.0,86.0,0.1,0.0,softmax,5.0,stable_mixture,True,14,True,0.163286364952232,6,0.0120788960925794,99.67565525188644,100,middle,8.707332297366008
88.0,1.0,88.0,0.1,0.0,softmax,5.0,stable_mixture,True,14,True,0.163286364952232,6,0.0120788960925794,99.67565525188644,100,middle,8.707332297366008
89.0,1.0,89.0,0.1,0.0,softmax,5.0,stable_mixture,True,14,True,0.163286364952232,6,0.0120788960925794,99.67565525188644,100,middle,8.707332297366008
93.0,1.0,93.0,0.1,0.0,softmax,5.0,stable_mixture,True,14,True,0.163286364952232,6,0.0120788960925794,99.67565525188644,100,middle,8.707332297366008
94.0,1.0,94.0,0.1,0.0,softmax,5.0,stable_mixture,True,14,True,0.163286364952232,6,0.0120788960925794,99.67565525188644,100,middle,8.707332297366008
97.0,1.0,97.0,0.1,0.0,softmax,5.0,stable_mixture,True,14,True,0.163286364952232,6,0.0120788960925794,99.67565525188644,100,middle,8.707332297366008
98.0,1.0,98.0,0.1,0.0,softmax,5.0,stable_mixture,True,14,True,0.163286364952232,6,0.0120788960925794,99.67565525188648,100,middle,8.707332297366008
99.0,1.0,99.0,0.1,0.0,softmax,5.0,stable_mixture,True,13,True,0.163286364952232,6,0.0120788960925794,99.67565525188644,100,middle,8.707332297366008
1.0,1.0,1.0,0.1,0.0,sparsemax,0.4,unconverged_or_unstable,False,-1,True,0.9721065018616786,6,0.0660540794211842,30.454858286388017,53,middle,8.707332297366008
2.0,1.0,2.0,0.1,0.0,sparsemax,0.4,unconverged_or_unstable,False,-1,True,0.9721065018616786,6,0.0659874273815042,30.42652755131975,53,middle,8.707332297366008
5.0,1.0,5.0,0.1,0.0,sparsemax,0.4,unconverged_or_unstable,False,-1,True,0.9721065018616786,6,0.0662431146035471,30.536699705245855,53,middle,8.707332297366008
8.0,1.0,8.0,0.1,0.0,sparsemax,0.4,unconverged_or_unstable,False,-1,True,0.9721065018616786,6,0.0662607192134766,30.54604881610527,53,middle,8.707332297366008
11.0,1.0,11.0,0.1,0.0,sparsemax,0.4,unconverged_or_unstable,False,-1,True,0.9721065018616786,6,0.0659199605907649,30.40695866245194,53,middle,8.707332297366008
12.0,1.0,12.0,0.1,0.0,sparsemax,0.4,unconverged_or_unstable,False,-1,True,0.9721065018616786,6,0.0659677444135393,30.42005897702438,53,middle,8.707332297366008
19.0,1.0,19.0,0.1,0.0,sparsemax,0.4,unconverged_or_unstable,False,-1,True,0.9721065018616786,6,0.0659540597095219,30.41566333314773,53,middle,8.707332297366008
21.0,1.0,21.0,0.1,0.0,sparsemax,0.4,unconverged_or_unstable,False,-1,True,0.964266133709614,6,0.0663370447664603,30.617345631373055,52,middle,8.707332297366008
25.0,1.0,25.0,0.1,0.0,sparsemax,0.4,unconverged_or_unstable,False,-1,True,0.9721065018616786,6,0.066264388474004,30.548890472983366,53,middle,8.707332297366008
33.0,1.0,33.0,0.1,0.0,sparsemax,0.4,unconverged_or_unstable,False,-1,True,0.9721065018616786,6,0.0661696126217275,30.50540667539604,53,middle,8.707332297366008
38.0,1.0,38.0,0.1,0.0,sparsemax,0.4,unconverged_or_unstable,False,-1,True,0.9721065018616786,6,0.0662412982187716,30.535743293128473,53,middle,8.707332297366008
39.0,1.0,39.0,0.1,0.0,sparsemax,0.4,unconverged_or_unstable,False,-1,True,0.9721065018616786,6,0.0662098536281177,30.521172373651073,53,middle,8.707332297366008
41.0,1.0,41.0,0.1,0.0,sparsemax,0.4,unconverged_or_unstable,False,-1,True,0.964266133709614,6,0.0663466251099588,30.62997535923037,52,middle,8.707332297366008
45.0,1.0,45.0,0.1,0.0,sparsemax,0.4,unconverged_or_unstable,False,-1,True,0.964266133709614,6,0.066297160124179,30.574883286962113,52,middle,8.707332297366008
51.0,1.0,51.0,0.1,0.0,sparsemax,0.4,unconverged_or_unstable,False,-1,True,0.9721065018616786,6,0.0662789004791969,30.55486685997961,53,middle,8.707332297366008
61.0,1.0,61.0,0.1,0.0,sparsemax,0.4,unconverged_or_unstable,False,-1,True,0.964266133709614,6,0.0663428095153057,30.625073473107925,52,middle,8.707332297366008
67.0,1.0,67.0,0.1,0.0,sparsemax,0.4,unconverged_or_unstable,False,-1,True,0.9721065018616786,6,0.0659470246973069,30.415615180797523,53,middle,8.707332297366008
68.0,1.0,68.0,0.1,0.0,sparsemax,0.4,unconverged_or_unstable,False,-1,True,0.9721065018616786,6,0.0659797345387172,30.425070351788257,53,middle,8.707332297366008
75.0,1.0,75.0,0.1,0.0,sparsemax,0.4,unconverged_or_unstable,False,-1,True,0.9721065018616786,6,0.0658927218837225,30.39830284342872,53,middle,8.707332297366008
77.0,1.0,77.0,0.1,0.0,sparsemax,0.4,unconverged_or_unstable,False,-1,True,0.9721065018616786,6,0.066274594381902,30.552815512962535,53,middle,8.707332297366008
80.0,1.0,80.0,0.1,0.0,sparsemax,0.4,unconverged_or_unstable,False,-1,True,0.9721065018616786,6,0.0658909718887328,30.398969913561476,53,middle,8.707332297366008
82.0,1.0,82.0,0.1,0.0,sparsemax,0.4,unconverged_or_unstable,False,-1,True,0.964266133709614,6,0.0663197312522992,30.599021203514397,52,middle,8.707332297366008
84.0,1.0,84.0,0.1,0.0,sparsemax,0.4,unconverged_or_unstable,False,-1,True,0.9721065018616786,6,0.0659538915840629,30.41580805131079,53,middle,8.707332297366008
85.0,1.0,85.0,0.1,0.0,sparsemax,0.4,unconverged_or_unstable,False,-1,True,0.9721065018616786,6,0.0662251360795352,30.53071361821956,53,middle,8.707332297366008
86.0,1.0,86.0,0.1,0.0,sparsemax,0.4,unconverged_or_unstable,False,-1,True,0.9721065018616786,6,0.0659809875367594,30.4258151298887,53,middle,8.707332297366008
88.0,1.0,88.0,0.1,0.0,sparsemax,0.4,unconverged_or_unstable,False,-1,True,0.9721065018616786,6,0.0662450792954122,30.53746346519938,53,middle,8.707332297366008
89.0,1.0,89.0,0.1,0.0,sparsemax,0.4,unconverged_or_unstable,False,-1,True,0.9721065018616786,6,0.06588512557923,30.397232924822152,53,middle,8.707332297366008
93.0,1.0,93.0,0.1,0.0,sparsemax,0.4,unconverged_or_unstable,False,-1,True,0.964266133709614,6,0.0663169782367945,30.594868664617007,52,middle,8.707332297366008
94.0,1.0,94.0,0.1,0.0,sparsemax,0.4,unconverged_or_unstable,False,-1,True,0.9721065018616786,6,0.0662280082382507,30.528632585454194,53,middle,8.707332297366008
97.0,1.0,97.0,0.1,0.0,sparsemax,0.4,unconverged_or_unstable,False,-1,True,0.9721065018616786,6,0.0659858571488223,30.42598082681131,53,middle,8.707332297366008
98.0,1.0,98.0,0.1,0.0,sparsemax,0.4,unconverged_or_unstable,False,-1,True,0.9721065018616786,6,0.066109372114373,30.482951038341103,53,middle,8.707332297366008
99.0,1.0,99.0,0.1,0.0,sparsemax,0.4,unconverged_or_unstable,False,-1,True,0.9721065018616786,6,0.0660262319350524,30.444969746482155,53,middle,8.707332297366008
1.0,1.0,1.0,0.1,0.0,softmax,2.5,stable_mixture,True,11,True,0.0816238293256359,6,0.0109353265914626,99.9278851994091,100,high,73.16456697633235
2.0,1.0,2.0,0.1,0.0,softmax,2.5,stable_mixture,True,10,True,0.0816238293256359,6,0.0109353265914626,99.9278851994091,100,high,73.16456697633235
5.0,1.0,5.0,0.1,0.0,softmax,2.5,stable_mixture,True,11,True,0.0816238293256359,6,0.0109353265914626,99.9278851994091,100,high,73.16456697633235
8.0,1.0,8.0,0.1,0.0,softmax,2.5,stable_mixture,True,10,True,0.0816238293256359,6,0.0109353265914626,99.9278851994091,100,high,73.16456697633235
11.0,1.0,11.0,0.1,0.0,softmax,2.5,stable_mixture,True,10,True,0.0816238293256359,6,0.0109353265914626,99.9278851994091,100,high,73.16456697633235
12.0,1.0,12.0,0.1,0.0,softmax,2.5,stable_mixture,True,10,True,0.0816238293256359,6,0.0109353265914626,99.9278851994091,100,high,73.16456697633235
19.0,1.0,19.0,0.1,0.0,softmax,2.5,stable_mixture,True,10,True,0.0816238293256359,6,0.0109353265914626,99.9278851994091,100,high,73.16456697633235
21.0,1.0,21.0,0.1,0.0,softmax,2.5,stable_mixture,True,10,True,0.0816238293256359,6,0.0109353265914626,99.9278851994091,100,high,73.16456697633235
25.0,1.0,25.0,0.1,0.0,softmax,2.5,stable_mixture,True,10,True,0.0816238293256359,6,0.0109353265914626,99.9278851994091,100,high,73.16456697633235
33.0,1.0,33.0,0.1,0.0,softmax,2.5,stable_mixture,True,10,True,0.0816238293256359,6,0.0109353265914626,99.9278851994091,100,high,73.16456697633235
38.0,1.0,38.0,0.1,0.0,softmax,2.5,stable_mixture,True,11,True,0.0816238293256359,6,0.0109353265914626,99.9278851994091,100,high,73.16456697633235
39.0,1.0,39.0,0.1,0.0,softmax,2.5,stable_mixture,True,10,True,0.0816238293256359,6,0.0109353265914626,99.9278851994091,100,high,73.16456697633235
41.0,1.0,41.0,0.1,0.0,softmax,2.5,stable_mixture,True,10,True,0.0816238293256359,6,0.0109353265914626,99.9278851994091,100,high,73.16456697633235
45.0,1.0,45.0,0.1,0.0,softmax,2.5,stable_mixture,True,10,True,0.0816238293256359,6,0.0109353265914626,99.9278851994091,100,high,73.16456697633235
51.0,1.0,51.0,0.1,0.0,softmax,2.5,stable_mixture,True,10,True,0.0816238293256359,6,0.0109353265914626,99.9278851994091,100,high,73.16456697633235
61.0,1.0,61.0,0.1,0.0,softmax,2.5,stable_mixture,True,10,True,0.0816238293256359,6,0.0109353265914626,99.9278851994091,100,high,73.16456697633235
67.0,1.0,67.0,0.1,0.0,softmax,2.5,stable_mixture,True,10,True,0.0816238293256359,6,0.0109353265914626,99.9278851994091,100,high,73.16456697633235
68.0,1.0,68.0,0.1,0.0,softmax,2.5,stable_mixture,True,10,True,0.0816238293256359,6,0.0109353265914626,99.9278851994091,100,high,73.16456697633235
75.0,1.0,75.0,0.1,0.0,softmax,2.5,stable_mixture,True,11,True,0.0816238293256359,6,0.0109353265914626,99.9278851994091,100,high,73.16456697633235
77.0,1.0,77.0,0.1,0.0,softmax,2.5,stable_mixture,True,10,True,0.0816238293256359,6,0.0109353265914626,99.9278851994091,100,high,73.16456697633235
80.0,1.0,80.0,0.1,0.0,softmax,2.5,stable_mixture,True,10,True,0.0816238293256359,6,0.0109353265914626,99.9278851994091,100,high,73.16456697633235
82.0,1.0,82.0,0.1,0.0,softmax,2.5,stable_mixture,True,10,True,0.0816238293256359,6,0.0109353265914626,99.9278851994091,100,high,73.16456697633235
84.0,1.0,84.0,0.1,0.0,softmax,2.5,stable_mixture,True,10,True,0.0816238293256359,6,0.0109353265914626,99.9278851994091,100,high,73.16456697633235
85.0,1.0,85.0,0.1,0.0,softmax,2.5,stable_mixture,True,10,True,0.0816238293256359,6,0.0109353265914626,99.9278851994091,100,high,73.16456697633235
86.0,1.0,86.0,0.1,0.0,softmax,2.5,stable_mixture,True,11,True,0.0816238293256359,6,0.0109353265914626,99.9278851994091,100,high,73.16456697633235
88.0,1.0,88.0,0.1,0.0,softmax,2.5,stable_mixture,True,10,True,0.0816238293256359,6,0.0109353265914626,99.9278851994091,100,high,73.16456697633235
89.0,1.0,89.0,0.1,0.0,softmax,2.5,stable_mixture,True,11,True,0.0816238293256359,6,0.0109353265914626,99.9278851994091,100,high,73.16456697633235
93.0,1.0,93.0,0.1,0.0,softmax,2.5,stable_mixture,True,10,True,0.0816238293256359,6,0.0109353265914626,99.9278851994091,100,high,73.16456697633235
94.0,1.0,94.0,0.1,0.0,softmax,2.5,stable_mixture,True,10,True,0.0816238293256359,6,0.0109353265914626,99.9278851994091,100,high,73.16456697633235
97.0,1.0,97.0,0.1,0.0,softmax,2.5,stable_mixture,True,10,True,0.0816238293256359,6,0.0109353265914626,99.9278851994091,100,high,73.16456697633235
98.0,1.0,98.0,0.1,0.0,softmax,2.5,stable_mixture,True,11,True,0.0816238293256359,6,0.0109353265914626,99.9278851994091,100,high,73.16456697633235
99.0,1.0,99.0,0.1,0.0,softmax,2.5,stable_mixture,True,10,True,0.0816238293256359,6,0.0109353265914626,99.9278851994091,100,high,73.16456697633235
1.0,1.0,1.0,0.1,0.0,sparsemax,0.05,stable_mixture,True,13,True,0.1635764626025133,6,0.0118965474623836,99.67831753410796,100,high,73.16456697633235
2.0,1.0,2.0,0.1,0.0,sparsemax,0.05,stable_mixture,True,13,True,0.1635764626025133,6,0.0118965474623836,99.67831753410796,100,high,73.16456697633235
5.0,1.0,5.0,0.1,0.0,sparsemax,0.05,stable_mixture,True,13,True,0.1635764626025133,6,0.0118965474623836,99.67831753410796,100,high,73.16456697633235
8.0,1.0,8.0,0.1,0.0,sparsemax,0.05,stable_mixture,True,12,True,0.1635764626025133,6,0.0118965474623836,99.67831753410796,100,high,73.16456697633235
11.0,1.0,11.0,0.1,0.0,sparsemax,0.05,stable_mixture,True,13,True,0.1635764626025133,6,0.0118965474623836,99.67831753410796,100,high,73.16456697633235
12.0,1.0,12.0,0.1,0.0,sparsemax,0.05,stable_mixture,True,13,True,0.1635764626025133,6,0.0118965474623836,99.67831753410796,100,high,73.16456697633235
19.0,1.0,19.0,0.1,0.0,sparsemax,0.05,stable_mixture,True,12,True,0.1635764626025133,6,0.0118965474623836,99.67831753410796,100,high,73.16456697633235
21.0,1.0,21.0,0.1,0.0,sparsemax,0.05,stable_mixture,True,13,True,0.1635764626025133,6,0.0118965474623836,99.67831753410796,100,high,73.16456697633235
25.0,1.0,25.0,0.1,0.0,sparsemax,0.05,stable_mixture,True,13,True,0.1635764626025133,6,0.0118965474623836,99.67831753410796,100,high,73.16456697633235
33.0,1.0,33.0,0.1,0.0,sparsemax,0.05,stable_mixture,True,13,True,0.1635764626025133,6,0.0118965474623836,99.67831753410796,100,high,73.16456697633235
38.0,1.0,38.0,0.1,0.0,sparsemax,0.05,stable_mixture,True,13,True,0.1635764626025133,6,0.0118965474623836,99.67831753410796,100,high,73.16456697633235
39.0,1.0,39.0,0.1,0.0,sparsemax,0.05,stable_mixture,True,12,True,0.1635764626025133,6,0.0118965474623836,99.67831753410796,100,high,73.16456697633235
41.0,1.0,41.0,0.1,0.0,sparsemax,0.05,stable_mixture,True,13,True,0.1635764626025133,6,0.0118965474623836,99.67831753410796,100,high,73.16456697633235
45.0,1.0,45.0,0.1,0.0,sparsemax,0.05,stable_mixture,True,12,True,0.1635764626025133,6,0.0118965474623836,99.67831753410796,100,high,73.16456697633235
51.0,1.0,51.0,0.1,0.0,sparsemax,0.05,stable_mixture,True,13,True,0.1635764626025133,6,0.0118965474623836,99.67831753410796,100,high,73.16456697633235
61.0,1.0,61.0,0.1,0.0,sparsemax,0.05,stable_mixture,True,13,True,0.1635764626025133,6,0.0118965474623836,99.67831753410796,100,high,73.16456697633235
67.0,1.0,67.0,0.1,0.0,sparsemax,0.05,stable_mixture,True,13,True,0.1635764626025133,6,0.0118965474623836,99.67831753410796,100,high,73.16456697633235
68.0,1.0,68.0,0.1,0.0,sparsemax,0.05,stable_mixture,True,12,True,0.1635764626025133,6,0.0118965474623836,99.67831753410796,100,high,73.16456697633235
75.0,1.0,75.0,0.1,0.0,sparsemax,0.05,stable_mixture,True,13,True,0.1635764626025133,6,0.0118965474623836,99.67831753410796,100,high,73.16456697633235
77.0,1.0,77.0,0.1,0.0,sparsemax,0.05,stable_mixture,True,12,True,0.1635764626025133,6,0.0118965474623836,99.67831753410796,100,high,73.16456697633235
80.0,1.0,80.0,0.1,0.0,sparsemax,0.05,stable_mixture,True,13,True,0.1635764626025133,6,0.0118965474623836,99.67831753410796,100,high,73.16456697633235
82.0,1.0,82.0,0.1,0.0,sparsemax,0.05,stable_mixture,True,13,True,0.1635764626025133,6,0.0118965474623836,99.67831753410796,100,high,73.16456697633235
84.0,1.0,84.0,0.1,0.0,sparsemax,0.05,stable_mixture,True,13,True,0.1635764626025133,6,0.0118965474623836,99.67831753410796,100,high,73.16456697633235
85.0,1.0,85.0,0.1,0.0,sparsemax,0.05,stable_mixture,True,12,True,0.1635764626025133,6,0.0118965474623836,99.67831753410796,100,high,73.16456697633235
86.0,1.0,86.0,0.1,0.0,sparsemax,0.05,stable_mixture,True,13,True,0.1635764626025133,6,0.0118965474623836,99.67831753410796,100,high,73.16456697633235
88.0,1.0,88.0,0.1,0.0,sparsemax,0.05,stable_mixture,True,13,True,0.1635764626025133,6,0.0118965474623836,99.67831753410796,100,high,73.16456697633235
89.0,1.0,89.0,0.1,0.0,sparsemax,0.05,stable_mixture,True,13,True,0.1635764626025133,6,0.0118965474623836,99.67831753410796,100,high,73.16456697633235
93.0,1.0,93.0,0.1,0.0,sparsemax,0.05,stable_mixture,True,12,True,0.1635764626025133,6,0.0118965474623836,99.67831753410796,100,high,73.16456697633235
94.0,1.0,94.0,0.1,0.0,sparsemax,0.05,stable_mixture,True,13,True,0.1635764626025133,6,0.0118965474623836,99.67831753410796,100,high,73.16456697633235
97.0,1.0,97.0,0.1,0.0,sparsemax,0.05,stable_mixture,True,13,True,0.1635764626025133,6,0.0118965474623836,99.67831753410796,100,high,73.16456697633235
98.0,1.0,98.0,0.1,0.0,sparsemax,0.05,stable_mixture,True,13,True,0.1635764626025133,6,0.0118965474623836,99.67831753410796,100,high,73.16456697633235
99.0,1.0,99.0,0.1,0.0,sparsemax,0.05,stable_mixture,True,13,True,0.1635764626025133,6,0.0118965474623836,99.67831753410796,100,high,73.16456697633235
101.0,1.0,1.0,0.25,0.0,softmax,48.0,correct_memory_like,True,5,True,1.9364905006295015e-15,1,1.0,1.0,1,low,1.000003652309054
102.0,1.0,2.0,0.25,0.0,softmax,48.0,correct_memory_like,True,5,True,1.0183737737557491e-15,2,1.0,1.0,1,low,1.000003652309054
105.0,1.0,5.0,0.25,0.0,softmax,48.0,correct_memory_like,True,5,True,1.060964410483344e-14,5,0.9999999999999998,1.0000000000000004,1,low,1.000003652309054
108.0,1.0,8.0,0.25,0.0,softmax,48.0,correct_memory_like,True,5,True,8.95275276237043e-16,8,1.0,1.0,1,low,1.000003652309054
111.0,1.0,11.0,0.25,0.0,softmax,48.0,correct_memory_like,True,5,True,1.6028846858302272e-14,11,0.9999999999999998,1.0000000000000004,1,low,1.000003652309054
112.0,1.0,12.0,0.25,0.0,softmax,48.0,correct_memory_like,True,5,True,3.3703803594138266e-14,12,0.9999999999999996,1.0000000000000009,1,low,1.000003652309054
119.0,1.0,19.0,0.25,0.0,softmax,48.0,correct_memory_like,True,5,True,3.843744764694446e-16,19,1.0,1.0,1,low,1.000003652309054
121.0,1.0,21.0,0.25,0.0,softmax,48.0,correct_memory_like,True,5,True,3.3555979604903404e-14,21,0.9999999999999996,1.0000000000000009,1,low,1.000003652309054
125.0,1.0,25.0,0.25,0.0,softmax,48.0,correct_memory_like,True,5,True,3.35293373189865e-14,25,0.9999999999999996,1.0000000000000009,1,low,1.000003652309054
133.0,1.0,33.0,0.25,0.0,softmax,48.0,correct_memory_like,True,5,True,1.5289060196675213e-15,33,1.0,1.0,1,low,1.000003652309054
138.0,1.0,38.0,0.25,0.0,softmax,48.0,correct_memory_like,True,5,True,1.504795272004938e-15,38,1.0,1.0,1,low,1.000003652309054
139.0,1.0,39.0,0.25,0.0,softmax,48.0,correct_memory_like,True,5,True,1.4568782037170002e-15,39,1.0,1.0,1,low,1.000003652309054
141.0,1.0,41.0,0.25,0.0,softmax,48.0,correct_memory_like,True,5,True,7.703765034781389e-16,41,1.0,1.0,1,low,1.000003652309054
145.0,1.0,45.0,0.25,0.0,softmax,48.0,correct_memory_like,True,5,True,2.0772721179340148e-14,45,0.9999999999999996,1.0000000000000009,1,low,1.000003652309054
151.0,1.0,51.0,0.25,0.0,softmax,48.0,correct_memory_like,True,5,True,7.741105886641642e-16,51,1.0,1.0,1,low,1.000003652309054
161.0,1.0,61.0,0.25,0.0,softmax,48.0,correct_memory_like,True,5,True,1.5296434926806826e-15,61,1.0,1.0,1,low,1.000003652309054
167.0,1.0,67.0,0.25,0.0,softmax,48.0,correct_memory_like,True,5,True,3.1780333367051705e-15,67,1.0,1.0,1,low,1.000003652309054
168.0,1.0,68.0,0.25,0.0,softmax,48.0,correct_memory_like,True,5,True,3.7889295274465384e-15,68,1.0,1.0,1,low,1.000003652309054
175.0,1.0,75.0,0.25,0.0,softmax,48.0,correct_memory_like,True,5,True,1.5976453433700204e-15,75,1.0,1.0,1,low,1.000003652309054
177.0,1.0,77.0,0.25,0.0,softmax,48.0,correct_memory_like,True,5,True,8.12900517291196e-16,77,1.0,1.0,1,low,1.000003652309054
180.0,1.0,80.0,0.25,0.0,softmax,48.0,correct_memory_like,True,5,True,1.630252556315779e-14,80,0.9999999999999998,1.0000000000000004,1,low,1.000003652309054
182.0,1.0,82.0,0.25,0.0,softmax,48.0,correct_memory_like,True,5,True,1.5501817664855165e-15,82,1.0,1.0,1,low,1.000003652309054
184.0,1.0,84.0,0.25,0.0,softmax,48.0,correct_memory_like,True,5,True,3.0876273315592914e-15,84,1.0,1.0,1,low,1.000003652309054
185.0,1.0,85.0,0.25,0.0,softmax,48.0,correct_memory_like,True,5,True,7.891729872187128e-16,85,1.0,1.0,1,low,1.000003652309054
186.0,1.0,86.0,0.25,0.0,softmax,48.0,correct_memory_like,True,5,True,1.6082110225124723e-14,86,0.9999999999999998,1.0000000000000004,1,low,1.000003652309054
188.0,1.0,88.0,0.25,0.0,softmax,48.0,correct_memory_like,True,5,True,4.369499243687394e-16,88,1.0,1.0,1,low,1.000003652309054
189.0,1.0,89.0,0.25,0.0,softmax,48.0,correct_memory_like,True,5,True,7.957054288946803e-16,89,1.0,1.0,1,low,1.000003652309054
193.0,1.0,93.0,0.25,0.0,softmax,48.0,correct_memory_like,True,5,True,1.0586524727775115e-14,93,0.9999999999999998,1.0000000000000004,1,low,1.000003652309054
194.0,1.0,94.0,0.25,0.0,softmax,48.0,correct_memory_like,True,5,True,2.0837275298883703e-16,94,1.0,1.0,1,low,1.000003652309054
197.0,1.0,97.0,0.25,0.0,softmax,48.0,correct_memory_like,True,5,True,2.0013439881757614e-14,97,0.9999999999999996,1.0000000000000009,1,low,1.000003652309054
198.0,1.0,98.0,0.25,0.0,softmax,48.0,correct_memory_like,True,5,True,9.681564730568821e-15,98,0.9999999999999998,1.0000000000000004,1,low,1.000003652309054
199.0,1.0,99.0,0.25,0.0,softmax,48.0,correct_memory_like,True,5,True,1.6428005424698047e-14,99,0.9999999999999998,1.0000000000000004,1,low,1.000003652309054
101.0,1.0,1.0,0.25,0.0,sparsemax,3.75,correct_memory_like,True,4,True,0.0,1,1.0,1.0,1,low,1.000003652309054
102.0,1.0,2.0,0.25,0.0,sparsemax,3.75,correct_memory_like,True,5,True,0.0,2,1.0,1.0,1,low,1.000003652309054
105.0,1.0,5.0,0.25,0.0,sparsemax,3.75,correct_memory_like,True,4,True,0.0,5,1.0,1.0,1,low,1.000003652309054
108.0,1.0,8.0,0.25,0.0,sparsemax,3.75,correct_memory_like,True,4,True,0.0,8,1.0,1.0,1,low,1.000003652309054
111.0,1.0,11.0,0.25,0.0,sparsemax,3.75,correct_memory_like,True,5,True,0.0,11,1.0,1.0,1,low,1.000003652309054
112.0,1.0,12.0,0.25,0.0,sparsemax,3.75,correct_memory_like,True,5,True,0.0,12,1.0,1.0,1,low,1.000003652309054
119.0,1.0,19.0,0.25,0.0,sparsemax,3.75,correct_memory_like,True,4,True,0.0,19,1.0,1.0,1,low,1.000003652309054
121.0,1.0,21.0,0.25,0.0,sparsemax,3.75,correct_memory_like,True,5,True,0.0,21,1.0,1.0,1,low,1.000003652309054
125.0,1.0,25.0,0.25,0.0,sparsemax,3.75,correct_memory_like,True,5,True,0.0,25,1.0,1.0,1,low,1.000003652309054
133.0,1.0,33.0,0.25,0.0,sparsemax,3.75,correct_memory_like,True,5,True,0.0,33,1.0,1.0,1,low,1.000003652309054
138.0,1.0,38.0,0.25,0.0,sparsemax,3.75,correct_memory_like,True,5,True,0.0,38,1.0,1.0,1,low,1.000003652309054
139.0,1.0,39.0,0.25,0.0,sparsemax,3.75,correct_memory_like,True,5,True,0.0,39,1.0,1.0,1,low,1.000003652309054
141.0,1.0,41.0,0.25,0.0,sparsemax,3.75,correct_memory_like,True,4,True,0.0,41,1.0,1.0,1,low,1.000003652309054
145.0,1.0,45.0,0.25,0.0,sparsemax,3.75,correct_memory_like,True,4,True,0.0,45,1.0,1.0,1,low,1.000003652309054
151.0,1.0,51.0,0.25,0.0,sparsemax,3.75,correct_memory_like,True,5,True,0.0,51,1.0,1.0,1,low,1.000003652309054
161.0,1.0,61.0,0.25,0.0,sparsemax,3.75,correct_memory_like,True,4,True,0.0,61,1.0,1.0,1,low,1.000003652309054
167.0,1.0,67.0,0.25,0.0,sparsemax,3.75,correct_memory_like,True,4,True,0.0,67,1.0,1.0,1,low,1.000003652309054
168.0,1.0,68.0,0.25,0.0,sparsemax,3.75,correct_memory_like,True,5,True,0.0,68,1.0,1.0,1,low,1.000003652309054
175.0,1.0,75.0,0.25,0.0,sparsemax,3.75,correct_memory_like,True,5,True,0.0,75,1.0,1.0,1,low,1.000003652309054
177.0,1.0,77.0,0.25,0.0,sparsemax,3.75,correct_memory_like,True,4,True,0.0,77,1.0,1.0,1,low,1.000003652309054
180.0,1.0,80.0,0.25,0.0,sparsemax,3.75,correct_memory_like,True,4,True,0.0,80,1.0,1.0,1,low,1.000003652309054
182.0,1.0,82.0,0.25,0.0,sparsemax,3.75,correct_memory_like,True,4,True,0.0,82,1.0,1.0,1,low,1.000003652309054
184.0,1.0,84.0,0.25,0.0,sparsemax,3.75,correct_memory_like,True,5,True,0.0,84,1.0,1.0,1,low,1.000003652309054
185.0,1.0,85.0,0.25,0.0,sparsemax,3.75,correct_memory_like,True,4,True,0.0,85,1.0,1.0,1,low,1.000003652309054
186.0,1.0,86.0,0.25,0.0,sparsemax,3.75,correct_memory_like,True,5,True,0.0,86,1.0,1.0,1,low,1.000003652309054
188.0,1.0,88.0,0.25,0.0,sparsemax,3.75,correct_memory_like,True,5,True,0.0,88,1.0,1.0,1,low,1.000003652309054
189.0,1.0,89.0,0.25,0.0,sparsemax,3.75,correct_memory_like,True,4,True,0.0,89,1.0,1.0,1,low,1.000003652309054
193.0,1.0,93.0,0.25,0.0,sparsemax,3.75,correct_memory_like,True,5,True,0.0,93,1.0,1.0,1,low,1.000003652309054
194.0,1.0,94.0,0.25,0.0,sparsemax,3.75,correct_memory_like,True,5,True,0.0,94,1.0,1.0,1,low,1.000003652309054
197.0,1.0,97.0,0.25,0.0,sparsemax,3.75,correct_memory_like,True,4,True,0.0,97,1.0,1.0,1,low,1.000003652309054
198.0,1.0,98.0,0.25,0.0,sparsemax,3.75,correct_memory_like,True,4,True,0.0,98,1.0,1.0,1,low,1.000003652309054
199.0,1.0,99.0,0.25,0.0,sparsemax,3.75,correct_memory_like,True,4,True,0.0,99,1.0,1.0,1,low,1.000003652309054
101.0,1.0,1.0,0.25,0.0,softmax,8.5,stable_mixture,True,18,True,0.2791673374668798,6,0.0142091516267595,98.86967657590478,100,middle,8.064166134493913
102.0,1.0,2.0,0.25,0.0,softmax,8.5,stable_mixture,True,18,True,0.2791673374668799,6,0.0142091516267595,98.86967657590478,100,middle,8.064166134493913
105.0,1.0,5.0,0.25,0.0,softmax,8.5,stable_mixture,True,18,True,0.2791673374668798,6,0.0142091516267595,98.86967657590478,100,middle,8.064166134493913
108.0,1.0,8.0,0.25,0.0,softmax,8.5,stable_mixture,True,18,True,0.2791673374668798,6,0.0142091516267595,98.86967657590478,100,middle,8.064166134493913
111.0,1.0,11.0,0.25,0.0,softmax,8.5,stable_mixture,True,18,True,0.2791673374668799,6,0.0142091516267595,98.86967657590478,100,middle,8.064166134493913
112.0,1.0,12.0,0.25,0.0,softmax,8.5,stable_mixture,True,18,True,0.2791673374668799,6,0.0142091516267595,98.86967657590478,100,middle,8.064166134493913
119.0,1.0,19.0,0.25,0.0,softmax,8.5,stable_mixture,True,17,True,0.2791673374668796,6,0.0142091516267595,98.86967657590476,100,middle,8.064166134493913
121.0,1.0,21.0,0.25,0.0,softmax,8.5,stable_mixture,True,18,True,0.2791673374668799,6,0.0142091516267595,98.86967657590476,100,middle,8.064166134493913
125.0,1.0,25.0,0.25,0.0,softmax,8.5,stable_mixture,True,18,True,0.2791673374668799,6,0.0142091516267595,98.86967657590478,100,middle,8.064166134493913
133.0,1.0,33.0,0.25,0.0,softmax,8.5,stable_mixture,True,18,True,0.2791673374668798,6,0.0142091516267595,98.86967657590476,100,middle,8.064166134493913
138.0,1.0,38.0,0.25,0.0,softmax,8.5,stable_mixture,True,18,True,0.2791673374668799,6,0.0142091516267595,98.86967657590478,100,middle,8.064166134493913
139.0,1.0,39.0,0.25,0.0,softmax,8.5,stable_mixture,True,17,True,0.27916733746688,6,0.0142091516267595,98.86967657590478,100,middle,8.064166134493913
141.0,1.0,41.0,0.25,0.0,softmax,8.5,stable_mixture,True,17,True,0.2791673374668799,6,0.0142091516267595,98.86967657590478,100,middle,8.064166134493913
145.0,1.0,45.0,0.25,0.0,softmax,8.5,stable_mixture,True,18,True,0.2791673374668799,6,0.0142091516267595,98.86967657590478,100,middle,8.064166134493913
151.0,1.0,51.0,0.25,0.0,softmax,8.5,stable_mixture,True,18,True,0.2791673374668799,6,0.0142091516267595,98.86967657590476,100,middle,8.064166134493913
161.0,1.0,61.0,0.25,0.0,softmax,8.5,stable_mixture,True,17,True,0.2791673374668799,6,0.0142091516267595,98.86967657590478,100,middle,8.064166134493913
167.0,1.0,67.0,0.25,0.0,softmax,8.5,stable_mixture,True,18,True,0.2791673374668799,6,0.0142091516267595,98.86967657590478,100,middle,8.064166134493913
168.0,1.0,68.0,0.25,0.0,softmax,8.5,stable_mixture,True,18,True,0.2791673374668799,6,0.0142091516267595,98.86967657590478,100,middle,8.064166134493913
175.0,1.0,75.0,0.25,0.0,softmax,8.5,stable_mixture,True,18,True,0.2791673374668799,6,0.0142091516267595,98.86967657590478,100,middle,8.064166134493913
177.0,1.0,77.0,0.25,0.0,softmax,8.5,stable_mixture,True,17,True,0.2791673374668798,6,0.0142091516267595,98.86967657590478,100,middle,8.064166134493913
180.0,1.0,80.0,0.25,0.0,softmax,8.5,stable_mixture,True,18,True,0.2791673374668799,6,0.0142091516267595,98.86967657590478,100,middle,8.064166134493913
182.0,1.0,82.0,0.25,0.0,softmax,8.5,stable_mixture,True,18,True,0.2791673374668799,6,0.0142091516267595,98.86967657590478,100,middle,8.064166134493913
184.0,1.0,84.0,0.25,0.0,softmax,8.5,stable_mixture,True,17,True,0.2791673374668799,6,0.0142091516267595,98.86967657590478,100,middle,8.064166134493913
185.0,1.0,85.0,0.25,0.0,softmax,8.5,stable_mixture,True,17,True,0.2791673374668798,6,0.0142091516267595,98.86967657590478,100,middle,8.064166134493913
186.0,1.0,86.0,0.25,0.0,softmax,8.5,stable_mixture,True,18,True,0.2791673374668798,6,0.0142091516267595,98.86967657590478,100,middle,8.064166134493913
188.0,1.0,88.0,0.25,0.0,softmax,8.5,stable_mixture,True,18,True,0.2791673374668797,6,0.0142091516267595,98.86967657590476,100,middle,8.064166134493913
189.0,1.0,89.0,0.25,0.0,softmax,8.5,stable_mixture,True,18,True,0.2791673374668799,6,0.0142091516267595,98.86967657590478,100,middle,8.064166134493913
193.0,1.0,93.0,0.25,0.0,softmax,8.5,stable_mixture,True,18,True,0.2791673374668799,6,0.0142091516267595,98.86967657590478,100,middle,8.064166134493913
194.0,1.0,94.0,0.25,0.0,softmax,8.5,stable_mixture,True,17,True,0.2791673374668798,6,0.0142091516267595,98.86967657590478,100,middle,8.064166134493913
197.0,1.0,97.0,0.25,0.0,softmax,8.5,stable_mixture,True,18,True,0.2791673374668799,6,0.0142091516267595,98.86967657590478,100,middle,8.064166134493913
198.0,1.0,98.0,0.25,0.0,softmax,8.5,stable_mixture,True,18,True,0.2791673374668799,6,0.0142091516267595,98.86967657590478,100,middle,8.064166134493913
199.0,1.0,99.0,0.25,0.0,softmax,8.5,stable_mixture,True,18,True,0.2791673374668799,6,0.0142091516267595,98.86967657590478,100,middle,8.064166134493913
101.0,1.0,1.0,0.25,0.0,sparsemax,0.7,unconverged_or_unstable,False,-1,True,0.952832886030998,97,0.1513817253460063,9.47519844318992,12,middle,8.064166134493913
102.0,1.0,2.0,0.25,0.0,sparsemax,0.7,unconverged_or_unstable,False,-1,True,0.952832886030998,97,0.1510757422142764,9.492823406172,12,middle,8.064166134493913
105.0,1.0,5.0,0.25,0.0,sparsemax,0.7,unconverged_or_unstable,False,-1,True,0.952832886030998,97,0.1513578015608382,9.476656159449666,12,middle,8.064166134493913
108.0,1.0,8.0,0.25,0.0,sparsemax,0.7,unconverged_or_unstable,False,-1,True,0.952832886030998,97,0.1522572052409568,9.409633935097236,12,middle,8.064166134493913
111.0,1.0,11.0,0.25,0.0,sparsemax,0.7,unconverged_or_unstable,False,-1,False,1.0134189235478457,10,0.165464924500639,9.337306917528911,14,middle,8.064166134493913
112.0,1.0,12.0,0.25,0.0,sparsemax,0.7,unconverged_or_unstable,False,-1,True,0.9922563299998785,42,0.187948444906021,8.239130385498811,11,middle,8.064166134493913
119.0,1.0,19.0,0.25,0.0,sparsemax,0.7,unconverged_or_unstable,False,-1,True,0.8964132364699546,32,0.1895335877947874,7.102947405423983,10,middle,8.064166134493913
121.0,1.0,21.0,0.25,0.0,sparsemax,0.7,unconverged_or_unstable,False,-1,False,1.0117392583655462,46,0.1572555714644666,9.042041615512591,13,middle,8.064166134493913
125.0,1.0,25.0,0.25,0.0,sparsemax,0.7,unconverged_or_unstable,False,-1,True,0.8964132364699546,32,0.1869885108297181,7.301807768915469,10,middle,8.064166134493913
133.0,1.0,33.0,0.25,0.0,sparsemax,0.7,unconverged_or_unstable,False,-1,True,0.8964132364699546,32,0.1883664493119934,7.200261025946209,10,middle,8.064166134493913
138.0,1.0,38.0,0.25,0.0,sparsemax,0.7,unconverged_or_unstable,False,-1,True,0.952832886030998,97,0.1523687691277289,9.337524717773997,12,middle,8.064166134493913
139.0,1.0,39.0,0.25,0.0,sparsemax,0.7,unconverged_or_unstable,False,-1,True,0.8640224178536161,53,0.1923955670208228,7.812618781200652,10,middle,8.064166134493913
141.0,1.0,41.0,0.25,0.0,sparsemax,0.7,unconverged_or_unstable,False,-1,True,0.8985656407499946,32,0.1889424981120133,6.952379115121577,11,middle,8.064166134493913
145.0,1.0,45.0,0.25,0.0,sparsemax,0.7,unconverged_or_unstable,False,-1,True,0.8964132364699546,32,0.1881009969415634,7.219818583711006,10,middle,8.064166134493913
151.0,1.0,51.0,0.25,0.0,sparsemax,0.7,unconverged_or_unstable,False,-1,True,0.9338549039406864,46,0.172201921103912,8.308899593217264,11,middle,8.064166134493913
161.0,1.0,61.0,0.25,0.0,sparsemax,0.7,unconverged_or_unstable,False,-1,False,1.0498678288001586,46,0.1624122519559143,8.605850626440906,17,middle,8.064166134493913
167.0,1.0,67.0,0.25,0.0,sparsemax,0.7,unconverged_or_unstable,False,-1,False,1.0134189235478457,10,0.1648475685390408,9.400475107403109,14,middle,8.064166134493913
168.0,1.0,68.0,0.25,0.0,sparsemax,0.7,unconverged_or_unstable,False,-1,True,0.946850013091734,65,0.2056384167659157,9.301618483838164,14,middle,8.064166134493913
175.0,1.0,75.0,0.25,0.0,sparsemax,0.7,unconverged_or_unstable,False,-1,True,0.8964132364699546,32,0.1867601473305993,7.320588084412549,10,middle,8.064166134493913
177.0,1.0,77.0,0.25,0.0,sparsemax,0.7,unconverged_or_unstable,False,-1,True,0.952832886030998,97,0.1522185425893717,9.413398989914525,12,middle,8.064166134493913
180.0,1.0,80.0,0.25,0.0,sparsemax,0.7,unconverged_or_unstable,False,-1,True,0.8964132364699546,32,0.1867639598302399,7.320258095504195,10,middle,8.064166134493913
182.0,1.0,82.0,0.25,0.0,sparsemax,0.7,unconverged_or_unstable,False,-1,True,0.952832886030998,97,0.1523526282447984,9.40022099637831,12,middle,8.064166134493913
184.0,1.0,84.0,0.25,0.0,sparsemax,0.7,unconverged_or_unstable,False,-1,False,1.0313512182509117,65,0.2156076967734264,8.985607813763485,15,middle,8.064166134493913
185.0,1.0,85.0,0.25,0.0,sparsemax,0.7,unconverged_or_unstable,False,-1,True,0.8964132364699546,32,0.1868545700564981,7.312194292386722,10,middle,8.064166134493913
186.0,1.0,86.0,0.25,0.0,sparsemax,0.7,unconverged_or_unstable,False,-1,True,0.946850013091734,65,0.2055837335155057,9.30216479494974,14,middle,8.064166134493913
188.0,1.0,88.0,0.25,0.0,sparsemax,0.7,unconverged_or_unstable,False,-1,True,0.952832886030998,97,0.1519557999303349,9.435524038716473,12,middle,8.064166134493913
189.0,1.0,89.0,0.25,0.0,sparsemax,0.7,unconverged_or_unstable,False,-1,True,0.8964132364699546,32,0.1867590339807335,7.32068439320521,10,middle,8.064166134493913
193.0,1.0,93.0,0.25,0.0,sparsemax,0.7,unconverged_or_unstable,False,-1,False,1.0415480814753475,48,0.1785987214079721,7.441217194199904,12,middle,8.064166134493913
194.0,1.0,94.0,0.25,0.0,sparsemax,0.7,unconverged_or_unstable,False,-1,True,0.952832886030998,97,0.1516877435615173,9.455269677192067,12,middle,8.064166134493913
197.0,1.0,97.0,0.25,0.0,sparsemax,0.7,unconverged_or_unstable,False,-1,True,0.952832886030998,97,0.151274034407446,9.48167117092843,12,middle,8.064166134493913
198.0,1.0,98.0,0.25,0.0,sparsemax,0.7,unconverged_or_unstable,False,-1,True,0.9840804655752642,78,0.2068977381422443,7.870379055975559,11,middle,8.064166134493913
199.0,1.0,99.0,0.25,0.0,sparsemax,0.7,unconverged_or_unstable,False,-1,True,0.9840804655752642,78,0.206818185254276,7.934691296155856,11,middle,8.064166134493913
101.0,1.0,1.0,0.25,0.0,softmax,3.5,stable_mixture,True,11,True,0.1142486492336776,6,0.011363774210555,99.85206500554152,100,high,78.79242488015784
102.0,1.0,2.0,0.25,0.0,softmax,3.5,stable_mixture,True,11,True,0.1142486492336775,6,0.011363774210555,99.85206500554152,100,high,78.79242488015784
105.0,1.0,5.0,0.25,0.0,softmax,3.5,stable_mixture,True,11,True,0.1142486492336775,6,0.011363774210555,99.85206500554152,100,high,78.79242488015784
108.0,1.0,8.0,0.25,0.0,softmax,3.5,stable_mixture,True,11,True,0.1142486492336776,6,0.011363774210555,99.85206500554152,100,high,78.79242488015784
111.0,1.0,11.0,0.25,0.0,softmax,3.5,stable_mixture,True,11,True,0.1142486492336775,6,0.011363774210555,99.85206500554152,100,high,78.79242488015784
112.0,1.0,12.0,0.25,0.0,softmax,3.5,stable_mixture,True,11,True,0.1142486492336775,6,0.011363774210555,99.85206500554152,100,high,78.79242488015784
119.0,1.0,19.0,0.25,0.0,softmax,3.5,stable_mixture,True,11,True,0.1142486492336776,6,0.011363774210555,99.85206500554152,100,high,78.79242488015784
121.0,1.0,21.0,0.25,0.0,softmax,3.5,stable_mixture,True,11,True,0.1142486492336776,6,0.011363774210555,99.85206500554148,100,high,78.79242488015784
125.0,1.0,25.0,0.25,0.0,softmax,3.5,stable_mixture,True,11,True,0.1142486492336775,6,0.011363774210555,99.85206500554152,100,high,78.79242488015784
133.0,1.0,33.0,0.25,0.0,softmax,3.5,stable_mixture,True,11,True,0.1142486492336776,6,0.011363774210555,99.85206500554148,100,high,78.79242488015784
138.0,1.0,38.0,0.25,0.0,softmax,3.5,stable_mixture,True,11,True,0.1142486492336775,6,0.011363774210555,99.85206500554152,100,high,78.79242488015784
139.0,1.0,39.0,0.25,0.0,softmax,3.5,stable_mixture,True,11,True,0.1142486492336774,6,0.011363774210555,99.85206500554148,100,high,78.79242488015784
141.0,1.0,41.0,0.25,0.0,softmax,3.5,stable_mixture,True,11,True,0.1142486492336776,6,0.011363774210555,99.85206500554152,100,high,78.79242488015784
145.0,1.0,45.0,0.25,0.0,softmax,3.5,stable_mixture,True,11,True,0.1142486492336775,6,0.011363774210555,99.85206500554152,100,high,78.79242488015784
151.0,1.0,51.0,0.25,0.0,softmax,3.5,stable_mixture,True,11,True,0.1142486492336775,6,0.011363774210555,99.85206500554152,100,high,78.79242488015784
161.0,1.0,61.0,0.25,0.0,softmax,3.5,stable_mixture,True,11,True,0.1142486492336775,6,0.011363774210555,99.85206500554152,100,high,78.79242488015784
167.0,1.0,67.0,0.25,0.0,softmax,3.5,stable_mixture,True,11,True,0.1142486492336776,6,0.011363774210555,99.85206500554152,100,high,78.79242488015784
168.0,1.0,68.0,0.25,0.0,softmax,3.5,stable_mixture,True,11,True,0.1142486492336775,6,0.011363774210555,99.85206500554152,100,high,78.79242488015784
175.0,1.0,75.0,0.25,0.0,softmax,3.5,stable_mixture,True,12,True,0.1142486492336776,6,0.011363774210555,99.85206500554152,100,high,78.79242488015784
177.0,1.0,77.0,0.25,0.0,softmax,3.5,stable_mixture,True,11,True,0.1142486492336776,6,0.011363774210555,99.85206500554152,100,high,78.79242488015784
180.0,1.0,80.0,0.25,0.0,softmax,3.5,stable_mixture,True,11,True,0.1142486492336775,6,0.011363774210555,99.85206500554148,100,high,78.79242488015784
182.0,1.0,82.0,0.25,0.0,softmax,3.5,stable_mixture,True,11,True,0.1142486492336776,6,0.011363774210555,99.85206500554152,100,high,78.79242488015784
184.0,1.0,84.0,0.25,0.0,softmax,3.5,stable_mixture,True,11,True,0.1142486492336776,6,0.011363774210555,99.85206500554152,100,high,78.79242488015784
185.0,1.0,85.0,0.25,0.0,softmax,3.5,stable_mixture,True,11,True,0.1142486492336776,6,0.011363774210555,99.85206500554152,100,high,78.79242488015784
186.0,1.0,86.0,0.25,0.0,softmax,3.5,stable_mixture,True,11,True,0.1142486492336775,6,0.011363774210555,99.85206500554152,100,high,78.79242488015784
188.0,1.0,88.0,0.25,0.0,softmax,3.5,stable_mixture,True,11,True,0.1142486492336776,6,0.011363774210555,99.85206500554148,100,high,78.79242488015784
189.0,1.0,89.0,0.25,0.0,softmax,3.5,stable_mixture,True,11,True,0.1142486492336776,6,0.011363774210555,99.85206500554152,100,high,78.79242488015784
193.0,1.0,93.0,0.25,0.0,softmax,3.5,stable_mixture,True,11,True,0.1142486492336776,6,0.011363774210555,99.85206500554152,100,high,78.79242488015784
194.0,1.0,94.0,0.25,0.0,softmax,3.5,stable_mixture,True,11,True,0.1142486492336776,6,0.011363774210555,99.85206500554152,100,high,78.79242488015784
197.0,1.0,97.0,0.25,0.0,softmax,3.5,stable_mixture,True,11,True,0.1142486492336776,6,0.011363774210555,99.85206500554152,100,high,78.79242488015784
198.0,1.0,98.0,0.25,0.0,softmax,3.5,stable_mixture,True,11,True,0.1142486492336776,6,0.011363774210555,99.85206500554152,100,high,78.79242488015784
199.0,1.0,99.0,0.25,0.0,softmax,3.5,stable_mixture,True,11,True,0.1142486492336775,6,0.011363774210555,99.85206500554152,100,high,78.79242488015784
101.0,1.0,1.0,0.25,0.0,sparsemax,0.05,stable_mixture,True,13,True,0.1635764626025133,6,0.0118965474623836,99.67831753410796,100,high,78.79242488015784
102.0,1.0,2.0,0.25,0.0,sparsemax,0.05,stable_mixture,True,13,True,0.1635764626025133,6,0.0118965474623836,99.67831753410796,100,high,78.79242488015784
105.0,1.0,5.0,0.25,0.0,sparsemax,0.05,stable_mixture,True,13,True,0.1635764626025133,6,0.0118965474623836,99.67831753410796,100,high,78.79242488015784
108.0,1.0,8.0,0.25,0.0,sparsemax,0.05,stable_mixture,True,12,True,0.1635764626025133,6,0.0118965474623836,99.67831753410796,100,high,78.79242488015784
111.0,1.0,11.0,0.25,0.0,sparsemax,0.05,stable_mixture,True,13,True,0.1635764626025133,6,0.0118965474623836,99.67831753410796,100,high,78.79242488015784
112.0,1.0,12.0,0.25,0.0,sparsemax,0.05,stable_mixture,True,13,True,0.1635764626025133,6,0.0118965474623836,99.67831753410796,100,high,78.79242488015784
119.0,1.0,19.0,0.25,0.0,sparsemax,0.05,stable_mixture,True,12,True,0.1635764626025133,6,0.0118965474623836,99.67831753410796,100,high,78.79242488015784
121.0,1.0,21.0,0.25,0.0,sparsemax,0.05,stable_mixture,True,13,True,0.1635764626025133,6,0.0118965474623836,99.67831753410796,100,high,78.79242488015784
125.0,1.0,25.0,0.25,0.0,sparsemax,0.05,stable_mixture,True,13,True,0.1635764626025133,6,0.0118965474623836,99.67831753410796,100,high,78.79242488015784
133.0,1.0,33.0,0.25,0.0,sparsemax,0.05,stable_mixture,True,13,True,0.1635764626025133,6,0.0118965474623836,99.67831753410796,100,high,78.79242488015784
138.0,1.0,38.0,0.25,0.0,sparsemax,0.05,stable_mixture,True,13,True,0.1635764626025133,6,0.0118965474623836,99.67831753410796,100,high,78.79242488015784
139.0,1.0,39.0,0.25,0.0,sparsemax,0.05,stable_mixture,True,13,True,0.1635764626025133,6,0.0118965474623836,99.67831753410796,100,high,78.79242488015784
141.0,1.0,41.0,0.25,0.0,sparsemax,0.05,stable_mixture,True,12,True,0.1635764626025133,6,0.0118965474623836,99.67831753410796,100,high,78.79242488015784
145.0,1.0,45.0,0.25,0.0,sparsemax,0.05,stable_mixture,True,13,True,0.1635764626025133,6,0.0118965474623836,99.67831753410796,100,high,78.79242488015784
151.0,1.0,51.0,0.25,0.0,sparsemax,0.05,stable_mixture,True,12,True,0.1635764626025133,6,0.0118965474623836,99.67831753410796,100,high,78.79242488015784
161.0,1.0,61.0,0.25,0.0,sparsemax,0.05,stable_mixture,True,13,True,0.1635764626025133,6,0.0118965474623836,99.67831753410796,100,high,78.79242488015784
167.0,1.0,67.0,0.25,0.0,sparsemax,0.05,stable_mixture,True,12,True,0.1635764626025133,6,0.0118965474623836,99.67831753410796,100,high,78.79242488015784
168.0,1.0,68.0,0.25,0.0,sparsemax,0.05,stable_mixture,True,13,True,0.1635764626025133,6,0.0118965474623836,99.67831753410796,100,high,78.79242488015784
175.0,1.0,75.0,0.25,0.0,sparsemax,0.05,stable_mixture,True,13,True,0.1635764626025133,6,0.0118965474623836,99.67831753410796,100,high,78.79242488015784
177.0,1.0,77.0,0.25,0.0,sparsemax,0.05,stable_mixture,True,12,True,0.1635764626025133,6,0.0118965474623836,99.67831753410796,100,high,78.79242488015784
180.0,1.0,80.0,0.25,0.0,sparsemax,0.05,stable_mixture,True,12,True,0.1635764626025133,6,0.0118965474623836,99.67831753410796,100,high,78.79242488015784
182.0,1.0,82.0,0.25,0.0,sparsemax,0.05,stable_mixture,True,12,True,0.1635764626025133,6,0.0118965474623836,99.67831753410796,100,high,78.79242488015784
184.0,1.0,84.0,0.25,0.0,sparsemax,0.05,stable_mixture,True,12,True,0.1635764626025133,6,0.0118965474623836,99.67831753410796,100,high,78.79242488015784
185.0,1.0,85.0,0.25,0.0,sparsemax,0.05,stable_mixture,True,13,True,0.1635764626025133,6,0.0118965474623836,99.67831753410796,100,high,78.79242488015784
186.0,1.0,86.0,0.25,0.0,sparsemax,0.05,stable_mixture,True,12,True,0.1635764626025133,6,0.0118965474623836,99.67831753410796,100,high,78.79242488015784
188.0,1.0,88.0,0.25,0.0,sparsemax,0.05,stable_mixture,True,13,True,0.1635764626025133,6,0.0118965474623836,99.67831753410796,100,high,78.79242488015784
189.0,1.0,89.0,0.25,0.0,sparsemax,0.05,stable_mixture,True,13,True,0.1635764626025133,6,0.0118965474623836,99.67831753410796,100,high,78.79242488015784
193.0,1.0,93.0,0.25,0.0,sparsemax,0.05,stable_mixture,True,13,True,0.1635764626025133,6,0.0118965474623836,99.67831753410796,100,high,78.79242488015784
194.0,1.0,94.0,0.25,0.0,sparsemax,0.05,stable_mixture,True,13,True,0.1635764626025133,6,0.0118965474623836,99.67831753410796,100,high,78.79242488015784
197.0,1.0,97.0,0.25,0.0,sparsemax,0.05,stable_mixture,True,13,True,0.1635764626025133,6,0.0118965474623836,99.67831753410796,100,high,78.79242488015784
198.0,1.0,98.0,0.25,0.0,sparsemax,0.05,stable_mixture,True,13,True,0.1635764626025133,6,0.0118965474623836,99.67831753410796,100,high,78.79242488015784
199.0,1.0,99.0,0.25,0.0,sparsemax,0.05,stable_mixture,True,12,True,0.1635764626025133,6,0.0118965474623836,99.67831753410796,100,high,78.79242488015784
201.0,1.0,1.0,0.4,0.0,softmax,5.0,stable_mixture,True,12,True,0.163286364952232,6,0.0120788960925794,99.67565525188644,100,high,82.44553817584185
202.0,1.0,2.0,0.4,0.0,softmax,5.0,stable_mixture,True,13,True,0.163286364952232,6,0.0120788960925794,99.67565525188648,100,high,82.44553817584185
205.0,1.0,5.0,0.4,0.0,softmax,5.0,stable_mixture,True,12,True,0.163286364952232,6,0.0120788960925794,99.67565525188644,100,high,82.44553817584185
208.0,1.0,8.0,0.4,0.0,softmax,5.0,stable_mixture,True,12,True,0.1632863649522319,6,0.0120788960925794,99.67565525188648,100,high,82.44553817584185
211.0,1.0,11.0,0.4,0.0,softmax,5.0,stable_mixture,True,13,True,0.163286364952232,6,0.0120788960925794,99.67565525188644,100,high,82.44553817584185
212.0,1.0,12.0,0.4,0.0,softmax,5.0,stable_mixture,True,12,True,0.163286364952232,6,0.0120788960925794,99.67565525188644,100,high,82.44553817584185
219.0,1.0,19.0,0.4,0.0,softmax,5.0,stable_mixture,True,12,True,0.163286364952232,6,0.0120788960925794,99.67565525188644,100,high,82.44553817584185
221.0,1.0,21.0,0.4,0.0,softmax,5.0,stable_mixture,True,13,True,0.163286364952232,6,0.0120788960925794,99.67565525188644,100,high,82.44553817584185
225.0,1.0,25.0,0.4,0.0,softmax,5.0,stable_mixture,True,12,True,0.163286364952232,6,0.0120788960925794,99.67565525188644,100,high,82.44553817584185
233.0,1.0,33.0,0.4,0.0,softmax,5.0,stable_mixture,True,12,True,0.163286364952232,6,0.0120788960925794,99.67565525188644,100,high,82.44553817584185
238.0,1.0,38.0,0.4,0.0,softmax,5.0,stable_mixture,True,13,True,0.163286364952232,6,0.0120788960925794,99.67565525188644,100,high,82.44553817584185
239.0,1.0,39.0,0.4,0.0,softmax,5.0,stable_mixture,True,12,True,0.163286364952232,6,0.0120788960925794,99.67565525188644,100,high,82.44553817584185
241.0,1.0,41.0,0.4,0.0,softmax,5.0,stable_mixture,True,12,True,0.163286364952232,6,0.0120788960925794,99.67565525188644,100,high,82.44553817584185
245.0,1.0,45.0,0.4,0.0,softmax,5.0,stable_mixture,True,12,True,0.163286364952232,6,0.0120788960925794,99.67565525188644,100,high,82.44553817584185
251.0,1.0,51.0,0.4,0.0,softmax,5.0,stable_mixture,True,13,True,0.163286364952232,6,0.0120788960925794,99.67565525188644,100,high,82.44553817584185
261.0,1.0,61.0,0.4,0.0,softmax,5.0,stable_mixture,True,12,True,0.163286364952232,6,0.0120788960925794,99.67565525188644,100,high,82.44553817584185
267.0,1.0,67.0,0.4,0.0,softmax,5.0,stable_mixture,True,12,True,0.163286364952232,6,0.0120788960925794,99.67565525188644,100,high,82.44553817584185
268.0,1.0,68.0,0.4,0.0,softmax,5.0,stable_mixture,True,13,True,0.163286364952232,6,0.0120788960925794,99.67565525188644,100,high,82.44553817584185
275.0,1.0,75.0,0.4,0.0,softmax,5.0,stable_mixture,True,12,True,0.163286364952232,6,0.0120788960925794,99.67565525188644,100,high,82.44553817584185
277.0,1.0,77.0,0.4,0.0,softmax,5.0,stable_mixture,True,12,True,0.163286364952232,6,0.0120788960925794,99.67565525188644,100,high,82.44553817584185
280.0,1.0,80.0,0.4,0.0,softmax,5.0,stable_mixture,True,13,True,0.163286364952232,6,0.0120788960925794,99.67565525188644,100,high,82.44553817584185
282.0,1.0,82.0,0.4,0.0,softmax,5.0,stable_mixture,True,12,True,0.163286364952232,6,0.0120788960925794,99.67565525188644,100,high,82.44553817584185
284.0,1.0,84.0,0.4,0.0,softmax,5.0,stable_mixture,True,12,True,0.163286364952232,6,0.0120788960925794,99.67565525188644,100,high,82.44553817584185
285.0,1.0,85.0,0.4,0.0,softmax,5.0,stable_mixture,True,12,True,0.163286364952232,6,0.0120788960925794,99.67565525188644,100,high,82.44553817584185
286.0,1.0,86.0,0.4,0.0,softmax,5.0,stable_mixture,True,13,True,0.163286364952232,6,0.0120788960925794,99.67565525188644,100,high,82.44553817584185
288.0,1.0,88.0,0.4,0.0,softmax,5.0,stable_mixture,True,13,True,0.163286364952232,6,0.0120788960925794,99.67565525188644,100,high,82.44553817584185
289.0,1.0,89.0,0.4,0.0,softmax,5.0,stable_mixture,True,12,True,0.163286364952232,6,0.0120788960925794,99.67565525188644,100,high,82.44553817584185
293.0,1.0,93.0,0.4,0.0,softmax,5.0,stable_mixture,True,12,True,0.163286364952232,6,0.0120788960925794,99.67565525188644,100,high,82.44553817584185
294.0,1.0,94.0,0.4,0.0,softmax,5.0,stable_mixture,True,13,True,0.163286364952232,6,0.0120788960925794,99.67565525188644,100,high,82.44553817584185
297.0,1.0,97.0,0.4,0.0,softmax,5.0,stable_mixture,True,12,True,0.163286364952232,6,0.0120788960925794,99.67565525188644,100,high,82.44553817584185
298.0,1.0,98.0,0.4,0.0,softmax,5.0,stable_mixture,True,12,True,0.163286364952232,6,0.0120788960925794,99.67565525188644,100,high,82.44553817584185
299.0,1.0,99.0,0.4,0.0,softmax,5.0,stable_mixture,True,13,True,0.163286364952232,6,0.0120788960925794,99.67565525188644,100,high,82.44553817584185
201.0,1.0,1.0,0.4,0.0,sparsemax,0.05,stable_mixture,True,12,True,0.1635764626025133,6,0.0118965474623836,99.67831753410796,100,high,82.44553817584185
202.0,1.0,2.0,0.4,0.0,sparsemax,0.05,stable_mixture,True,13,True,0.1635764626025133,6,0.0118965474623836,99.67831753410796,100,high,82.44553817584185
205.0,1.0,5.0,0.4,0.0,sparsemax,0.05,stable_mixture,True,12,True,0.1635764626025133,6,0.0118965474623836,99.67831753410796,100,high,82.44553817584185
208.0,1.0,8.0,0.4,0.0,sparsemax,0.05,stable_mixture,True,12,True,0.1635764626025133,6,0.0118965474623836,99.67831753410796,100,high,82.44553817584185
211.0,1.0,11.0,0.4,0.0,sparsemax,0.05,stable_mixture,True,12,True,0.1635764626025133,6,0.0118965474623836,99.67831753410796,100,high,82.44553817584185
212.0,1.0,12.0,0.4,0.0,sparsemax,0.05,stable_mixture,True,12,True,0.1635764626025133,6,0.0118965474623836,99.67831753410796,100,high,82.44553817584185
219.0,1.0,19.0,0.4,0.0,sparsemax,0.05,stable_mixture,True,12,True,0.1635764626025133,6,0.0118965474623836,99.67831753410796,100,high,82.44553817584185
221.0,1.0,21.0,0.4,0.0,sparsemax,0.05,stable_mixture,True,13,True,0.1635764626025133,6,0.0118965474623836,99.67831753410796,100,high,82.44553817584185
225.0,1.0,25.0,0.4,0.0,sparsemax,0.05,stable_mixture,True,12,True,0.1635764626025133,6,0.0118965474623836,99.67831753410796,100,high,82.44553817584185
233.0,1.0,33.0,0.4,0.0,sparsemax,0.05,stable_mixture,True,12,True,0.1635764626025133,6,0.0118965474623836,99.67831753410796,100,high,82.44553817584185
238.0,1.0,38.0,0.4,0.0,sparsemax,0.05,stable_mixture,True,13,True,0.1635764626025133,6,0.0118965474623836,99.67831753410796,100,high,82.44553817584185
239.0,1.0,39.0,0.4,0.0,sparsemax,0.05,stable_mixture,True,12,True,0.1635764626025133,6,0.0118965474623836,99.67831753410796,100,high,82.44553817584185
241.0,1.0,41.0,0.4,0.0,sparsemax,0.05,stable_mixture,True,12,True,0.1635764626025133,6,0.0118965474623836,99.67831753410796,100,high,82.44553817584185
245.0,1.0,45.0,0.4,0.0,sparsemax,0.05,stable_mixture,True,12,True,0.1635764626025133,6,0.0118965474623836,99.67831753410796,100,high,82.44553817584185
251.0,1.0,51.0,0.4,0.0,sparsemax,0.05,stable_mixture,True,13,True,0.1635764626025133,6,0.0118965474623836,99.67831753410796,100,high,82.44553817584185
261.0,1.0,61.0,0.4,0.0,sparsemax,0.05,stable_mixture,True,12,True,0.1635764626025133,6,0.0118965474623836,99.67831753410796,100,high,82.44553817584185
267.0,1.0,67.0,0.4,0.0,sparsemax,0.05,stable_mixture,True,12,True,0.1635764626025133,6,0.0118965474623836,99.67831753410796,100,high,82.44553817584185
268.0,1.0,68.0,0.4,0.0,sparsemax,0.05,stable_mixture,True,13,True,0.1635764626025133,6,0.0118965474623836,99.67831753410796,100,high,82.44553817584185
275.0,1.0,75.0,0.4,0.0,sparsemax,0.05,stable_mixture,True,12,True,0.1635764626025133,6,0.0118965474623836,99.67831753410796,100,high,82.44553817584185
277.0,1.0,77.0,0.4,0.0,sparsemax,0.05,stable_mixture,True,12,True,0.1635764626025133,6,0.0118965474623836,99.67831753410796,100,high,82.44553817584185
280.0,1.0,80.0,0.4,0.0,sparsemax,0.05,stable_mixture,True,12,True,0.1635764626025133,6,0.0118965474623836,99.67831753410796,100,high,82.44553817584185
282.0,1.0,82.0,0.4,0.0,sparsemax,0.05,stable_mixture,True,13,True,0.1635764626025133,6,0.0118965474623836,99.67831753410796,100,high,82.44553817584185
284.0,1.0,84.0,0.4,0.0,sparsemax,0.05,stable_mixture,True,12,True,0.1635764626025133,6,0.0118965474623836,99.67831753410796,100,high,82.44553817584185
285.0,1.0,85.0,0.4,0.0,sparsemax,0.05,stable_mixture,True,12,True,0.1635764626025133,6,0.0118965474623836,99.67831753410796,100,high,82.44553817584185
286.0,1.0,86.0,0.4,0.0,sparsemax,0.05,stable_mixture,True,13,True,0.1635764626025133,6,0.0118965474623836,99.67831753410796,100,high,82.44553817584185
288.0,1.0,88.0,0.4,0.0,sparsemax,0.05,stable_mixture,True,13,True,0.1635764626025133,6,0.0118965474623836,99.67831753410796,100,high,82.44553817584185
289.0,1.0,89.0,0.4,0.0,sparsemax,0.05,stable_mixture,True,12,True,0.1635764626025133,6,0.0118965474623836,99.67831753410796,100,high,82.44553817584185
293.0,1.0,93.0,0.4,0.0,sparsemax,0.05,stable_mixture,True,12,True,0.1635764626025133,6,0.0118965474623836,99.67831753410796,100,high,82.44553817584185
294.0,1.0,94.0,0.4,0.0,sparsemax,0.05,stable_mixture,True,12,True,0.1635764626025133,6,0.0118965474623836,99.67831753410796,100,high,82.44553817584185
297.0,1.0,97.0,0.4,0.0,sparsemax,0.05,stable_mixture,True,12,True,0.1635764626025133,6,0.0118965474623836,99.67831753410796,100,high,82.44553817584185
298.0,1.0,98.0,0.4,0.0,sparsemax,0.05,stable_mixture,True,12,True,0.1635764626025133,6,0.0118965474623836,99.67831753410796,100,high,82.44553817584185
299.0,1.0,99.0,0.4,0.0,sparsemax,0.05,stable_mixture,True,13,True,0.1635764626025133,6,0.0118965474623836,99.67831753410796,100,high,82.44553817584185
0.0,2.0,0.0,0.1,0.0,softmax,48.0,correct_memory_like,True,4,True,3.1823969961788666e-15,0,1.0,1.0,1,low,1.0000000000029354
3.0,2.0,3.0,0.1,0.0,softmax,48.0,correct_memory_like,True,4,True,3.165350567887656e-15,3,1.0,1.0,1,low,1.0000000000029354
6.0,2.0,6.0,0.1,0.0,softmax,48.0,correct_memory_like,True,4,True,1.640724678272623e-14,6,0.9999999999999998,1.0000000000000004,1,low,1.0000000000029354
8.0,2.0,8.0,0.1,0.0,softmax,48.0,correct_memory_like,True,4,True,1.4967170034761985e-15,8,1.0,1.0,1,low,1.0000000000029354
10.0,2.0,10.0,0.1,0.0,softmax,48.0,correct_memory_like,True,4,True,1.019645147692175e-15,10,1.0,1.0,1,low,1.0000000000029354
19.0,2.0,19.0,0.1,0.0,softmax,48.0,correct_memory_like,True,4,True,1.6386017625610462e-14,19,0.9999999999999998,1.0000000000000004,1,low,1.0000000000029354
22.0,2.0,22.0,0.1,0.0,softmax,48.0,correct_memory_like,True,4,True,3.203809929247053e-15,22,1.0,1.0,1,low,1.0000000000029354
25.0,2.0,25.0,0.1,0.0,softmax,48.0,correct_memory_like,True,4,True,1.6456904761703276e-14,25,0.9999999999999998,1.0000000000000004,1,low,1.0000000000029354
27.0,2.0,27.0,0.1,0.0,softmax,48.0,correct_memory_like,True,4,True,6.607948162141535e-15,27,1.0,1.0,1,low,1.0000000000029354
28.0,2.0,28.0,0.1,0.0,softmax,48.0,correct_memory_like,True,4,True,1.7268935847479478e-15,28,1.0,1.0,1,low,1.0000000000029354
29.0,2.0,29.0,0.1,0.0,softmax,48.0,correct_memory_like,True,4,True,1.5823099071995232e-15,29,1.0,1.0,1,low,1.0000000000029354
31.0,2.0,31.0,0.1,0.0,softmax,48.0,correct_memory_like,True,4,True,1.9043964861014784e-15,31,1.0,1.0,1,low,1.0000000000029354
37.0,2.0,37.0,0.1,0.0,softmax,48.0,correct_memory_like,True,4,True,3.7690152991021953e-16,37,1.0,1.0,1,low,1.0000000000029354
46.0,2.0,46.0,0.1,0.0,softmax,48.0,correct_memory_like,True,4,True,3.1618875900325076e-15,46,1.0,1.0,1,low,1.0000000000029354
49.0,2.0,49.0,0.1,0.0,softmax,48.0,correct_memory_like,True,4,True,5.741892884066444e-16,49,1.0,1.0,1,low,1.0000000000029354
50.0,2.0,50.0,0.1,0.0,softmax,48.0,correct_memory_like,True,4,True,3.186006245730205e-15,50,1.0,1.0,1,low,1.0000000000029354
58.0,2.0,58.0,0.1,0.0,softmax,48.0,correct_memory_like,True,4,True,3.1594714519043506e-15,58,1.0,1.0,1,low,1.0000000000029354
62.0,2.0,62.0,0.1,0.0,softmax,48.0,correct_memory_like,True,4,True,1.1531161039827173e-15,62,1.0,1.0,1,low,1.0000000000029354
67.0,2.0,67.0,0.1,0.0,softmax,48.0,correct_memory_like,True,4,True,9.227074202039166e-15,67,0.9999999999999998,1.0000000000000004,1,low,1.0000000000029354
68.0,2.0,68.0,0.1,0.0,softmax,48.0,correct_memory_like,True,4,True,3.156014099050065e-15,68,1.0,1.0,1,low,1.0000000000029354
69.0,2.0,69.0,0.1,0.0,softmax,48.0,correct_memory_like,True,4,True,3.0940887525995317e-15,69,1.0,1.0,1,low,1.0000000000029354
72.0,2.0,72.0,0.1,0.0,softmax,48.0,correct_memory_like,True,4,True,3.270381313507012e-15,72,1.0,1.0,1,low,1.0000000000029354
75.0,2.0,75.0,0.1,0.0,softmax,48.0,correct_memory_like,True,4,True,3.5277714605064815e-16,75,1.0,1.0,1,low,1.0000000000029354
76.0,2.0,76.0,0.1,0.0,softmax,48.0,correct_memory_like,True,4,True,3.2086966100665393e-15,76,1.0,1.0,1,low,1.0000000000029354
78.0,2.0,78.0,0.1,0.0,softmax,48.0,correct_memory_like,True,4,True,3.20476681405209e-15,78,1.0,1.0,1,low,1.0000000000029354
81.0,2.0,81.0,0.1,0.0,softmax,48.0,correct_memory_like,True,4,True,1.959233802521726e-15,81,1.0,1.0,1,low,1.0000000000029354
84.0,2.0,84.0,0.1,0.0,softmax,48.0,correct_memory_like,True,4,True,3.3287673604080744e-14,84,0.9999999999999996,1.0000000000000009,1,low,1.0000000000029354
89.0,2.0,89.0,0.1,0.0,softmax,48.0,correct_memory_like,True,4,True,2.765197686559491e-16,89,1.0,1.0,1,low,1.0000000000029354
92.0,2.0,92.0,0.1,0.0,softmax,48.0,correct_memory_like,True,4,True,3.37545413625285e-14,92,0.9999999999999996,1.0000000000000009,1,low,1.0000000000029354
94.0,2.0,94.0,0.1,0.0,softmax,48.0,correct_memory_like,True,4,True,3.3666459736583664e-14,94,0.9999999999999996,1.0000000000000009,1,low,1.0000000000029354
97.0,2.0,97.0,0.1,0.0,softmax,48.0,correct_memory_like,True,4,True,7.086015106531688e-16,97,1.0,1.0,1,low,1.0000000000029354
98.0,2.0,98.0,0.1,0.0,softmax,48.0,correct_memory_like,True,4,True,3.409632204607415e-16,98,1.0,1.0,1,low,1.0000000000029354
0.0,2.0,0.0,0.1,0.0,sparsemax,1.8,correct_memory_like,True,4,True,0.0,0,1.0,1.0,1,low,1.0000000000029354
3.0,2.0,3.0,0.1,0.0,sparsemax,1.8,correct_memory_like,True,4,True,0.0,3,1.0,1.0,1,low,1.0000000000029354
6.0,2.0,6.0,0.1,0.0,sparsemax,1.8,correct_memory_like,True,4,True,0.0,6,1.0,1.0,1,low,1.0000000000029354
8.0,2.0,8.0,0.1,0.0,sparsemax,1.8,correct_memory_like,True,4,True,0.0,8,1.0,1.0,1,low,1.0000000000029354
10.0,2.0,10.0,0.1,0.0,sparsemax,1.8,correct_memory_like,True,4,True,0.0,10,1.0,1.0,1,low,1.0000000000029354
19.0,2.0,19.0,0.1,0.0,sparsemax,1.8,correct_memory_like,True,5,True,0.0,19,1.0,1.0,1,low,1.0000000000029354
22.0,2.0,22.0,0.1,0.0,sparsemax,1.8,correct_memory_like,True,4,True,0.0,22,1.0,1.0,1,low,1.0000000000029354
25.0,2.0,25.0,0.1,0.0,sparsemax,1.8,correct_memory_like,True,4,True,0.0,25,1.0,1.0,1,low,1.0000000000029354
27.0,2.0,27.0,0.1,0.0,sparsemax,1.8,correct_memory_like,True,4,True,0.0,27,1.0,1.0,1,low,1.0000000000029354
28.0,2.0,28.0,0.1,0.0,sparsemax,1.8,correct_memory_like,True,4,True,0.0,28,1.0,1.0,1,low,1.0000000000029354
29.0,2.0,29.0,0.1,0.0,sparsemax,1.8,correct_memory_like,True,5,True,0.0,29,1.0,1.0,1,low,1.0000000000029354
31.0,2.0,31.0,0.1,0.0,sparsemax,1.8,correct_memory_like,True,4,True,0.0,31,1.0,1.0,1,low,1.0000000000029354
37.0,2.0,37.0,0.1,0.0,sparsemax,1.8,correct_memory_like,True,5,True,0.0,37,1.0,1.0,1,low,1.0000000000029354
46.0,2.0,46.0,0.1,0.0,sparsemax,1.8,correct_memory_like,True,5,True,0.0,46,1.0,1.0,1,low,1.0000000000029354
49.0,2.0,49.0,0.1,0.0,sparsemax,1.8,correct_memory_like,True,5,True,0.0,49,1.0,1.0,1,low,1.0000000000029354
50.0,2.0,50.0,0.1,0.0,sparsemax,1.8,correct_memory_like,True,5,True,0.0,50,1.0,1.0,1,low,1.0000000000029354
58.0,2.0,58.0,0.1,0.0,sparsemax,1.8,correct_memory_like,True,5,True,0.0,58,1.0,1.0,1,low,1.0000000000029354
62.0,2.0,62.0,0.1,0.0,sparsemax,1.8,correct_memory_like,True,4,True,0.0,62,1.0,1.0,1,low,1.0000000000029354
67.0,2.0,67.0,0.1,0.0,sparsemax,1.8,correct_memory_like,True,4,True,0.0,67,1.0,1.0,1,low,1.0000000000029354
68.0,2.0,68.0,0.1,0.0,sparsemax,1.8,correct_memory_like,True,5,True,0.0,68,1.0,1.0,1,low,1.0000000000029354
69.0,2.0,69.0,0.1,0.0,sparsemax,1.8,correct_memory_like,True,4,True,0.0,69,1.0,1.0,1,low,1.0000000000029354
72.0,2.0,72.0,0.1,0.0,sparsemax,1.8,correct_memory_like,True,4,True,0.0,72,1.0,1.0,1,low,1.0000000000029354
75.0,2.0,75.0,0.1,0.0,sparsemax,1.8,correct_memory_like,True,4,True,0.0,75,1.0,1.0,1,low,1.0000000000029354
76.0,2.0,76.0,0.1,0.0,sparsemax,1.8,correct_memory_like,True,4,True,0.0,76,1.0,1.0,1,low,1.0000000000029354
78.0,2.0,78.0,0.1,0.0,sparsemax,1.8,correct_memory_like,True,4,True,0.0,78,1.0,1.0,1,low,1.0000000000029354
81.0,2.0,81.0,0.1,0.0,sparsemax,1.8,correct_memory_like,True,4,True,0.0,81,1.0,1.0,1,low,1.0000000000029354
84.0,2.0,84.0,0.1,0.0,sparsemax,1.8,correct_memory_like,True,5,True,0.0,84,1.0,1.0,1,low,1.0000000000029354
89.0,2.0,89.0,0.1,0.0,sparsemax,1.8,correct_memory_like,True,5,True,0.0,89,1.0,1.0,1,low,1.0000000000029354
92.0,2.0,92.0,0.1,0.0,sparsemax,1.8,correct_memory_like,True,4,True,0.0,92,1.0,1.0,1,low,1.0000000000029354
94.0,2.0,94.0,0.1,0.0,sparsemax,1.8,correct_memory_like,True,4,True,0.0,94,1.0,1.0,1,low,1.0000000000029354
97.0,2.0,97.0,0.1,0.0,sparsemax,1.8,correct_memory_like,True,4,True,0.0,97,1.0,1.0,1,low,1.0000000000029354
98.0,2.0,98.0,0.1,0.0,sparsemax,1.8,correct_memory_like,True,4,True,0.0,98,1.0,1.0,1,low,1.0000000000029354
0.0,2.0,0.0,0.1,0.0,softmax,5.0,stable_mixture,True,13,True,0.1692243215363376,2,0.0112443409046401,99.76555757736205,100,middle,8.707332297366008
3.0,2.0,3.0,0.1,0.0,softmax,5.0,stable_mixture,True,13,True,0.1692243215363376,2,0.0112443409046401,99.76555757736205,100,middle,8.707332297366008
6.0,2.0,6.0,0.1,0.0,softmax,5.0,stable_mixture,True,14,True,0.1692243215363376,2,0.0112443409046401,99.76555757736205,100,middle,8.707332297366008
8.0,2.0,8.0,0.1,0.0,softmax,5.0,stable_mixture,True,14,True,0.1692243215363374,2,0.0112443409046401,99.76555757736205,100,middle,8.707332297366008
10.0,2.0,10.0,0.1,0.0,softmax,5.0,stable_mixture,True,14,True,0.1692243215363377,2,0.0112443409046401,99.76555757736205,100,middle,8.707332297366008
19.0,2.0,19.0,0.1,0.0,softmax,5.0,stable_mixture,True,13,True,0.1692243215363376,2,0.0112443409046401,99.76555757736205,100,middle,8.707332297366008
22.0,2.0,22.0,0.1,0.0,softmax,5.0,stable_mixture,True,13,True,0.1692243215363376,2,0.0112443409046401,99.76555757736205,100,middle,8.707332297366008
25.0,2.0,25.0,0.1,0.0,softmax,5.0,stable_mixture,True,13,True,0.1692243215363376,2,0.0112443409046401,99.76555757736205,100,middle,8.707332297366008
27.0,2.0,27.0,0.1,0.0,softmax,5.0,stable_mixture,True,14,True,0.1692243215363374,2,0.0112443409046401,99.76555757736205,100,middle,8.707332297366008
28.0,2.0,28.0,0.1,0.0,softmax,5.0,stable_mixture,True,14,True,0.1692243215363376,2,0.0112443409046401,99.76555757736205,100,middle,8.707332297366008
29.0,2.0,29.0,0.1,0.0,softmax,5.0,stable_mixture,True,14,True,0.1692243215363376,2,0.0112443409046401,99.76555757736205,100,middle,8.707332297366008
31.0,2.0,31.0,0.1,0.0,softmax,5.0,stable_mixture,True,13,True,0.1692243215363376,2,0.0112443409046401,99.76555757736205,100,middle,8.707332297366008
37.0,2.0,37.0,0.1,0.0,softmax,5.0,stable_mixture,True,14,True,0.1692243215363376,2,0.0112443409046401,99.76555757736205,100,middle,8.707332297366008
46.0,2.0,46.0,0.1,0.0,softmax,5.0,stable_mixture,True,14,True,0.1692243215363376,2,0.0112443409046401,99.76555757736205,100,middle,8.707332297366008
49.0,2.0,49.0,0.1,0.0,softmax,5.0,stable_mixture,True,13,True,0.1692243215363376,2,0.0112443409046401,99.76555757736205,100,middle,8.707332297366008
50.0,2.0,50.0,0.1,0.0,softmax,5.0,stable_mixture,True,13,True,0.1692243215363376,2,0.0112443409046401,99.76555757736205,100,middle,8.707332297366008
58.0,2.0,58.0,0.1,0.0,softmax,5.0,stable_mixture,True,14,True,0.1692243215363376,2,0.0112443409046401,99.76555757736205,100,middle,8.707332297366008
62.0,2.0,62.0,0.1,0.0,softmax,5.0,stable_mixture,True,14,True,0.1692243215363376,2,0.0112443409046401,99.76555757736205,100,middle,8.707332297366008
67.0,2.0,67.0,0.1,0.0,softmax,5.0,stable_mixture,True,13,True,0.1692243215363376,2,0.0112443409046401,99.76555757736205,100,middle,8.707332297366008
68.0,2.0,68.0,0.1,0.0,softmax,5.0,stable_mixture,True,13,True,0.1692243215363377,2,0.0112443409046401,99.76555757736205,100,middle,8.707332297366008
69.0,2.0,69.0,0.1,0.0,softmax,5.0,stable_mixture,True,14,True,0.1692243215363374,2,0.0112443409046401,99.76555757736205,100,middle,8.707332297366008
72.0,2.0,72.0,0.1,0.0,softmax,5.0,stable_mixture,True,14,True,0.1692243215363376,2,0.0112443409046401,99.76555757736205,100,middle,8.707332297366008
75.0,2.0,75.0,0.1,0.0,softmax,5.0,stable_mixture,True,13,True,0.1692243215363377,2,0.0112443409046401,99.76555757736205,100,middle,8.707332297366008
76.0,2.0,76.0,0.1,0.0,softmax,5.0,stable_mixture,True,13,True,0.1692243215363376,2,0.0112443409046401,99.76555757736205,100,middle,8.707332297366008
78.0,2.0,78.0,0.1,0.0,softmax,5.0,stable_mixture,True,14,True,0.1692243215363376,2,0.0112443409046401,99.76555757736205,100,middle,8.707332297366008
81.0,2.0,81.0,0.1,0.0,softmax,5.0,stable_mixture,True,14,True,0.1692243215363376,2,0.0112443409046401,99.76555757736205,100,middle,8.707332297366008
84.0,2.0,84.0,0.1,0.0,softmax,5.0,stable_mixture,True,14,True,0.1692243215363376,2,0.0112443409046401,99.76555757736205,100,middle,8.707332297366008
89.0,2.0,89.0,0.1,0.0,softmax,5.0,stable_mixture,True,13,True,0.1692243215363376,2,0.0112443409046401,99.76555757736205,100,middle,8.707332297366008
92.0,2.0,92.0,0.1,0.0,softmax,5.0,stable_mixture,True,14,True,0.1692243215363377,2,0.0112443409046401,99.76555757736205,100,middle,8.707332297366008
94.0,2.0,94.0,0.1,0.0,softmax,5.0,stable_mixture,True,14,True,0.1692243215363376,2,0.0112443409046401,99.76555757736205,100,middle,8.707332297366008
97.0,2.0,97.0,0.1,0.0,softmax,5.0,stable_mixture,True,13,True,0.1692243215363377,2,0.0112443409046401,99.76555757736205,100,middle,8.707332297366008
98.0,2.0,98.0,0.1,0.0,softmax,5.0,stable_mixture,True,13,True,0.1692243215363376,2,0.0112443409046401,99.76555757736205,100,middle,8.707332297366008
0.0,2.0,0.0,0.1,0.0,sparsemax,0.4,unconverged_or_unstable,False,-1,True,0.894027916318857,54,0.0566858588554426,33.061846277669986,51,middle,8.707332297366008
3.0,2.0,3.0,0.1,0.0,sparsemax,0.4,unconverged_or_unstable,False,-1,True,0.894027916318857,54,0.0566838785375155,33.06122128733683,51,middle,8.707332297366008
6.0,2.0,6.0,0.1,0.0,sparsemax,0.4,unconverged_or_unstable,False,-1,True,0.894027916318857,54,0.0566853666670379,33.061412211649895,51,middle,8.707332297366008
8.0,2.0,8.0,0.1,0.0,sparsemax,0.4,unconverged_or_unstable,False,-1,True,0.894027916318857,54,0.0566721202538974,33.06187158023556,51,middle,8.707332297366008
10.0,2.0,10.0,0.1,0.0,sparsemax,0.4,unconverged_or_unstable,False,-1,True,0.894027916318857,54,0.056685750953379,33.061637965876194,51,middle,8.707332297366008
19.0,2.0,19.0,0.1,0.0,sparsemax,0.4,unconverged_or_unstable,False,-1,True,0.894027916318857,54,0.0566854723081613,33.0615751735788,51,middle,8.707332297366008
22.0,2.0,22.0,0.1,0.0,sparsemax,0.4,unconverged_or_unstable,False,-1,True,0.894027916318857,54,0.0566852614286978,33.06137875476761,51,middle,8.707332297366008
25.0,2.0,25.0,0.1,0.0,sparsemax,0.4,unconverged_or_unstable,False,-1,True,0.894027916318857,54,0.0566855341018057,33.06150189293131,51,middle,8.707332297366008
27.0,2.0,27.0,0.1,0.0,sparsemax,0.4,unconverged_or_unstable,False,-1,True,0.894027916318857,54,0.0566833793673032,33.06133319135321,51,middle,8.707332297366008
28.0,2.0,28.0,0.1,0.0,sparsemax,0.4,unconverged_or_unstable,False,-1,True,0.894027916318857,54,0.0566499306474352,33.06476031296419,51,middle,8.707332297366008
29.0,2.0,29.0,0.1,0.0,sparsemax,0.4,unconverged_or_unstable,False,-1,True,0.894027916318857,54,0.0566723292203106,33.061836999333934,51,middle,8.707332297366008
31.0,2.0,31.0,0.1,0.0,sparsemax,0.4,unconverged_or_unstable,False,-1,True,0.894027916318857,54,0.056686248468047,33.06257936455182,51,middle,8.707332297366008
37.0,2.0,37.0,0.1,0.0,sparsemax,0.4,unconverged_or_unstable,False,-1,True,0.894027916318857,54,0.0566853667213865,33.06141657451531,51,middle,8.707332297366008
46.0,2.0,46.0,0.1,0.0,sparsemax,0.4,unconverged_or_unstable,False,-1,True,0.894027916318857,54,0.056677041263419,33.06618905782801,51,middle,8.707332297366008
49.0,2.0,49.0,0.1,0.0,sparsemax,0.4,unconverged_or_unstable,False,-1,True,0.894027916318857,54,0.0566871435578999,33.06435891087917,51,middle,8.707332297366008
50.0,2.0,50.0,0.1,0.0,sparsemax,0.4,unconverged_or_unstable,False,-1,True,0.898112836589108,54,0.0562009694284635,33.16705207005349,52,middle,8.707332297366008
58.0,2.0,58.0,0.1,0.0,sparsemax,0.4,unconverged_or_unstable,False,-1,True,0.894027916318857,54,0.0566853398902448,33.0614003691205,51,middle,8.707332297366008
62.0,2.0,62.0,0.1,0.0,sparsemax,0.4,unconverged_or_unstable,False,-1,True,0.894027916318857,54,0.0566852824707321,33.061541312174064,51,middle,8.707332297366008
67.0,2.0,67.0,0.1,0.0,sparsemax,0.4,unconverged_or_unstable,False,-1,True,0.894027916318857,54,0.0566776295167671,33.061284074978325,51,middle,8.707332297366008
68.0,2.0,68.0,0.1,0.0,sparsemax,0.4,unconverged_or_unstable,False,-1,True,0.894027916318857,54,0.056679514849933,33.06118501918493,51,middle,8.707332297366008
69.0,2.0,69.0,0.1,0.0,sparsemax,0.4,unconverged_or_unstable,False,-1,True,0.9128598668097688,54,0.0560547927266387,33.21580554462919,53,middle,8.707332297366008
72.0,2.0,72.0,0.1,0.0,sparsemax,0.4,unconverged_or_unstable,False,-1,True,0.894027916318857,54,0.0566853794956087,33.061419639973224,51,middle,8.707332297366008
75.0,2.0,75.0,0.1,0.0,sparsemax,0.4,unconverged_or_unstable,False,-1,True,0.894027916318857,54,0.0566850145557185,33.06162744441863,51,middle,8.707332297366008
76.0,2.0,76.0,0.1,0.0,sparsemax,0.4,unconverged_or_unstable,False,-1,True,0.894027916318857,54,0.0566855260332403,33.06150317501984,51,middle,8.707332297366008
78.0,2.0,78.0,0.1,0.0,sparsemax,0.4,unconverged_or_unstable,False,-1,True,0.894027916318857,54,0.0566856435376629,33.061671441090354,51,middle,8.707332297366008
81.0,2.0,81.0,0.1,0.0,sparsemax,0.4,unconverged_or_unstable,False,-1,True,0.894027916318857,54,0.0566856774758243,33.06167701808309,51,middle,8.707332297366008
84.0,2.0,84.0,0.1,0.0,sparsemax,0.4,unconverged_or_unstable,False,-1,True,0.894027916318857,54,0.0566756763377948,33.061415342188035,51,middle,8.707332297366008
89.0,2.0,89.0,0.1,0.0,sparsemax,0.4,unconverged_or_unstable,False,-1,True,0.894027916318857,54,0.0566854428123671,33.061482136238446,51,middle,8.707332297366008
92.0,2.0,92.0,0.1,0.0,sparsemax,0.4,unconverged_or_unstable,False,-1,True,0.894027916318857,54,0.05668549511693,33.061486821210735,51,middle,8.707332297366008
94.0,2.0,94.0,0.1,0.0,sparsemax,0.4,unconverged_or_unstable,False,-1,True,0.894027916318857,54,0.0566688387543869,33.062154220516916,51,middle,8.707332297366008
97.0,2.0,97.0,0.1,0.0,sparsemax,0.4,unconverged_or_unstable,False,-1,True,0.894027916318857,54,0.0566856135264296,33.061655238943516,51,middle,8.707332297366008
98.0,2.0,98.0,0.1,0.0,sparsemax,0.4,unconverged_or_unstable,False,-1,True,0.894027916318857,54,0.0566855066738809,33.061495696066444,51,middle,8.707332297366008
0.0,2.0,0.0,0.1,0.0,softmax,2.5,stable_mixture,True,10,True,0.0850402426182296,2,0.0105845424924803,99.946497880727,100,high,73.16456697633235
3.0,2.0,3.0,0.1,0.0,softmax,2.5,stable_mixture,True,10,True,0.0850402426182296,2,0.0105845424924803,99.946497880727,100,high,73.16456697633235
6.0,2.0,6.0,0.1,0.0,softmax,2.5,stable_mixture,True,10,True,0.0850402426182296,2,0.0105845424924803,99.946497880727,100,high,73.16456697633235
8.0,2.0,8.0,0.1,0.0,softmax,2.5,stable_mixture,True,10,True,0.0850402426182296,2,0.0105845424924803,99.946497880727,100,high,73.16456697633235
10.0,2.0,10.0,0.1,0.0,softmax,2.5,stable_mixture,True,10,True,0.0850402426182296,2,0.0105845424924803,99.946497880727,100,high,73.16456697633235
19.0,2.0,19.0,0.1,0.0,softmax,2.5,stable_mixture,True,10,True,0.0850402426182296,2,0.0105845424924803,99.946497880727,100,high,73.16456697633235
22.0,2.0,22.0,0.1,0.0,softmax,2.5,stable_mixture,True,10,True,0.0850402426182296,2,0.0105845424924803,99.946497880727,100,high,73.16456697633235
25.0,2.0,25.0,0.1,0.0,softmax,2.5,stable_mixture,True,10,True,0.0850402426182296,2,0.0105845424924803,99.946497880727,100,high,73.16456697633235
27.0,2.0,27.0,0.1,0.0,softmax,2.5,stable_mixture,True,10,True,0.0850402426182296,2,0.0105845424924803,99.946497880727,100,high,73.16456697633235
28.0,2.0,28.0,0.1,0.0,softmax,2.5,stable_mixture,True,11,True,0.0850402426182296,2,0.0105845424924803,99.946497880727,100,high,73.16456697633235
29.0,2.0,29.0,0.1,0.0,softmax,2.5,stable_mixture,True,11,True,0.0850402426182296,2,0.0105845424924803,99.946497880727,100,high,73.16456697633235
31.0,2.0,31.0,0.1,0.0,softmax,2.5,stable_mixture,True,10,True,0.0850402426182296,2,0.0105845424924803,99.946497880727,100,high,73.16456697633235
37.0,2.0,37.0,0.1,0.0,softmax,2.5,stable_mixture,True,10,True,0.0850402426182296,2,0.0105845424924803,99.946497880727,100,high,73.16456697633235
46.0,2.0,46.0,0.1,0.0,softmax,2.5,stable_mixture,True,11,True,0.0850402426182296,2,0.0105845424924803,99.946497880727,100,high,73.16456697633235
49.0,2.0,49.0,0.1,0.0,softmax,2.5,stable_mixture,True,10,True,0.0850402426182296,2,0.0105845424924803,99.946497880727,100,high,73.16456697633235
50.0,2.0,50.0,0.1,0.0,softmax,2.5,stable_mixture,True,10,True,0.0850402426182296,2,0.0105845424924803,99.946497880727,100,high,73.16456697633235
58.0,2.0,58.0,0.1,0.0,softmax,2.5,stable_mixture,True,10,True,0.0850402426182296,2,0.0105845424924803,99.946497880727,100,high,73.16456697633235
62.0,2.0,62.0,0.1,0.0,softmax,2.5,stable_mixture,True,11,True,0.0850402426182296,2,0.0105845424924803,99.946497880727,100,high,73.16456697633235
67.0,2.0,67.0,0.1,0.0,softmax,2.5,stable_mixture,True,10,True,0.0850402426182296,2,0.0105845424924803,99.946497880727,100,high,73.16456697633235
68.0,2.0,68.0,0.1,0.0,softmax,2.5,stable_mixture,True,10,True,0.0850402426182296,2,0.0105845424924803,99.946497880727,100,high,73.16456697633235
69.0,2.0,69.0,0.1,0.0,softmax,2.5,stable_mixture,True,11,True,0.0850402426182296,2,0.0105845424924803,99.946497880727,100,high,73.16456697633235
72.0,2.0,72.0,0.1,0.0,softmax,2.5,stable_mixture,True,10,True,0.0850402426182296,2,0.0105845424924803,99.946497880727,100,high,73.16456697633235
75.0,2.0,75.0,0.1,0.0,softmax,2.5,stable_mixture,True,10,True,0.0850402426182296,2,0.0105845424924803,99.946497880727,100,high,73.16456697633235
76.0,2.0,76.0,0.1,0.0,softmax,2.5,stable_mixture,True,10,True,0.0850402426182296,2,0.0105845424924803,99.946497880727,100,high,73.16456697633235
78.0,2.0,78.0,0.1,0.0,softmax,2.5,stable_mixture,True,10,True,0.0850402426182296,2,0.0105845424924803,99.946497880727,100,high,73.16456697633235
81.0,2.0,81.0,0.1,0.0,softmax,2.5,stable_mixture,True,10,True,0.0850402426182296,2,0.0105845424924803,99.946497880727,100,high,73.16456697633235
84.0,2.0,84.0,0.1,0.0,softmax,2.5,stable_mixture,True,10,True,0.0850402426182296,2,0.0105845424924803,99.946497880727,100,high,73.16456697633235
89.0,2.0,89.0,0.1,0.0,softmax,2.5,stable_mixture,True,10,True,0.0850402426182296,2,0.0105845424924803,99.946497880727,100,high,73.16456697633235
92.0,2.0,92.0,0.1,0.0,softmax,2.5,stable_mixture,True,11,True,0.0850402426182296,2,0.0105845424924803,99.946497880727,100,high,73.16456697633235
94.0,2.0,94.0,0.1,0.0,softmax,2.5,stable_mixture,True,10,True,0.0850402426182296,2,0.0105845424924803,99.946497880727,100,high,73.16456697633235
97.0,2.0,97.0,0.1,0.0,softmax,2.5,stable_mixture,True,10,True,0.0850402426182296,2,0.0105845424924803,99.946497880727,100,high,73.16456697633235
98.0,2.0,98.0,0.1,0.0,softmax,2.5,stable_mixture,True,10,True,0.0850402426182296,2,0.0105845424924803,99.946497880727,100,high,73.16456697633235
0.0,2.0,0.0,0.1,0.0,sparsemax,0.05,stable_mixture,True,13,True,0.1710209991847527,2,0.0111803419292414,99.76449009617276,100,high,73.16456697633235
3.0,2.0,3.0,0.1,0.0,sparsemax,0.05,stable_mixture,True,13,True,0.1710209991847527,2,0.0111803419292414,99.76449009617276,100,high,73.16456697633235
6.0,2.0,6.0,0.1,0.0,sparsemax,0.05,stable_mixture,True,13,True,0.1710209991847527,2,0.0111803419292414,99.76449009617276,100,high,73.16456697633235
8.0,2.0,8.0,0.1,0.0,sparsemax,0.05,stable_mixture,True,13,True,0.1710209991847527,2,0.0111803419292414,99.76449009617276,100,high,73.16456697633235
10.0,2.0,10.0,0.1,0.0,sparsemax,0.05,stable_mixture,True,13,True,0.1710209991847527,2,0.0111803419292414,99.76449009617276,100,high,73.16456697633235
19.0,2.0,19.0,0.1,0.0,sparsemax,0.05,stable_mixture,True,12,True,0.1710209991847527,2,0.0111803419292414,99.76449009617276,100,high,73.16456697633235
22.0,2.0,22.0,0.1,0.0,sparsemax,0.05,stable_mixture,True,12,True,0.1710209991847527,2,0.0111803419292414,99.76449009617276,100,high,73.16456697633235
25.0,2.0,25.0,0.1,0.0,sparsemax,0.05,stable_mixture,True,12,True,0.1710209991847527,2,0.0111803419292414,99.76449009617276,100,high,73.16456697633235
27.0,2.0,27.0,0.1,0.0,sparsemax,0.05,stable_mixture,True,13,True,0.1710209991847527,2,0.0111803419292414,99.76449009617276,100,high,73.16456697633235
28.0,2.0,28.0,0.1,0.0,sparsemax,0.05,stable_mixture,True,13,True,0.1710209991847527,2,0.0111803419292414,99.76449009617276,100,high,73.16456697633235
29.0,2.0,29.0,0.1,0.0,sparsemax,0.05,stable_mixture,True,13,True,0.1710209991847527,2,0.0111803419292414,99.76449009617276,100,high,73.16456697633235
31.0,2.0,31.0,0.1,0.0,sparsemax,0.05,stable_mixture,True,13,True,0.1710209991847527,2,0.0111803419292414,99.76449009617276,100,high,73.16456697633235
37.0,2.0,37.0,0.1,0.0,sparsemax,0.05,stable_mixture,True,13,True,0.1710209991847527,2,0.0111803419292414,99.76449009617276,100,high,73.16456697633235
46.0,2.0,46.0,0.1,0.0,sparsemax,0.05,stable_mixture,True,13,True,0.1710209991847527,2,0.0111803419292414,99.76449009617276,100,high,73.16456697633235
49.0,2.0,49.0,0.1,0.0,sparsemax,0.05,stable_mixture,True,13,True,0.1710209991847527,2,0.0111803419292414,99.76449009617276,100,high,73.16456697633235
50.0,2.0,50.0,0.1,0.0,sparsemax,0.05,stable_mixture,True,13,True,0.1710209991847527,2,0.0111803419292414,99.76449009617276,100,high,73.16456697633235
58.0,2.0,58.0,0.1,0.0,sparsemax,0.05,stable_mixture,True,13,True,0.1710209991847527,2,0.0111803419292414,99.76449009617276,100,high,73.16456697633235
62.0,2.0,62.0,0.1,0.0,sparsemax,0.05,stable_mixture,True,13,True,0.1710209991847527,2,0.0111803419292414,99.76449009617276,100,high,73.16456697633235
67.0,2.0,67.0,0.1,0.0,sparsemax,0.05,stable_mixture,True,13,True,0.1710209991847527,2,0.0111803419292414,99.76449009617276,100,high,73.16456697633235
68.0,2.0,68.0,0.1,0.0,sparsemax,0.05,stable_mixture,True,12,True,0.1710209991847527,2,0.0111803419292414,99.76449009617276,100,high,73.16456697633235
69.0,2.0,69.0,0.1,0.0,sparsemax,0.05,stable_mixture,True,13,True,0.1710209991847527,2,0.0111803419292414,99.76449009617276,100,high,73.16456697633235
72.0,2.0,72.0,0.1,0.0,sparsemax,0.05,stable_mixture,True,13,True,0.1710209991847527,2,0.0111803419292414,99.76449009617276,100,high,73.16456697633235
75.0,2.0,75.0,0.1,0.0,sparsemax,0.05,stable_mixture,True,12,True,0.1710209991847527,2,0.0111803419292414,99.76449009617276,100,high,73.16456697633235
76.0,2.0,76.0,0.1,0.0,sparsemax,0.05,stable_mixture,True,13,True,0.1710209991847527,2,0.0111803419292414,99.76449009617276,100,high,73.16456697633235
78.0,2.0,78.0,0.1,0.0,sparsemax,0.05,stable_mixture,True,13,True,0.1710209991847527,2,0.0111803419292414,99.76449009617276,100,high,73.16456697633235
81.0,2.0,81.0,0.1,0.0,sparsemax,0.05,stable_mixture,True,13,True,0.1710209991847527,2,0.0111803419292414,99.76449009617276,100,high,73.16456697633235
84.0,2.0,84.0,0.1,0.0,sparsemax,0.05,stable_mixture,True,13,True,0.1710209991847527,2,0.0111803419292414,99.76449009617276,100,high,73.16456697633235
89.0,2.0,89.0,0.1,0.0,sparsemax,0.05,stable_mixture,True,13,True,0.1710209991847527,2,0.0111803419292414,99.76449009617276,100,high,73.16456697633235
92.0,2.0,92.0,0.1,0.0,sparsemax,0.05,stable_mixture,True,13,True,0.1710209991847527,2,0.0111803419292414,99.76449009617276,100,high,73.16456697633235
94.0,2.0,94.0,0.1,0.0,sparsemax,0.05,stable_mixture,True,13,True,0.1710209991847527,2,0.0111803419292414,99.76449009617276,100,high,73.16456697633235
97.0,2.0,97.0,0.1,0.0,sparsemax,0.05,stable_mixture,True,12,True,0.1710209991847527,2,0.0111803419292414,99.76449009617276,100,high,73.16456697633235
98.0,2.0,98.0,0.1,0.0,sparsemax,0.05,stable_mixture,True,13,True,0.1710209991847527,2,0.0111803419292414,99.76449009617276,100,high,73.16456697633235
100.0,2.0,0.0,0.25,0.0,softmax,48.0,correct_memory_like,True,5,True,3.1823969961788666e-15,0,1.0,1.0,1,low,1.000003652309054
103.0,2.0,3.0,0.25,0.0,softmax,48.0,correct_memory_like,True,5,True,3.165350567887656e-15,3,1.0,1.0,1,low,1.000003652309054
106.0,2.0,6.0,0.25,0.0,softmax,48.0,correct_memory_like,True,5,True,1.640724678272623e-14,6,0.9999999999999998,1.0000000000000004,1,low,1.000003652309054
108.0,2.0,8.0,0.25,0.0,softmax,48.0,correct_memory_like,True,5,True,1.4967170034761985e-15,8,1.0,1.0,1,low,1.000003652309054
110.0,2.0,10.0,0.25,0.0,softmax,48.0,correct_memory_like,True,5,True,1.019645147692175e-15,10,1.0,1.0,1,low,1.000003652309054
119.0,2.0,19.0,0.25,0.0,softmax,48.0,correct_memory_like,True,5,True,1.6386017625610462e-14,19,0.9999999999999998,1.0000000000000004,1,low,1.000003652309054
122.0,2.0,22.0,0.25,0.0,softmax,48.0,correct_memory_like,True,5,True,3.203809929247053e-15,22,1.0,1.0,1,low,1.000003652309054
125.0,2.0,25.0,0.25,0.0,softmax,48.0,correct_memory_like,True,5,True,1.6456904761703276e-14,25,0.9999999999999998,1.0000000000000004,1,low,1.000003652309054
127.0,2.0,27.0,0.25,0.0,softmax,48.0,correct_memory_like,True,5,True,6.607948162141535e-15,27,1.0,1.0,1,low,1.000003652309054
128.0,2.0,28.0,0.25,0.0,softmax,48.0,correct_memory_like,True,5,True,1.7268935847479478e-15,28,1.0,1.0,1,low,1.000003652309054
129.0,2.0,29.0,0.25,0.0,softmax,48.0,correct_memory_like,True,5,True,1.5823099071995232e-15,29,1.0,1.0,1,low,1.000003652309054
131.0,2.0,31.0,0.25,0.0,softmax,48.0,correct_memory_like,True,5,True,1.9043964861014784e-15,31,1.0,1.0,1,low,1.000003652309054
137.0,2.0,37.0,0.25,0.0,softmax,48.0,correct_memory_like,True,5,True,3.7690152991021953e-16,37,1.0,1.0,1,low,1.000003652309054
146.0,2.0,46.0,0.25,0.0,softmax,48.0,correct_memory_like,True,5,True,3.1618875900325076e-15,46,1.0,1.0,1,low,1.000003652309054
149.0,2.0,49.0,0.25,0.0,softmax,48.0,correct_memory_like,True,5,True,5.741892884066444e-16,49,1.0,1.0,1,low,1.000003652309054
150.0,2.0,50.0,0.25,0.0,softmax,48.0,correct_memory_like,True,5,True,3.186006245730205e-15,50,1.0,1.0,1,low,1.000003652309054
158.0,2.0,58.0,0.25,0.0,softmax,48.0,correct_memory_like,True,5,True,3.1594714519043506e-15,58,1.0,1.0,1,low,1.000003652309054
162.0,2.0,62.0,0.25,0.0,softmax,48.0,correct_memory_like,True,5,True,1.1531161039827173e-15,62,1.0,1.0,1,low,1.000003652309054
167.0,2.0,67.0,0.25,0.0,softmax,48.0,correct_memory_like,True,5,True,9.227074202039166e-15,67,0.9999999999999998,1.0000000000000004,1,low,1.000003652309054
168.0,2.0,68.0,0.25,0.0,softmax,48.0,correct_memory_like,True,5,True,3.156014099050065e-15,68,1.0,1.0,1,low,1.000003652309054
169.0,2.0,69.0,0.25,0.0,softmax,48.0,correct_memory_like,True,5,True,3.0940887525995317e-15,69,1.0,1.0,1,low,1.000003652309054
172.0,2.0,72.0,0.25,0.0,softmax,48.0,correct_memory_like,True,5,True,3.270381313507012e-15,72,1.0,1.0,1,low,1.000003652309054
175.0,2.0,75.0,0.25,0.0,softmax,48.0,correct_memory_like,True,5,True,3.5277714605064815e-16,75,1.0,1.0,1,low,1.000003652309054
176.0,2.0,76.0,0.25,0.0,softmax,48.0,correct_memory_like,True,5,True,3.2086966100665393e-15,76,1.0,1.0,1,low,1.000003652309054
178.0,2.0,78.0,0.25,0.0,softmax,48.0,correct_memory_like,True,5,True,3.20476681405209e-15,78,1.0,1.0,1,low,1.000003652309054
181.0,2.0,81.0,0.25,0.0,softmax,48.0,correct_memory_like,True,5,True,1.959233802521726e-15,81,1.0,1.0,1,low,1.000003652309054
184.0,2.0,84.0,0.25,0.0,softmax,48.0,correct_memory_like,True,5,True,3.3287673604080744e-14,84,0.9999999999999996,1.0000000000000009,1,low,1.000003652309054
189.0,2.0,89.0,0.25,0.0,softmax,48.0,correct_memory_like,True,5,True,2.765197686559491e-16,89,1.0,1.0,1,low,1.000003652309054
192.0,2.0,92.0,0.25,0.0,softmax,48.0,correct_memory_like,True,5,True,3.37545413625285e-14,92,0.9999999999999996,1.0000000000000009,1,low,1.000003652309054
194.0,2.0,94.0,0.25,0.0,softmax,48.0,correct_memory_like,True,5,True,3.3666459736583664e-14,94,0.9999999999999996,1.0000000000000009,1,low,1.000003652309054
197.0,2.0,97.0,0.25,0.0,softmax,48.0,correct_memory_like,True,5,True,7.086015106531688e-16,97,1.0,1.0,1,low,1.000003652309054
198.0,2.0,98.0,0.25,0.0,softmax,48.0,correct_memory_like,True,5,True,3.409632204607415e-16,98,1.0,1.0,1,low,1.000003652309054
100.0,2.0,0.0,0.25,0.0,sparsemax,3.5,correct_memory_like,True,4,True,0.0,0,1.0,1.0,1,low,1.000003652309054
103.0,2.0,3.0,0.25,0.0,sparsemax,3.5,correct_memory_like,True,5,True,0.0,3,1.0,1.0,1,low,1.000003652309054
106.0,2.0,6.0,0.25,0.0,sparsemax,3.5,correct_memory_like,True,4,True,0.0,6,1.0,1.0,1,low,1.000003652309054
108.0,2.0,8.0,0.25,0.0,sparsemax,3.5,correct_memory_like,True,5,True,0.0,8,1.0,1.0,1,low,1.000003652309054
110.0,2.0,10.0,0.25,0.0,sparsemax,3.5,correct_memory_like,True,5,True,0.0,10,1.0,1.0,1,low,1.000003652309054
119.0,2.0,19.0,0.25,0.0,sparsemax,3.5,correct_memory_like,True,5,True,0.0,19,1.0,1.0,1,low,1.000003652309054
122.0,2.0,22.0,0.25,0.0,sparsemax,3.5,correct_memory_like,True,5,True,0.0,22,1.0,1.0,1,low,1.000003652309054
125.0,2.0,25.0,0.25,0.0,sparsemax,3.5,correct_memory_like,True,4,True,0.0,25,1.0,1.0,1,low,1.000003652309054
127.0,2.0,27.0,0.25,0.0,sparsemax,3.5,correct_memory_like,True,5,True,0.0,27,1.0,1.0,1,low,1.000003652309054
128.0,2.0,28.0,0.25,0.0,sparsemax,3.5,correct_memory_like,True,5,True,0.0,28,1.0,1.0,1,low,1.000003652309054
129.0,2.0,29.0,0.25,0.0,sparsemax,3.5,correct_memory_like,True,4,True,0.0,29,1.0,1.0,1,low,1.000003652309054
131.0,2.0,31.0,0.25,0.0,sparsemax,3.5,correct_memory_like,True,5,True,0.0,31,1.0,1.0,1,low,1.000003652309054
137.0,2.0,37.0,0.25,0.0,sparsemax,3.5,correct_memory_like,True,5,True,0.0,37,1.0,1.0,1,low,1.000003652309054
146.0,2.0,46.0,0.25,0.0,sparsemax,3.5,correct_memory_like,True,5,True,0.0,46,1.0,1.0,1,low,1.000003652309054
149.0,2.0,49.0,0.25,0.0,sparsemax,3.5,correct_memory_like,True,5,True,0.0,49,1.0,1.0,1,low,1.000003652309054
150.0,2.0,50.0,0.25,0.0,sparsemax,3.5,correct_memory_like,True,5,True,0.0,50,1.0,1.0,1,low,1.000003652309054
158.0,2.0,58.0,0.25,0.0,sparsemax,3.5,correct_memory_like,True,5,True,0.0,58,1.0,1.0,1,low,1.000003652309054
162.0,2.0,62.0,0.25,0.0,sparsemax,3.5,correct_memory_like,True,4,True,0.0,62,1.0,1.0,1,low,1.000003652309054
167.0,2.0,67.0,0.25,0.0,sparsemax,3.5,correct_memory_like,True,4,True,0.0,67,1.0,1.0,1,low,1.000003652309054
168.0,2.0,68.0,0.25,0.0,sparsemax,3.5,correct_memory_like,True,4,True,0.0,68,1.0,1.0,1,low,1.000003652309054
169.0,2.0,69.0,0.25,0.0,sparsemax,3.5,correct_memory_like,True,5,True,0.0,69,1.0,1.0,1,low,1.000003652309054
172.0,2.0,72.0,0.25,0.0,sparsemax,3.5,correct_memory_like,True,5,True,0.0,72,1.0,1.0,1,low,1.000003652309054
175.0,2.0,75.0,0.25,0.0,sparsemax,3.5,correct_memory_like,True,4,True,0.0,75,1.0,1.0,1,low,1.000003652309054
176.0,2.0,76.0,0.25,0.0,sparsemax,3.5,correct_memory_like,True,5,True,0.0,76,1.0,1.0,1,low,1.000003652309054
178.0,2.0,78.0,0.25,0.0,sparsemax,3.5,correct_memory_like,True,4,True,0.0,78,1.0,1.0,1,low,1.000003652309054
181.0,2.0,81.0,0.25,0.0,sparsemax,3.5,correct_memory_like,True,5,True,0.0,81,1.0,1.0,1,low,1.000003652309054
184.0,2.0,84.0,0.25,0.0,sparsemax,3.5,correct_memory_like,True,4,True,0.0,84,1.0,1.0,1,low,1.000003652309054
189.0,2.0,89.0,0.25,0.0,sparsemax,3.5,correct_memory_like,True,5,True,0.0,89,1.0,1.0,1,low,1.000003652309054
192.0,2.0,92.0,0.25,0.0,sparsemax,3.5,correct_memory_like,True,5,True,0.0,92,1.0,1.0,1,low,1.000003652309054
194.0,2.0,94.0,0.25,0.0,sparsemax,3.5,correct_memory_like,True,5,True,0.0,94,1.0,1.0,1,low,1.000003652309054
197.0,2.0,97.0,0.25,0.0,sparsemax,3.5,correct_memory_like,True,5,True,0.0,97,1.0,1.0,1,low,1.000003652309054
198.0,2.0,98.0,0.25,0.0,sparsemax,3.5,correct_memory_like,True,4,True,0.0,98,1.0,1.0,1,low,1.000003652309054
100.0,2.0,0.0,0.25,0.0,softmax,8.5,stable_mixture,True,18,True,0.2861126890398122,2,0.0123336644650521,99.2212161750453,100,middle,8.064166134493913
103.0,2.0,3.0,0.25,0.0,softmax,8.5,stable_mixture,True,17,True,0.2861126890398122,2,0.0123336644650521,99.2212161750453,100,middle,8.064166134493913
106.0,2.0,6.0,0.25,0.0,softmax,8.5,stable_mixture,True,18,True,0.2861126890398122,2,0.0123336644650521,99.2212161750453,100,middle,8.064166134493913
108.0,2.0,8.0,0.25,0.0,softmax,8.5,stable_mixture,True,18,True,0.2861126890398127,2,0.0123336644650521,99.2212161750453,100,middle,8.064166134493913
110.0,2.0,10.0,0.25,0.0,softmax,8.5,stable_mixture,True,18,True,0.2861126890398123,2,0.0123336644650521,99.2212161750453,100,middle,8.064166134493913
119.0,2.0,19.0,0.25,0.0,softmax,8.5,stable_mixture,True,17,True,0.2861126890398126,2,0.0123336644650521,99.2212161750453,100,middle,8.064166134493913
122.0,2.0,22.0,0.25,0.0,softmax,8.5,stable_mixture,True,17,True,0.2861126890398126,2,0.0123336644650521,99.2212161750453,100,middle,8.064166134493913
125.0,2.0,25.0,0.25,0.0,softmax,8.5,stable_mixture,True,18,True,0.2861126890398126,2,0.0123336644650521,99.2212161750453,100,middle,8.064166134493913
127.0,2.0,27.0,0.25,0.0,softmax,8.5,stable_mixture,True,18,True,0.2861126890398122,2,0.0123336644650521,99.2212161750453,100,middle,8.064166134493913
128.0,2.0,28.0,0.25,0.0,softmax,8.5,stable_mixture,True,18,True,0.2861126890398122,2,0.0123336644650521,99.2212161750453,100,middle,8.064166134493913
129.0,2.0,29.0,0.25,0.0,softmax,8.5,stable_mixture,True,18,True,0.2861126890398127,2,0.0123336644650521,99.2212161750453,100,middle,8.064166134493913
131.0,2.0,31.0,0.25,0.0,softmax,8.5,stable_mixture,True,17,True,0.2861126890398122,2,0.0123336644650521,99.2212161750453,100,middle,8.064166134493913
137.0,2.0,37.0,0.25,0.0,softmax,8.5,stable_mixture,True,18,True,0.2861126890398127,2,0.0123336644650521,99.2212161750453,100,middle,8.064166134493913
146.0,2.0,46.0,0.25,0.0,softmax,8.5,stable_mixture,True,18,True,0.2861126890398121,2,0.0123336644650521,99.2212161750453,100,middle,8.064166134493913
149.0,2.0,49.0,0.25,0.0,softmax,8.5,stable_mixture,True,17,True,0.2861126890398126,2,0.0123336644650521,99.2212161750453,100,middle,8.064166134493913
150.0,2.0,50.0,0.25,0.0,softmax,8.5,stable_mixture,True,17,True,0.2861126890398122,2,0.0123336644650521,99.2212161750453,100,middle,8.064166134493913
158.0,2.0,58.0,0.25,0.0,softmax,8.5,stable_mixture,True,18,True,0.2861126890398122,2,0.0123336644650521,99.2212161750453,100,middle,8.064166134493913
162.0,2.0,62.0,0.25,0.0,softmax,8.5,stable_mixture,True,18,True,0.2861126890398122,2,0.0123336644650521,99.2212161750453,100,middle,8.064166134493913
167.0,2.0,67.0,0.25,0.0,softmax,8.5,stable_mixture,True,17,True,0.2861126890398126,2,0.0123336644650521,99.2212161750453,100,middle,8.064166134493913
168.0,2.0,68.0,0.25,0.0,softmax,8.5,stable_mixture,True,17,True,0.2861126890398126,2,0.0123336644650521,99.2212161750453,100,middle,8.064166134493913
169.0,2.0,69.0,0.25,0.0,softmax,8.5,stable_mixture,True,18,True,0.2861126890398122,2,0.0123336644650521,99.2212161750453,100,middle,8.064166134493913
172.0,2.0,72.0,0.25,0.0,softmax,8.5,stable_mixture,True,18,True,0.2861126890398123,2,0.0123336644650521,99.2212161750453,100,middle,8.064166134493913
175.0,2.0,75.0,0.25,0.0,softmax,8.5,stable_mixture,True,17,True,0.2861126890398126,2,0.0123336644650521,99.2212161750453,100,middle,8.064166134493913
176.0,2.0,76.0,0.25,0.0,softmax,8.5,stable_mixture,True,17,True,0.2861126890398126,2,0.0123336644650521,99.2212161750453,100,middle,8.064166134493913
178.0,2.0,78.0,0.25,0.0,softmax,8.5,stable_mixture,True,18,True,0.2861126890398122,2,0.0123336644650521,99.2212161750453,100,middle,8.064166134493913
181.0,2.0,81.0,0.25,0.0,softmax,8.5,stable_mixture,True,17,True,0.2861126890398127,2,0.0123336644650521,99.2212161750453,100,middle,8.064166134493913
184.0,2.0,84.0,0.25,0.0,softmax,8.5,stable_mixture,True,18,True,0.2861126890398127,2,0.0123336644650521,99.2212161750453,100,middle,8.064166134493913
189.0,2.0,89.0,0.25,0.0,softmax,8.5,stable_mixture,True,18,True,0.2861126890398128,2,0.0123336644650521,99.2212161750453,100,middle,8.064166134493913
192.0,2.0,92.0,0.25,0.0,softmax,8.5,stable_mixture,True,18,True,0.2861126890398123,2,0.0123336644650521,99.2212161750453,100,middle,8.064166134493913
194.0,2.0,94.0,0.25,0.0,softmax,8.5,stable_mixture,True,18,True,0.2861126890398126,2,0.0123336644650521,99.2212161750453,100,middle,8.064166134493913
197.0,2.0,97.0,0.25,0.0,softmax,8.5,stable_mixture,True,17,True,0.2861126890398122,2,0.0123336644650521,99.2212161750453,100,middle,8.064166134493913
198.0,2.0,98.0,0.25,0.0,softmax,8.5,stable_mixture,True,17,True,0.2861126890398127,2,0.0123336644650521,99.2212161750453,100,middle,8.064166134493913
100.0,2.0,0.0,0.25,0.0,sparsemax,0.7,unconverged_or_unstable,False,-1,True,0.948789359926032,31,0.169335359180106,9.614861881426076,13,middle,8.064166134493913
103.0,2.0,3.0,0.25,0.0,sparsemax,0.7,unconverged_or_unstable,False,-1,False,1.0979955822717355,27,0.1741077995517812,10.60748342866596,19,middle,8.064166134493913
106.0,2.0,6.0,0.25,0.0,sparsemax,0.7,unconverged_or_unstable,False,-1,True,0.8592482881843506,94,0.1930098990734611,7.383535064757718,10,middle,8.064166134493913
108.0,2.0,8.0,0.25,0.0,sparsemax,0.7,unconverged_or_unstable,False,-1,True,0.8592482881843506,94,0.1930099316688615,7.383539442289739,10,middle,8.064166134493913
110.0,2.0,10.0,0.25,0.0,sparsemax,0.7,unconverged_or_unstable,False,-1,True,0.9522104322903352,66,0.1569463952195358,8.121341439824917,12,middle,8.064166134493913
119.0,2.0,19.0,0.25,0.0,sparsemax,0.7,unconverged_or_unstable,False,-1,True,0.9613232421337408,1,0.1897766023789605,8.36428658330224,14,middle,8.064166134493913
122.0,2.0,22.0,0.25,0.0,sparsemax,0.7,unconverged_or_unstable,False,-1,True,0.980678467826048,31,0.1695607746000439,9.74274378907408,14,middle,8.064166134493913
125.0,2.0,25.0,0.25,0.0,sparsemax,0.7,unconverged_or_unstable,False,-1,True,0.9230586415515624,96,0.1519019654940427,9.586908363731656,14,middle,8.064166134493913
127.0,2.0,27.0,0.25,0.0,sparsemax,0.7,unconverged_or_unstable,False,-1,True,0.9461540814692606,42,0.1678064016999209,8.605638876374606,12,middle,8.064166134493913
128.0,2.0,28.0,0.25,0.0,sparsemax,0.7,unconverged_or_unstable,False,-1,False,1.0134221746036218,67,0.154793414970173,10.119302392702068,12,middle,8.064166134493913
129.0,2.0,29.0,0.25,0.0,sparsemax,0.7,unconverged_or_unstable,False,-1,True,0.9435362338619268,33,0.1653492540516071,9.376925691842516,13,middle,8.064166134493913
131.0,2.0,31.0,0.25,0.0,sparsemax,0.7,unconverged_or_unstable,False,-1,True,0.980678467826048,31,0.1695450404134151,9.722319428539882,14,middle,8.064166134493913
137.0,2.0,37.0,0.25,0.0,sparsemax,0.7,unconverged_or_unstable,False,-1,True,0.9461540814692606,42,0.1673206021862359,8.608288441185264,12,middle,8.064166134493913
146.0,2.0,46.0,0.25,0.0,sparsemax,0.7,unconverged_or_unstable,False,-1,True,0.9435362338619268,33,0.1653605822796203,9.392297077627436,13,middle,8.064166134493913
149.0,2.0,49.0,0.25,0.0,sparsemax,0.7,unconverged_or_unstable,False,-1,True,0.8592482881843506,94,0.1930100361995962,7.383539166412499,10,middle,8.064166134493913
150.0,2.0,50.0,0.25,0.0,sparsemax,0.7,unconverged_or_unstable,False,-1,True,0.9685922843864948,80,0.1703680994931982,8.610159568373518,13,middle,8.064166134493913
158.0,2.0,58.0,0.25,0.0,sparsemax,0.7,unconverged_or_unstable,False,-1,True,0.9461540814692606,42,0.1673029194106733,8.607894503922388,12,middle,8.064166134493913
162.0,2.0,62.0,0.25,0.0,sparsemax,0.7,unconverged_or_unstable,False,-1,True,0.8390039776296078,4,0.1812494868775335,7.415728110702564,9,middle,8.064166134493913
167.0,2.0,67.0,0.25,0.0,sparsemax,0.7,unconverged_or_unstable,False,-1,True,0.9245852002311098,84,0.1882418559148199,8.248519932307254,12,middle,8.064166134493913
168.0,2.0,68.0,0.25,0.0,sparsemax,0.7,unconverged_or_unstable,False,-1,True,0.9461540814692606,42,0.1672689116848332,8.607108405147542,12,middle,8.064166134493913
169.0,2.0,69.0,0.25,0.0,sparsemax,0.7,unconverged_or_unstable,False,-1,False,1.048833393255572,62,0.1152347632182832,12.382613017703564,17,middle,8.064166134493913
172.0,2.0,72.0,0.25,0.0,sparsemax,0.7,unconverged_or_unstable,False,-1,True,0.9461540814692606,42,0.167305678906719,8.607956228179109,12,middle,8.064166134493913
175.0,2.0,75.0,0.25,0.0,sparsemax,0.7,unconverged_or_unstable,False,-1,True,0.9613232421337408,1,0.1913280339590303,8.303434555444067,14,middle,8.064166134493913
176.0,2.0,76.0,0.25,0.0,sparsemax,0.7,unconverged_or_unstable,False,-1,True,0.8794931448344843,88,0.2139917607118379,8.648629452122645,12,middle,8.064166134493913
178.0,2.0,78.0,0.25,0.0,sparsemax,0.7,unconverged_or_unstable,False,-1,True,0.9764664072169198,41,0.1601071546294687,10.837453783530307,15,middle,8.064166134493913
181.0,2.0,81.0,0.25,0.0,sparsemax,0.7,unconverged_or_unstable,False,-1,True,0.9461540814692606,42,0.1673183435701072,8.6082379716845,12,middle,8.064166134493913
184.0,2.0,84.0,0.25,0.0,sparsemax,0.7,unconverged_or_unstable,False,-1,True,0.9245852002311098,84,0.1882539732405427,8.246853959185552,12,middle,8.064166134493913
189.0,2.0,89.0,0.25,0.0,sparsemax,0.7,unconverged_or_unstable,False,-1,True,0.9461540814692606,42,0.167322810514665,8.60834015557004,12,middle,8.064166134493913
192.0,2.0,92.0,0.25,0.0,sparsemax,0.7,stable_mixture,True,89,True,0.8390039776296078,4,0.1813823034912743,7.412106759329132,9,middle,8.064166134493913
194.0,2.0,94.0,0.25,0.0,sparsemax,0.7,unconverged_or_unstable,False,-1,True,0.8592482881843506,94,0.1930100074825353,7.383537039440355,10,middle,8.064166134493913
197.0,2.0,97.0,0.25,0.0,sparsemax,0.7,unconverged_or_unstable,False,-1,True,0.8390039776296078,4,0.1813823224141368,7.412106212287128,9,middle,8.064166134493913
198.0,2.0,98.0,0.25,0.0,sparsemax,0.7,unconverged_or_unstable,False,-1,True,0.9930514731855732,36,0.1212721466554512,12.121434972398369,16,middle,8.064166134493913
100.0,2.0,0.0,0.25,0.0,softmax,3.5,stable_mixture,True,11,True,0.1188074498178772,2,0.0108384831986574,99.8913178384728,100,high,78.79242488015784
103.0,2.0,3.0,0.25,0.0,softmax,3.5,stable_mixture,True,11,True,0.1188074498178772,2,0.0108384831986574,99.8913178384728,100,high,78.79242488015784
106.0,2.0,6.0,0.25,0.0,softmax,3.5,stable_mixture,True,11,True,0.1188074498178773,2,0.0108384831986574,99.8913178384728,100,high,78.79242488015784
108.0,2.0,8.0,0.25,0.0,softmax,3.5,stable_mixture,True,11,True,0.1188074498178772,2,0.0108384831986574,99.8913178384728,100,high,78.79242488015784
110.0,2.0,10.0,0.25,0.0,softmax,3.5,stable_mixture,True,11,True,0.1188074498178773,2,0.0108384831986574,99.8913178384728,100,high,78.79242488015784
119.0,2.0,19.0,0.25,0.0,softmax,3.5,stable_mixture,True,11,True,0.1188074498178772,2,0.0108384831986574,99.8913178384728,100,high,78.79242488015784
122.0,2.0,22.0,0.25,0.0,softmax,3.5,stable_mixture,True,11,True,0.1188074498178772,2,0.0108384831986574,99.8913178384728,100,high,78.79242488015784
125.0,2.0,25.0,0.25,0.0,softmax,3.5,stable_mixture,True,11,True,0.1188074498178772,2,0.0108384831986574,99.8913178384728,100,high,78.79242488015784
127.0,2.0,27.0,0.25,0.0,softmax,3.5,stable_mixture,True,11,True,0.1188074498178773,2,0.0108384831986574,99.8913178384728,100,high,78.79242488015784
128.0,2.0,28.0,0.25,0.0,softmax,3.5,stable_mixture,True,11,True,0.1188074498178772,2,0.0108384831986574,99.8913178384728,100,high,78.79242488015784
129.0,2.0,29.0,0.25,0.0,softmax,3.5,stable_mixture,True,11,True,0.1188074498178773,2,0.0108384831986574,99.8913178384728,100,high,78.79242488015784
131.0,2.0,31.0,0.25,0.0,softmax,3.5,stable_mixture,True,11,True,0.1188074498178773,2,0.0108384831986574,99.8913178384728,100,high,78.79242488015784
137.0,2.0,37.0,0.25,0.0,softmax,3.5,stable_mixture,True,11,True,0.1188074498178773,2,0.0108384831986574,99.8913178384728,100,high,78.79242488015784
146.0,2.0,46.0,0.25,0.0,softmax,3.5,stable_mixture,True,11,True,0.1188074498178773,2,0.0108384831986574,99.8913178384728,100,high,78.79242488015784
149.0,2.0,49.0,0.25,0.0,softmax,3.5,stable_mixture,True,11,True,0.1188074498178773,2,0.0108384831986574,99.8913178384728,100,high,78.79242488015784
150.0,2.0,50.0,0.25,0.0,softmax,3.5,stable_mixture,True,11,True,0.1188074498178772,2,0.0108384831986574,99.8913178384728,100,high,78.79242488015784
158.0,2.0,58.0,0.25,0.0,softmax,3.5,stable_mixture,True,11,True,0.1188074498178772,2,0.0108384831986574,99.8913178384728,100,high,78.79242488015784
162.0,2.0,62.0,0.25,0.0,softmax,3.5,stable_mixture,True,11,True,0.1188074498178772,2,0.0108384831986574,99.8913178384728,100,high,78.79242488015784
167.0,2.0,67.0,0.25,0.0,softmax,3.5,stable_mixture,True,11,True,0.1188074498178772,2,0.0108384831986574,99.8913178384728,100,high,78.79242488015784
168.0,2.0,68.0,0.25,0.0,softmax,3.5,stable_mixture,True,11,True,0.1188074498178773,2,0.0108384831986574,99.8913178384728,100,high,78.79242488015784
169.0,2.0,69.0,0.25,0.0,softmax,3.5,stable_mixture,True,11,True,0.1188074498178772,2,0.0108384831986574,99.8913178384728,100,high,78.79242488015784
172.0,2.0,72.0,0.25,0.0,softmax,3.5,stable_mixture,True,11,True,0.1188074498178773,2,0.0108384831986574,99.8913178384728,100,high,78.79242488015784
175.0,2.0,75.0,0.25,0.0,softmax,3.5,stable_mixture,True,11,True,0.1188074498178773,2,0.0108384831986574,99.8913178384728,100,high,78.79242488015784
176.0,2.0,76.0,0.25,0.0,softmax,3.5,stable_mixture,True,11,True,0.1188074498178773,2,0.0108384831986574,99.8913178384728,100,high,78.79242488015784
178.0,2.0,78.0,0.25,0.0,softmax,3.5,stable_mixture,True,11,True,0.1188074498178773,2,0.0108384831986574,99.8913178384728,100,high,78.79242488015784
181.0,2.0,81.0,0.25,0.0,softmax,3.5,stable_mixture,True,11,True,0.1188074498178773,2,0.0108384831986574,99.8913178384728,100,high,78.79242488015784
184.0,2.0,84.0,0.25,0.0,softmax,3.5,stable_mixture,True,11,True,0.1188074498178772,2,0.0108384831986574,99.8913178384728,100,high,78.79242488015784
189.0,2.0,89.0,0.25,0.0,softmax,3.5,stable_mixture,True,11,True,0.1188074498178773,2,0.0108384831986574,99.8913178384728,100,high,78.79242488015784
192.0,2.0,92.0,0.25,0.0,softmax,3.5,stable_mixture,True,11,True,0.1188074498178772,2,0.0108384831986574,99.8913178384728,100,high,78.79242488015784
194.0,2.0,94.0,0.25,0.0,softmax,3.5,stable_mixture,True,11,True,0.1188074498178772,2,0.0108384831986574,99.8913178384728,100,high,78.79242488015784
197.0,2.0,97.0,0.25,0.0,softmax,3.5,stable_mixture,True,11,True,0.1188074498178772,2,0.0108384831986574,99.8913178384728,100,high,78.79242488015784
198.0,2.0,98.0,0.25,0.0,softmax,3.5,stable_mixture,True,11,True,0.1188074498178772,2,0.0108384831986574,99.8913178384728,100,high,78.79242488015784
100.0,2.0,0.0,0.25,0.0,sparsemax,0.05,stable_mixture,True,12,True,0.1710209991847527,2,0.0111803419292414,99.76449009617276,100,high,78.79242488015784
103.0,2.0,3.0,0.25,0.0,sparsemax,0.05,stable_mixture,True,12,True,0.1710209991847527,2,0.0111803419292414,99.76449009617276,100,high,78.79242488015784
106.0,2.0,6.0,0.25,0.0,sparsemax,0.05,stable_mixture,True,13,True,0.1710209991847527,2,0.0111803419292414,99.76449009617276,100,high,78.79242488015784
108.0,2.0,8.0,0.25,0.0,sparsemax,0.05,stable_mixture,True,13,True,0.1710209991847527,2,0.0111803419292414,99.76449009617276,100,high,78.79242488015784
110.0,2.0,10.0,0.25,0.0,sparsemax,0.05,stable_mixture,True,13,True,0.1710209991847527,2,0.0111803419292414,99.76449009617276,100,high,78.79242488015784
119.0,2.0,19.0,0.25,0.0,sparsemax,0.05,stable_mixture,True,12,True,0.1710209991847527,2,0.0111803419292414,99.76449009617276,100,high,78.79242488015784
122.0,2.0,22.0,0.25,0.0,sparsemax,0.05,stable_mixture,True,12,True,0.1710209991847527,2,0.0111803419292414,99.76449009617276,100,high,78.79242488015784
125.0,2.0,25.0,0.25,0.0,sparsemax,0.05,stable_mixture,True,12,True,0.1710209991847527,2,0.0111803419292414,99.76449009617276,100,high,78.79242488015784
127.0,2.0,27.0,0.25,0.0,sparsemax,0.05,stable_mixture,True,12,True,0.1710209991847527,2,0.0111803419292414,99.76449009617276,100,high,78.79242488015784
128.0,2.0,28.0,0.25,0.0,sparsemax,0.05,stable_mixture,True,13,True,0.1710209991847527,2,0.0111803419292414,99.76449009617276,100,high,78.79242488015784
129.0,2.0,29.0,0.25,0.0,sparsemax,0.05,stable_mixture,True,13,True,0.1710209991847527,2,0.0111803419292414,99.76449009617276,100,high,78.79242488015784
131.0,2.0,31.0,0.25,0.0,sparsemax,0.05,stable_mixture,True,13,True,0.1710209991847527,2,0.0111803419292414,99.76449009617276,100,high,78.79242488015784
137.0,2.0,37.0,0.25,0.0,sparsemax,0.05,stable_mixture,True,13,True,0.1710209991847527,2,0.0111803419292414,99.76449009617276,100,high,78.79242488015784
146.0,2.0,46.0,0.25,0.0,sparsemax,0.05,stable_mixture,True,13,True,0.1710209991847527,2,0.0111803419292414,99.76449009617276,100,high,78.79242488015784
149.0,2.0,49.0,0.25,0.0,sparsemax,0.05,stable_mixture,True,12,True,0.1710209991847527,2,0.0111803419292414,99.76449009617276,100,high,78.79242488015784
150.0,2.0,50.0,0.25,0.0,sparsemax,0.05,stable_mixture,True,13,True,0.1710209991847527,2,0.0111803419292414,99.76449009617276,100,high,78.79242488015784
158.0,2.0,58.0,0.25,0.0,sparsemax,0.05,stable_mixture,True,13,True,0.1710209991847527,2,0.0111803419292414,99.76449009617276,100,high,78.79242488015784
162.0,2.0,62.0,0.25,0.0,sparsemax,0.05,stable_mixture,True,13,True,0.1710209991847527,2,0.0111803419292414,99.76449009617276,100,high,78.79242488015784
167.0,2.0,67.0,0.25,0.0,sparsemax,0.05,stable_mixture,True,13,True,0.1710209991847527,2,0.0111803419292414,99.76449009617276,100,high,78.79242488015784
168.0,2.0,68.0,0.25,0.0,sparsemax,0.05,stable_mixture,True,13,True,0.1710209991847527,2,0.0111803419292414,99.76449009617276,100,high,78.79242488015784
169.0,2.0,69.0,0.25,0.0,sparsemax,0.05,stable_mixture,True,13,True,0.1710209991847527,2,0.0111803419292414,99.76449009617276,100,high,78.79242488015784
172.0,2.0,72.0,0.25,0.0,sparsemax,0.05,stable_mixture,True,13,True,0.1710209991847527,2,0.0111803419292414,99.76449009617276,100,high,78.79242488015784
175.0,2.0,75.0,0.25,0.0,sparsemax,0.05,stable_mixture,True,12,True,0.1710209991847527,2,0.0111803419292414,99.76449009617276,100,high,78.79242488015784
176.0,2.0,76.0,0.25,0.0,sparsemax,0.05,stable_mixture,True,12,True,0.1710209991847527,2,0.0111803419292414,99.76449009617276,100,high,78.79242488015784
178.0,2.0,78.0,0.25,0.0,sparsemax,0.05,stable_mixture,True,13,True,0.1710209991847527,2,0.0111803419292414,99.76449009617276,100,high,78.79242488015784
181.0,2.0,81.0,0.25,0.0,sparsemax,0.05,stable_mixture,True,13,True,0.1710209991847527,2,0.0111803419292414,99.76449009617276,100,high,78.79242488015784
184.0,2.0,84.0,0.25,0.0,sparsemax,0.05,stable_mixture,True,12,True,0.1710209991847527,2,0.0111803419292414,99.76449009617276,100,high,78.79242488015784
189.0,2.0,89.0,0.25,0.0,sparsemax,0.05,stable_mixture,True,13,True,0.1710209991847527,2,0.0111803419292414,99.76449009617276,100,high,78.79242488015784
192.0,2.0,92.0,0.25,0.0,sparsemax,0.05,stable_mixture,True,13,True,0.1710209991847527,2,0.0111803419292414,99.76449009617276,100,high,78.79242488015784
194.0,2.0,94.0,0.25,0.0,sparsemax,0.05,stable_mixture,True,13,True,0.1710209991847527,2,0.0111803419292414,99.76449009617276,100,high,78.79242488015784
197.0,2.0,97.0,0.25,0.0,sparsemax,0.05,stable_mixture,True,13,True,0.1710209991847527,2,0.0111803419292414,99.76449009617276,100,high,78.79242488015784
198.0,2.0,98.0,0.25,0.0,sparsemax,0.05,stable_mixture,True,13,True,0.1710209991847527,2,0.0111803419292414,99.76449009617276,100,high,78.79242488015784
200.0,2.0,0.0,0.4,0.0,softmax,5.0,stable_mixture,True,13,True,0.1692243215363377,2,0.0112443409046401,99.76555757736205,100,high,82.44553817584185
203.0,2.0,3.0,0.4,0.0,softmax,5.0,stable_mixture,True,13,True,0.1692243215363377,2,0.0112443409046401,99.76555757736205,100,high,82.44553817584185
206.0,2.0,6.0,0.4,0.0,softmax,5.0,stable_mixture,True,12,True,0.1692243215363376,2,0.0112443409046401,99.76555757736205,100,high,82.44553817584185
208.0,2.0,8.0,0.4,0.0,softmax,5.0,stable_mixture,True,13,True,0.1692243215363376,2,0.0112443409046401,99.76555757736205,100,high,82.44553817584185
210.0,2.0,10.0,0.4,0.0,softmax,5.0,stable_mixture,True,12,True,0.1692243215363376,2,0.0112443409046401,99.76555757736205,100,high,82.44553817584185
219.0,2.0,19.0,0.4,0.0,softmax,5.0,stable_mixture,True,12,True,0.1692243215363376,2,0.0112443409046401,99.76555757736205,100,high,82.44553817584185
222.0,2.0,22.0,0.4,0.0,softmax,5.0,stable_mixture,True,12,True,0.1692243215363376,2,0.0112443409046401,99.76555757736205,100,high,82.44553817584185
225.0,2.0,25.0,0.4,0.0,softmax,5.0,stable_mixture,True,12,True,0.1692243215363376,2,0.0112443409046401,99.76555757736205,100,high,82.44553817584185
227.0,2.0,27.0,0.4,0.0,softmax,5.0,stable_mixture,True,12,True,0.1692243215363374,2,0.0112443409046401,99.76555757736205,100,high,82.44553817584185
228.0,2.0,28.0,0.4,0.0,softmax,5.0,stable_mixture,True,13,True,0.1692243215363376,2,0.0112443409046401,99.76555757736205,100,high,82.44553817584185
229.0,2.0,29.0,0.4,0.0,softmax,5.0,stable_mixture,True,13,True,0.1692243215363376,2,0.0112443409046401,99.76555757736205,100,high,82.44553817584185
231.0,2.0,31.0,0.4,0.0,softmax,5.0,stable_mixture,True,12,True,0.1692243215363376,2,0.0112443409046401,99.76555757736205,100,high,82.44553817584185
237.0,2.0,37.0,0.4,0.0,softmax,5.0,stable_mixture,True,12,True,0.1692243215363377,2,0.0112443409046401,99.76555757736205,100,high,82.44553817584185
246.0,2.0,46.0,0.4,0.0,softmax,5.0,stable_mixture,True,13,True,0.1692243215363376,2,0.0112443409046401,99.76555757736205,100,high,82.44553817584185
249.0,2.0,49.0,0.4,0.0,softmax,5.0,stable_mixture,True,12,True,0.1692243215363376,2,0.0112443409046401,99.76555757736205,100,high,82.44553817584185
250.0,2.0,50.0,0.4,0.0,softmax,5.0,stable_mixture,True,13,True,0.1692243215363376,2,0.0112443409046401,99.76555757736205,100,high,82.44553817584185
258.0,2.0,58.0,0.4,0.0,softmax,5.0,stable_mixture,True,12,True,0.1692243215363377,2,0.0112443409046401,99.76555757736205,100,high,82.44553817584185
262.0,2.0,62.0,0.4,0.0,softmax,5.0,stable_mixture,True,12,True,0.1692243215363376,2,0.0112443409046401,99.76555757736205,100,high,82.44553817584185
267.0,2.0,67.0,0.4,0.0,softmax,5.0,stable_mixture,True,12,True,0.1692243215363376,2,0.0112443409046401,99.76555757736205,100,high,82.44553817584185
268.0,2.0,68.0,0.4,0.0,softmax,5.0,stable_mixture,True,12,True,0.1692243215363376,2,0.0112443409046401,99.76555757736205,100,high,82.44553817584185
269.0,2.0,69.0,0.4,0.0,softmax,5.0,stable_mixture,True,13,True,0.1692243215363376,2,0.0112443409046401,99.76555757736205,100,high,82.44553817584185
272.0,2.0,72.0,0.4,0.0,softmax,5.0,stable_mixture,True,13,True,0.1692243215363377,2,0.0112443409046401,99.76555757736205,100,high,82.44553817584185
275.0,2.0,75.0,0.4,0.0,softmax,5.0,stable_mixture,True,12,True,0.1692243215363377,2,0.0112443409046401,99.76555757736205,100,high,82.44553817584185
276.0,2.0,76.0,0.4,0.0,softmax,5.0,stable_mixture,True,13,True,0.1692243215363376,2,0.0112443409046401,99.76555757736205,100,high,82.44553817584185
278.0,2.0,78.0,0.4,0.0,softmax,5.0,stable_mixture,True,12,True,0.1692243215363374,2,0.0112443409046401,99.76555757736205,100,high,82.44553817584185
281.0,2.0,81.0,0.4,0.0,softmax,5.0,stable_mixture,True,12,True,0.1692243215363376,2,0.0112443409046401,99.76555757736205,100,high,82.44553817584185
284.0,2.0,84.0,0.4,0.0,softmax,5.0,stable_mixture,True,13,True,0.1692243215363374,2,0.0112443409046401,99.76555757736205,100,high,82.44553817584185
289.0,2.0,89.0,0.4,0.0,softmax,5.0,stable_mixture,True,13,True,0.1692243215363376,2,0.0112443409046401,99.76555757736205,100,high,82.44553817584185
292.0,2.0,92.0,0.4,0.0,softmax,5.0,stable_mixture,True,12,True,0.1692243215363377,2,0.0112443409046401,99.76555757736205,100,high,82.44553817584185
294.0,2.0,94.0,0.4,0.0,softmax,5.0,stable_mixture,True,13,True,0.1692243215363376,2,0.0112443409046401,99.76555757736205,100,high,82.44553817584185
297.0,2.0,97.0,0.4,0.0,softmax,5.0,stable_mixture,True,12,True,0.1692243215363377,2,0.0112443409046401,99.76555757736205,100,high,82.44553817584185
298.0,2.0,98.0,0.4,0.0,softmax,5.0,stable_mixture,True,13,True,0.1692243215363374,2,0.0112443409046401,99.76555757736205,100,high,82.44553817584185
200.0,2.0,0.0,0.4,0.0,sparsemax,0.05,stable_mixture,True,13,True,0.1710209991847527,2,0.0111803419292414,99.76449009617276,100,high,82.44553817584185
203.0,2.0,3.0,0.4,0.0,sparsemax,0.05,stable_mixture,True,12,True,0.1710209991847527,2,0.0111803419292414,99.76449009617276,100,high,82.44553817584185
206.0,2.0,6.0,0.4,0.0,sparsemax,0.05,stable_mixture,True,13,True,0.1710209991847527,2,0.0111803419292414,99.76449009617276,100,high,82.44553817584185
208.0,2.0,8.0,0.4,0.0,sparsemax,0.05,stable_mixture,True,13,True,0.1710209991847527,2,0.0111803419292414,99.76449009617276,100,high,82.44553817584185
210.0,2.0,10.0,0.4,0.0,sparsemax,0.05,stable_mixture,True,12,True,0.1710209991847527,2,0.0111803419292414,99.76449009617276,100,high,82.44553817584185
219.0,2.0,19.0,0.4,0.0,sparsemax,0.05,stable_mixture,True,12,True,0.1710209991847527,2,0.0111803419292414,99.76449009617276,100,high,82.44553817584185
222.0,2.0,22.0,0.4,0.0,sparsemax,0.05,stable_mixture,True,12,True,0.1710209991847527,2,0.0111803419292414,99.76449009617276,100,high,82.44553817584185
225.0,2.0,25.0,0.4,0.0,sparsemax,0.05,stable_mixture,True,12,True,0.1710209991847527,2,0.0111803419292414,99.76449009617276,100,high,82.44553817584185
227.0,2.0,27.0,0.4,0.0,sparsemax,0.05,stable_mixture,True,12,True,0.1710209991847527,2,0.0111803419292414,99.76449009617276,100,high,82.44553817584185
228.0,2.0,28.0,0.4,0.0,sparsemax,0.05,stable_mixture,True,13,True,0.1710209991847527,2,0.0111803419292414,99.76449009617276,100,high,82.44553817584185
229.0,2.0,29.0,0.4,0.0,sparsemax,0.05,stable_mixture,True,13,True,0.1710209991847527,2,0.0111803419292414,99.76449009617276,100,high,82.44553817584185
231.0,2.0,31.0,0.4,0.0,sparsemax,0.05,stable_mixture,True,12,True,0.1710209991847527,2,0.0111803419292414,99.76449009617276,100,high,82.44553817584185
237.0,2.0,37.0,0.4,0.0,sparsemax,0.05,stable_mixture,True,12,True,0.1710209991847527,2,0.0111803419292414,99.76449009617276,100,high,82.44553817584185
246.0,2.0,46.0,0.4,0.0,sparsemax,0.05,stable_mixture,True,13,True,0.1710209991847527,2,0.0111803419292414,99.76449009617276,100,high,82.44553817584185
249.0,2.0,49.0,0.4,0.0,sparsemax,0.05,stable_mixture,True,12,True,0.1710209991847527,2,0.0111803419292414,99.76449009617276,100,high,82.44553817584185
250.0,2.0,50.0,0.4,0.0,sparsemax,0.05,stable_mixture,True,13,True,0.1710209991847527,2,0.0111803419292414,99.76449009617276,100,high,82.44553817584185
258.0,2.0,58.0,0.4,0.0,sparsemax,0.05,stable_mixture,True,12,True,0.1710209991847527,2,0.0111803419292414,99.76449009617276,100,high,82.44553817584185
262.0,2.0,62.0,0.4,0.0,sparsemax,0.05,stable_mixture,True,12,True,0.1710209991847527,2,0.0111803419292414,99.76449009617276,100,high,82.44553817584185
267.0,2.0,67.0,0.4,0.0,sparsemax,0.05,stable_mixture,True,12,True,0.1710209991847527,2,0.0111803419292414,99.76449009617276,100,high,82.44553817584185
268.0,2.0,68.0,0.4,0.0,sparsemax,0.05,stable_mixture,True,12,True,0.1710209991847527,2,0.0111803419292414,99.76449009617276,100,high,82.44553817584185
269.0,2.0,69.0,0.4,0.0,sparsemax,0.05,stable_mixture,True,13,True,0.1710209991847527,2,0.0111803419292414,99.76449009617276,100,high,82.44553817584185
272.0,2.0,72.0,0.4,0.0,sparsemax,0.05,stable_mixture,True,12,True,0.1710209991847527,2,0.0111803419292414,99.76449009617276,100,high,82.44553817584185
275.0,2.0,75.0,0.4,0.0,sparsemax,0.05,stable_mixture,True,12,True,0.1710209991847527,2,0.0111803419292414,99.76449009617276,100,high,82.44553817584185
276.0,2.0,76.0,0.4,0.0,sparsemax,0.05,stable_mixture,True,13,True,0.1710209991847527,2,0.0111803419292414,99.76449009617276,100,high,82.44553817584185
278.0,2.0,78.0,0.4,0.0,sparsemax,0.05,stable_mixture,True,13,True,0.1710209991847527,2,0.0111803419292414,99.76449009617276,100,high,82.44553817584185
281.0,2.0,81.0,0.4,0.0,sparsemax,0.05,stable_mixture,True,12,True,0.1710209991847527,2,0.0111803419292414,99.76449009617276,100,high,82.44553817584185
284.0,2.0,84.0,0.4,0.0,sparsemax,0.05,stable_mixture,True,12,True,0.1710209991847527,2,0.0111803419292414,99.76449009617276,100,high,82.44553817584185
289.0,2.0,89.0,0.4,0.0,sparsemax,0.05,stable_mixture,True,13,True,0.1710209991847527,2,0.0111803419292414,99.76449009617276,100,high,82.44553817584185
292.0,2.0,92.0,0.4,0.0,sparsemax,0.05,stable_mixture,True,12,True,0.1710209991847527,2,0.0111803419292414,99.76449009617276,100,high,82.44553817584185
294.0,2.0,94.0,0.4,0.0,sparsemax,0.05,stable_mixture,True,13,True,0.1710209991847527,2,0.0111803419292414,99.76449009617276,100,high,82.44553817584185
297.0,2.0,97.0,0.4,0.0,sparsemax,0.05,stable_mixture,True,12,True,0.1710209991847527,2,0.0111803419292414,99.76449009617276,100,high,82.44553817584185
298.0,2.0,98.0,0.4,0.0,sparsemax,0.05,stable_mixture,True,13,True,0.1710209991847527,2,0.0111803419292414,99.76449009617276,100,high,82.44553817584185
3.0,3.0,3.0,0.1,0.0,softmax,48.0,correct_memory_like,True,4,True,7.769614345708145e-16,3,1.0,1.0,1,low,1.0000000000029354
5.0,3.0,5.0,0.1,0.0,softmax,48.0,correct_memory_like,True,4,True,1.5288520237533633e-15,5,1.0,1.0,1,low,1.0000000000029354
8.0,3.0,8.0,0.1,0.0,softmax,48.0,correct_memory_like,True,4,True,3.2661139753321043e-15,8,1.0,1.0,1,low,1.0000000000029354
10.0,3.0,10.0,0.1,0.0,softmax,48.0,correct_memory_like,True,4,True,7.65349030523021e-16,10,1.0,1.0,1,low,1.0000000000029354
12.0,3.0,12.0,0.1,0.0,softmax,48.0,correct_memory_like,True,4,True,1.4852673950524106e-13,12,0.9999999999999978,1.0000000000000044,1,low,1.0000000000029354
13.0,3.0,13.0,0.1,0.0,softmax,48.0,correct_memory_like,True,4,True,6.609953143790013e-15,13,1.0,1.0,1,low,1.0000000000029354
14.0,3.0,14.0,0.1,0.0,softmax,48.0,correct_memory_like,True,4,True,1.5240141432802133e-15,14,1.0,1.0,1,low,1.0000000000029354
19.0,3.0,19.0,0.1,0.0,softmax,48.0,correct_memory_like,True,4,True,3.737410583560648e-14,19,0.9999999999999992,1.000000000000001,1,low,1.0000000000029354
22.0,3.0,22.0,0.1,0.0,softmax,48.0,correct_memory_like,True,4,True,1.641206759574815e-14,22,0.9999999999999998,1.0000000000000004,1,low,1.0000000000029354
29.0,3.0,29.0,0.1,0.0,softmax,48.0,correct_memory_like,True,4,True,1.4882119040735708e-13,29,0.9999999999999978,1.0000000000000044,1,low,1.0000000000029354
30.0,3.0,30.0,0.1,0.0,softmax,48.0,correct_memory_like,True,4,True,3.3693630549614844e-14,30,0.9999999999999996,1.0000000000000009,1,low,1.0000000000029354
34.0,3.0,34.0,0.1,0.0,softmax,48.0,correct_memory_like,True,4,True,1.0930315695458519e-16,34,1.0,1.0,1,low,1.0000000000029354
35.0,3.0,35.0,0.1,0.0,softmax,48.0,correct_memory_like,True,4,True,3.914136691659065e-15,35,1.0,1.0,1,low,1.0000000000029354
42.0,3.0,42.0,0.1,0.0,softmax,48.0,correct_memory_like,True,4,True,6.4691159131897335e-15,42,1.0,1.0,1,low,1.0000000000029354
46.0,3.0,46.0,0.1,0.0,softmax,48.0,correct_memory_like,True,4,True,3.3682380437194895e-14,46,0.9999999999999996,1.0000000000000009,1,low,1.0000000000029354
47.0,3.0,47.0,0.1,0.0,softmax,48.0,correct_memory_like,True,4,True,1.6390206307364065e-14,47,0.9999999999999998,1.0000000000000004,1,low,1.0000000000029354
49.0,3.0,49.0,0.1,0.0,softmax,48.0,correct_memory_like,True,4,True,1.5266052219445544e-15,49,1.0,1.0,1,low,1.0000000000029354
55.0,3.0,55.0,0.1,0.0,softmax,48.0,correct_memory_like,True,4,True,1.509002891095474e-15,55,1.0,1.0,1,low,1.0000000000029354
56.0,3.0,56.0,0.1,0.0,softmax,48.0,correct_memory_like,True,4,True,7.291991601319726e-14,56,0.9999999999999988,1.0000000000000022,1,low,1.0000000000029354
61.0,3.0,61.0,0.1,0.0,softmax,48.0,correct_memory_like,True,4,True,3.191082052026981e-15,61,1.0,1.0,1,low,1.0000000000029354
66.0,3.0,66.0,0.1,0.0,softmax,48.0,correct_memory_like,True,4,True,1.0557372544530407e-14,66,0.9999999999999998,1.0000000000000004,1,low,1.0000000000029354
70.0,3.0,70.0,0.1,0.0,softmax,48.0,correct_memory_like,True,4,True,1.539598291543238e-15,70,1.0,1.0,1,low,1.0000000000029354
71.0,3.0,71.0,0.1,0.0,softmax,48.0,correct_memory_like,True,4,True,2.15820912299624e-16,71,1.0,1.0,1,low,1.0000000000029354
72.0,3.0,72.0,0.1,0.0,softmax,48.0,correct_memory_like,True,4,True,1.8283450190598632e-16,72,1.0,1.0,1,low,1.0000000000029354
75.0,3.0,75.0,0.1,0.0,softmax,48.0,correct_memory_like,True,4,True,1.531416775945908e-15,75,1.0,1.0,1,low,1.0000000000029354
78.0,3.0,78.0,0.1,0.0,softmax,48.0,correct_memory_like,True,4,True,3.211969092350069e-15,78,1.0,1.0,1,low,1.0000000000029354
83.0,3.0,83.0,0.1,0.0,softmax,48.0,correct_memory_like,True,4,True,3.146368780686078e-15,83,1.0,1.0,1,low,1.0000000000029354
84.0,3.0,84.0,0.1,0.0,softmax,48.0,correct_memory_like,True,4,True,2.806331704078307e-16,84,1.0,1.0,1,low,1.0000000000029354
88.0,3.0,88.0,0.1,0.0,softmax,48.0,correct_memory_like,True,4,True,3.7476155271848283e-14,88,0.9999999999999992,1.000000000000001,1,low,1.0000000000029354
92.0,3.0,92.0,0.1,0.0,softmax,48.0,correct_memory_like,True,4,True,1.4882697298057394e-13,92,0.9999999999999978,1.0000000000000044,1,low,1.0000000000029354
93.0,3.0,93.0,0.1,0.0,softmax,48.0,correct_memory_like,True,4,True,3.3657027524192194e-14,93,0.9999999999999996,1.0000000000000009,1,low,1.0000000000029354
97.0,3.0,97.0,0.1,0.0,softmax,48.0,correct_memory_like,True,4,True,1.4980915256620653e-15,97,1.0,1.0,1,low,1.0000000000029354
3.0,3.0,3.0,0.1,0.0,sparsemax,1.8,correct_memory_like,True,4,True,0.0,3,1.0,1.0,1,low,1.0000000000029354
5.0,3.0,5.0,0.1,0.0,sparsemax,1.8,correct_memory_like,True,5,True,0.0,5,1.0,1.0,1,low,1.0000000000029354
8.0,3.0,8.0,0.1,0.0,sparsemax,1.8,correct_memory_like,True,4,True,0.0,8,1.0,1.0,1,low,1.0000000000029354
10.0,3.0,10.0,0.1,0.0,sparsemax,1.8,correct_memory_like,True,4,True,0.0,10,1.0,1.0,1,low,1.0000000000029354
12.0,3.0,12.0,0.1,0.0,sparsemax,1.8,correct_memory_like,True,4,True,0.0,12,1.0,1.0,1,low,1.0000000000029354
13.0,3.0,13.0,0.1,0.0,sparsemax,1.8,correct_memory_like,True,4,True,0.0,13,1.0,1.0,1,low,1.0000000000029354
14.0,3.0,14.0,0.1,0.0,sparsemax,1.8,correct_memory_like,True,4,True,0.0,14,1.0,1.0,1,low,1.0000000000029354
19.0,3.0,19.0,0.1,0.0,sparsemax,1.8,correct_memory_like,True,4,True,0.0,19,1.0,1.0,1,low,1.0000000000029354
22.0,3.0,22.0,0.1,0.0,sparsemax,1.8,correct_memory_like,True,4,True,0.0,22,1.0,1.0,1,low,1.0000000000029354
29.0,3.0,29.0,0.1,0.0,sparsemax,1.8,correct_memory_like,True,5,True,0.0,29,1.0,1.0,1,low,1.0000000000029354
30.0,3.0,30.0,0.1,0.0,sparsemax,1.8,correct_memory_like,True,4,True,0.0,30,1.0,1.0,1,low,1.0000000000029354
34.0,3.0,34.0,0.1,0.0,sparsemax,1.8,correct_memory_like,True,4,True,0.0,34,1.0,1.0,1,low,1.0000000000029354
35.0,3.0,35.0,0.1,0.0,sparsemax,1.8,correct_memory_like,True,4,True,0.0,35,1.0,1.0,1,low,1.0000000000029354
42.0,3.0,42.0,0.1,0.0,sparsemax,1.8,correct_memory_like,True,4,True,0.0,42,1.0,1.0,1,low,1.0000000000029354
46.0,3.0,46.0,0.1,0.0,sparsemax,1.8,correct_memory_like,True,4,True,0.0,46,1.0,1.0,1,low,1.0000000000029354
47.0,3.0,47.0,0.1,0.0,sparsemax,1.8,correct_memory_like,True,4,True,0.0,47,1.0,1.0,1,low,1.0000000000029354
49.0,3.0,49.0,0.1,0.0,sparsemax,1.8,correct_memory_like,True,4,True,0.0,49,1.0,1.0,1,low,1.0000000000029354
55.0,3.0,55.0,0.1,0.0,sparsemax,1.8,correct_memory_like,True,4,True,0.0,55,1.0,1.0,1,low,1.0000000000029354
56.0,3.0,56.0,0.1,0.0,sparsemax,1.8,correct_memory_like,True,4,True,0.0,56,1.0,1.0,1,low,1.0000000000029354
61.0,3.0,61.0,0.1,0.0,sparsemax,1.8,correct_memory_like,True,5,True,0.0,61,1.0,1.0,1,low,1.0000000000029354
66.0,3.0,66.0,0.1,0.0,sparsemax,1.8,correct_memory_like,True,4,True,0.0,66,1.0,1.0,1,low,1.0000000000029354
70.0,3.0,70.0,0.1,0.0,sparsemax,1.8,correct_memory_like,True,4,True,0.0,70,1.0,1.0,1,low,1.0000000000029354
71.0,3.0,71.0,0.1,0.0,sparsemax,1.8,correct_memory_like,True,4,True,0.0,71,1.0,1.0,1,low,1.0000000000029354
72.0,3.0,72.0,0.1,0.0,sparsemax,1.8,correct_memory_like,True,4,True,0.0,72,1.0,1.0,1,low,1.0000000000029354
75.0,3.0,75.0,0.1,0.0,sparsemax,1.8,correct_memory_like,True,4,True,0.0,75,1.0,1.0,1,low,1.0000000000029354
78.0,3.0,78.0,0.1,0.0,sparsemax,1.8,correct_memory_like,True,4,True,0.0,78,1.0,1.0,1,low,1.0000000000029354
83.0,3.0,83.0,0.1,0.0,sparsemax,1.8,correct_memory_like,True,4,True,0.0,83,1.0,1.0,1,low,1.0000000000029354
84.0,3.0,84.0,0.1,0.0,sparsemax,1.8,correct_memory_like,True,4,True,0.0,84,1.0,1.0,1,low,1.0000000000029354
88.0,3.0,88.0,0.1,0.0,sparsemax,1.8,correct_memory_like,True,4,True,0.0,88,1.0,1.0,1,low,1.0000000000029354
92.0,3.0,92.0,0.1,0.0,sparsemax,1.8,correct_memory_like,True,4,True,0.0,92,1.0,1.0,1,low,1.0000000000029354
93.0,3.0,93.0,0.1,0.0,sparsemax,1.8,correct_memory_like,True,5,True,0.0,93,1.0,1.0,1,low,1.0000000000029354
97.0,3.0,97.0,0.1,0.0,sparsemax,1.8,correct_memory_like,True,4,True,0.0,97,1.0,1.0,1,low,1.0000000000029354
3.0,3.0,3.0,0.1,0.0,softmax,5.0,stable_mixture,True,13,True,0.1779791942449372,69,0.0110744434873342,99.79122320858706,100,middle,8.707332297366008
5.0,3.0,5.0,0.1,0.0,softmax,5.0,stable_mixture,True,13,True,0.1779791942449373,69,0.0110744434873342,99.79122320858706,100,middle,8.707332297366008
8.0,3.0,8.0,0.1,0.0,softmax,5.0,stable_mixture,True,14,True,0.1779791942449373,69,0.0110744434873342,99.79122320858704,100,middle,8.707332297366008
10.0,3.0,10.0,0.1,0.0,softmax,5.0,stable_mixture,True,13,True,0.1779791942449373,69,0.0110744434873342,99.79122320858706,100,middle,8.707332297366008
12.0,3.0,12.0,0.1,0.0,softmax,5.0,stable_mixture,True,14,True,0.1779791942449373,69,0.0110744434873342,99.79122320858706,100,middle,8.707332297366008
13.0,3.0,13.0,0.1,0.0,softmax,5.0,stable_mixture,True,14,True,0.1779791942449373,69,0.0110744434873342,99.79122320858706,100,middle,8.707332297366008
14.0,3.0,14.0,0.1,0.0,softmax,5.0,stable_mixture,True,14,True,0.1779791942449373,69,0.0110744434873342,99.79122320858706,100,middle,8.707332297366008
19.0,3.0,19.0,0.1,0.0,softmax,5.0,stable_mixture,True,14,True,0.1779791942449374,69,0.0110744434873342,99.79122320858706,100,middle,8.707332297366008
22.0,3.0,22.0,0.1,0.0,softmax,5.0,stable_mixture,True,14,True,0.1779791942449372,69,0.0110744434873342,99.79122320858706,100,middle,8.707332297366008
29.0,3.0,29.0,0.1,0.0,softmax,5.0,stable_mixture,True,14,True,0.1779791942449373,69,0.0110744434873342,99.79122320858706,100,middle,8.707332297366008
30.0,3.0,30.0,0.1,0.0,softmax,5.0,stable_mixture,True,14,True,0.1779791942449373,69,0.0110744434873342,99.79122320858706,100,middle,8.707332297366008
34.0,3.0,34.0,0.1,0.0,softmax,5.0,stable_mixture,True,13,True,0.1779791942449373,69,0.0110744434873342,99.79122320858706,100,middle,8.707332297366008
35.0,3.0,35.0,0.1,0.0,softmax,5.0,stable_mixture,True,14,True,0.1779791942449373,69,0.0110744434873342,99.79122320858706,100,middle,8.707332297366008
42.0,3.0,42.0,0.1,0.0,softmax,5.0,stable_mixture,True,13,True,0.1779791942449373,69,0.0110744434873342,99.79122320858706,100,middle,8.707332297366008
46.0,3.0,46.0,0.1,0.0,softmax,5.0,stable_mixture,True,14,True,0.1779791942449373,69,0.0110744434873342,99.79122320858706,100,middle,8.707332297366008
47.0,3.0,47.0,0.1,0.0,softmax,5.0,stable_mixture,True,14,True,0.1779791942449373,69,0.0110744434873342,99.79122320858706,100,middle,8.707332297366008
49.0,3.0,49.0,0.1,0.0,softmax,5.0,stable_mixture,True,14,True,0.1779791942449373,69,0.0110744434873342,99.79122320858706,100,middle,8.707332297366008
55.0,3.0,55.0,0.1,0.0,softmax,5.0,stable_mixture,True,13,True,0.1779791942449373,69,0.0110744434873342,99.79122320858706,100,middle,8.707332297366008
56.0,3.0,56.0,0.1,0.0,softmax,5.0,stable_mixture,True,13,True,0.1779791942449373,69,0.0110744434873342,99.79122320858706,100,middle,8.707332297366008
61.0,3.0,61.0,0.1,0.0,softmax,5.0,stable_mixture,True,14,True,0.1779791942449373,69,0.0110744434873342,99.79122320858706,100,middle,8.707332297366008
66.0,3.0,66.0,0.1,0.0,softmax,5.0,stable_mixture,True,14,True,0.1779791942449373,69,0.0110744434873342,99.79122320858706,100,middle,8.707332297366008
70.0,3.0,70.0,0.1,0.0,softmax,5.0,stable_mixture,True,13,True,0.1779791942449373,69,0.0110744434873342,99.79122320858706,100,middle,8.707332297366008
71.0,3.0,71.0,0.1,0.0,softmax,5.0,stable_mixture,True,14,True,0.1779791942449374,69,0.0110744434873342,99.79122320858704,100,middle,8.707332297366008
72.0,3.0,72.0,0.1,0.0,softmax,5.0,stable_mixture,True,13,True,0.1779791942449373,69,0.0110744434873342,99.79122320858706,100,middle,8.707332297366008
75.0,3.0,75.0,0.1,0.0,softmax,5.0,stable_mixture,True,13,True,0.1779791942449375,69,0.0110744434873342,99.79122320858706,100,middle,8.707332297366008
78.0,3.0,78.0,0.1,0.0,softmax,5.0,stable_mixture,True,14,True,0.1779791942449374,69,0.0110744434873342,99.79122320858704,100,middle,8.707332297366008
83.0,3.0,83.0,0.1,0.0,softmax,5.0,stable_mixture,True,13,True,0.1779791942449373,69,0.0110744434873342,99.79122320858706,100,middle,8.707332297366008
84.0,3.0,84.0,0.1,0.0,softmax,5.0,stable_mixture,True,13,True,0.1779791942449374,69,0.0110744434873342,99.79122320858704,100,middle,8.707332297366008
88.0,3.0,88.0,0.1,0.0,softmax,5.0,stable_mixture,True,14,True,0.1779791942449373,69,0.0110744434873342,99.79122320858706,100,middle,8.707332297366008
92.0,3.0,92.0,0.1,0.0,softmax,5.0,stable_mixture,True,14,True,0.1779791942449373,69,0.0110744434873342,99.79122320858706,100,middle,8.707332297366008
93.0,3.0,93.0,0.1,0.0,softmax,5.0,stable_mixture,True,14,True,0.1779791942449374,69,0.0110744434873342,99.79122320858704,100,middle,8.707332297366008
97.0,3.0,97.0,0.1,0.0,softmax,5.0,stable_mixture,True,13,True,0.1779791942449373,69,0.0110744434873342,99.79122320858706,100,middle,8.707332297366008
3.0,3.0,3.0,0.1,0.0,sparsemax,0.4,unconverged_or_unstable,False,-1,True,0.8647716489393616,59,0.0686705503768758,28.40974150849052,47,middle,8.707332297366008
5.0,3.0,5.0,0.1,0.0,sparsemax,0.4,unconverged_or_unstable,False,-1,True,0.8647716489393616,59,0.0686682031908089,28.410272481326952,47,middle,8.707332297366008
8.0,3.0,8.0,0.1,0.0,sparsemax,0.4,stable_mixture,True,96,True,0.8647716489393616,59,0.0686705977270132,28.409730839196232,47,middle,8.707332297366008
10.0,3.0,10.0,0.1,0.0,sparsemax,0.4,unconverged_or_unstable,False,-1,True,0.9782968139554776,12,0.0520082979705261,36.279974040312496,53,middle,8.707332297366008
12.0,3.0,12.0,0.1,0.0,sparsemax,0.4,unconverged_or_unstable,False,-1,True,0.9799876286409528,12,0.0530859206460156,35.69372049910236,54,middle,8.707332297366008
13.0,3.0,13.0,0.1,0.0,sparsemax,0.4,unconverged_or_unstable,False,-1,True,0.9782968139554776,12,0.0526189124466804,35.84277294090084,53,middle,8.707332297366008
14.0,3.0,14.0,0.1,0.0,sparsemax,0.4,unconverged_or_unstable,False,-1,True,0.8647716489393616,59,0.0686705777164563,28.40973542141966,47,middle,8.707332297366008
19.0,3.0,19.0,0.1,0.0,sparsemax,0.4,unconverged_or_unstable,False,-1,True,0.8647716489393616,59,0.0686705151345245,28.40974945894731,47,middle,8.707332297366008
22.0,3.0,22.0,0.1,0.0,sparsemax,0.4,unconverged_or_unstable,False,-1,True,0.9832539636459317,12,0.053391781876233,35.800789140396894,55,middle,8.707332297366008
29.0,3.0,29.0,0.1,0.0,sparsemax,0.4,unconverged_or_unstable,False,-1,True,0.9782968139554776,12,0.0525206839381844,35.93528834533126,53,middle,8.707332297366008
30.0,3.0,30.0,0.1,0.0,sparsemax,0.4,stable_mixture,True,85,True,0.8647716489393616,59,0.0686705944433787,28.409731519260284,47,middle,8.707332297366008
34.0,3.0,34.0,0.1,0.0,sparsemax,0.4,unconverged_or_unstable,False,-1,True,0.8647716489393616,59,0.0686686305353918,28.410175949816892,47,middle,8.707332297366008
35.0,3.0,35.0,0.1,0.0,sparsemax,0.4,unconverged_or_unstable,False,-1,True,0.9765462235210643,12,0.0529598738842491,35.64613133120313,53,middle,8.707332297366008
42.0,3.0,42.0,0.1,0.0,sparsemax,0.4,unconverged_or_unstable,False,-1,True,0.9782968139554776,12,0.0521656098182513,36.198847874912786,53,middle,8.707332297366008
46.0,3.0,46.0,0.1,0.0,sparsemax,0.4,unconverged_or_unstable,False,-1,True,0.9799876286409528,12,0.0530361034733519,35.67302664668694,54,middle,8.707332297366008
47.0,3.0,47.0,0.1,0.0,sparsemax,0.4,unconverged_or_unstable,False,-1,True,0.9923735492262248,12,0.0545860173034977,36.66981994513833,56,middle,8.707332297366008
49.0,3.0,49.0,0.1,0.0,sparsemax,0.4,unconverged_or_unstable,False,-1,True,0.9255845240011912,12,0.0528477437413165,35.61265023734345,52,middle,8.707332297366008
55.0,3.0,55.0,0.1,0.0,sparsemax,0.4,unconverged_or_unstable,False,-1,True,0.8647716489393616,59,0.0686697885619179,28.409914021530145,47,middle,8.707332297366008
56.0,3.0,56.0,0.1,0.0,sparsemax,0.4,unconverged_or_unstable,False,-1,True,0.8647716489393616,59,0.0686705691258778,28.409737309402978,47,middle,8.707332297366008
61.0,3.0,61.0,0.1,0.0,sparsemax,0.4,unconverged_or_unstable,False,-1,True,0.9771451949445188,12,0.0539259348721163,36.08610995106779,55,middle,8.707332297366008
66.0,3.0,66.0,0.1,0.0,sparsemax,0.4,unconverged_or_unstable,False,-1,True,0.8647716489393616,59,0.0686705846938164,28.409733771037033,47,middle,8.707332297366008
70.0,3.0,70.0,0.1,0.0,sparsemax,0.4,unconverged_or_unstable,False,-1,True,0.8647716489393616,59,0.0686705134872414,28.409749780582047,47,middle,8.707332297366008
71.0,3.0,71.0,0.1,0.0,sparsemax,0.4,unconverged_or_unstable,False,-1,True,0.8647716489393616,59,0.0686703196829491,28.40979383002422,47,middle,8.707332297366008
72.0,3.0,72.0,0.1,0.0,sparsemax,0.4,unconverged_or_unstable,False,-1,True,0.8647716489393616,59,0.0686705786857998,28.409735128156544,47,middle,8.707332297366008
75.0,3.0,75.0,0.1,0.0,sparsemax,0.4,unconverged_or_unstable,False,-1,True,0.8647716489393616,59,0.0686701481036173,28.40983269263933,47,middle,8.707332297366008
78.0,3.0,78.0,0.1,0.0,sparsemax,0.4,unconverged_or_unstable,False,-1,True,0.8647716489393616,59,0.0686705495345314,28.409741775741963,47,middle,8.707332297366008
83.0,3.0,83.0,0.1,0.0,sparsemax,0.4,unconverged_or_unstable,False,-1,True,0.9782968139554776,12,0.0523454194304172,36.08021599472449,53,middle,8.707332297366008
84.0,3.0,84.0,0.1,0.0,sparsemax,0.4,unconverged_or_unstable,False,-1,True,0.8647716489393616,59,0.0686705644138692,28.40973846054596,47,middle,8.707332297366008
88.0,3.0,88.0,0.1,0.0,sparsemax,0.4,unconverged_or_unstable,False,-1,True,0.8647716489393616,59,0.0686705773060706,28.409735401050145,47,middle,8.707332297366008
92.0,3.0,92.0,0.1,0.0,sparsemax,0.4,unconverged_or_unstable,False,-1,True,0.9255845240011912,12,0.0528515384098411,35.61188741221618,52,middle,8.707332297366008
93.0,3.0,93.0,0.1,0.0,sparsemax,0.4,unconverged_or_unstable,False,-1,True,0.8647716489393616,59,0.0686705719920092,28.409736611478785,47,middle,8.707332297366008
97.0,3.0,97.0,0.1,0.0,sparsemax,0.4,unconverged_or_unstable,False,-1,True,0.9765462235210643,12,0.0529102011426482,35.62489770891242,53,middle,8.707332297366008
3.0,3.0,3.0,0.1,0.0,softmax,2.5,stable_mixture,True,10,True,0.0888237993094758,69,0.0104924878845712,99.95195676983964,100,high,73.16456697633235
5.0,3.0,5.0,0.1,0.0,softmax,2.5,stable_mixture,True,10,True,0.0888237993094758,69,0.0104924878845712,99.95195676983964,100,high,73.16456697633235
8.0,3.0,8.0,0.1,0.0,softmax,2.5,stable_mixture,True,10,True,0.0888237993094758,69,0.0104924878845712,99.95195676983964,100,high,73.16456697633235
10.0,3.0,10.0,0.1,0.0,softmax,2.5,stable_mixture,True,10,True,0.0888237993094758,69,0.0104924878845712,99.95195676983964,100,high,73.16456697633235
12.0,3.0,12.0,0.1,0.0,softmax,2.5,stable_mixture,True,11,True,0.0888237993094758,69,0.0104924878845712,99.95195676983964,100,high,73.16456697633235
13.0,3.0,13.0,0.1,0.0,softmax,2.5,stable_mixture,True,11,True,0.0888237993094758,69,0.0104924878845712,99.95195676983964,100,high,73.16456697633235
14.0,3.0,14.0,0.1,0.0,softmax,2.5,stable_mixture,True,11,True,0.0888237993094758,69,0.0104924878845712,99.95195676983964,100,high,73.16456697633235
19.0,3.0,19.0,0.1,0.0,softmax,2.5,stable_mixture,True,11,True,0.0888237993094758,69,0.0104924878845712,99.95195676983964,100,high,73.16456697633235
22.0,3.0,22.0,0.1,0.0,softmax,2.5,stable_mixture,True,11,True,0.0888237993094758,69,0.0104924878845712,99.95195676983964,100,high,73.16456697633235
29.0,3.0,29.0,0.1,0.0,softmax,2.5,stable_mixture,True,11,True,0.0888237993094758,69,0.0104924878845712,99.95195676983964,100,high,73.16456697633235
30.0,3.0,30.0,0.1,0.0,softmax,2.5,stable_mixture,True,10,True,0.0888237993094758,69,0.0104924878845712,99.95195676983964,100,high,73.16456697633235
34.0,3.0,34.0,0.1,0.0,softmax,2.5,stable_mixture,True,10,True,0.0888237993094758,69,0.0104924878845712,99.95195676983964,100,high,73.16456697633235
35.0,3.0,35.0,0.1,0.0,softmax,2.5,stable_mixture,True,11,True,0.0888237993094758,69,0.0104924878845712,99.95195676983964,100,high,73.16456697633235
42.0,3.0,42.0,0.1,0.0,softmax,2.5,stable_mixture,True,10,True,0.0888237993094758,69,0.0104924878845712,99.95195676983964,100,high,73.16456697633235
46.0,3.0,46.0,0.1,0.0,softmax,2.5,stable_mixture,True,10,True,0.0888237993094758,69,0.0104924878845712,99.95195676983964,100,high,73.16456697633235
47.0,3.0,47.0,0.1,0.0,softmax,2.5,stable_mixture,True,10,True,0.0888237993094758,69,0.0104924878845712,99.95195676983964,100,high,73.16456697633235
49.0,3.0,49.0,0.1,0.0,softmax,2.5,stable_mixture,True,10,True,0.0888237993094758,69,0.0104924878845712,99.95195676983964,100,high,73.16456697633235
55.0,3.0,55.0,0.1,0.0,softmax,2.5,stable_mixture,True,10,True,0.0888237993094758,69,0.0104924878845712,99.95195676983964,100,high,73.16456697633235
56.0,3.0,56.0,0.1,0.0,softmax,2.5,stable_mixture,True,10,True,0.0888237993094758,69,0.0104924878845712,99.95195676983964,100,high,73.16456697633235
61.0,3.0,61.0,0.1,0.0,softmax,2.5,stable_mixture,True,10,True,0.0888237993094758,69,0.0104924878845712,99.95195676983964,100,high,73.16456697633235
66.0,3.0,66.0,0.1,0.0,softmax,2.5,stable_mixture,True,11,True,0.0888237993094758,69,0.0104924878845712,99.95195676983964,100,high,73.16456697633235
70.0,3.0,70.0,0.1,0.0,softmax,2.5,stable_mixture,True,10,True,0.0888237993094758,69,0.0104924878845712,99.95195676983964,100,high,73.16456697633235
71.0,3.0,71.0,0.1,0.0,softmax,2.5,stable_mixture,True,10,True,0.0888237993094758,69,0.0104924878845712,99.95195676983964,100,high,73.16456697633235
72.0,3.0,72.0,0.1,0.0,softmax,2.5,stable_mixture,True,10,True,0.0888237993094758,69,0.0104924878845712,99.95195676983964,100,high,73.16456697633235
75.0,3.0,75.0,0.1,0.0,softmax,2.5,stable_mixture,True,10,True,0.0888237993094758,69,0.0104924878845712,99.95195676983964,100,high,73.16456697633235
78.0,3.0,78.0,0.1,0.0,softmax,2.5,stable_mixture,True,11,True,0.0888237993094757,69,0.0104924878845712,99.95195676983964,100,high,73.16456697633235
83.0,3.0,83.0,0.1,0.0,softmax,2.5,stable_mixture,True,10,True,0.0888237993094758,69,0.0104924878845712,99.95195676983964,100,high,73.16456697633235
84.0,3.0,84.0,0.1,0.0,softmax,2.5,stable_mixture,True,10,True,0.0888237993094758,69,0.0104924878845712,99.95195676983964,100,high,73.16456697633235
88.0,3.0,88.0,0.1,0.0,softmax,2.5,stable_mixture,True,11,True,0.0888237993094758,69,0.0104924878845712,99.95195676983964,100,high,73.16456697633235
92.0,3.0,92.0,0.1,0.0,softmax,2.5,stable_mixture,True,10,True,0.0888237993094758,69,0.0104924878845712,99.95195676983964,100,high,73.16456697633235
93.0,3.0,93.0,0.1,0.0,softmax,2.5,stable_mixture,True,11,True,0.0888237993094758,69,0.0104924878845712,99.95195676983964,100,high,73.16456697633235
97.0,3.0,97.0,0.1,0.0,softmax,2.5,stable_mixture,True,10,True,0.0888237993094758,69,0.0104924878845712,99.95195676983964,100,high,73.16456697633235
3.0,3.0,3.0,0.1,0.0,sparsemax,0.05,stable_mixture,True,12,True,0.1774229155148982,69,0.0110289866275007,99.79047351260684,100,high,73.16456697633235
5.0,3.0,5.0,0.1,0.0,sparsemax,0.05,stable_mixture,True,13,True,0.1774229155148982,69,0.0110289866275007,99.79047351260684,100,high,73.16456697633235
8.0,3.0,8.0,0.1,0.0,sparsemax,0.05,stable_mixture,True,13,True,0.1774229155148982,69,0.0110289866275007,99.79047351260684,100,high,73.16456697633235
10.0,3.0,10.0,0.1,0.0,sparsemax,0.05,stable_mixture,True,12,True,0.1774229155148982,69,0.0110289866275007,99.79047351260684,100,high,73.16456697633235
12.0,3.0,12.0,0.1,0.0,sparsemax,0.05,stable_mixture,True,13,True,0.1774229155148982,69,0.0110289866275007,99.79047351260684,100,high,73.16456697633235
13.0,3.0,13.0,0.1,0.0,sparsemax,0.05,stable_mixture,True,13,True,0.1774229155148982,69,0.0110289866275007,99.79047351260684,100,high,73.16456697633235
14.0,3.0,14.0,0.1,0.0,sparsemax,0.05,stable_mixture,True,13,True,0.1774229155148982,69,0.0110289866275007,99.79047351260684,100,high,73.16456697633235
19.0,3.0,19.0,0.1,0.0,sparsemax,0.05,stable_mixture,True,13,True,0.1774229155148982,69,0.0110289866275007,99.79047351260684,100,high,73.16456697633235
22.0,3.0,22.0,0.1,0.0,sparsemax,0.05,stable_mixture,True,13,True,0.1774229155148982,69,0.0110289866275007,99.79047351260684,100,high,73.16456697633235
29.0,3.0,29.0,0.1,0.0,sparsemax,0.05,stable_mixture,True,13,True,0.1774229155148982,69,0.0110289866275007,99.79047351260684,100,high,73.16456697633235
30.0,3.0,30.0,0.1,0.0,sparsemax,0.05,stable_mixture,True,13,True,0.1774229155148982,69,0.0110289866275007,99.79047351260684,100,high,73.16456697633235
34.0,3.0,34.0,0.1,0.0,sparsemax,0.05,stable_mixture,True,13,True,0.1774229155148982,69,0.0110289866275007,99.79047351260684,100,high,73.16456697633235
35.0,3.0,35.0,0.1,0.0,sparsemax,0.05,stable_mixture,True,13,True,0.1774229155148982,69,0.0110289866275007,99.79047351260684,100,high,73.16456697633235
42.0,3.0,42.0,0.1,0.0,sparsemax,0.05,stable_mixture,True,12,True,0.1774229155148982,69,0.0110289866275007,99.79047351260684,100,high,73.16456697633235
46.0,3.0,46.0,0.1,0.0,sparsemax,0.05,stable_mixture,True,13,True,0.1774229155148982,69,0.0110289866275007,99.79047351260684,100,high,73.16456697633235
47.0,3.0,47.0,0.1,0.0,sparsemax,0.05,stable_mixture,True,13,True,0.1774229155148982,69,0.0110289866275007,99.79047351260684,100,high,73.16456697633235
49.0,3.0,49.0,0.1,0.0,sparsemax,0.05,stable_mixture,True,13,True,0.1774229155148982,69,0.0110289866275007,99.79047351260684,100,high,73.16456697633235
55.0,3.0,55.0,0.1,0.0,sparsemax,0.05,stable_mixture,True,13,True,0.1774229155148982,69,0.0110289866275007,99.79047351260684,100,high,73.16456697633235
56.0,3.0,56.0,0.1,0.0,sparsemax,0.05,stable_mixture,True,13,True,0.1774229155148982,69,0.0110289866275007,99.79047351260684,100,high,73.16456697633235
61.0,3.0,61.0,0.1,0.0,sparsemax,0.05,stable_mixture,True,13,True,0.1774229155148982,69,0.0110289866275007,99.79047351260684,100,high,73.16456697633235
66.0,3.0,66.0,0.1,0.0,sparsemax,0.05,stable_mixture,True,13,True,0.1774229155148982,69,0.0110289866275007,99.79047351260684,100,high,73.16456697633235
70.0,3.0,70.0,0.1,0.0,sparsemax,0.05,stable_mixture,True,12,True,0.1774229155148982,69,0.0110289866275007,99.79047351260684,100,high,73.16456697633235
71.0,3.0,71.0,0.1,0.0,sparsemax,0.05,stable_mixture,True,13,True,0.1774229155148982,69,0.0110289866275007,99.79047351260684,100,high,73.16456697633235
72.0,3.0,72.0,0.1,0.0,sparsemax,0.05,stable_mixture,True,13,True,0.1774229155148982,69,0.0110289866275007,99.79047351260684,100,high,73.16456697633235
75.0,3.0,75.0,0.1,0.0,sparsemax,0.05,stable_mixture,True,12,True,0.1774229155148982,69,0.0110289866275007,99.79047351260684,100,high,73.16456697633235
78.0,3.0,78.0,0.1,0.0,sparsemax,0.05,stable_mixture,True,13,True,0.1774229155148982,69,0.0110289866275007,99.79047351260684,100,high,73.16456697633235
83.0,3.0,83.0,0.1,0.0,sparsemax,0.05,stable_mixture,True,12,True,0.1774229155148982,69,0.0110289866275007,99.79047351260684,100,high,73.16456697633235
84.0,3.0,84.0,0.1,0.0,sparsemax,0.05,stable_mixture,True,13,True,0.1774229155148982,69,0.0110289866275007,99.79047351260684,100,high,73.16456697633235
88.0,3.0,88.0,0.1,0.0,sparsemax,0.05,stable_mixture,True,13,True,0.1774229155148982,69,0.0110289866275007,99.79047351260684,100,high,73.16456697633235
92.0,3.0,92.0,0.1,0.0,sparsemax,0.05,stable_mixture,True,13,True,0.1774229155148982,69,0.0110289866275007,99.79047351260684,100,high,73.16456697633235
93.0,3.0,93.0,0.1,0.0,sparsemax,0.05,stable_mixture,True,13,True,0.1774229155148982,69,0.0110289866275007,99.79047351260684,100,high,73.16456697633235
97.0,3.0,97.0,0.1,0.0,sparsemax,0.05,stable_mixture,True,12,True,0.1774229155148982,69,0.0110289866275007,99.79047351260684,100,high,73.16456697633235
103.0,3.0,3.0,0.25,0.0,softmax,48.0,correct_memory_like,True,5,True,7.769614345708145e-16,3,1.0,1.0,1,low,1.000003652309054
105.0,3.0,5.0,0.25,0.0,softmax,48.0,correct_memory_like,True,5,True,1.5288520237533633e-15,5,1.0,1.0,1,low,1.000003652309054
108.0,3.0,8.0,0.25,0.0,softmax,48.0,correct_memory_like,True,5,True,3.2661139753321043e-15,8,1.0,1.0,1,low,1.000003652309054
110.0,3.0,10.0,0.25,0.0,softmax,48.0,correct_memory_like,True,5,True,7.65349030523021e-16,10,1.0,1.0,1,low,1.000003652309054
112.0,3.0,12.0,0.25,0.0,softmax,48.0,correct_memory_like,True,5,True,1.4852673950524106e-13,12,0.9999999999999978,1.0000000000000044,1,low,1.000003652309054
113.0,3.0,13.0,0.25,0.0,softmax,48.0,correct_memory_like,True,5,True,6.609953143790013e-15,13,1.0,1.0,1,low,1.000003652309054
114.0,3.0,14.0,0.25,0.0,softmax,48.0,correct_memory_like,True,5,True,1.5240141432802133e-15,14,1.0,1.0,1,low,1.000003652309054
119.0,3.0,19.0,0.25,0.0,softmax,48.0,correct_memory_like,True,5,True,3.737410583560648e-14,19,0.9999999999999992,1.000000000000001,1,low,1.000003652309054
122.0,3.0,22.0,0.25,0.0,softmax,48.0,correct_memory_like,True,5,True,1.641206759574815e-14,22,0.9999999999999998,1.0000000000000004,1,low,1.000003652309054
129.0,3.0,29.0,0.25,0.0,softmax,48.0,correct_memory_like,True,5,True,1.4882119040735708e-13,29,0.9999999999999978,1.0000000000000044,1,low,1.000003652309054
130.0,3.0,30.0,0.25,0.0,softmax,48.0,correct_memory_like,True,5,True,3.3693630549614844e-14,30,0.9999999999999996,1.0000000000000009,1,low,1.000003652309054
134.0,3.0,34.0,0.25,0.0,softmax,48.0,correct_memory_like,True,5,True,1.0930315695458519e-16,34,1.0,1.0,1,low,1.000003652309054
135.0,3.0,35.0,0.25,0.0,softmax,48.0,correct_memory_like,True,5,True,3.914136691659065e-15,35,1.0,1.0,1,low,1.000003652309054
142.0,3.0,42.0,0.25,0.0,softmax,48.0,correct_memory_like,True,5,True,6.4691159131897335e-15,42,1.0,1.0,1,low,1.000003652309054
146.0,3.0,46.0,0.25,0.0,softmax,48.0,correct_memory_like,True,5,True,3.3682380437194895e-14,46,0.9999999999999996,1.0000000000000009,1,low,1.000003652309054
147.0,3.0,47.0,0.25,0.0,softmax,48.0,correct_memory_like,True,5,True,1.6390206307364065e-14,47,0.9999999999999998,1.0000000000000004,1,low,1.000003652309054
149.0,3.0,49.0,0.25,0.0,softmax,48.0,correct_memory_like,True,5,True,1.5266052219445544e-15,49,1.0,1.0,1,low,1.000003652309054
155.0,3.0,55.0,0.25,0.0,softmax,48.0,correct_memory_like,True,5,True,1.509002891095474e-15,55,1.0,1.0,1,low,1.000003652309054
156.0,3.0,56.0,0.25,0.0,softmax,48.0,correct_memory_like,True,5,True,7.291991601319726e-14,56,0.9999999999999988,1.0000000000000022,1,low,1.000003652309054
161.0,3.0,61.0,0.25,0.0,softmax,48.0,correct_memory_like,True,5,True,3.191082052026981e-15,61,1.0,1.0,1,low,1.000003652309054
166.0,3.0,66.0,0.25,0.0,softmax,48.0,correct_memory_like,True,5,True,1.0557372544530407e-14,66,0.9999999999999998,1.0000000000000004,1,low,1.000003652309054
170.0,3.0,70.0,0.25,0.0,softmax,48.0,correct_memory_like,True,5,True,1.539598291543238e-15,70,1.0,1.0,1,low,1.000003652309054
171.0,3.0,71.0,0.25,0.0,softmax,48.0,correct_memory_like,True,5,True,2.15820912299624e-16,71,1.0,1.0,1,low,1.000003652309054
172.0,3.0,72.0,0.25,0.0,softmax,48.0,correct_memory_like,True,5,True,1.8283450190598632e-16,72,1.0,1.0,1,low,1.000003652309054
175.0,3.0,75.0,0.25,0.0,softmax,48.0,correct_memory_like,True,5,True,1.531416775945908e-15,75,1.0,1.0,1,low,1.000003652309054
178.0,3.0,78.0,0.25,0.0,softmax,48.0,correct_memory_like,True,5,True,3.211969092350069e-15,78,1.0,1.0,1,low,1.000003652309054
183.0,3.0,83.0,0.25,0.0,softmax,48.0,correct_memory_like,True,5,True,3.146368780686078e-15,83,1.0,1.0,1,low,1.000003652309054
184.0,3.0,84.0,0.25,0.0,softmax,48.0,correct_memory_like,True,5,True,2.806331704078307e-16,84,1.0,1.0,1,low,1.000003652309054
188.0,3.0,88.0,0.25,0.0,softmax,48.0,correct_memory_like,True,5,True,3.7476155271848283e-14,88,0.9999999999999992,1.000000000000001,1,low,1.000003652309054
192.0,3.0,92.0,0.25,0.0,softmax,48.0,correct_memory_like,True,5,True,1.4882697298057394e-13,92,0.9999999999999978,1.0000000000000044,1,low,1.000003652309054
193.0,3.0,93.0,0.25,0.0,softmax,48.0,correct_memory_like,True,5,True,3.3657027524192194e-14,93,0.9999999999999996,1.0000000000000009,1,low,1.000003652309054
197.0,3.0,97.0,0.25,0.0,softmax,48.0,correct_memory_like,True,5,True,1.4980915256620653e-15,97,1.0,1.0,1,low,1.000003652309054
103.0,3.0,3.0,0.25,0.0,sparsemax,3.75,correct_memory_like,True,5,True,0.0,3,1.0,1.0,1,low,1.000003652309054
105.0,3.0,5.0,0.25,0.0,sparsemax,3.75,correct_memory_like,True,4,True,0.0,5,1.0,1.0,1,low,1.000003652309054
108.0,3.0,8.0,0.25,0.0,sparsemax,3.75,correct_memory_like,True,5,True,0.0,8,1.0,1.0,1,low,1.000003652309054
110.0,3.0,10.0,0.25,0.0,sparsemax,3.75,correct_memory_like,True,4,True,0.0,10,1.0,1.0,1,low,1.000003652309054
112.0,3.0,12.0,0.25,0.0,sparsemax,3.75,correct_memory_like,True,4,True,0.0,12,1.0,1.0,1,low,1.000003652309054
113.0,3.0,13.0,0.25,0.0,sparsemax,3.75,correct_memory_like,True,4,True,0.0,13,1.0,1.0,1,low,1.000003652309054
114.0,3.0,14.0,0.25,0.0,sparsemax,3.75,correct_memory_like,True,5,True,0.0,14,1.0,1.0,1,low,1.000003652309054
119.0,3.0,19.0,0.25,0.0,sparsemax,3.75,correct_memory_like,True,4,True,0.0,19,1.0,1.0,1,low,1.000003652309054
122.0,3.0,22.0,0.25,0.0,sparsemax,3.75,correct_memory_like,True,5,True,0.0,22,1.0,1.0,1,low,1.000003652309054
129.0,3.0,29.0,0.25,0.0,sparsemax,3.75,correct_memory_like,True,5,True,0.0,29,1.0,1.0,1,low,1.000003652309054
130.0,3.0,30.0,0.25,0.0,sparsemax,3.75,correct_memory_like,True,4,True,0.0,30,1.0,1.0,1,low,1.000003652309054
134.0,3.0,34.0,0.25,0.0,sparsemax,3.75,correct_memory_like,True,4,True,0.0,34,1.0,1.0,1,low,1.000003652309054
135.0,3.0,35.0,0.25,0.0,sparsemax,3.75,correct_memory_like,True,5,True,0.0,35,1.0,1.0,1,low,1.000003652309054
142.0,3.0,42.0,0.25,0.0,sparsemax,3.75,correct_memory_like,True,5,True,0.0,42,1.0,1.0,1,low,1.000003652309054
146.0,3.0,46.0,0.25,0.0,sparsemax,3.75,correct_memory_like,True,5,True,0.0,46,1.0,1.0,1,low,1.000003652309054
147.0,3.0,47.0,0.25,0.0,sparsemax,3.75,correct_memory_like,True,5,True,0.0,47,1.0,1.0,1,low,1.000003652309054
149.0,3.0,49.0,0.25,0.0,sparsemax,3.75,correct_memory_like,True,5,True,0.0,49,1.0,1.0,1,low,1.000003652309054
155.0,3.0,55.0,0.25,0.0,sparsemax,3.75,correct_memory_like,True,4,True,0.0,55,1.0,1.0,1,low,1.000003652309054
156.0,3.0,56.0,0.25,0.0,sparsemax,3.75,correct_memory_like,True,4,True,0.0,56,1.0,1.0,1,low,1.000003652309054
161.0,3.0,61.0,0.25,0.0,sparsemax,3.75,correct_memory_like,True,4,True,0.0,61,1.0,1.0,1,low,1.000003652309054
166.0,3.0,66.0,0.25,0.0,sparsemax,3.75,correct_memory_like,True,5,True,0.0,66,1.0,1.0,1,low,1.000003652309054
170.0,3.0,70.0,0.25,0.0,sparsemax,3.75,correct_memory_like,True,4,True,0.0,70,1.0,1.0,1,low,1.000003652309054
171.0,3.0,71.0,0.25,0.0,sparsemax,3.75,correct_memory_like,True,4,True,0.0,71,1.0,1.0,1,low,1.000003652309054
172.0,3.0,72.0,0.25,0.0,sparsemax,3.75,correct_memory_like,True,4,True,0.0,72,1.0,1.0,1,low,1.000003652309054
175.0,3.0,75.0,0.25,0.0,sparsemax,3.75,correct_memory_like,True,4,True,0.0,75,1.0,1.0,1,low,1.000003652309054
178.0,3.0,78.0,0.25,0.0,sparsemax,3.75,correct_memory_like,True,4,True,0.0,78,1.0,1.0,1,low,1.000003652309054
183.0,3.0,83.0,0.25,0.0,sparsemax,3.75,correct_memory_like,True,4,True,0.0,83,1.0,1.0,1,low,1.000003652309054
184.0,3.0,84.0,0.25,0.0,sparsemax,3.75,correct_memory_like,True,4,True,0.0,84,1.0,1.0,1,low,1.000003652309054
188.0,3.0,88.0,0.25,0.0,sparsemax,3.75,correct_memory_like,True,5,True,0.0,88,1.0,1.0,1,low,1.000003652309054
192.0,3.0,92.0,0.25,0.0,sparsemax,3.75,correct_memory_like,True,5,True,0.0,92,1.0,1.0,1,low,1.000003652309054
193.0,3.0,93.0,0.25,0.0,sparsemax,3.75,correct_memory_like,True,5,True,0.0,93,1.0,1.0,1,low,1.000003652309054
197.0,3.0,97.0,0.25,0.0,sparsemax,3.75,correct_memory_like,True,4,True,0.0,97,1.0,1.0,1,low,1.000003652309054
103.0,3.0,3.0,0.25,0.0,softmax,3.5,stable_mixture,True,11,True,0.124436339632269,69,0.0107131311716288,99.90272865651512,100,high,78.79242488015784
105.0,3.0,5.0,0.25,0.0,softmax,3.5,stable_mixture,True,11,True,0.1244363396322691,69,0.0107131311716288,99.90272865651512,100,high,78.79242488015784
108.0,3.0,8.0,0.25,0.0,softmax,3.5,stable_mixture,True,11,True,0.124436339632269,69,0.0107131311716288,99.90272865651512,100,high,78.79242488015784
110.0,3.0,10.0,0.25,0.0,softmax,3.5,stable_mixture,True,11,True,0.124436339632269,69,0.0107131311716288,99.90272865651512,100,high,78.79242488015784
112.0,3.0,12.0,0.25,0.0,softmax,3.5,stable_mixture,True,12,True,0.1244363396322691,69,0.0107131311716288,99.90272865651512,100,high,78.79242488015784
113.0,3.0,13.0,0.25,0.0,softmax,3.5,stable_mixture,True,12,True,0.1244363396322691,69,0.0107131311716288,99.90272865651512,100,high,78.79242488015784
114.0,3.0,14.0,0.25,0.0,softmax,3.5,stable_mixture,True,11,True,0.1244363396322691,69,0.0107131311716288,99.90272865651512,100,high,78.79242488015784
119.0,3.0,19.0,0.25,0.0,softmax,3.5,stable_mixture,True,11,True,0.124436339632269,69,0.0107131311716288,99.90272865651512,100,high,78.79242488015784
122.0,3.0,22.0,0.25,0.0,softmax,3.5,stable_mixture,True,11,True,0.1244363396322691,69,0.0107131311716288,99.90272865651512,100,high,78.79242488015784
129.0,3.0,29.0,0.25,0.0,softmax,3.5,stable_mixture,True,11,True,0.1244363396322691,69,0.0107131311716288,99.90272865651512,100,high,78.79242488015784
130.0,3.0,30.0,0.25,0.0,softmax,3.5,stable_mixture,True,11,True,0.1244363396322691,69,0.0107131311716288,99.90272865651512,100,high,78.79242488015784
134.0,3.0,34.0,0.25,0.0,softmax,3.5,stable_mixture,True,11,True,0.124436339632269,69,0.0107131311716288,99.90272865651512,100,high,78.79242488015784
135.0,3.0,35.0,0.25,0.0,softmax,3.5,stable_mixture,True,12,True,0.1244363396322691,69,0.0107131311716288,99.90272865651512,100,high,78.79242488015784
142.0,3.0,42.0,0.25,0.0,softmax,3.5,stable_mixture,True,11,True,0.124436339632269,69,0.0107131311716288,99.90272865651512,100,high,78.79242488015784
146.0,3.0,46.0,0.25,0.0,softmax,3.5,stable_mixture,True,11,True,0.1244363396322691,69,0.0107131311716288,99.90272865651512,100,high,78.79242488015784
147.0,3.0,47.0,0.25,0.0,softmax,3.5,stable_mixture,True,11,True,0.1244363396322691,69,0.0107131311716288,99.90272865651512,100,high,78.79242488015784
149.0,3.0,49.0,0.25,0.0,softmax,3.5,stable_mixture,True,11,True,0.1244363396322691,69,0.0107131311716288,99.90272865651512,100,high,78.79242488015784
155.0,3.0,55.0,0.25,0.0,softmax,3.5,stable_mixture,True,11,True,0.124436339632269,69,0.0107131311716288,99.90272865651512,100,high,78.79242488015784
156.0,3.0,56.0,0.25,0.0,softmax,3.5,stable_mixture,True,11,True,0.1244363396322691,69,0.0107131311716288,99.90272865651512,100,high,78.79242488015784
161.0,3.0,61.0,0.25,0.0,softmax,3.5,stable_mixture,True,12,True,0.1244363396322691,69,0.0107131311716288,99.90272865651512,100,high,78.79242488015784
166.0,3.0,66.0,0.25,0.0,softmax,3.5,stable_mixture,True,11,True,0.1244363396322691,69,0.0107131311716288,99.90272865651512,100,high,78.79242488015784
170.0,3.0,70.0,0.25,0.0,softmax,3.5,stable_mixture,True,11,True,0.1244363396322691,69,0.0107131311716288,99.90272865651512,100,high,78.79242488015784
171.0,3.0,71.0,0.25,0.0,softmax,3.5,stable_mixture,True,11,True,0.124436339632269,69,0.0107131311716288,99.90272865651512,100,high,78.79242488015784
172.0,3.0,72.0,0.25,0.0,softmax,3.5,stable_mixture,True,11,True,0.1244363396322691,69,0.0107131311716288,99.90272865651512,100,high,78.79242488015784
175.0,3.0,75.0,0.25,0.0,softmax,3.5,stable_mixture,True,11,True,0.124436339632269,69,0.0107131311716288,99.90272865651512,100,high,78.79242488015784
178.0,3.0,78.0,0.25,0.0,softmax,3.5,stable_mixture,True,11,True,0.124436339632269,69,0.0107131311716288,99.90272865651512,100,high,78.79242488015784
183.0,3.0,83.0,0.25,0.0,softmax,3.5,stable_mixture,True,11,True,0.124436339632269,69,0.0107131311716288,99.90272865651512,100,high,78.79242488015784
184.0,3.0,84.0,0.25,0.0,softmax,3.5,stable_mixture,True,11,True,0.1244363396322691,69,0.0107131311716288,99.90272865651512,100,high,78.79242488015784
188.0,3.0,88.0,0.25,0.0,softmax,3.5,stable_mixture,True,11,True,0.124436339632269,69,0.0107131311716288,99.90272865651512,100,high,78.79242488015784
192.0,3.0,92.0,0.25,0.0,softmax,3.5,stable_mixture,True,11,True,0.1244363396322691,69,0.0107131311716288,99.90272865651512,100,high,78.79242488015784
193.0,3.0,93.0,0.25,0.0,softmax,3.5,stable_mixture,True,12,True,0.124436339632269,69,0.0107131311716288,99.90272865651512,100,high,78.79242488015784
197.0,3.0,97.0,0.25,0.0,softmax,3.5,stable_mixture,True,11,True,0.124436339632269,69,0.0107131311716288,99.90272865651512,100,high,78.79242488015784
103.0,3.0,3.0,0.25,0.0,sparsemax,0.05,stable_mixture,True,13,True,0.1774229155148982,69,0.0110289866275007,99.79047351260684,100,high,78.79242488015784
105.0,3.0,5.0,0.25,0.0,sparsemax,0.05,stable_mixture,True,13,True,0.1774229155148982,69,0.0110289866275007,99.79047351260684,100,high,78.79242488015784
108.0,3.0,8.0,0.25,0.0,sparsemax,0.05,stable_mixture,True,13,True,0.1774229155148982,69,0.0110289866275007,99.79047351260684,100,high,78.79242488015784
110.0,3.0,10.0,0.25,0.0,sparsemax,0.05,stable_mixture,True,13,True,0.1774229155148982,69,0.0110289866275007,99.79047351260684,100,high,78.79242488015784
112.0,3.0,12.0,0.25,0.0,sparsemax,0.05,stable_mixture,True,13,True,0.1774229155148982,69,0.0110289866275007,99.79047351260684,100,high,78.79242488015784
113.0,3.0,13.0,0.25,0.0,sparsemax,0.05,stable_mixture,True,13,True,0.1774229155148982,69,0.0110289866275007,99.79047351260684,100,high,78.79242488015784
114.0,3.0,14.0,0.25,0.0,sparsemax,0.05,stable_mixture,True,13,True,0.1774229155148982,69,0.0110289866275007,99.79047351260684,100,high,78.79242488015784
119.0,3.0,19.0,0.25,0.0,sparsemax,0.05,stable_mixture,True,12,True,0.1774229155148982,69,0.0110289866275007,99.79047351260684,100,high,78.79242488015784
122.0,3.0,22.0,0.25,0.0,sparsemax,0.05,stable_mixture,True,13,True,0.1774229155148982,69,0.0110289866275007,99.79047351260684,100,high,78.79242488015784
129.0,3.0,29.0,0.25,0.0,sparsemax,0.05,stable_mixture,True,13,True,0.1774229155148982,69,0.0110289866275007,99.79047351260684,100,high,78.79242488015784
130.0,3.0,30.0,0.25,0.0,sparsemax,0.05,stable_mixture,True,12,True,0.1774229155148982,69,0.0110289866275007,99.79047351260684,100,high,78.79242488015784
134.0,3.0,34.0,0.25,0.0,sparsemax,0.05,stable_mixture,True,12,True,0.1774229155148982,69,0.0110289866275007,99.79047351260684,100,high,78.79242488015784
135.0,3.0,35.0,0.25,0.0,sparsemax,0.05,stable_mixture,True,13,True,0.1774229155148982,69,0.0110289866275007,99.79047351260684,100,high,78.79242488015784
142.0,3.0,42.0,0.25,0.0,sparsemax,0.05,stable_mixture,True,12,True,0.1774229155148982,69,0.0110289866275007,99.79047351260684,100,high,78.79242488015784
146.0,3.0,46.0,0.25,0.0,sparsemax,0.05,stable_mixture,True,13,True,0.1774229155148982,69,0.0110289866275007,99.79047351260684,100,high,78.79242488015784
147.0,3.0,47.0,0.25,0.0,sparsemax,0.05,stable_mixture,True,13,True,0.1774229155148982,69,0.0110289866275007,99.79047351260684,100,high,78.79242488015784
149.0,3.0,49.0,0.25,0.0,sparsemax,0.05,stable_mixture,True,13,True,0.1774229155148982,69,0.0110289866275007,99.79047351260684,100,high,78.79242488015784
155.0,3.0,55.0,0.25,0.0,sparsemax,0.05,stable_mixture,True,12,True,0.1774229155148982,69,0.0110289866275007,99.79047351260684,100,high,78.79242488015784
156.0,3.0,56.0,0.25,0.0,sparsemax,0.05,stable_mixture,True,13,True,0.1774229155148982,69,0.0110289866275007,99.79047351260684,100,high,78.79242488015784
161.0,3.0,61.0,0.25,0.0,sparsemax,0.05,stable_mixture,True,13,True,0.1774229155148982,69,0.0110289866275007,99.79047351260684,100,high,78.79242488015784
166.0,3.0,66.0,0.25,0.0,sparsemax,0.05,stable_mixture,True,12,True,0.1774229155148982,69,0.0110289866275007,99.79047351260684,100,high,78.79242488015784
170.0,3.0,70.0,0.25,0.0,sparsemax,0.05,stable_mixture,True,13,True,0.1774229155148982,69,0.0110289866275007,99.79047351260684,100,high,78.79242488015784
171.0,3.0,71.0,0.25,0.0,sparsemax,0.05,stable_mixture,True,12,True,0.1774229155148982,69,0.0110289866275007,99.79047351260684,100,high,78.79242488015784
172.0,3.0,72.0,0.25,0.0,sparsemax,0.05,stable_mixture,True,13,True,0.1774229155148982,69,0.0110289866275007,99.79047351260684,100,high,78.79242488015784
175.0,3.0,75.0,0.25,0.0,sparsemax,0.05,stable_mixture,True,13,True,0.1774229155148982,69,0.0110289866275007,99.79047351260684,100,high,78.79242488015784
178.0,3.0,78.0,0.25,0.0,sparsemax,0.05,stable_mixture,True,13,True,0.1774229155148982,69,0.0110289866275007,99.79047351260684,100,high,78.79242488015784
183.0,3.0,83.0,0.25,0.0,sparsemax,0.05,stable_mixture,True,13,True,0.1774229155148982,69,0.0110289866275007,99.79047351260684,100,high,78.79242488015784
184.0,3.0,84.0,0.25,0.0,sparsemax,0.05,stable_mixture,True,13,True,0.1774229155148982,69,0.0110289866275007,99.79047351260684,100,high,78.79242488015784
188.0,3.0,88.0,0.25,0.0,sparsemax,0.05,stable_mixture,True,13,True,0.1774229155148982,69,0.0110289866275007,99.79047351260684,100,high,78.79242488015784
192.0,3.0,92.0,0.25,0.0,sparsemax,0.05,stable_mixture,True,12,True,0.1774229155148982,69,0.0110289866275007,99.79047351260684,100,high,78.79242488015784
193.0,3.0,93.0,0.25,0.0,sparsemax,0.05,stable_mixture,True,13,True,0.1774229155148982,69,0.0110289866275007,99.79047351260684,100,high,78.79242488015784
197.0,3.0,97.0,0.25,0.0,sparsemax,0.05,stable_mixture,True,12,True,0.1774229155148982,69,0.0110289866275007,99.79047351260684,100,high,78.79242488015784
203.0,3.0,3.0,0.4,0.0,softmax,48.0,other_stored_memory_like,True,6,True,6.609953143790013e-15,13,1.0,1.0,1,low,2.824340786677101
205.0,3.0,5.0,0.4,0.0,softmax,48.0,correct_memory_like,True,6,True,1.5288520237533633e-15,5,1.0,1.0,1,low,2.824340786677101
208.0,3.0,8.0,0.4,0.0,softmax,48.0,other_stored_memory_like,True,7,True,1.075442420118628e-14,65,0.9999999999999998,1.0000000000000004,1,low,2.824340786677101
210.0,3.0,10.0,0.4,0.0,softmax,48.0,other_stored_memory_like,True,7,True,2.806331704078307e-16,84,1.0,1.0,1,low,2.824340786677101
212.0,3.0,12.0,0.4,0.0,softmax,48.0,other_stored_memory_like,True,5,True,7.279170939041727e-14,4,0.9999999999999988,1.0000000000000022,1,low,2.824340786677101
213.0,3.0,13.0,0.4,0.0,softmax,48.0,other_stored_memory_like,True,6,True,6.4691159131897335e-15,42,1.0,1.0,1,low,2.824340786677101
214.0,3.0,14.0,0.4,0.0,softmax,48.0,other_stored_memory_like,True,5,True,1.637692115268353e-14,17,0.9999999999999998,1.0000000000000004,1,low,2.824340786677101
219.0,3.0,19.0,0.4,0.0,softmax,48.0,correct_memory_like,True,6,True,3.737410583560648e-14,19,0.9999999999999992,1.000000000000001,1,low,2.824340786677101
222.0,3.0,22.0,0.4,0.0,softmax,48.0,other_stored_memory_like,True,6,True,5.150421828645979e-16,68,1.0,1.0,1,low,2.824340786677101
229.0,3.0,29.0,0.4,0.0,softmax,48.0,other_stored_memory_like,True,5,True,3.737410583560648e-14,19,0.9999999999999992,1.000000000000001,1,low,2.824340786677101
230.0,3.0,30.0,0.4,0.0,softmax,48.0,other_stored_memory_like,True,5,True,1.0424085269472972e-14,31,0.9999999999999998,1.0000000000000004,1,low,2.824340786677101
234.0,3.0,34.0,0.4,0.0,softmax,48.0,correct_memory_like,True,6,True,1.0930315695458519e-16,34,1.0,1.0,1,low,2.824340786677101
235.0,3.0,35.0,0.4,0.0,softmax,48.0,correct_memory_like,True,6,True,3.914136691659065e-15,35,1.0,1.0,1,low,2.824340786677101
242.0,3.0,42.0,0.4,0.0,softmax,48.0,other_stored_memory_like,True,5,True,7.291991601319726e-14,56,0.9999999999999988,1.0000000000000022,1,low,2.824340786677101
246.0,3.0,46.0,0.4,0.0,softmax,48.0,other_stored_memory_like,True,6,True,3.3657027524192194e-14,93,0.9999999999999996,1.0000000000000009,1,low,2.824340786677101
247.0,3.0,47.0,0.4,0.0,softmax,48.0,other_stored_memory_like,True,5,True,2.806331704078307e-16,84,1.0,1.0,1,low,2.824340786677101
249.0,3.0,49.0,0.4,0.0,softmax,48.0,other_stored_memory_like,True,6,True,2.7198176844222596e-12,28,0.9999999999999556,1.0000000000000888,1,low,2.824340786677101
255.0,3.0,55.0,0.4,0.0,softmax,48.0,other_stored_memory_like,True,5,True,3.3682380437194895e-14,46,0.9999999999999996,1.0000000000000009,1,low,2.824340786677101
256.0,3.0,56.0,0.4,0.0,softmax,48.0,other_stored_memory_like,True,6,True,1.738497786456236e-16,63,1.0,1.0,1,low,2.824340786677101
261.0,3.0,61.0,0.4,0.0,softmax,48.0,other_stored_memory_like,True,6,True,8.02791858222794e-14,94,0.9999999999999984,1.000000000000003,1,low,2.824340786677101
266.0,3.0,66.0,0.4,0.0,softmax,48.0,correct_memory_like,True,6,True,1.0557372544530407e-14,66,0.9999999999999998,1.0000000000000004,1,low,2.824340786677101
270.0,3.0,70.0,0.4,0.0,softmax,48.0,other_stored_memory_like,True,6,True,1.0099372437435204e-14,52,0.9999999999999998,1.0000000000000004,1,low,2.824340786677101
271.0,3.0,71.0,0.4,0.0,softmax,48.0,other_stored_memory_like,True,5,True,3.1315174566834636e-15,0,1.0,1.0,1,low,2.824340786677101
272.0,3.0,72.0,0.4,0.0,softmax,48.0,other_stored_memory_like,True,5,True,1.0557372544530407e-14,66,0.9999999999999998,1.0000000000000004,1,low,2.824340786677101
275.0,3.0,75.0,0.4,0.0,softmax,48.0,correct_memory_like,True,6,True,1.531416775945908e-15,75,1.0,1.0,1,low,2.824340786677101
278.0,3.0,78.0,0.4,0.0,softmax,48.0,correct_memory_like,True,7,True,3.211969092350069e-15,78,1.0,1.0,1,low,2.824340786677101
283.0,3.0,83.0,0.4,0.0,softmax,48.0,other_stored_memory_like,True,5,True,3.2661139753321043e-15,8,1.0,1.0,1,low,2.824340786677101
284.0,3.0,84.0,0.4,0.0,softmax,48.0,other_stored_memory_like,True,6,True,3.1586315900177386e-15,73,1.0,1.0,1,low,2.824340786677101
288.0,3.0,88.0,0.4,0.0,softmax,48.0,correct_memory_like,True,6,True,3.7476155271848283e-14,88,0.9999999999999992,1.000000000000001,1,low,2.824340786677101
292.0,3.0,92.0,0.4,0.0,softmax,48.0,other_stored_memory_like,True,5,True,1.5288520237533633e-15,5,1.0,1.0,1,low,2.824340786677101
293.0,3.0,93.0,0.4,0.0,softmax,48.0,correct_memory_like,True,6,True,3.3657027524192194e-14,93,0.9999999999999996,1.0000000000000009,1,low,2.824340786677101
297.0,3.0,97.0,0.4,0.0,softmax,48.0,other_stored_memory_like,True,6,True,7.304177019027581e-16,86,1.0,1.0,1,low,2.824340786677101
203.0,3.0,3.0,0.4,0.0,sparsemax,8.0,other_stored_memory_like,True,6,True,0.0,13,1.0,1.0,1,low,2.824340786677101
205.0,3.0,5.0,0.4,0.0,sparsemax,8.0,correct_memory_like,True,5,True,0.0,5,1.0,1.0,1,low,2.824340786677101
208.0,3.0,8.0,0.4,0.0,sparsemax,8.0,other_stored_memory_like,True,7,True,0.0,65,1.0,1.0,1,low,2.824340786677101
210.0,3.0,10.0,0.4,0.0,sparsemax,8.0,other_stored_memory_like,True,7,True,0.0,84,1.0,1.0,1,low,2.824340786677101
212.0,3.0,12.0,0.4,0.0,sparsemax,8.0,other_stored_memory_like,True,4,True,0.0,4,1.0,1.0,1,low,2.824340786677101
213.0,3.0,13.0,0.4,0.0,sparsemax,8.0,other_stored_memory_like,True,5,True,0.0,42,1.0,1.0,1,low,2.824340786677101
214.0,3.0,14.0,0.4,0.0,sparsemax,8.0,other_stored_memory_like,True,5,True,0.0,17,1.0,1.0,1,low,2.824340786677101
219.0,3.0,19.0,0.4,0.0,sparsemax,8.0,correct_memory_like,True,6,True,0.0,19,1.0,1.0,1,low,2.824340786677101
222.0,3.0,22.0,0.4,0.0,sparsemax,8.0,other_stored_memory_like,True,6,True,0.0,68,1.0,1.0,1,low,2.824340786677101
229.0,3.0,29.0,0.4,0.0,sparsemax,8.0,other_stored_memory_like,True,5,True,0.0,19,1.0,1.0,1,low,2.824340786677101
230.0,3.0,30.0,0.4,0.0,sparsemax,8.0,other_stored_memory_like,True,5,True,0.0,31,1.0,1.0,1,low,2.824340786677101
234.0,3.0,34.0,0.4,0.0,sparsemax,8.0,correct_memory_like,True,6,True,0.0,34,1.0,1.0,1,low,2.824340786677101
235.0,3.0,35.0,0.4,0.0,sparsemax,8.0,correct_memory_like,True,6,True,0.0,35,1.0,1.0,1,low,2.824340786677101
242.0,3.0,42.0,0.4,0.0,sparsemax,8.0,other_stored_memory_like,True,5,True,0.0,56,1.0,1.0,1,low,2.824340786677101
246.0,3.0,46.0,0.4,0.0,sparsemax,8.0,other_stored_memory_like,True,5,True,0.0,93,1.0,1.0,1,low,2.824340786677101
247.0,3.0,47.0,0.4,0.0,sparsemax,8.0,other_stored_memory_like,True,5,True,0.0,84,1.0,1.0,1,low,2.824340786677101
249.0,3.0,49.0,0.4,0.0,sparsemax,8.0,other_stored_memory_like,True,6,True,0.0,28,1.0,1.0,1,low,2.824340786677101
255.0,3.0,55.0,0.4,0.0,sparsemax,8.0,other_stored_memory_like,True,5,True,0.0,46,1.0,1.0,1,low,2.824340786677101
256.0,3.0,56.0,0.4,0.0,sparsemax,8.0,other_stored_memory_like,True,6,True,0.0,63,1.0,1.0,1,low,2.824340786677101
261.0,3.0,61.0,0.4,0.0,sparsemax,8.0,other_stored_memory_like,True,5,True,0.0,94,1.0,1.0,1,low,2.824340786677101
266.0,3.0,66.0,0.4,0.0,sparsemax,8.0,correct_memory_like,True,6,True,0.0,66,1.0,1.0,1,low,2.824340786677101
270.0,3.0,70.0,0.4,0.0,sparsemax,8.0,other_stored_memory_like,True,5,True,0.0,52,1.0,1.0,1,low,2.824340786677101
271.0,3.0,71.0,0.4,0.0,sparsemax,8.0,other_stored_memory_like,True,5,True,0.0,0,1.0,1.0,1,low,2.824340786677101
272.0,3.0,72.0,0.4,0.0,sparsemax,8.0,other_stored_memory_like,True,5,True,0.0,66,1.0,1.0,1,low,2.824340786677101
275.0,3.0,75.0,0.4,0.0,sparsemax,8.0,correct_memory_like,True,5,True,0.0,75,1.0,1.0,1,low,2.824340786677101
278.0,3.0,78.0,0.4,0.0,sparsemax,8.0,other_stored_memory_like,True,8,True,0.0,51,1.0,1.0,1,low,2.824340786677101
283.0,3.0,83.0,0.4,0.0,sparsemax,8.0,other_stored_memory_like,True,5,True,0.0,8,1.0,1.0,1,low,2.824340786677101
284.0,3.0,84.0,0.4,0.0,sparsemax,8.0,other_stored_memory_like,True,6,True,0.0,73,1.0,1.0,1,low,2.824340786677101
288.0,3.0,88.0,0.4,0.0,sparsemax,8.0,correct_memory_like,True,6,True,0.0,88,1.0,1.0,1,low,2.824340786677101
292.0,3.0,92.0,0.4,0.0,sparsemax,8.0,other_stored_memory_like,True,5,True,0.0,5,1.0,1.0,1,low,2.824340786677101
293.0,3.0,93.0,0.4,0.0,sparsemax,8.0,correct_memory_like,True,5,True,0.0,93,1.0,1.0,1,low,2.824340786677101
297.0,3.0,97.0,0.4,0.0,sparsemax,8.0,other_stored_memory_like,True,6,True,0.0,86,1.0,1.0,1,low,2.824340786677101
203.0,3.0,3.0,0.4,0.0,softmax,19.0,other_stored_memory_like,True,10,True,3.842471365070335e-05,13,0.9999974623343828,1.0000050753501464,100,middle,15.279073017755698
205.0,3.0,5.0,0.4,0.0,softmax,19.0,stable_mixture,True,43,True,0.69835554106496,69,0.0195131226505936,93.92052699247644,100,middle,15.279073017755698
208.0,3.0,8.0,0.4,0.0,softmax,19.0,other_stored_memory_like,True,11,True,4.08944582332022e-05,33,0.9999972350043804,1.000005530013823,100,middle,15.279073017755698
210.0,3.0,10.0,0.4,0.0,softmax,19.0,other_stored_memory_like,True,10,True,2.9156643448291187e-05,84,0.9999981724136788,1.0000036551825695,100,middle,15.279073017755698
212.0,3.0,12.0,0.4,0.0,softmax,19.0,other_stored_memory_like,True,6,True,4.932333023614778e-05,4,0.9999969038702348,1.000006192286738,100,middle,15.279073017755698
213.0,3.0,13.0,0.4,0.0,softmax,19.0,stable_mixture,True,42,True,0.69835554106496,69,0.0195131226505936,93.92052699247648,100,middle,15.279073017755698
214.0,3.0,14.0,0.4,0.0,softmax,19.0,other_stored_memory_like,True,7,True,3.956236129597177e-05,17,0.9999974650146808,1.0000050699893606,100,middle,15.279073017755698
219.0,3.0,19.0,0.4,0.0,softmax,19.0,correct_memory_like,True,10,True,5.0878089979877576e-05,19,0.99999662768783,1.00000674465713,100,middle,15.279073017755698
222.0,3.0,22.0,0.4,0.0,softmax,19.0,stable_mixture,True,47,True,0.6983555410649605,69,0.0195131226505936,93.92052699247644,100,middle,15.279073017755698
229.0,3.0,29.0,0.4,0.0,softmax,19.0,other_stored_memory_like,True,7,True,5.0878089979877576e-05,19,0.99999662768783,1.00000674465713,100,middle,15.279073017755698
230.0,3.0,30.0,0.4,0.0,softmax,19.0,other_stored_memory_like,True,9,True,3.849194340982591e-05,31,0.999997455122596,1.0000050897737642,100,middle,15.279073017755698
234.0,3.0,34.0,0.4,0.0,softmax,19.0,stable_mixture,True,39,True,0.6983555410649596,69,0.0195131226505936,93.92052699247644,100,middle,15.279073017755698
235.0,3.0,35.0,0.4,0.0,softmax,19.0,correct_memory_like,True,9,True,4.114347225425149e-05,35,0.9999972590061672,1.0000054820097817,100,middle,15.279073017755698
242.0,3.0,42.0,0.4,0.0,softmax,19.0,other_stored_memory_like,True,8,True,4.1797455453365675e-05,56,0.999997604980864,1.00000479005405,100,middle,15.279073017755698
246.0,3.0,46.0,0.4,0.0,softmax,19.0,other_stored_memory_like,True,8,True,4.58043054266181e-05,93,0.9999970491359932,1.0000059017531862,100,middle,15.279073017755698
247.0,3.0,47.0,0.4,0.0,softmax,19.0,other_stored_memory_like,True,7,True,2.9156643448291187e-05,84,0.9999981724136788,1.0000036551825695,100,middle,15.279073017755698
249.0,3.0,49.0,0.4,0.0,softmax,19.0,other_stored_memory_like,True,11,True,0.0001416184311679,28,0.99999225005996,1.0000155000328803,100,middle,15.279073017755698
255.0,3.0,55.0,0.4,0.0,softmax,19.0,other_stored_memory_like,True,8,True,4.32162954283705e-05,46,0.9999972358158312,1.0000055283903648,100,middle,15.279073017755698
256.0,3.0,56.0,0.4,0.0,softmax,19.0,other_stored_memory_like,True,9,True,2.124423966506408e-05,63,0.9999987244277494,1.0000025511493302,100,middle,15.279073017755698
261.0,3.0,61.0,0.4,0.0,softmax,19.0,other_stored_memory_like,True,12,True,5.357246016944331e-05,94,0.9999965691049916,1.0000068618231004,100,middle,15.279073017755698
266.0,3.0,66.0,0.4,0.0,softmax,19.0,stable_mixture,True,45,True,0.69835554106496,69,0.0195131226505936,93.9205269924764,100,middle,15.279073017755698
270.0,3.0,70.0,0.4,0.0,softmax,19.0,other_stored_memory_like,True,10,True,3.4746389486310644e-05,52,0.9999977333555108,1.0000045333039174,100,middle,15.279073017755698
271.0,3.0,71.0,0.4,0.0,softmax,19.0,other_stored_memory_like,True,8,True,2.8848149997370372e-05,0,0.999998161108566,1.0000036777927577,100,middle,15.279073017755698
272.0,3.0,72.0,0.4,0.0,softmax,19.0,other_stored_memory_like,True,8,True,3.644937517405435e-05,66,0.9999976086001012,1.000004782816556,100,middle,15.279073017755698
275.0,3.0,75.0,0.4,0.0,softmax,19.0,stable_mixture,True,43,True,0.6983555410649598,69,0.0195131226505936,93.92052699247648,100,middle,15.279073017755698
278.0,3.0,78.0,0.4,0.0,softmax,19.0,stable_mixture,True,45,True,0.6983555410649602,69,0.0195131226505936,93.92052699247648,100,middle,15.279073017755698
283.0,3.0,83.0,0.4,0.0,softmax,19.0,other_stored_memory_like,True,7,True,3.280436463604767e-05,8,0.9999979128876544,1.0000041742374954,100,middle,15.279073017755698
284.0,3.0,84.0,0.4,0.0,softmax,19.0,stable_mixture,True,39,True,0.6983555410649602,69,0.0195131226505936,93.92052699247644,100,middle,15.279073017755698
288.0,3.0,88.0,0.4,0.0,softmax,19.0,stable_mixture,True,49,True,0.6983555410649605,69,0.0195131226505936,93.92052699247644,100,middle,15.279073017755698
292.0,3.0,92.0,0.4,0.0,softmax,19.0,other_stored_memory_like,True,8,True,3.063745158358629e-05,5,0.999998056261996,1.000003887487186,100,middle,15.279073017755698
293.0,3.0,93.0,0.4,0.0,softmax,19.0,stable_mixture,True,43,True,0.6983555410649598,69,0.0195131226505936,93.92052699247644,100,middle,15.279073017755698
297.0,3.0,97.0,0.4,0.0,softmax,19.0,stable_mixture,True,43,True,0.6983555410649605,69,0.0195131226505936,93.92052699247648,100,middle,15.279073017755698
203.0,3.0,3.0,0.4,0.0,sparsemax,0.75,unconverged_or_unstable,False,-1,True,0.8726337424290096,16,0.2043131796252173,7.084254305896373,9,middle,15.279073017755698
205.0,3.0,5.0,0.4,0.0,sparsemax,0.75,unconverged_or_unstable,False,-1,True,0.9225770428746892,19,0.2303943033202029,6.00403747227462,11,middle,15.279073017755698
208.0,3.0,8.0,0.4,0.0,sparsemax,0.75,unconverged_or_unstable,False,-1,True,0.8995749846670057,79,0.2317821236832451,6.103726127939887,8,middle,15.279073017755698
210.0,3.0,10.0,0.4,0.0,sparsemax,0.75,unconverged_or_unstable,False,-1,True,0.9381226057502507,82,0.2068421670160284,7.26833921461939,10,middle,15.279073017755698
212.0,3.0,12.0,0.4,0.0,sparsemax,0.75,unconverged_or_unstable,False,-1,True,0.8786580880635287,29,0.234772668820046,5.821709207954669,9,middle,15.279073017755698
213.0,3.0,13.0,0.4,0.0,sparsemax,0.75,unconverged_or_unstable,False,-1,True,0.9947419995932258,69,0.2255268425539637,6.696535526602883,8,middle,15.279073017755698
214.0,3.0,14.0,0.4,0.0,sparsemax,0.75,stable_mixture,True,70,True,0.7651420796848601,59,0.2785455412483693,4.743755065544375,6,middle,15.279073017755698
219.0,3.0,19.0,0.4,0.0,sparsemax,0.75,unconverged_or_unstable,False,-1,True,0.9225770428746892,19,0.2303899692686304,6.004249962976271,11,middle,15.279073017755698
222.0,3.0,22.0,0.4,0.0,sparsemax,0.75,unconverged_or_unstable,False,-1,True,0.8795261363210438,44,0.221221818239928,6.452129869975639,9,middle,15.279073017755698
229.0,3.0,29.0,0.4,0.0,sparsemax,0.75,unconverged_or_unstable,False,-1,True,0.8786580880635287,29,0.2306119760272849,5.850782753399143,9,middle,15.279073017755698
230.0,3.0,30.0,0.4,0.0,sparsemax,0.75,stable_mixture,True,67,True,0.7651420796848601,59,0.2785455412492273,4.743755065527634,6,middle,15.279073017755698
234.0,3.0,34.0,0.4,0.0,sparsemax,0.75,unconverged_or_unstable,False,-1,True,0.9381226057502507,82,0.1972935246407136,7.334280853162762,10,middle,15.279073017755698
235.0,3.0,35.0,0.4,0.0,sparsemax,0.75,unconverged_or_unstable,False,-1,True,0.8786580880635287,29,0.2347994495178017,5.820437184535245,9,middle,15.279073017755698
242.0,3.0,42.0,0.4,0.0,sparsemax,0.75,unconverged_or_unstable,False,-1,True,0.9225770428746892,19,0.2303914278114705,6.0042106444990955,11,middle,15.279073017755698
246.0,3.0,46.0,0.4,0.0,sparsemax,0.75,unconverged_or_unstable,False,-1,True,0.9537154089402362,33,0.1946198863037067,7.2368844696629555,10,middle,15.279073017755698
247.0,3.0,47.0,0.4,0.0,sparsemax,0.75,unconverged_or_unstable,False,-1,True,0.9503434989593542,36,0.1824028212443767,8.760982612598783,12,middle,15.279073017755698
249.0,3.0,49.0,0.4,0.0,sparsemax,0.75,unconverged_or_unstable,False,-1,True,0.9225770428746892,19,0.2303845947422602,6.00447433242657,11,middle,15.279073017755698
255.0,3.0,55.0,0.4,0.0,sparsemax,0.75,unconverged_or_unstable,False,-1,True,0.8795261363210438,44,0.2212225026132335,6.4521129650416595,9,middle,15.279073017755698
256.0,3.0,56.0,0.4,0.0,sparsemax,0.75,stable_mixture,True,67,True,0.7651420796848601,59,0.2785455412492055,4.74375506552806,6,middle,15.279073017755698
261.0,3.0,61.0,0.4,0.0,sparsemax,0.75,unconverged_or_unstable,False,-1,True,0.8786580880635287,29,0.2347957700511823,5.820567765708663,9,middle,15.279073017755698
266.0,3.0,66.0,0.4,0.0,sparsemax,0.75,unconverged_or_unstable,False,-1,True,0.9225770428746892,19,0.2303917977126421,6.00415811018579,11,middle,15.279073017755698
270.0,3.0,70.0,0.4,0.0,sparsemax,0.75,unconverged_or_unstable,False,-1,True,0.9939761717104548,82,0.2258842382456868,7.07911747335768,11,middle,15.279073017755698
271.0,3.0,71.0,0.4,0.0,sparsemax,0.75,unconverged_or_unstable,False,-1,True,0.8786580880635287,29,0.2349663205151155,5.81291845628286,9,middle,15.279073017755698
272.0,3.0,72.0,0.4,0.0,sparsemax,0.75,stable_mixture,True,64,True,0.7651420796848601,59,0.2785455412496633,4.7437550655191245,6,middle,15.279073017755698
275.0,3.0,75.0,0.4,0.0,sparsemax,0.75,unconverged_or_unstable,False,-1,True,0.8726337424290096,16,0.2043129513940273,7.084253223967272,9,middle,15.279073017755698
278.0,3.0,78.0,0.4,0.0,sparsemax,0.75,unconverged_or_unstable,False,-1,True,0.8988502497605494,78,0.1757872953256617,8.086040274572383,11,middle,15.279073017755698
283.0,3.0,83.0,0.4,0.0,sparsemax,0.75,stable_mixture,True,72,True,0.7651420796848601,59,0.2785455412472876,4.74375506556548,6,middle,15.279073017755698
284.0,3.0,84.0,0.4,0.0,sparsemax,0.75,unconverged_or_unstable,False,-1,True,0.9537154089402362,33,0.1945055181668346,7.229652523058415,10,middle,15.279073017755698
288.0,3.0,88.0,0.4,0.0,sparsemax,0.75,stable_mixture,True,73,True,0.7651420796848601,59,0.278545541246786,4.743755065575274,6,middle,15.279073017755698
292.0,3.0,92.0,0.4,0.0,sparsemax,0.75,unconverged_or_unstable,False,-1,True,0.8995749846670057,79,0.2317817375435932,6.103877022070967,8,middle,15.279073017755698
293.0,3.0,93.0,0.4,0.0,sparsemax,0.75,unconverged_or_unstable,False,-1,True,0.9551687004791132,29,0.2350392226918562,5.810460360849137,10,middle,15.279073017755698
297.0,3.0,97.0,0.4,0.0,sparsemax,0.75,unconverged_or_unstable,False,-1,True,0.8795261363210438,44,0.2212225399797982,6.452112259479779,9,middle,15.279073017755698
203.0,3.0,3.0,0.4,0.0,softmax,5.0,stable_mixture,True,13,True,0.1779791942449372,69,0.0110744434873342,99.79122320858706,100,high,82.44553817584185
205.0,3.0,5.0,0.4,0.0,softmax,5.0,stable_mixture,True,12,True,0.1779791942449373,69,0.0110744434873342,99.79122320858706,100,high,82.44553817584185
208.0,3.0,8.0,0.4,0.0,softmax,5.0,stable_mixture,True,12,True,0.1779791942449373,69,0.0110744434873342,99.79122320858706,100,high,82.44553817584185
210.0,3.0,10.0,0.4,0.0,softmax,5.0,stable_mixture,True,13,True,0.1779791942449373,69,0.0110744434873342,99.79122320858706,100,high,82.44553817584185
212.0,3.0,12.0,0.4,0.0,softmax,5.0,stable_mixture,True,13,True,0.1779791942449372,69,0.0110744434873342,99.79122320858706,100,high,82.44553817584185
213.0,3.0,13.0,0.4,0.0,softmax,5.0,stable_mixture,True,12,True,0.1779791942449373,69,0.0110744434873342,99.79122320858706,100,high,82.44553817584185
214.0,3.0,14.0,0.4,0.0,softmax,5.0,stable_mixture,True,12,True,0.1779791942449373,69,0.0110744434873342,99.79122320858706,100,high,82.44553817584185
219.0,3.0,19.0,0.4,0.0,softmax,5.0,stable_mixture,True,13,True,0.1779791942449374,69,0.0110744434873342,99.79122320858704,100,high,82.44553817584185
222.0,3.0,22.0,0.4,0.0,softmax,5.0,stable_mixture,True,13,True,0.1779791942449373,69,0.0110744434873342,99.79122320858704,100,high,82.44553817584185
229.0,3.0,29.0,0.4,0.0,softmax,5.0,stable_mixture,True,13,True,0.1779791942449373,69,0.0110744434873342,99.79122320858706,100,high,82.44553817584185
230.0,3.0,30.0,0.4,0.0,softmax,5.0,stable_mixture,True,13,True,0.1779791942449373,69,0.0110744434873342,99.79122320858706,100,high,82.44553817584185
234.0,3.0,34.0,0.4,0.0,softmax,5.0,stable_mixture,True,12,True,0.1779791942449373,69,0.0110744434873342,99.79122320858706,100,high,82.44553817584185
235.0,3.0,35.0,0.4,0.0,softmax,5.0,stable_mixture,True,13,True,0.1779791942449373,69,0.0110744434873342,99.79122320858706,100,high,82.44553817584185
242.0,3.0,42.0,0.4,0.0,softmax,5.0,stable_mixture,True,12,True,0.1779791942449373,69,0.0110744434873342,99.79122320858706,100,high,82.44553817584185
246.0,3.0,46.0,0.4,0.0,softmax,5.0,stable_mixture,True,12,True,0.1779791942449373,69,0.0110744434873342,99.79122320858706,100,high,82.44553817584185
247.0,3.0,47.0,0.4,0.0,softmax,5.0,stable_mixture,True,13,True,0.1779791942449372,69,0.0110744434873342,99.79122320858706,100,high,82.44553817584185
249.0,3.0,49.0,0.4,0.0,softmax,5.0,stable_mixture,True,12,True,0.1779791942449375,69,0.0110744434873342,99.79122320858704,100,high,82.44553817584185
255.0,3.0,55.0,0.4,0.0,softmax,5.0,stable_mixture,True,12,True,0.1779791942449373,69,0.0110744434873342,99.79122320858706,100,high,82.44553817584185
256.0,3.0,56.0,0.4,0.0,softmax,5.0,stable_mixture,True,13,True,0.1779791942449373,69,0.0110744434873342,99.79122320858706,100,high,82.44553817584185
261.0,3.0,61.0,0.4,0.0,softmax,5.0,stable_mixture,True,13,True,0.1779791942449373,69,0.0110744434873342,99.79122320858706,100,high,82.44553817584185
266.0,3.0,66.0,0.4,0.0,softmax,5.0,stable_mixture,True,12,True,0.1779791942449373,69,0.0110744434873342,99.79122320858706,100,high,82.44553817584185
270.0,3.0,70.0,0.4,0.0,softmax,5.0,stable_mixture,True,12,True,0.1779791942449372,69,0.0110744434873342,99.79122320858706,100,high,82.44553817584185
271.0,3.0,71.0,0.4,0.0,softmax,5.0,stable_mixture,True,13,True,0.1779791942449372,69,0.0110744434873342,99.79122320858706,100,high,82.44553817584185
272.0,3.0,72.0,0.4,0.0,softmax,5.0,stable_mixture,True,13,True,0.1779791942449373,69,0.0110744434873342,99.79122320858706,100,high,82.44553817584185
275.0,3.0,75.0,0.4,0.0,softmax,5.0,stable_mixture,True,12,True,0.1779791942449373,69,0.0110744434873342,99.79122320858706,100,high,82.44553817584185
278.0,3.0,78.0,0.4,0.0,softmax,5.0,stable_mixture,True,12,True,0.1779791942449373,69,0.0110744434873342,99.79122320858706,100,high,82.44553817584185
283.0,3.0,83.0,0.4,0.0,softmax,5.0,stable_mixture,True,13,True,0.1779791942449374,69,0.0110744434873342,99.79122320858704,100,high,82.44553817584185
284.0,3.0,84.0,0.4,0.0,softmax,5.0,stable_mixture,True,12,True,0.1779791942449373,69,0.0110744434873342,99.79122320858706,100,high,82.44553817584185
288.0,3.0,88.0,0.4,0.0,softmax,5.0,stable_mixture,True,13,True,0.1779791942449373,69,0.0110744434873342,99.79122320858706,100,high,82.44553817584185
292.0,3.0,92.0,0.4,0.0,softmax,5.0,stable_mixture,True,13,True,0.1779791942449373,69,0.0110744434873342,99.79122320858704,100,high,82.44553817584185
293.0,3.0,93.0,0.4,0.0,softmax,5.0,stable_mixture,True,12,True,0.1779791942449374,69,0.0110744434873342,99.79122320858706,100,high,82.44553817584185
297.0,3.0,97.0,0.4,0.0,softmax,5.0,stable_mixture,True,13,True,0.1779791942449372,69,0.0110744434873342,99.79122320858706,100,high,82.44553817584185
203.0,3.0,3.0,0.4,0.0,sparsemax,0.05,stable_mixture,True,13,True,0.1774229155148982,69,0.0110289866275007,99.79047351260684,100,high,82.44553817584185
205.0,3.0,5.0,0.4,0.0,sparsemax,0.05,stable_mixture,True,12,True,0.1774229155148982,69,0.0110289866275007,99.79047351260684,100,high,82.44553817584185
208.0,3.0,8.0,0.4,0.0,sparsemax,0.05,stable_mixture,True,12,True,0.1774229155148982,69,0.0110289866275007,99.79047351260684,100,high,82.44553817584185
210.0,3.0,10.0,0.4,0.0,sparsemax,0.05,stable_mixture,True,13,True,0.1774229155148982,69,0.0110289866275007,99.79047351260684,100,high,82.44553817584185
212.0,3.0,12.0,0.4,0.0,sparsemax,0.05,stable_mixture,True,13,True,0.1774229155148982,69,0.0110289866275007,99.79047351260684,100,high,82.44553817584185
213.0,3.0,13.0,0.4,0.0,sparsemax,0.05,stable_mixture,True,12,True,0.1774229155148982,69,0.0110289866275007,99.79047351260684,100,high,82.44553817584185
214.0,3.0,14.0,0.4,0.0,sparsemax,0.05,stable_mixture,True,12,True,0.1774229155148982,69,0.0110289866275007,99.79047351260684,100,high,82.44553817584185
219.0,3.0,19.0,0.4,0.0,sparsemax,0.05,stable_mixture,True,13,True,0.1774229155148982,69,0.0110289866275007,99.79047351260684,100,high,82.44553817584185
222.0,3.0,22.0,0.4,0.0,sparsemax,0.05,stable_mixture,True,13,True,0.1774229155148982,69,0.0110289866275007,99.79047351260684,100,high,82.44553817584185
229.0,3.0,29.0,0.4,0.0,sparsemax,0.05,stable_mixture,True,13,True,0.1774229155148982,69,0.0110289866275007,99.79047351260684,100,high,82.44553817584185
230.0,3.0,30.0,0.4,0.0,sparsemax,0.05,stable_mixture,True,13,True,0.1774229155148982,69,0.0110289866275007,99.79047351260684,100,high,82.44553817584185
234.0,3.0,34.0,0.4,0.0,sparsemax,0.05,stable_mixture,True,12,True,0.1774229155148982,69,0.0110289866275007,99.79047351260684,100,high,82.44553817584185
235.0,3.0,35.0,0.4,0.0,sparsemax,0.05,stable_mixture,True,13,True,0.1774229155148982,69,0.0110289866275007,99.79047351260684,100,high,82.44553817584185
242.0,3.0,42.0,0.4,0.0,sparsemax,0.05,stable_mixture,True,12,True,0.1774229155148982,69,0.0110289866275007,99.79047351260684,100,high,82.44553817584185
246.0,3.0,46.0,0.4,0.0,sparsemax,0.05,stable_mixture,True,12,True,0.1774229155148982,69,0.0110289866275007,99.79047351260684,100,high,82.44553817584185
247.0,3.0,47.0,0.4,0.0,sparsemax,0.05,stable_mixture,True,13,True,0.1774229155148982,69,0.0110289866275007,99.79047351260684,100,high,82.44553817584185
249.0,3.0,49.0,0.4,0.0,sparsemax,0.05,stable_mixture,True,12,True,0.1774229155148982,69,0.0110289866275007,99.79047351260684,100,high,82.44553817584185
255.0,3.0,55.0,0.4,0.0,sparsemax,0.05,stable_mixture,True,12,True,0.1774229155148982,69,0.0110289866275007,99.79047351260684,100,high,82.44553817584185
256.0,3.0,56.0,0.4,0.0,sparsemax,0.05,stable_mixture,True,13,True,0.1774229155148982,69,0.0110289866275007,99.79047351260684,100,high,82.44553817584185
261.0,3.0,61.0,0.4,0.0,sparsemax,0.05,stable_mixture,True,13,True,0.1774229155148982,69,0.0110289866275007,99.79047351260684,100,high,82.44553817584185
266.0,3.0,66.0,0.4,0.0,sparsemax,0.05,stable_mixture,True,12,True,0.1774229155148982,69,0.0110289866275007,99.79047351260684,100,high,82.44553817584185
270.0,3.0,70.0,0.4,0.0,sparsemax,0.05,stable_mixture,True,12,True,0.1774229155148982,69,0.0110289866275007,99.79047351260684,100,high,82.44553817584185
271.0,3.0,71.0,0.4,0.0,sparsemax,0.05,stable_mixture,True,13,True,0.1774229155148982,69,0.0110289866275007,99.79047351260684,100,high,82.44553817584185
272.0,3.0,72.0,0.4,0.0,sparsemax,0.05,stable_mixture,True,13,True,0.1774229155148982,69,0.0110289866275007,99.79047351260684,100,high,82.44553817584185
275.0,3.0,75.0,0.4,0.0,sparsemax,0.05,stable_mixture,True,12,True,0.1774229155148982,69,0.0110289866275007,99.79047351260684,100,high,82.44553817584185
278.0,3.0,78.0,0.4,0.0,sparsemax,0.05,stable_mixture,True,12,True,0.1774229155148982,69,0.0110289866275007,99.79047351260684,100,high,82.44553817584185
283.0,3.0,83.0,0.4,0.0,sparsemax,0.05,stable_mixture,True,13,True,0.1774229155148982,69,0.0110289866275007,99.79047351260684,100,high,82.44553817584185
284.0,3.0,84.0,0.4,0.0,sparsemax,0.05,stable_mixture,True,12,True,0.1774229155148982,69,0.0110289866275007,99.79047351260684,100,high,82.44553817584185
288.0,3.0,88.0,0.4,0.0,sparsemax,0.05,stable_mixture,True,13,True,0.1774229155148982,69,0.0110289866275007,99.79047351260684,100,high,82.44553817584185
292.0,3.0,92.0,0.4,0.0,sparsemax,0.05,stable_mixture,True,13,True,0.1774229155148982,69,0.0110289866275007,99.79047351260684,100,high,82.44553817584185
293.0,3.0,93.0,0.4,0.0,sparsemax,0.05,stable_mixture,True,12,True,0.1774229155148982,69,0.0110289866275007,99.79047351260684,100,high,82.44553817584185
297.0,3.0,97.0,0.4,0.0,sparsemax,0.05,stable_mixture,True,13,True,0.1774229155148982,69,0.0110289866275007,99.79047351260684,100,high,82.44553817584185
3.0,4.0,3.0,0.1,0.0,softmax,48.0,correct_memory_like,True,4,True,7.137013395425698e-16,3,1.0,1.0,1,low,1.0000000000029354
5.0,4.0,5.0,0.1,0.0,softmax,48.0,correct_memory_like,True,4,True,1.752985798540994e-15,5,1.0,1.0,1,low,1.0000000000029354
6.0,4.0,6.0,0.1,0.0,softmax,48.0,correct_memory_like,True,4,True,3.558576473963173e-16,6,1.0,1.0,1,low,1.0000000000029354
10.0,4.0,10.0,0.1,0.0,softmax,48.0,correct_memory_like,True,4,True,3.7751253605866926e-16,10,1.0,1.0,1,low,1.0000000000029354
12.0,4.0,12.0,0.1,0.0,softmax,48.0,correct_memory_like,True,4,True,7.220024656348678e-16,12,1.0,1.0,1,low,1.0000000000029354
14.0,4.0,14.0,0.1,0.0,softmax,48.0,correct_memory_like,True,4,True,9.376792561539702e-16,14,1.0,1.0,1,low,1.0000000000029354
21.0,4.0,21.0,0.1,0.0,softmax,48.0,correct_memory_like,True,4,True,2.4093032520644103e-14,21,0.9999999999999996,1.0000000000000009,1,low,1.0000000000029354
23.0,4.0,23.0,0.1,0.0,softmax,48.0,correct_memory_like,True,4,True,7.043451323292161e-16,23,1.0,1.0,1,low,1.0000000000029354
26.0,4.0,26.0,0.1,0.0,softmax,48.0,correct_memory_like,True,4,True,7.794039126850128e-16,26,1.0,1.0,1,low,1.0000000000029354
27.0,4.0,27.0,0.1,0.0,softmax,48.0,correct_memory_like,True,4,True,7.462084147078409e-16,27,1.0,1.0,1,low,1.0000000000029354
34.0,4.0,34.0,0.1,0.0,softmax,48.0,correct_memory_like,True,4,True,1.7410726027451725e-15,34,1.0,1.0,1,low,1.0000000000029354
37.0,4.0,37.0,0.1,0.0,softmax,48.0,correct_memory_like,True,4,True,1.5448888421497917e-15,37,1.0,1.0,1,low,1.0000000000029354
38.0,4.0,38.0,0.1,0.0,softmax,48.0,correct_memory_like,True,4,True,3.1864083204263154e-15,38,1.0,1.0,1,low,1.0000000000029354
42.0,4.0,42.0,0.1,0.0,softmax,48.0,correct_memory_like,True,4,True,3.340368295112093e-15,42,1.0,1.0,1,low,1.0000000000029354
43.0,4.0,43.0,0.1,0.0,softmax,48.0,correct_memory_like,True,4,True,9.009443772031108e-16,43,1.0,1.0,1,low,1.0000000000029354
45.0,4.0,45.0,0.1,0.0,softmax,48.0,correct_memory_like,True,4,True,4.744385081678579e-16,45,1.0,1.0,1,low,1.0000000000029354
47.0,4.0,47.0,0.1,0.0,softmax,48.0,correct_memory_like,True,4,True,3.3469473775047227e-14,47,0.9999999999999996,1.0000000000000009,1,low,1.0000000000029354
48.0,4.0,48.0,0.1,0.0,softmax,48.0,correct_memory_like,True,4,True,1.8855366929977977e-15,48,1.0,1.0,1,low,1.0000000000029354
58.0,4.0,58.0,0.1,0.0,softmax,48.0,correct_memory_like,True,4,True,1.5332668975680824e-15,58,1.0,1.0,1,low,1.0000000000029354
61.0,4.0,61.0,0.1,0.0,softmax,48.0,correct_memory_like,True,4,True,1.5424781064523494e-15,61,1.0,1.0,1,low,1.0000000000029354
67.0,4.0,67.0,0.1,0.0,softmax,48.0,correct_memory_like,True,4,True,1.0488583629854814e-14,67,0.9999999999999998,1.0000000000000004,1,low,1.0000000000029354
69.0,4.0,69.0,0.1,0.0,softmax,48.0,correct_memory_like,True,4,True,1.631349395651845e-14,69,0.9999999999999998,1.0000000000000004,1,low,1.0000000000029354
70.0,4.0,70.0,0.1,0.0,softmax,48.0,correct_memory_like,True,4,True,3.5847608899902823e-16,70,1.0,1.0,1,low,1.0000000000029354
73.0,4.0,73.0,0.1,0.0,softmax,48.0,correct_memory_like,True,4,True,1.4708664178063729e-15,73,1.0,1.0,1,low,1.0000000000029354
74.0,4.0,74.0,0.1,0.0,softmax,48.0,correct_memory_like,True,4,True,1.669486255764847e-14,74,0.9999999999999998,1.0000000000000004,1,low,1.0000000000029354
81.0,4.0,81.0,0.1,0.0,softmax,48.0,correct_memory_like,True,4,True,3.08306228158688e-15,81,1.0,1.0,1,low,1.0000000000029354
82.0,4.0,82.0,0.1,0.0,softmax,48.0,correct_memory_like,True,4,True,4.278566403279742e-16,82,1.0,1.0,1,low,1.0000000000029354
89.0,4.0,89.0,0.1,0.0,softmax,48.0,correct_memory_like,True,4,True,7.81499596941409e-16,89,1.0,1.0,1,low,1.0000000000029354
90.0,4.0,90.0,0.1,0.0,softmax,48.0,correct_memory_like,True,4,True,1.0221828172644394e-14,90,0.9999999999999998,1.0000000000000004,1,low,1.0000000000029354
91.0,4.0,91.0,0.1,0.0,softmax,48.0,correct_memory_like,True,4,True,8.237711250621612e-16,91,1.0,1.0,1,low,1.0000000000029354
94.0,4.0,94.0,0.1,0.0,softmax,48.0,correct_memory_like,True,4,True,2.350008694305912e-15,94,1.0,1.0,1,low,1.0000000000029354
96.0,4.0,96.0,0.1,0.0,softmax,48.0,correct_memory_like,True,4,True,3.674202644131149e-16,96,1.0,1.0,1,low,1.0000000000029354
3.0,4.0,3.0,0.1,0.0,sparsemax,1.8,correct_memory_like,True,4,True,0.0,3,1.0,1.0,1,low,1.0000000000029354
5.0,4.0,5.0,0.1,0.0,sparsemax,1.8,correct_memory_like,True,5,True,0.0,5,1.0,1.0,1,low,1.0000000000029354
6.0,4.0,6.0,0.1,0.0,sparsemax,1.8,correct_memory_like,True,4,True,0.0,6,1.0,1.0,1,low,1.0000000000029354
10.0,4.0,10.0,0.1,0.0,sparsemax,1.8,correct_memory_like,True,4,True,0.0,10,1.0,1.0,1,low,1.0000000000029354
12.0,4.0,12.0,0.1,0.0,sparsemax,1.8,correct_memory_like,True,4,True,0.0,12,1.0,1.0,1,low,1.0000000000029354
14.0,4.0,14.0,0.1,0.0,sparsemax,1.8,correct_memory_like,True,5,True,0.0,14,1.0,1.0,1,low,1.0000000000029354
21.0,4.0,21.0,0.1,0.0,sparsemax,1.8,correct_memory_like,True,5,True,0.0,21,1.0,1.0,1,low,1.0000000000029354
23.0,4.0,23.0,0.1,0.0,sparsemax,1.8,correct_memory_like,True,4,True,0.0,23,1.0,1.0,1,low,1.0000000000029354
26.0,4.0,26.0,0.1,0.0,sparsemax,1.8,correct_memory_like,True,4,True,0.0,26,1.0,1.0,1,low,1.0000000000029354
27.0,4.0,27.0,0.1,0.0,sparsemax,1.8,correct_memory_like,True,4,True,0.0,27,1.0,1.0,1,low,1.0000000000029354
34.0,4.0,34.0,0.1,0.0,sparsemax,1.8,correct_memory_like,True,5,True,0.0,34,1.0,1.0,1,low,1.0000000000029354
37.0,4.0,37.0,0.1,0.0,sparsemax,1.8,correct_memory_like,True,5,True,0.0,37,1.0,1.0,1,low,1.0000000000029354
38.0,4.0,38.0,0.1,0.0,sparsemax,1.8,correct_memory_like,True,4,True,0.0,38,1.0,1.0,1,low,1.0000000000029354
42.0,4.0,42.0,0.1,0.0,sparsemax,1.8,correct_memory_like,True,4,True,0.0,42,1.0,1.0,1,low,1.0000000000029354
43.0,4.0,43.0,0.1,0.0,sparsemax,1.8,correct_memory_like,True,4,True,0.0,43,1.0,1.0,1,low,1.0000000000029354
45.0,4.0,45.0,0.1,0.0,sparsemax,1.8,correct_memory_like,True,4,True,0.0,45,1.0,1.0,1,low,1.0000000000029354
47.0,4.0,47.0,0.1,0.0,sparsemax,1.8,correct_memory_like,True,5,True,0.0,47,1.0,1.0,1,low,1.0000000000029354
48.0,4.0,48.0,0.1,0.0,sparsemax,1.8,correct_memory_like,True,5,True,0.0,48,1.0,1.0,1,low,1.0000000000029354
58.0,4.0,58.0,0.1,0.0,sparsemax,1.8,correct_memory_like,True,5,True,0.0,58,1.0,1.0,1,low,1.0000000000029354
61.0,4.0,61.0,0.1,0.0,sparsemax,1.8,correct_memory_like,True,4,True,0.0,61,1.0,1.0,1,low,1.0000000000029354
67.0,4.0,67.0,0.1,0.0,sparsemax,1.8,correct_memory_like,True,4,True,0.0,67,1.0,1.0,1,low,1.0000000000029354
69.0,4.0,69.0,0.1,0.0,sparsemax,1.8,correct_memory_like,True,4,True,0.0,69,1.0,1.0,1,low,1.0000000000029354
70.0,4.0,70.0,0.1,0.0,sparsemax,1.8,correct_memory_like,True,4,True,0.0,70,1.0,1.0,1,low,1.0000000000029354
73.0,4.0,73.0,0.1,0.0,sparsemax,1.8,correct_memory_like,True,4,True,0.0,73,1.0,1.0,1,low,1.0000000000029354
74.0,4.0,74.0,0.1,0.0,sparsemax,1.8,correct_memory_like,True,4,True,0.0,74,1.0,1.0,1,low,1.0000000000029354
81.0,4.0,81.0,0.1,0.0,sparsemax,1.8,correct_memory_like,True,4,True,0.0,81,1.0,1.0,1,low,1.0000000000029354
82.0,4.0,82.0,0.1,0.0,sparsemax,1.8,correct_memory_like,True,4,True,0.0,82,1.0,1.0,1,low,1.0000000000029354
89.0,4.0,89.0,0.1,0.0,sparsemax,1.8,correct_memory_like,True,4,True,0.0,89,1.0,1.0,1,low,1.0000000000029354
90.0,4.0,90.0,0.1,0.0,sparsemax,1.8,correct_memory_like,True,5,True,0.0,90,1.0,1.0,1,low,1.0000000000029354
91.0,4.0,91.0,0.1,0.0,sparsemax,1.8,correct_memory_like,True,5,True,0.0,91,1.0,1.0,1,low,1.0000000000029354
94.0,4.0,94.0,0.1,0.0,sparsemax,1.8,correct_memory_like,True,4,True,0.0,94,1.0,1.0,1,low,1.0000000000029354
96.0,4.0,96.0,0.1,0.0,sparsemax,1.8,correct_memory_like,True,4,True,0.0,96,1.0,1.0,1,low,1.0000000000029354
3.0,4.0,3.0,0.1,0.0,softmax,5.0,stable_mixture,True,13,True,0.1702266690096211,0,0.0112027926914471,99.75763979593049,100,middle,8.707332297366008
5.0,4.0,5.0,0.1,0.0,softmax,5.0,stable_mixture,True,14,True,0.1702266690096209,0,0.0112027926914471,99.75763979593049,100,middle,8.707332297366008
6.0,4.0,6.0,0.1,0.0,softmax,5.0,stable_mixture,True,13,True,0.1702266690096211,0,0.0112027926914471,99.75763979593049,100,middle,8.707332297366008
10.0,4.0,10.0,0.1,0.0,softmax,5.0,stable_mixture,True,14,True,0.1702266690096211,0,0.0112027926914471,99.75763979593049,100,middle,8.707332297366008
12.0,4.0,12.0,0.1,0.0,softmax,5.0,stable_mixture,True,13,True,0.1702266690096212,0,0.0112027926914471,99.75763979593049,100,middle,8.707332297366008
14.0,4.0,14.0,0.1,0.0,softmax,5.0,stable_mixture,True,14,True,0.1702266690096211,0,0.0112027926914471,99.75763979593049,100,middle,8.707332297366008
21.0,4.0,21.0,0.1,0.0,softmax,5.0,stable_mixture,True,14,True,0.1702266690096211,0,0.0112027926914471,99.75763979593049,100,middle,8.707332297366008
23.0,4.0,23.0,0.1,0.0,softmax,5.0,stable_mixture,True,13,True,0.1702266690096212,0,0.0112027926914471,99.75763979593049,100,middle,8.707332297366008
26.0,4.0,26.0,0.1,0.0,softmax,5.0,stable_mixture,True,14,True,0.1702266690096212,0,0.0112027926914471,99.75763979593049,100,middle,8.707332297366008
27.0,4.0,27.0,0.1,0.0,softmax,5.0,stable_mixture,True,14,True,0.1702266690096212,0,0.0112027926914471,99.75763979593049,100,middle,8.707332297366008
34.0,4.0,34.0,0.1,0.0,softmax,5.0,stable_mixture,True,14,True,0.1702266690096211,0,0.0112027926914471,99.75763979593049,100,middle,8.707332297366008
37.0,4.0,37.0,0.1,0.0,softmax,5.0,stable_mixture,True,14,True,0.1702266690096211,0,0.0112027926914471,99.75763979593049,100,middle,8.707332297366008
38.0,4.0,38.0,0.1,0.0,softmax,5.0,stable_mixture,True,13,True,0.1702266690096211,0,0.0112027926914471,99.75763979593049,100,middle,8.707332297366008
42.0,4.0,42.0,0.1,0.0,softmax,5.0,stable_mixture,True,14,True,0.1702266690096211,0,0.0112027926914471,99.75763979593049,100,middle,8.707332297366008
43.0,4.0,43.0,0.1,0.0,softmax,5.0,stable_mixture,True,14,True,0.1702266690096209,0,0.0112027926914471,99.75763979593049,100,middle,8.707332297366008
45.0,4.0,45.0,0.1,0.0,softmax,5.0,stable_mixture,True,14,True,0.1702266690096211,0,0.0112027926914471,99.75763979593049,100,middle,8.707332297366008
47.0,4.0,47.0,0.1,0.0,softmax,5.0,stable_mixture,True,14,True,0.1702266690096209,0,0.0112027926914471,99.75763979593049,100,middle,8.707332297366008
48.0,4.0,48.0,0.1,0.0,softmax,5.0,stable_mixture,True,13,True,0.1702266690096211,0,0.0112027926914471,99.75763979593049,100,middle,8.707332297366008
58.0,4.0,58.0,0.1,0.0,softmax,5.0,stable_mixture,True,13,True,0.1702266690096211,0,0.0112027926914471,99.75763979593049,100,middle,8.707332297366008
61.0,4.0,61.0,0.1,0.0,softmax,5.0,stable_mixture,True,13,True,0.1702266690096212,0,0.0112027926914471,99.75763979593049,100,middle,8.707332297366008
67.0,4.0,67.0,0.1,0.0,softmax,5.0,stable_mixture,True,14,True,0.1702266690096211,0,0.0112027926914471,99.75763979593049,100,middle,8.707332297366008
69.0,4.0,69.0,0.1,0.0,softmax,5.0,stable_mixture,True,14,True,0.1702266690096211,0,0.0112027926914471,99.75763979593049,100,middle,8.707332297366008
70.0,4.0,70.0,0.1,0.0,softmax,5.0,stable_mixture,True,13,True,0.1702266690096211,0,0.0112027926914471,99.75763979593049,100,middle,8.707332297366008
73.0,4.0,73.0,0.1,0.0,softmax,5.0,stable_mixture,True,14,True,0.1702266690096211,0,0.0112027926914471,99.75763979593049,100,middle,8.707332297366008
74.0,4.0,74.0,0.1,0.0,softmax,5.0,stable_mixture,True,14,True,0.1702266690096211,0,0.0112027926914471,99.75763979593049,100,middle,8.707332297366008
81.0,4.0,81.0,0.1,0.0,softmax,5.0,stable_mixture,True,14,True,0.1702266690096211,0,0.0112027926914471,99.75763979593049,100,middle,8.707332297366008
82.0,4.0,82.0,0.1,0.0,softmax,5.0,stable_mixture,True,14,True,0.1702266690096211,0,0.0112027926914471,99.75763979593049,100,middle,8.707332297366008
89.0,4.0,89.0,0.1,0.0,softmax,5.0,stable_mixture,True,13,True,0.1702266690096211,0,0.0112027926914471,99.75763979593049,100,middle,8.707332297366008
90.0,4.0,90.0,0.1,0.0,softmax,5.0,stable_mixture,True,13,True,0.1702266690096209,0,0.0112027926914471,99.75763979593049,100,middle,8.707332297366008
91.0,4.0,91.0,0.1,0.0,softmax,5.0,stable_mixture,True,14,True,0.1702266690096211,0,0.0112027926914471,99.75763979593049,100,middle,8.707332297366008
94.0,4.0,94.0,0.1,0.0,softmax,5.0,stable_mixture,True,13,True,0.1702266690096209,0,0.0112027926914471,99.75763979593049,100,middle,8.707332297366008
96.0,4.0,96.0,0.1,0.0,softmax,5.0,stable_mixture,True,13,True,0.1702266690096211,0,0.0112027926914471,99.75763979593049,100,middle,8.707332297366008
3.0,4.0,3.0,0.1,0.0,sparsemax,0.4,unconverged_or_unstable,False,-1,False,1.0202071044458552,22,0.0550080500133751,33.08641829510047,53,middle,8.707332297366008
5.0,4.0,5.0,0.1,0.0,sparsemax,0.4,unconverged_or_unstable,False,-1,True,0.915760537356596,22,0.0585200232261606,32.979231761369434,48,middle,8.707332297366008
6.0,4.0,6.0,0.1,0.0,sparsemax,0.4,unconverged_or_unstable,False,-1,True,0.9631739848479968,22,0.0576949927978924,32.597467613975844,50,middle,8.707332297366008
10.0,4.0,10.0,0.1,0.0,sparsemax,0.4,unconverged_or_unstable,False,-1,True,0.9964753112019352,22,0.0567427765534106,32.75288741624655,52,middle,8.707332297366008
12.0,4.0,12.0,0.1,0.0,sparsemax,0.4,unconverged_or_unstable,False,-1,True,0.915760537356596,22,0.0585213596268564,32.981754762490674,48,middle,8.707332297366008
14.0,4.0,14.0,0.1,0.0,sparsemax,0.4,unconverged_or_unstable,False,-1,True,0.915760537356596,22,0.0585204757750291,32.980088807927025,48,middle,8.707332297366008
21.0,4.0,21.0,0.1,0.0,sparsemax,0.4,unconverged_or_unstable,False,-1,True,0.915760537356596,22,0.0585171491705458,32.9737356652161,48,middle,8.707332297366008
23.0,4.0,23.0,0.1,0.0,sparsemax,0.4,unconverged_or_unstable,False,-1,True,0.915760537356596,22,0.0585211788509979,32.98141231255692,48,middle,8.707332297366008
26.0,4.0,26.0,0.1,0.0,sparsemax,0.4,unconverged_or_unstable,False,-1,True,0.915760537356596,22,0.0585193564049914,32.977963984505784,48,middle,8.707332297366008
27.0,4.0,27.0,0.1,0.0,sparsemax,0.4,unconverged_or_unstable,False,-1,True,0.915760537356596,22,0.0585220217126093,32.982999329280815,48,middle,8.707332297366008
34.0,4.0,34.0,0.1,0.0,sparsemax,0.4,unconverged_or_unstable,False,-1,True,0.915760537356596,22,0.0585217214536002,32.982434241461554,48,middle,8.707332297366008
37.0,4.0,37.0,0.1,0.0,sparsemax,0.4,unconverged_or_unstable,False,-1,True,0.915760537356596,22,0.0585211514780261,32.98136310943244,48,middle,8.707332297366008
38.0,4.0,38.0,0.1,0.0,sparsemax,0.4,unconverged_or_unstable,False,-1,False,1.0267752578580158,22,0.0537639641861741,33.336536315113804,54,middle,8.707332297366008
42.0,4.0,42.0,0.1,0.0,sparsemax,0.4,unconverged_or_unstable,False,-1,False,1.0267752578580158,22,0.0532812651668681,33.40493053337191,54,middle,8.707332297366008
43.0,4.0,43.0,0.1,0.0,sparsemax,0.4,unconverged_or_unstable,False,-1,False,1.0267752578580158,22,0.0549500164653682,33.10053367692714,54,middle,8.707332297366008
45.0,4.0,45.0,0.1,0.0,sparsemax,0.4,unconverged_or_unstable,False,-1,True,0.915760537356596,22,0.0585214493285414,32.98192027309931,48,middle,8.707332297366008
47.0,4.0,47.0,0.1,0.0,sparsemax,0.4,unconverged_or_unstable,False,-1,True,0.915760537356596,22,0.0585210144264501,32.981104489734534,48,middle,8.707332297366008
48.0,4.0,48.0,0.1,0.0,sparsemax,0.4,unconverged_or_unstable,False,-1,True,0.915760537356596,22,0.05852046622397,32.980073739982856,48,middle,8.707332297366008
58.0,4.0,58.0,0.1,0.0,sparsemax,0.4,unconverged_or_unstable,False,-1,True,0.920269026147518,22,0.0582309549349629,32.64231470298128,48,middle,8.707332297366008
61.0,4.0,61.0,0.1,0.0,sparsemax,0.4,unconverged_or_unstable,False,-1,True,0.915760537356596,22,0.0585209225008364,32.98093419107125,48,middle,8.707332297366008
67.0,4.0,67.0,0.1,0.0,sparsemax,0.4,unconverged_or_unstable,False,-1,False,1.0098961357685643,83,0.0556172979512496,33.86755712887016,53,middle,8.707332297366008
69.0,4.0,69.0,0.1,0.0,sparsemax,0.4,unconverged_or_unstable,False,-1,True,0.915760537356596,22,0.058518159328362,32.975719073014,48,middle,8.707332297366008
70.0,4.0,70.0,0.1,0.0,sparsemax,0.4,unconverged_or_unstable,False,-1,True,0.915760537356596,22,0.0585206360537486,32.980392024094925,48,middle,8.707332297366008
73.0,4.0,73.0,0.1,0.0,sparsemax,0.4,unconverged_or_unstable,False,-1,True,0.915760537356596,22,0.0584087121130827,32.7813856485802,48,middle,8.707332297366008
74.0,4.0,74.0,0.1,0.0,sparsemax,0.4,unconverged_or_unstable,False,-1,True,0.915760537356596,22,0.0585154569779677,32.9705277756057,48,middle,8.707332297366008
81.0,4.0,81.0,0.1,0.0,sparsemax,0.4,unconverged_or_unstable,False,-1,False,1.007435270149235,83,0.0542816062539528,33.6077426119352,53,middle,8.707332297366008
82.0,4.0,82.0,0.1,0.0,sparsemax,0.4,unconverged_or_unstable,False,-1,True,0.915760537356596,22,0.0584395154550895,32.82675919915705,48,middle,8.707332297366008
89.0,4.0,89.0,0.1,0.0,sparsemax,0.4,unconverged_or_unstable,False,-1,True,0.915760537356596,22,0.0585218911915665,32.98275484337923,48,middle,8.707332297366008
90.0,4.0,90.0,0.1,0.0,sparsemax,0.4,unconverged_or_unstable,False,-1,False,1.0267752578580158,22,0.054725784544341,33.15372735215397,54,middle,8.707332297366008
91.0,4.0,91.0,0.1,0.0,sparsemax,0.4,unconverged_or_unstable,False,-1,False,1.006945740929972,22,0.0557683694605707,32.92119854664667,52,middle,8.707332297366008
94.0,4.0,94.0,0.1,0.0,sparsemax,0.4,unconverged_or_unstable,False,-1,True,0.915760537356596,22,0.0585024780433588,32.94571693746313,48,middle,8.707332297366008
96.0,4.0,96.0,0.1,0.0,sparsemax,0.4,unconverged_or_unstable,False,-1,False,1.0055787062421304,83,0.0539050388722235,33.569886942378,53,middle,8.707332297366008
3.0,4.0,3.0,0.1,0.0,softmax,2.5,stable_mixture,True,10,True,0.0850104328588184,0,0.0105533333883668,99.9454920408236,100,high,73.16456697633235
5.0,4.0,5.0,0.1,0.0,softmax,2.5,stable_mixture,True,11,True,0.0850104328588184,0,0.0105533333883668,99.9454920408236,100,high,73.16456697633235
6.0,4.0,6.0,0.1,0.0,softmax,2.5,stable_mixture,True,10,True,0.0850104328588184,0,0.0105533333883668,99.9454920408236,100,high,73.16456697633235
10.0,4.0,10.0,0.1,0.0,softmax,2.5,stable_mixture,True,10,True,0.0850104328588184,0,0.0105533333883668,99.9454920408236,100,high,73.16456697633235
12.0,4.0,12.0,0.1,0.0,softmax,2.5,stable_mixture,True,10,True,0.0850104328588184,0,0.0105533333883668,99.9454920408236,100,high,73.16456697633235
14.0,4.0,14.0,0.1,0.0,softmax,2.5,stable_mixture,True,11,True,0.0850104328588184,0,0.0105533333883668,99.9454920408236,100,high,73.16456697633235
21.0,4.0,21.0,0.1,0.0,softmax,2.5,stable_mixture,True,11,True,0.0850104328588184,0,0.0105533333883668,99.9454920408236,100,high,73.16456697633235
23.0,4.0,23.0,0.1,0.0,softmax,2.5,stable_mixture,True,10,True,0.0850104328588184,0,0.0105533333883668,99.9454920408236,100,high,73.16456697633235
26.0,4.0,26.0,0.1,0.0,softmax,2.5,stable_mixture,True,10,True,0.0850104328588184,0,0.0105533333883668,99.9454920408236,100,high,73.16456697633235
27.0,4.0,27.0,0.1,0.0,softmax,2.5,stable_mixture,True,10,True,0.0850104328588184,0,0.0105533333883668,99.9454920408236,100,high,73.16456697633235
34.0,4.0,34.0,0.1,0.0,softmax,2.5,stable_mixture,True,10,True,0.0850104328588184,0,0.0105533333883668,99.9454920408236,100,high,73.16456697633235
37.0,4.0,37.0,0.1,0.0,softmax,2.5,stable_mixture,True,10,True,0.0850104328588184,0,0.0105533333883668,99.9454920408236,100,high,73.16456697633235
38.0,4.0,38.0,0.1,0.0,softmax,2.5,stable_mixture,True,10,True,0.0850104328588184,0,0.0105533333883668,99.9454920408236,100,high,73.16456697633235
42.0,4.0,42.0,0.1,0.0,softmax,2.5,stable_mixture,True,10,True,0.0850104328588184,0,0.0105533333883668,99.9454920408236,100,high,73.16456697633235
43.0,4.0,43.0,0.1,0.0,softmax,2.5,stable_mixture,True,11,True,0.0850104328588184,0,0.0105533333883668,99.9454920408236,100,high,73.16456697633235
45.0,4.0,45.0,0.1,0.0,softmax,2.5,stable_mixture,True,11,True,0.0850104328588184,0,0.0105533333883668,99.9454920408236,100,high,73.16456697633235
47.0,4.0,47.0,0.1,0.0,softmax,2.5,stable_mixture,True,11,True,0.0850104328588184,0,0.0105533333883668,99.9454920408236,100,high,73.16456697633235
48.0,4.0,48.0,0.1,0.0,softmax,2.5,stable_mixture,True,10,True,0.0850104328588184,0,0.0105533333883668,99.9454920408236,100,high,73.16456697633235
58.0,4.0,58.0,0.1,0.0,softmax,2.5,stable_mixture,True,10,True,0.0850104328588184,0,0.0105533333883668,99.9454920408236,100,high,73.16456697633235
61.0,4.0,61.0,0.1,0.0,softmax,2.5,stable_mixture,True,10,True,0.0850104328588184,0,0.0105533333883668,99.9454920408236,100,high,73.16456697633235
67.0,4.0,67.0,0.1,0.0,softmax,2.5,stable_mixture,True,11,True,0.0850104328588184,0,0.0105533333883668,99.9454920408236,100,high,73.16456697633235
69.0,4.0,69.0,0.1,0.0,softmax,2.5,stable_mixture,True,11,True,0.0850104328588184,0,0.0105533333883668,99.9454920408236,100,high,73.16456697633235
70.0,4.0,70.0,0.1,0.0,softmax,2.5,stable_mixture,True,10,True,0.0850104328588184,0,0.0105533333883668,99.9454920408236,100,high,73.16456697633235
73.0,4.0,73.0,0.1,0.0,softmax,2.5,stable_mixture,True,11,True,0.0850104328588184,0,0.0105533333883668,99.9454920408236,100,high,73.16456697633235
74.0,4.0,74.0,0.1,0.0,softmax,2.5,stable_mixture,True,10,True,0.0850104328588184,0,0.0105533333883668,99.9454920408236,100,high,73.16456697633235
81.0,4.0,81.0,0.1,0.0,softmax,2.5,stable_mixture,True,10,True,0.0850104328588184,0,0.0105533333883668,99.9454920408236,100,high,73.16456697633235
82.0,4.0,82.0,0.1,0.0,softmax,2.5,stable_mixture,True,11,True,0.0850104328588184,0,0.0105533333883668,99.9454920408236,100,high,73.16456697633235
89.0,4.0,89.0,0.1,0.0,softmax,2.5,stable_mixture,True,10,True,0.0850104328588184,0,0.0105533333883668,99.9454920408236,100,high,73.16456697633235
90.0,4.0,90.0,0.1,0.0,softmax,2.5,stable_mixture,True,10,True,0.0850104328588184,0,0.0105533333883668,99.9454920408236,100,high,73.16456697633235
91.0,4.0,91.0,0.1,0.0,softmax,2.5,stable_mixture,True,10,True,0.0850104328588184,0,0.0105533333883668,99.9454920408236,100,high,73.16456697633235
94.0,4.0,94.0,0.1,0.0,softmax,2.5,stable_mixture,True,10,True,0.0850104328588184,0,0.0105533333883668,99.9454920408236,100,high,73.16456697633235
96.0,4.0,96.0,0.1,0.0,softmax,2.5,stable_mixture,True,10,True,0.0850104328588184,0,0.0105533333883668,99.9454920408236,100,high,73.16456697633235
3.0,4.0,3.0,0.1,0.0,sparsemax,0.05,stable_mixture,True,13,True,0.1700081163573645,0,0.0111440245836474,99.75925901899669,100,high,73.16456697633235
5.0,4.0,5.0,0.1,0.0,sparsemax,0.05,stable_mixture,True,13,True,0.1700081163573645,0,0.0111440245836474,99.75925901899669,100,high,73.16456697633235
6.0,4.0,6.0,0.1,0.0,sparsemax,0.05,stable_mixture,True,12,True,0.1700081163573645,0,0.0111440245836474,99.75925901899669,100,high,73.16456697633235
10.0,4.0,10.0,0.1,0.0,sparsemax,0.05,stable_mixture,True,13,True,0.1700081163573645,0,0.0111440245836474,99.75925901899669,100,high,73.16456697633235
12.0,4.0,12.0,0.1,0.0,sparsemax,0.05,stable_mixture,True,13,True,0.1700081163573645,0,0.0111440245836474,99.75925901899669,100,high,73.16456697633235
14.0,4.0,14.0,0.1,0.0,sparsemax,0.05,stable_mixture,True,13,True,0.1700081163573645,0,0.0111440245836474,99.75925901899669,100,high,73.16456697633235
21.0,4.0,21.0,0.1,0.0,sparsemax,0.05,stable_mixture,True,13,True,0.1700081163573645,0,0.0111440245836474,99.75925901899669,100,high,73.16456697633235
23.0,4.0,23.0,0.1,0.0,sparsemax,0.05,stable_mixture,True,12,True,0.1700081163573645,0,0.0111440245836474,99.75925901899669,100,high,73.16456697633235
26.0,4.0,26.0,0.1,0.0,sparsemax,0.05,stable_mixture,True,13,True,0.1700081163573645,0,0.0111440245836474,99.75925901899669,100,high,73.16456697633235
27.0,4.0,27.0,0.1,0.0,sparsemax,0.05,stable_mixture,True,13,True,0.1700081163573645,0,0.0111440245836474,99.75925901899669,100,high,73.16456697633235
34.0,4.0,34.0,0.1,0.0,sparsemax,0.05,stable_mixture,True,13,True,0.1700081163573645,0,0.0111440245836474,99.75925901899669,100,high,73.16456697633235
37.0,4.0,37.0,0.1,0.0,sparsemax,0.05,stable_mixture,True,13,True,0.1700081163573645,0,0.0111440245836474,99.75925901899669,100,high,73.16456697633235
38.0,4.0,38.0,0.1,0.0,sparsemax,0.05,stable_mixture,True,13,True,0.1700081163573645,0,0.0111440245836474,99.75925901899669,100,high,73.16456697633235
42.0,4.0,42.0,0.1,0.0,sparsemax,0.05,stable_mixture,True,13,True,0.1700081163573645,0,0.0111440245836474,99.75925901899669,100,high,73.16456697633235
43.0,4.0,43.0,0.1,0.0,sparsemax,0.05,stable_mixture,True,13,True,0.1700081163573645,0,0.0111440245836474,99.75925901899669,100,high,73.16456697633235
45.0,4.0,45.0,0.1,0.0,sparsemax,0.05,stable_mixture,True,13,True,0.1700081163573645,0,0.0111440245836474,99.75925901899669,100,high,73.16456697633235
47.0,4.0,47.0,0.1,0.0,sparsemax,0.05,stable_mixture,True,13,True,0.1700081163573645,0,0.0111440245836474,99.75925901899669,100,high,73.16456697633235
48.0,4.0,48.0,0.1,0.0,sparsemax,0.05,stable_mixture,True,12,True,0.1700081163573645,0,0.0111440245836474,99.75925901899669,100,high,73.16456697633235
58.0,4.0,58.0,0.1,0.0,sparsemax,0.05,stable_mixture,True,13,True,0.1700081163573645,0,0.0111440245836474,99.75925901899669,100,high,73.16456697633235
61.0,4.0,61.0,0.1,0.0,sparsemax,0.05,stable_mixture,True,13,True,0.1700081163573645,0,0.0111440245836474,99.75925901899669,100,high,73.16456697633235
67.0,4.0,67.0,0.1,0.0,sparsemax,0.05,stable_mixture,True,13,True,0.1700081163573645,0,0.0111440245836474,99.75925901899669,100,high,73.16456697633235
69.0,4.0,69.0,0.1,0.0,sparsemax,0.05,stable_mixture,True,13,True,0.1700081163573645,0,0.0111440245836474,99.75925901899669,100,high,73.16456697633235
70.0,4.0,70.0,0.1,0.0,sparsemax,0.05,stable_mixture,True,12,True,0.1700081163573645,0,0.0111440245836474,99.75925901899669,100,high,73.16456697633235
73.0,4.0,73.0,0.1,0.0,sparsemax,0.05,stable_mixture,True,13,True,0.1700081163573645,0,0.0111440245836474,99.75925901899669,100,high,73.16456697633235
74.0,4.0,74.0,0.1,0.0,sparsemax,0.05,stable_mixture,True,13,True,0.1700081163573645,0,0.0111440245836474,99.75925901899669,100,high,73.16456697633235
81.0,4.0,81.0,0.1,0.0,sparsemax,0.05,stable_mixture,True,13,True,0.1700081163573645,0,0.0111440245836474,99.75925901899669,100,high,73.16456697633235
82.0,4.0,82.0,0.1,0.0,sparsemax,0.05,stable_mixture,True,13,True,0.1700081163573645,0,0.0111440245836474,99.75925901899669,100,high,73.16456697633235
89.0,4.0,89.0,0.1,0.0,sparsemax,0.05,stable_mixture,True,13,True,0.1700081163573645,0,0.0111440245836474,99.75925901899669,100,high,73.16456697633235
90.0,4.0,90.0,0.1,0.0,sparsemax,0.05,stable_mixture,True,13,True,0.1700081163573645,0,0.0111440245836474,99.75925901899669,100,high,73.16456697633235
91.0,4.0,91.0,0.1,0.0,sparsemax,0.05,stable_mixture,True,13,True,0.1700081163573645,0,0.0111440245836474,99.75925901899669,100,high,73.16456697633235
94.0,4.0,94.0,0.1,0.0,sparsemax,0.05,stable_mixture,True,13,True,0.1700081163573645,0,0.0111440245836474,99.75925901899669,100,high,73.16456697633235
96.0,4.0,96.0,0.1,0.0,sparsemax,0.05,stable_mixture,True,13,True,0.1700081163573645,0,0.0111440245836474,99.75925901899669,100,high,73.16456697633235
103.0,4.0,3.0,0.25,0.0,softmax,48.0,correct_memory_like,True,5,True,7.137013395425698e-16,3,1.0,1.0,1,low,1.000003652309054
105.0,4.0,5.0,0.25,0.0,softmax,48.0,correct_memory_like,True,5,True,1.752985798540994e-15,5,1.0,1.0,1,low,1.000003652309054
106.0,4.0,6.0,0.25,0.0,softmax,48.0,correct_memory_like,True,5,True,3.558576473963173e-16,6,1.0,1.0,1,low,1.000003652309054
110.0,4.0,10.0,0.25,0.0,softmax,48.0,correct_memory_like,True,5,True,3.7751253605866926e-16,10,1.0,1.0,1,low,1.000003652309054
112.0,4.0,12.0,0.25,0.0,softmax,48.0,correct_memory_like,True,5,True,7.220024656348678e-16,12,1.0,1.0,1,low,1.000003652309054
114.0,4.0,14.0,0.25,0.0,softmax,48.0,correct_memory_like,True,5,True,9.376792561539702e-16,14,1.0,1.0,1,low,1.000003652309054
121.0,4.0,21.0,0.25,0.0,softmax,48.0,correct_memory_like,True,5,True,2.4093032520644103e-14,21,0.9999999999999996,1.0000000000000009,1,low,1.000003652309054
123.0,4.0,23.0,0.25,0.0,softmax,48.0,correct_memory_like,True,5,True,7.043451323292161e-16,23,1.0,1.0,1,low,1.000003652309054
126.0,4.0,26.0,0.25,0.0,softmax,48.0,correct_memory_like,True,5,True,7.794039126850128e-16,26,1.0,1.0,1,low,1.000003652309054
127.0,4.0,27.0,0.25,0.0,softmax,48.0,correct_memory_like,True,5,True,7.462084147078409e-16,27,1.0,1.0,1,low,1.000003652309054
134.0,4.0,34.0,0.25,0.0,softmax,48.0,correct_memory_like,True,5,True,1.7410726027451725e-15,34,1.0,1.0,1,low,1.000003652309054
137.0,4.0,37.0,0.25,0.0,softmax,48.0,correct_memory_like,True,5,True,1.5448888421497917e-15,37,1.0,1.0,1,low,1.000003652309054
138.0,4.0,38.0,0.25,0.0,softmax,48.0,correct_memory_like,True,5,True,3.1864083204263154e-15,38,1.0,1.0,1,low,1.000003652309054
142.0,4.0,42.0,0.25,0.0,softmax,48.0,correct_memory_like,True,5,True,3.340368295112093e-15,42,1.0,1.0,1,low,1.000003652309054
143.0,4.0,43.0,0.25,0.0,softmax,48.0,correct_memory_like,True,5,True,9.009443772031108e-16,43,1.0,1.0,1,low,1.000003652309054
145.0,4.0,45.0,0.25,0.0,softmax,48.0,correct_memory_like,True,5,True,4.744385081678579e-16,45,1.0,1.0,1,low,1.000003652309054
147.0,4.0,47.0,0.25,0.0,softmax,48.0,correct_memory_like,True,5,True,3.3469473775047227e-14,47,0.9999999999999996,1.0000000000000009,1,low,1.000003652309054
148.0,4.0,48.0,0.25,0.0,softmax,48.0,correct_memory_like,True,5,True,1.8855366929977977e-15,48,1.0,1.0,1,low,1.000003652309054
158.0,4.0,58.0,0.25,0.0,softmax,48.0,correct_memory_like,True,5,True,1.5332668975680824e-15,58,1.0,1.0,1,low,1.000003652309054
161.0,4.0,61.0,0.25,0.0,softmax,48.0,correct_memory_like,True,5,True,1.5424781064523494e-15,61,1.0,1.0,1,low,1.000003652309054
167.0,4.0,67.0,0.25,0.0,softmax,48.0,correct_memory_like,True,5,True,1.0488583629854814e-14,67,0.9999999999999998,1.0000000000000004,1,low,1.000003652309054
169.0,4.0,69.0,0.25,0.0,softmax,48.0,correct_memory_like,True,5,True,1.631349395651845e-14,69,0.9999999999999998,1.0000000000000004,1,low,1.000003652309054
170.0,4.0,70.0,0.25,0.0,softmax,48.0,correct_memory_like,True,5,True,3.5847608899902823e-16,70,1.0,1.0,1,low,1.000003652309054
173.0,4.0,73.0,0.25,0.0,softmax,48.0,correct_memory_like,True,5,True,1.4708664178063729e-15,73,1.0,1.0,1,low,1.000003652309054
174.0,4.0,74.0,0.25,0.0,softmax,48.0,correct_memory_like,True,5,True,1.669486255764847e-14,74,0.9999999999999998,1.0000000000000004,1,low,1.000003652309054
181.0,4.0,81.0,0.25,0.0,softmax,48.0,correct_memory_like,True,5,True,3.08306228158688e-15,81,1.0,1.0,1,low,1.000003652309054
182.0,4.0,82.0,0.25,0.0,softmax,48.0,correct_memory_like,True,5,True,4.278566403279742e-16,82,1.0,1.0,1,low,1.000003652309054
189.0,4.0,89.0,0.25,0.0,softmax,48.0,correct_memory_like,True,5,True,7.81499596941409e-16,89,1.0,1.0,1,low,1.000003652309054
190.0,4.0,90.0,0.25,0.0,softmax,48.0,correct_memory_like,True,5,True,1.0221828172644394e-14,90,0.9999999999999998,1.0000000000000004,1,low,1.000003652309054
191.0,4.0,91.0,0.25,0.0,softmax,48.0,correct_memory_like,True,5,True,8.237711250621612e-16,91,1.0,1.0,1,low,1.000003652309054
194.0,4.0,94.0,0.25,0.0,softmax,48.0,correct_memory_like,True,5,True,2.350008694305912e-15,94,1.0,1.0,1,low,1.000003652309054
196.0,4.0,96.0,0.25,0.0,softmax,48.0,correct_memory_like,True,5,True,3.674202644131149e-16,96,1.0,1.0,1,low,1.000003652309054
103.0,4.0,3.0,0.25,0.0,sparsemax,4.0,correct_memory_like,True,4,True,0.0,3,1.0,1.0,1,low,1.000003652309054
105.0,4.0,5.0,0.25,0.0,sparsemax,4.0,correct_memory_like,True,5,True,0.0,5,1.0,1.0,1,low,1.000003652309054
106.0,4.0,6.0,0.25,0.0,sparsemax,4.0,correct_memory_like,True,4,True,0.0,6,1.0,1.0,1,low,1.000003652309054
110.0,4.0,10.0,0.25,0.0,sparsemax,4.0,correct_memory_like,True,4,True,0.0,10,1.0,1.0,1,low,1.000003652309054
112.0,4.0,12.0,0.25,0.0,sparsemax,4.0,correct_memory_like,True,4,True,0.0,12,1.0,1.0,1,low,1.000003652309054
114.0,4.0,14.0,0.25,0.0,sparsemax,4.0,correct_memory_like,True,5,True,0.0,14,1.0,1.0,1,low,1.000003652309054
121.0,4.0,21.0,0.25,0.0,sparsemax,4.0,correct_memory_like,True,5,True,0.0,21,1.0,1.0,1,low,1.000003652309054
123.0,4.0,23.0,0.25,0.0,sparsemax,4.0,correct_memory_like,True,4,True,0.0,23,1.0,1.0,1,low,1.000003652309054
126.0,4.0,26.0,0.25,0.0,sparsemax,4.0,correct_memory_like,True,4,True,0.0,26,1.0,1.0,1,low,1.000003652309054
127.0,4.0,27.0,0.25,0.0,sparsemax,4.0,correct_memory_like,True,5,True,0.0,27,1.0,1.0,1,low,1.000003652309054
134.0,4.0,34.0,0.25,0.0,sparsemax,4.0,correct_memory_like,True,4,True,0.0,34,1.0,1.0,1,low,1.000003652309054
137.0,4.0,37.0,0.25,0.0,sparsemax,4.0,correct_memory_like,True,4,True,0.0,37,1.0,1.0,1,low,1.000003652309054
138.0,4.0,38.0,0.25,0.0,sparsemax,4.0,correct_memory_like,True,4,True,0.0,38,1.0,1.0,1,low,1.000003652309054
142.0,4.0,42.0,0.25,0.0,sparsemax,4.0,correct_memory_like,True,4,True,0.0,42,1.0,1.0,1,low,1.000003652309054
143.0,4.0,43.0,0.25,0.0,sparsemax,4.0,correct_memory_like,True,4,True,0.0,43,1.0,1.0,1,low,1.000003652309054
145.0,4.0,45.0,0.25,0.0,sparsemax,4.0,correct_memory_like,True,4,True,0.0,45,1.0,1.0,1,low,1.000003652309054
147.0,4.0,47.0,0.25,0.0,sparsemax,4.0,correct_memory_like,True,4,True,0.0,47,1.0,1.0,1,low,1.000003652309054
148.0,4.0,48.0,0.25,0.0,sparsemax,4.0,correct_memory_like,True,4,True,0.0,48,1.0,1.0,1,low,1.000003652309054
158.0,4.0,58.0,0.25,0.0,sparsemax,4.0,correct_memory_like,True,4,True,0.0,58,1.0,1.0,1,low,1.000003652309054
161.0,4.0,61.0,0.25,0.0,sparsemax,4.0,correct_memory_like,True,4,True,0.0,61,1.0,1.0,1,low,1.000003652309054
167.0,4.0,67.0,0.25,0.0,sparsemax,4.0,correct_memory_like,True,4,True,0.0,67,1.0,1.0,1,low,1.000003652309054
169.0,4.0,69.0,0.25,0.0,sparsemax,4.0,correct_memory_like,True,4,True,0.0,69,1.0,1.0,1,low,1.000003652309054
170.0,4.0,70.0,0.25,0.0,sparsemax,4.0,correct_memory_like,True,4,True,0.0,70,1.0,1.0,1,low,1.000003652309054
173.0,4.0,73.0,0.25,0.0,sparsemax,4.0,correct_memory_like,True,5,True,0.0,73,1.0,1.0,1,low,1.000003652309054
174.0,4.0,74.0,0.25,0.0,sparsemax,4.0,correct_memory_like,True,4,True,0.0,74,1.0,1.0,1,low,1.000003652309054
181.0,4.0,81.0,0.25,0.0,sparsemax,4.0,correct_memory_like,True,4,True,0.0,81,1.0,1.0,1,low,1.000003652309054
182.0,4.0,82.0,0.25,0.0,sparsemax,4.0,correct_memory_like,True,5,True,0.0,82,1.0,1.0,1,low,1.000003652309054
189.0,4.0,89.0,0.25,0.0,sparsemax,4.0,correct_memory_like,True,4,True,0.0,89,1.0,1.0,1,low,1.000003652309054
190.0,4.0,90.0,0.25,0.0,sparsemax,4.0,correct_memory_like,True,4,True,0.0,90,1.0,1.0,1,low,1.000003652309054
191.0,4.0,91.0,0.25,0.0,sparsemax,4.0,correct_memory_like,True,4,True,0.0,91,1.0,1.0,1,low,1.000003652309054
194.0,4.0,94.0,0.25,0.0,sparsemax,4.0,correct_memory_like,True,4,True,0.0,94,1.0,1.0,1,low,1.000003652309054
196.0,4.0,96.0,0.25,0.0,sparsemax,4.0,correct_memory_like,True,5,True,0.0,96,1.0,1.0,1,low,1.000003652309054
103.0,4.0,3.0,0.25,0.0,softmax,8.5,stable_mixture,True,18,True,0.290706092733306,0,0.0123447425895522,99.17104198131078,100,middle,8.064166134493913
105.0,4.0,5.0,0.25,0.0,softmax,8.5,stable_mixture,True,18,True,0.2907060927333058,0,0.0123447425895522,99.17104198131078,100,middle,8.064166134493913
106.0,4.0,6.0,0.25,0.0,softmax,8.5,stable_mixture,True,18,True,0.290706092733306,0,0.0123447425895522,99.17104198131078,100,middle,8.064166134493913
110.0,4.0,10.0,0.25,0.0,softmax,8.5,stable_mixture,True,18,True,0.2907060927333057,0,0.0123447425895522,99.17104198131078,100,middle,8.064166134493913
112.0,4.0,12.0,0.25,0.0,softmax,8.5,stable_mixture,True,18,True,0.290706092733306,0,0.0123447425895522,99.17104198131078,100,middle,8.064166134493913
114.0,4.0,14.0,0.25,0.0,softmax,8.5,stable_mixture,True,18,True,0.2907060927333056,0,0.0123447425895522,99.17104198131078,100,middle,8.064166134493913
121.0,4.0,21.0,0.25,0.0,softmax,8.5,stable_mixture,True,18,True,0.290706092733306,0,0.0123447425895522,99.17104198131078,100,middle,8.064166134493913
123.0,4.0,23.0,0.25,0.0,softmax,8.5,stable_mixture,True,18,True,0.290706092733306,0,0.0123447425895522,99.17104198131078,100,middle,8.064166134493913
126.0,4.0,26.0,0.25,0.0,softmax,8.5,stable_mixture,True,18,True,0.2907060927333058,0,0.0123447425895522,99.17104198131078,100,middle,8.064166134493913
127.0,4.0,27.0,0.25,0.0,softmax,8.5,stable_mixture,True,18,True,0.290706092733306,0,0.0123447425895522,99.17104198131078,100,middle,8.064166134493913
134.0,4.0,34.0,0.25,0.0,softmax,8.5,stable_mixture,True,18,True,0.2907060927333058,0,0.0123447425895522,99.17104198131078,100,middle,8.064166134493913
137.0,4.0,37.0,0.25,0.0,softmax,8.5,stable_mixture,True,18,True,0.2907060927333058,0,0.0123447425895522,99.17104198131078,100,middle,8.064166134493913
138.0,4.0,38.0,0.25,0.0,softmax,8.5,stable_mixture,True,17,True,0.2907060927333058,0,0.0123447425895522,99.17104198131078,100,middle,8.064166134493913
142.0,4.0,42.0,0.25,0.0,softmax,8.5,stable_mixture,True,18,True,0.290706092733306,0,0.0123447425895522,99.17104198131078,100,middle,8.064166134493913
143.0,4.0,43.0,0.25,0.0,softmax,8.5,stable_mixture,True,18,True,0.2907060927333057,0,0.0123447425895522,99.17104198131078,100,middle,8.064166134493913
145.0,4.0,45.0,0.25,0.0,softmax,8.5,stable_mixture,True,18,True,0.2907060927333058,0,0.0123447425895522,99.17104198131078,100,middle,8.064166134493913
147.0,4.0,47.0,0.25,0.0,softmax,8.5,stable_mixture,True,18,True,0.290706092733306,0,0.0123447425895522,99.17104198131078,100,middle,8.064166134493913
148.0,4.0,48.0,0.25,0.0,softmax,8.5,stable_mixture,True,17,True,0.2907060927333058,0,0.0123447425895522,99.17104198131078,100,middle,8.064166134493913
158.0,4.0,58.0,0.25,0.0,softmax,8.5,stable_mixture,True,17,True,0.290706092733306,0,0.0123447425895522,99.1710419813108,100,middle,8.064166134493913
161.0,4.0,61.0,0.25,0.0,softmax,8.5,stable_mixture,True,18,True,0.2907060927333058,0,0.0123447425895522,99.17104198131078,100,middle,8.064166134493913
167.0,4.0,67.0,0.25,0.0,softmax,8.5,stable_mixture,True,18,True,0.290706092733306,0,0.0123447425895522,99.17104198131078,100,middle,8.064166134493913
169.0,4.0,69.0,0.25,0.0,softmax,8.5,stable_mixture,True,18,True,0.2907060927333058,0,0.0123447425895522,99.17104198131078,100,middle,8.064166134493913
170.0,4.0,70.0,0.25,0.0,softmax,8.5,stable_mixture,True,17,True,0.2907060927333058,0,0.0123447425895522,99.17104198131078,100,middle,8.064166134493913
173.0,4.0,73.0,0.25,0.0,softmax,8.5,stable_mixture,True,18,True,0.2907060927333057,0,0.0123447425895522,99.17104198131078,100,middle,8.064166134493913
174.0,4.0,74.0,0.25,0.0,softmax,8.5,stable_mixture,True,18,True,0.2907060927333057,0,0.0123447425895522,99.17104198131078,100,middle,8.064166134493913
181.0,4.0,81.0,0.25,0.0,softmax,8.5,stable_mixture,True,18,True,0.2907060927333057,0,0.0123447425895522,99.17104198131078,100,middle,8.064166134493913
182.0,4.0,82.0,0.25,0.0,softmax,8.5,stable_mixture,True,18,True,0.2907060927333057,0,0.0123447425895522,99.17104198131078,100,middle,8.064166134493913
189.0,4.0,89.0,0.25,0.0,softmax,8.5,stable_mixture,True,18,True,0.2907060927333058,0,0.0123447425895522,99.17104198131078,100,middle,8.064166134493913
190.0,4.0,90.0,0.25,0.0,softmax,8.5,stable_mixture,True,18,True,0.2907060927333058,0,0.0123447425895522,99.17104198131078,100,middle,8.064166134493913
191.0,4.0,91.0,0.25,0.0,softmax,8.5,stable_mixture,True,18,True,0.290706092733306,0,0.0123447425895522,99.17104198131078,100,middle,8.064166134493913
194.0,4.0,94.0,0.25,0.0,softmax,8.5,stable_mixture,True,18,True,0.2907060927333057,0,0.0123447425895522,99.17104198131078,100,middle,8.064166134493913
196.0,4.0,96.0,0.25,0.0,softmax,8.5,stable_mixture,True,18,True,0.2907060927333058,0,0.0123447425895522,99.17104198131078,100,middle,8.064166134493913
103.0,4.0,3.0,0.25,0.0,sparsemax,0.7,unconverged_or_unstable,False,-1,True,0.907503616968413,17,0.112737578147715,12.820705624661612,15,middle,8.064166134493913
105.0,4.0,5.0,0.25,0.0,sparsemax,0.7,unconverged_or_unstable,False,-1,False,1.0837887931140735,76,0.1663751664015824,10.196506706373,18,middle,8.064166134493913
106.0,4.0,6.0,0.25,0.0,sparsemax,0.7,unconverged_or_unstable,False,-1,True,0.94470219442919,67,0.1616264648441354,9.037147323827234,12,middle,8.064166134493913
110.0,4.0,10.0,0.25,0.0,sparsemax,0.7,unconverged_or_unstable,False,-1,True,0.8626937259604613,92,0.1815577114785054,7.223322965390048,10,middle,8.064166134493913
112.0,4.0,12.0,0.25,0.0,sparsemax,0.7,unconverged_or_unstable,False,-1,True,0.926644426191628,12,0.1300208158752158,10.395319188692325,13,middle,8.064166134493913
114.0,4.0,14.0,0.25,0.0,sparsemax,0.7,unconverged_or_unstable,False,-1,True,0.9805805481315456,13,0.1258875107173756,10.73254644266158,15,middle,8.064166134493913
121.0,4.0,21.0,0.25,0.0,sparsemax,0.7,unconverged_or_unstable,False,-1,True,0.9470769778735773,75,0.1916089180930876,8.898865878731398,12,middle,8.064166134493913
123.0,4.0,23.0,0.25,0.0,sparsemax,0.7,unconverged_or_unstable,False,-1,True,0.948234279440238,33,0.1527897412221225,8.264949470422865,13,middle,8.064166134493913
126.0,4.0,26.0,0.25,0.0,sparsemax,0.7,unconverged_or_unstable,False,-1,False,1.0192444086846597,75,0.1586479140268508,10.2036051460785,14,middle,8.064166134493913
127.0,4.0,27.0,0.25,0.0,sparsemax,0.7,unconverged_or_unstable,False,-1,False,1.011110886562804,47,0.1371338630021441,11.790818748478223,17,middle,8.064166134493913
134.0,4.0,34.0,0.25,0.0,sparsemax,0.7,unconverged_or_unstable,False,-1,True,0.971570107892724,34,0.1632901468001638,11.193044642768402,16,middle,8.064166134493913
137.0,4.0,37.0,0.25,0.0,sparsemax,0.7,unconverged_or_unstable,False,-1,True,0.9634010878445828,47,0.1476129813963277,10.826239176168729,14,middle,8.064166134493913
138.0,4.0,38.0,0.25,0.0,sparsemax,0.7,unconverged_or_unstable,False,-1,False,1.0541365339030544,40,0.1613433340326995,8.841668763834294,13,middle,8.064166134493913
142.0,4.0,42.0,0.25,0.0,sparsemax,0.7,unconverged_or_unstable,False,-1,True,0.9222158234627592,40,0.1885067987128315,7.932702131237269,12,middle,8.064166134493913
143.0,4.0,43.0,0.25,0.0,sparsemax,0.7,unconverged_or_unstable,False,-1,True,0.9799972454419636,40,0.1881920235624559,7.934890779871907,13,middle,8.064166134493913
145.0,4.0,45.0,0.25,0.0,sparsemax,0.7,unconverged_or_unstable,False,-1,False,1.0653021274992027,22,0.1562580122952085,11.401774138885273,16,middle,8.064166134493913
147.0,4.0,47.0,0.25,0.0,sparsemax,0.7,unconverged_or_unstable,False,-1,True,0.9457444001715342,30,0.1469331560770058,9.730297215954383,12,middle,8.064166134493913
148.0,4.0,48.0,0.25,0.0,sparsemax,0.7,unconverged_or_unstable,False,-1,True,0.8626937259604613,92,0.1815598710216729,7.223575922674752,10,middle,8.064166134493913
158.0,4.0,58.0,0.25,0.0,sparsemax,0.7,unconverged_or_unstable,False,-1,True,0.9222158234627592,40,0.1885095406172265,7.93181445798053,12,middle,8.064166134493913
161.0,4.0,61.0,0.25,0.0,sparsemax,0.7,unconverged_or_unstable,False,-1,True,0.907503616968413,17,0.112716549737556,12.819990105623472,15,middle,8.064166134493913
167.0,4.0,67.0,0.25,0.0,sparsemax,0.7,unconverged_or_unstable,False,-1,True,0.94470219442919,67,0.1617124177062555,9.029887871829589,12,middle,8.064166134493913
169.0,4.0,69.0,0.25,0.0,sparsemax,0.7,unconverged_or_unstable,False,-1,False,1.011110886562804,47,0.1284102815175001,12.275949967539033,17,middle,8.064166134493913
170.0,4.0,70.0,0.25,0.0,sparsemax,0.7,unconverged_or_unstable,False,-1,True,0.9457444001715342,30,0.1466874629291439,9.716605726094866,12,middle,8.064166134493913
173.0,4.0,73.0,0.25,0.0,sparsemax,0.7,unconverged_or_unstable,False,-1,True,0.952391796340823,13,0.1492134425615362,10.048722468177864,12,middle,8.064166134493913
174.0,4.0,74.0,0.25,0.0,sparsemax,0.7,unconverged_or_unstable,False,-1,True,0.9748803462145572,75,0.19279781653922,9.097484349858174,13,middle,8.064166134493913
181.0,4.0,81.0,0.25,0.0,sparsemax,0.7,unconverged_or_unstable,False,-1,True,0.9799972454419636,40,0.1863067552193089,7.8525543697351905,13,middle,8.064166134493913
182.0,4.0,82.0,0.25,0.0,sparsemax,0.7,unconverged_or_unstable,False,-1,True,0.8626937259604613,92,0.1815569885859601,7.223413649885231,10,middle,8.064166134493913
189.0,4.0,89.0,0.25,0.0,sparsemax,0.7,unconverged_or_unstable,False,-1,True,0.9457444001715342,30,0.1467522570807301,9.72028310293692,12,middle,8.064166134493913
190.0,4.0,90.0,0.25,0.0,sparsemax,0.7,unconverged_or_unstable,False,-1,True,0.907503616968413,17,0.1120480481443418,12.789872152549382,15,middle,8.064166134493913
191.0,4.0,91.0,0.25,0.0,sparsemax,0.7,unconverged_or_unstable,False,-1,False,1.0079938785243137,67,0.1669354012851305,8.534876644003836,13,middle,8.064166134493913
194.0,4.0,94.0,0.25,0.0,sparsemax,0.7,unconverged_or_unstable,False,-1,True,0.9396432997521276,69,0.1404536421821394,10.65287018021028,14,middle,8.064166134493913
196.0,4.0,96.0,0.25,0.0,sparsemax,0.7,unconverged_or_unstable,False,-1,True,0.9222158234627592,40,0.1885164881514552,7.930210110730179,12,middle,8.064166134493913
103.0,4.0,3.0,0.25,0.0,softmax,3.5,stable_mixture,True,11,True,0.1190533564874689,0,0.0107999428858094,99.88868250451084,100,high,78.79242488015784
105.0,4.0,5.0,0.25,0.0,softmax,3.5,stable_mixture,True,11,True,0.1190533564874688,0,0.0107999428858094,99.88868250451084,100,high,78.79242488015784
106.0,4.0,6.0,0.25,0.0,softmax,3.5,stable_mixture,True,11,True,0.1190533564874688,0,0.0107999428858094,99.88868250451084,100,high,78.79242488015784
110.0,4.0,10.0,0.25,0.0,softmax,3.5,stable_mixture,True,11,True,0.1190533564874688,0,0.0107999428858094,99.88868250451084,100,high,78.79242488015784
112.0,4.0,12.0,0.25,0.0,softmax,3.5,stable_mixture,True,11,True,0.1190533564874688,0,0.0107999428858094,99.88868250451084,100,high,78.79242488015784
114.0,4.0,14.0,0.25,0.0,softmax,3.5,stable_mixture,True,11,True,0.1190533564874689,0,0.0107999428858094,99.88868250451084,100,high,78.79242488015784
121.0,4.0,21.0,0.25,0.0,softmax,3.5,stable_mixture,True,11,True,0.1190533564874689,0,0.0107999428858094,99.88868250451084,100,high,78.79242488015784
123.0,4.0,23.0,0.25,0.0,softmax,3.5,stable_mixture,True,11,True,0.1190533564874689,0,0.0107999428858094,99.88868250451084,100,high,78.79242488015784
126.0,4.0,26.0,0.25,0.0,softmax,3.5,stable_mixture,True,12,True,0.1190533564874688,0,0.0107999428858094,99.88868250451084,100,high,78.79242488015784
127.0,4.0,27.0,0.25,0.0,softmax,3.5,stable_mixture,True,11,True,0.1190533564874689,0,0.0107999428858094,99.88868250451084,100,high,78.79242488015784
134.0,4.0,34.0,0.25,0.0,softmax,3.5,stable_mixture,True,11,True,0.1190533564874689,0,0.0107999428858094,99.88868250451084,100,high,78.79242488015784
137.0,4.0,37.0,0.25,0.0,softmax,3.5,stable_mixture,True,11,True,0.1190533564874688,0,0.0107999428858094,99.88868250451084,100,high,78.79242488015784
138.0,4.0,38.0,0.25,0.0,softmax,3.5,stable_mixture,True,11,True,0.1190533564874689,0,0.0107999428858094,99.88868250451084,100,high,78.79242488015784
142.0,4.0,42.0,0.25,0.0,softmax,3.5,stable_mixture,True,11,True,0.1190533564874689,0,0.0107999428858094,99.88868250451084,100,high,78.79242488015784
143.0,4.0,43.0,0.25,0.0,softmax,3.5,stable_mixture,True,11,True,0.119053356487469,0,0.0107999428858094,99.88868250451084,100,high,78.79242488015784
145.0,4.0,45.0,0.25,0.0,softmax,3.5,stable_mixture,True,11,True,0.1190533564874689,0,0.0107999428858094,99.88868250451084,100,high,78.79242488015784
147.0,4.0,47.0,0.25,0.0,softmax,3.5,stable_mixture,True,11,True,0.1190533564874689,0,0.0107999428858094,99.88868250451084,100,high,78.79242488015784
148.0,4.0,48.0,0.25,0.0,softmax,3.5,stable_mixture,True,11,True,0.1190533564874688,0,0.0107999428858094,99.88868250451084,100,high,78.79242488015784
158.0,4.0,58.0,0.25,0.0,softmax,3.5,stable_mixture,True,11,True,0.1190533564874689,0,0.0107999428858094,99.88868250451084,100,high,78.79242488015784
161.0,4.0,61.0,0.25,0.0,softmax,3.5,stable_mixture,True,11,True,0.1190533564874688,0,0.0107999428858094,99.88868250451084,100,high,78.79242488015784
167.0,4.0,67.0,0.25,0.0,softmax,3.5,stable_mixture,True,11,True,0.119053356487469,0,0.0107999428858094,99.88868250451084,100,high,78.79242488015784
169.0,4.0,69.0,0.25,0.0,softmax,3.5,stable_mixture,True,11,True,0.1190533564874689,0,0.0107999428858094,99.88868250451084,100,high,78.79242488015784
170.0,4.0,70.0,0.25,0.0,softmax,3.5,stable_mixture,True,11,True,0.1190533564874689,0,0.0107999428858094,99.88868250451084,100,high,78.79242488015784
173.0,4.0,73.0,0.25,0.0,softmax,3.5,stable_mixture,True,11,True,0.1190533564874689,0,0.0107999428858094,99.88868250451084,100,high,78.79242488015784
174.0,4.0,74.0,0.25,0.0,softmax,3.5,stable_mixture,True,11,True,0.119053356487469,0,0.0107999428858094,99.88868250451084,100,high,78.79242488015784
181.0,4.0,81.0,0.25,0.0,softmax,3.5,stable_mixture,True,11,True,0.1190533564874688,0,0.0107999428858094,99.88868250451084,100,high,78.79242488015784
182.0,4.0,82.0,0.25,0.0,softmax,3.5,stable_mixture,True,12,True,0.119053356487469,0,0.0107999428858094,99.88868250451084,100,high,78.79242488015784
189.0,4.0,89.0,0.25,0.0,softmax,3.5,stable_mixture,True,11,True,0.1190533564874688,0,0.0107999428858094,99.88868250451084,100,high,78.79242488015784
190.0,4.0,90.0,0.25,0.0,softmax,3.5,stable_mixture,True,11,True,0.1190533564874689,0,0.0107999428858094,99.88868250451084,100,high,78.79242488015784
191.0,4.0,91.0,0.25,0.0,softmax,3.5,stable_mixture,True,11,True,0.1190533564874688,0,0.0107999428858094,99.88868250451084,100,high,78.79242488015784
194.0,4.0,94.0,0.25,0.0,softmax,3.5,stable_mixture,True,11,True,0.1190533564874688,0,0.0107999428858094,99.88868250451084,100,high,78.79242488015784
196.0,4.0,96.0,0.25,0.0,softmax,3.5,stable_mixture,True,11,True,0.1190533564874688,0,0.0107999428858094,99.88868250451084,100,high,78.79242488015784
103.0,4.0,3.0,0.25,0.0,sparsemax,0.05,stable_mixture,True,12,True,0.1700081163573645,0,0.0111440245836474,99.75925901899669,100,high,78.79242488015784
105.0,4.0,5.0,0.25,0.0,sparsemax,0.05,stable_mixture,True,13,True,0.1700081163573645,0,0.0111440245836474,99.75925901899669,100,high,78.79242488015784
106.0,4.0,6.0,0.25,0.0,sparsemax,0.05,stable_mixture,True,12,True,0.1700081163573645,0,0.0111440245836474,99.75925901899669,100,high,78.79242488015784
110.0,4.0,10.0,0.25,0.0,sparsemax,0.05,stable_mixture,True,12,True,0.1700081163573645,0,0.0111440245836474,99.75925901899669,100,high,78.79242488015784
112.0,4.0,12.0,0.25,0.0,sparsemax,0.05,stable_mixture,True,12,True,0.1700081163573645,0,0.0111440245836474,99.75925901899669,100,high,78.79242488015784
114.0,4.0,14.0,0.25,0.0,sparsemax,0.05,stable_mixture,True,12,True,0.1700081163573645,0,0.0111440245836474,99.75925901899669,100,high,78.79242488015784
121.0,4.0,21.0,0.25,0.0,sparsemax,0.05,stable_mixture,True,13,True,0.1700081163573645,0,0.0111440245836474,99.75925901899669,100,high,78.79242488015784
123.0,4.0,23.0,0.25,0.0,sparsemax,0.05,stable_mixture,True,12,True,0.1700081163573645,0,0.0111440245836474,99.75925901899669,100,high,78.79242488015784
126.0,4.0,26.0,0.25,0.0,sparsemax,0.05,stable_mixture,True,13,True,0.1700081163573645,0,0.0111440245836474,99.75925901899669,100,high,78.79242488015784
127.0,4.0,27.0,0.25,0.0,sparsemax,0.05,stable_mixture,True,13,True,0.1700081163573645,0,0.0111440245836474,99.75925901899669,100,high,78.79242488015784
134.0,4.0,34.0,0.25,0.0,sparsemax,0.05,stable_mixture,True,13,True,0.1700081163573645,0,0.0111440245836474,99.75925901899669,100,high,78.79242488015784
137.0,4.0,37.0,0.25,0.0,sparsemax,0.05,stable_mixture,True,12,True,0.1700081163573645,0,0.0111440245836474,99.75925901899669,100,high,78.79242488015784
138.0,4.0,38.0,0.25,0.0,sparsemax,0.05,stable_mixture,True,13,True,0.1700081163573645,0,0.0111440245836474,99.75925901899669,100,high,78.79242488015784
142.0,4.0,42.0,0.25,0.0,sparsemax,0.05,stable_mixture,True,12,True,0.1700081163573645,0,0.0111440245836474,99.75925901899669,100,high,78.79242488015784
143.0,4.0,43.0,0.25,0.0,sparsemax,0.05,stable_mixture,True,13,True,0.1700081163573645,0,0.0111440245836474,99.75925901899669,100,high,78.79242488015784
145.0,4.0,45.0,0.25,0.0,sparsemax,0.05,stable_mixture,True,13,True,0.1700081163573645,0,0.0111440245836474,99.75925901899669,100,high,78.79242488015784
147.0,4.0,47.0,0.25,0.0,sparsemax,0.05,stable_mixture,True,13,True,0.1700081163573645,0,0.0111440245836474,99.75925901899669,100,high,78.79242488015784
148.0,4.0,48.0,0.25,0.0,sparsemax,0.05,stable_mixture,True,12,True,0.1700081163573645,0,0.0111440245836474,99.75925901899669,100,high,78.79242488015784
158.0,4.0,58.0,0.25,0.0,sparsemax,0.05,stable_mixture,True,12,True,0.1700081163573645,0,0.0111440245836474,99.75925901899669,100,high,78.79242488015784
161.0,4.0,61.0,0.25,0.0,sparsemax,0.05,stable_mixture,True,13,True,0.1700081163573645,0,0.0111440245836474,99.75925901899669,100,high,78.79242488015784
167.0,4.0,67.0,0.25,0.0,sparsemax,0.05,stable_mixture,True,12,True,0.1700081163573645,0,0.0111440245836474,99.75925901899669,100,high,78.79242488015784
169.0,4.0,69.0,0.25,0.0,sparsemax,0.05,stable_mixture,True,13,True,0.1700081163573645,0,0.0111440245836474,99.75925901899669,100,high,78.79242488015784
170.0,4.0,70.0,0.25,0.0,sparsemax,0.05,stable_mixture,True,13,True,0.1700081163573645,0,0.0111440245836474,99.75925901899669,100,high,78.79242488015784
173.0,4.0,73.0,0.25,0.0,sparsemax,0.05,stable_mixture,True,12,True,0.1700081163573645,0,0.0111440245836474,99.75925901899669,100,high,78.79242488015784
174.0,4.0,74.0,0.25,0.0,sparsemax,0.05,stable_mixture,True,13,True,0.1700081163573645,0,0.0111440245836474,99.75925901899669,100,high,78.79242488015784
181.0,4.0,81.0,0.25,0.0,sparsemax,0.05,stable_mixture,True,12,True,0.1700081163573645,0,0.0111440245836474,99.75925901899669,100,high,78.79242488015784
182.0,4.0,82.0,0.25,0.0,sparsemax,0.05,stable_mixture,True,13,True,0.1700081163573645,0,0.0111440245836474,99.75925901899669,100,high,78.79242488015784
189.0,4.0,89.0,0.25,0.0,sparsemax,0.05,stable_mixture,True,12,True,0.1700081163573645,0,0.0111440245836474,99.75925901899669,100,high,78.79242488015784
190.0,4.0,90.0,0.25,0.0,sparsemax,0.05,stable_mixture,True,13,True,0.1700081163573645,0,0.0111440245836474,99.75925901899669,100,high,78.79242488015784
191.0,4.0,91.0,0.25,0.0,sparsemax,0.05,stable_mixture,True,13,True,0.1700081163573645,0,0.0111440245836474,99.75925901899669,100,high,78.79242488015784
194.0,4.0,94.0,0.25,0.0,sparsemax,0.05,stable_mixture,True,12,True,0.1700081163573645,0,0.0111440245836474,99.75925901899669,100,high,78.79242488015784
196.0,4.0,96.0,0.25,0.0,sparsemax,0.05,stable_mixture,True,13,True,0.1700081163573645,0,0.0111440245836474,99.75925901899669,100,high,78.79242488015784
203.0,4.0,3.0,0.4,0.0,softmax,48.0,correct_memory_like,True,6,True,7.137013395425698e-16,3,1.0,1.0,1,low,2.824340786677101
205.0,4.0,5.0,0.4,0.0,softmax,48.0,other_stored_memory_like,True,6,True,3.098465104311259e-15,88,1.0,1.0,1,low,2.824340786677101
206.0,4.0,6.0,0.4,0.0,softmax,48.0,correct_memory_like,True,7,True,3.558576473963173e-16,6,1.0,1.0,1,low,2.824340786677101
210.0,4.0,10.0,0.4,0.0,softmax,48.0,correct_memory_like,True,7,True,3.7751253605866926e-16,10,1.0,1.0,1,low,2.824340786677101
212.0,4.0,12.0,0.4,0.0,softmax,48.0,correct_memory_like,True,6,True,7.220024656348678e-16,12,1.0,1.0,1,low,2.824340786677101
214.0,4.0,14.0,0.4,0.0,softmax,48.0,other_stored_memory_like,True,5,True,2.0927272439125965e-14,72,0.9999999999999996,1.0000000000000009,1,low,2.824340786677101
221.0,4.0,21.0,0.4,0.0,softmax,48.0,correct_memory_like,True,7,True,2.4093032520644103e-14,21,0.9999999999999996,1.0000000000000009,1,low,2.824340786677101
223.0,4.0,23.0,0.4,0.0,softmax,48.0,other_stored_memory_like,True,7,True,7.28584318203887e-14,29,0.9999999999999988,1.0000000000000022,1,low,2.824340786677101
226.0,4.0,26.0,0.4,0.0,softmax,48.0,other_stored_memory_like,True,5,True,3.1551928182715385e-15,52,1.0,1.0,1,low,2.824340786677101
227.0,4.0,27.0,0.4,0.0,softmax,48.0,other_stored_memory_like,True,6,True,1.634209356018389e-14,46,0.9999999999999998,1.0000000000000004,1,low,2.824340786677101
234.0,4.0,34.0,0.4,0.0,softmax,48.0,other_stored_memory_like,True,5,True,2.8093824769156346e-15,22,1.0,1.0,1,low,2.824340786677101
237.0,4.0,37.0,0.4,0.0,softmax,48.0,other_stored_memory_like,True,5,True,3.1551928182715385e-15,52,1.0,1.0,1,low,2.824340786677101
238.0,4.0,38.0,0.4,0.0,softmax,48.0,correct_memory_like,True,6,True,3.1864083204263154e-15,38,1.0,1.0,1,low,2.824340786677101
242.0,4.0,42.0,0.4,0.0,softmax,48.0,other_stored_memory_like,True,5,True,1.631349395651845e-14,69,0.9999999999999998,1.0000000000000004,1,low,2.824340786677101
243.0,4.0,43.0,0.4,0.0,softmax,48.0,other_stored_memory_like,True,5,True,1.634209356018389e-14,46,0.9999999999999998,1.0000000000000004,1,low,2.824340786677101
245.0,4.0,45.0,0.4,0.0,softmax,48.0,other_stored_memory_like,True,5,True,7.293249151327454e-14,68,0.9999999999999988,1.0000000000000022,1,low,2.824340786677101
247.0,4.0,47.0,0.4,0.0,softmax,48.0,correct_memory_like,True,5,True,3.3469473775047227e-14,47,0.9999999999999996,1.0000000000000009,1,low,2.824340786677101
248.0,4.0,48.0,0.4,0.0,softmax,48.0,other_stored_memory_like,True,6,True,1.5448888421497917e-15,37,1.0,1.0,1,low,2.824340786677101
258.0,4.0,58.0,0.4,0.0,softmax,48.0,other_stored_memory_like,True,5,True,6.523360266263082e-15,78,1.0,1.0,1,low,2.824340786677101
261.0,4.0,61.0,0.4,0.0,softmax,48.0,correct_memory_like,True,5,True,1.5424781064523494e-15,61,1.0,1.0,1,low,2.824340786677101
267.0,4.0,67.0,0.4,0.0,softmax,48.0,other_stored_memory_like,True,6,True,6.523360266263082e-15,78,1.0,1.0,1,low,2.824340786677101
269.0,4.0,69.0,0.4,0.0,softmax,48.0,other_stored_memory_like,True,5,True,1.0488583629854814e-14,67,0.9999999999999998,1.0000000000000004,1,low,2.824340786677101
270.0,4.0,70.0,0.4,0.0,softmax,48.0,correct_memory_like,True,7,True,3.5847608899902823e-16,70,1.0,1.0,1,low,2.824340786677101
273.0,4.0,73.0,0.4,0.0,softmax,48.0,other_stored_memory_like,True,6,True,1.6290883395605367e-14,95,0.9999999999999998,1.0000000000000004,1,low,2.824340786677101
274.0,4.0,74.0,0.4,0.0,softmax,48.0,other_stored_memory_like,True,5,True,2.4093032520644103e-14,21,0.9999999999999996,1.0000000000000009,1,low,2.824340786677101
281.0,4.0,81.0,0.4,0.0,softmax,48.0,other_stored_memory_like,True,5,True,1.0660753748408048e-14,31,0.9999999999999998,1.0000000000000004,1,low,2.824340786677101
282.0,4.0,82.0,0.4,0.0,softmax,48.0,other_stored_memory_like,True,5,True,1.0221828172644394e-14,90,0.9999999999999998,1.0000000000000004,1,low,2.824340786677101
289.0,4.0,89.0,0.4,0.0,softmax,48.0,other_stored_memory_like,True,6,True,1.752985798540994e-15,5,1.0,1.0,1,low,2.824340786677101
290.0,4.0,90.0,0.4,0.0,softmax,48.0,correct_memory_like,True,6,True,1.0221828172644394e-14,90,0.9999999999999998,1.0000000000000004,1,low,2.824340786677101
291.0,4.0,91.0,0.4,0.0,softmax,48.0,other_stored_memory_like,True,5,True,7.34202460767252e-16,0,1.0,1.0,1,low,2.824340786677101
294.0,4.0,94.0,0.4,0.0,softmax,48.0,correct_memory_like,True,6,True,2.350008694305912e-15,94,1.0,1.0,1,low,2.824340786677101
296.0,4.0,96.0,0.4,0.0,softmax,48.0,other_stored_memory_like,True,7,True,2.8093824769156346e-15,22,1.0,1.0,1,low,2.824340786677101
203.0,4.0,3.0,0.4,0.0,sparsemax,8.0,correct_memory_like,True,5,True,0.0,3,1.0,1.0,1,low,2.824340786677101
205.0,4.0,5.0,0.4,0.0,sparsemax,8.0,other_stored_memory_like,True,6,True,0.0,88,1.0,1.0,1,low,2.824340786677101
206.0,4.0,6.0,0.4,0.0,sparsemax,8.0,other_stored_memory_like,True,7,True,0.0,32,1.0,1.0,1,low,2.824340786677101
210.0,4.0,10.0,0.4,0.0,sparsemax,8.0,correct_memory_like,True,7,True,0.0,10,1.0,1.0,1,low,2.824340786677101
212.0,4.0,12.0,0.4,0.0,sparsemax,8.0,correct_memory_like,True,6,True,0.0,12,1.0,1.0,1,low,2.824340786677101
214.0,4.0,14.0,0.4,0.0,sparsemax,8.0,other_stored_memory_like,True,5,True,0.0,72,1.0,1.0,1,low,2.824340786677101
221.0,4.0,21.0,0.4,0.0,sparsemax,8.0,correct_memory_like,True,7,True,0.0,21,1.0,1.0,1,low,2.824340786677101
223.0,4.0,23.0,0.4,0.0,sparsemax,8.0,other_stored_memory_like,True,7,True,0.0,29,1.0,1.0,1,low,2.824340786677101
226.0,4.0,26.0,0.4,0.0,sparsemax,8.0,other_stored_memory_like,True,5,True,0.0,52,1.0,1.0,1,low,2.824340786677101
227.0,4.0,27.0,0.4,0.0,sparsemax,8.0,other_stored_memory_like,True,6,True,0.0,46,1.0,1.0,1,low,2.824340786677101
234.0,4.0,34.0,0.4,0.0,sparsemax,8.0,other_stored_memory_like,True,5,True,0.0,22,1.0,1.0,1,low,2.824340786677101
237.0,4.0,37.0,0.4,0.0,sparsemax,8.0,other_stored_memory_like,True,5,True,0.0,52,1.0,1.0,1,low,2.824340786677101
238.0,4.0,38.0,0.4,0.0,sparsemax,8.0,correct_memory_like,True,6,True,0.0,38,1.0,1.0,1,low,2.824340786677101
242.0,4.0,42.0,0.4,0.0,sparsemax,8.0,other_stored_memory_like,True,5,True,0.0,69,1.0,1.0,1,low,2.824340786677101
243.0,4.0,43.0,0.4,0.0,sparsemax,8.0,other_stored_memory_like,True,5,True,0.0,46,1.0,1.0,1,low,2.824340786677101
245.0,4.0,45.0,0.4,0.0,sparsemax,8.0,other_stored_memory_like,True,5,True,0.0,68,1.0,1.0,1,low,2.824340786677101
247.0,4.0,47.0,0.4,0.0,sparsemax,8.0,correct_memory_like,True,5,True,0.0,47,1.0,1.0,1,low,2.824340786677101
248.0,4.0,48.0,0.4,0.0,sparsemax,8.0,other_stored_memory_like,True,6,True,0.0,37,1.0,1.0,1,low,2.824340786677101
258.0,4.0,58.0,0.4,0.0,sparsemax,8.0,other_stored_memory_like,True,5,True,0.0,78,1.0,1.0,1,low,2.824340786677101
261.0,4.0,61.0,0.4,0.0,sparsemax,8.0,correct_memory_like,True,5,True,0.0,61,1.0,1.0,1,low,2.824340786677101
267.0,4.0,67.0,0.4,0.0,sparsemax,8.0,other_stored_memory_like,True,6,True,0.0,78,1.0,1.0,1,low,2.824340786677101
269.0,4.0,69.0,0.4,0.0,sparsemax,8.0,other_stored_memory_like,True,5,True,0.0,67,1.0,1.0,1,low,2.824340786677101
270.0,4.0,70.0,0.4,0.0,sparsemax,8.0,correct_memory_like,True,7,True,0.0,70,1.0,1.0,1,low,2.824340786677101
273.0,4.0,73.0,0.4,0.0,sparsemax,8.0,other_stored_memory_like,True,6,True,0.0,95,1.0,1.0,1,low,2.824340786677101
274.0,4.0,74.0,0.4,0.0,sparsemax,8.0,other_stored_memory_like,True,5,True,0.0,21,1.0,1.0,1,low,2.824340786677101
281.0,4.0,81.0,0.4,0.0,sparsemax,8.0,other_stored_memory_like,True,5,True,0.0,31,1.0,1.0,1,low,2.824340786677101
282.0,4.0,82.0,0.4,0.0,sparsemax,8.0,other_stored_memory_like,True,5,True,0.0,90,1.0,1.0,1,low,2.824340786677101
289.0,4.0,89.0,0.4,0.0,sparsemax,8.0,other_stored_memory_like,True,5,True,0.0,5,1.0,1.0,1,low,2.824340786677101
290.0,4.0,90.0,0.4,0.0,sparsemax,8.0,correct_memory_like,True,6,True,0.0,90,1.0,1.0,1,low,2.824340786677101
291.0,4.0,91.0,0.4,0.0,sparsemax,8.0,other_stored_memory_like,True,5,True,0.0,0,1.0,1.0,1,low,2.824340786677101
294.0,4.0,94.0,0.4,0.0,sparsemax,8.0,correct_memory_like,True,6,True,0.0,94,1.0,1.0,1,low,2.824340786677101
296.0,4.0,96.0,0.4,0.0,sparsemax,8.0,other_stored_memory_like,True,6,True,0.0,22,1.0,1.0,1,low,2.824340786677101
203.0,4.0,3.0,0.4,0.0,softmax,5.0,stable_mixture,True,13,True,0.1702266690096212,0,0.0112027926914471,99.75763979593049,100,high,82.44553817584185
205.0,4.0,5.0,0.4,0.0,softmax,5.0,stable_mixture,True,13,True,0.1702266690096211,0,0.0112027926914471,99.75763979593049,100,high,82.44553817584185
206.0,4.0,6.0,0.4,0.0,softmax,5.0,stable_mixture,True,13,True,0.1702266690096211,0,0.0112027926914471,99.75763979593049,100,high,82.44553817584185
210.0,4.0,10.0,0.4,0.0,softmax,5.0,stable_mixture,True,13,True,0.1702266690096211,0,0.0112027926914471,99.75763979593049,100,high,82.44553817584185
212.0,4.0,12.0,0.4,0.0,softmax,5.0,stable_mixture,True,13,True,0.1702266690096212,0,0.0112027926914471,99.75763979593049,100,high,82.44553817584185
214.0,4.0,14.0,0.4,0.0,softmax,5.0,stable_mixture,True,13,True,0.1702266690096211,0,0.0112027926914471,99.75763979593049,100,high,82.44553817584185
221.0,4.0,21.0,0.4,0.0,softmax,5.0,stable_mixture,True,13,True,0.1702266690096211,0,0.0112027926914471,99.75763979593049,100,high,82.44553817584185
223.0,4.0,23.0,0.4,0.0,softmax,5.0,stable_mixture,True,13,True,0.1702266690096211,0,0.0112027926914471,99.75763979593049,100,high,82.44553817584185
226.0,4.0,26.0,0.4,0.0,softmax,5.0,stable_mixture,True,13,True,0.1702266690096211,0,0.0112027926914471,99.75763979593049,100,high,82.44553817584185
227.0,4.0,27.0,0.4,0.0,softmax,5.0,stable_mixture,True,13,True,0.1702266690096211,0,0.0112027926914471,99.75763979593049,100,high,82.44553817584185
234.0,4.0,34.0,0.4,0.0,softmax,5.0,stable_mixture,True,12,True,0.1702266690096212,0,0.0112027926914471,99.75763979593049,100,high,82.44553817584185
237.0,4.0,37.0,0.4,0.0,softmax,5.0,stable_mixture,True,13,True,0.1702266690096212,0,0.0112027926914471,99.75763979593049,100,high,82.44553817584185
238.0,4.0,38.0,0.4,0.0,softmax,5.0,stable_mixture,True,13,True,0.1702266690096211,0,0.0112027926914471,99.75763979593049,100,high,82.44553817584185
242.0,4.0,42.0,0.4,0.0,softmax,5.0,stable_mixture,True,12,True,0.1702266690096211,0,0.0112027926914471,99.75763979593049,100,high,82.44553817584185
243.0,4.0,43.0,0.4,0.0,softmax,5.0,stable_mixture,True,13,True,0.1702266690096209,0,0.0112027926914471,99.75763979593049,100,high,82.44553817584185
245.0,4.0,45.0,0.4,0.0,softmax,5.0,stable_mixture,True,13,True,0.1702266690096211,0,0.0112027926914471,99.75763979593049,100,high,82.44553817584185
247.0,4.0,47.0,0.4,0.0,softmax,5.0,stable_mixture,True,13,True,0.1702266690096211,0,0.0112027926914471,99.75763979593049,100,high,82.44553817584185
248.0,4.0,48.0,0.4,0.0,softmax,5.0,stable_mixture,True,12,True,0.1702266690096212,0,0.0112027926914471,99.75763979593049,100,high,82.44553817584185
258.0,4.0,58.0,0.4,0.0,softmax,5.0,stable_mixture,True,12,True,0.1702266690096211,0,0.0112027926914471,99.75763979593049,100,high,82.44553817584185
261.0,4.0,61.0,0.4,0.0,softmax,5.0,stable_mixture,True,13,True,0.1702266690096212,0,0.0112027926914471,99.75763979593049,100,high,82.44553817584185
267.0,4.0,67.0,0.4,0.0,softmax,5.0,stable_mixture,True,13,True,0.1702266690096211,0,0.0112027926914471,99.75763979593049,100,high,82.44553817584185
269.0,4.0,69.0,0.4,0.0,softmax,5.0,stable_mixture,True,13,True,0.1702266690096211,0,0.0112027926914471,99.75763979593049,100,high,82.44553817584185
270.0,4.0,70.0,0.4,0.0,softmax,5.0,stable_mixture,True,13,True,0.1702266690096211,0,0.0112027926914471,99.75763979593049,100,high,82.44553817584185
273.0,4.0,73.0,0.4,0.0,softmax,5.0,stable_mixture,True,13,True,0.1702266690096211,0,0.0112027926914471,99.75763979593049,100,high,82.44553817584185
274.0,4.0,74.0,0.4,0.0,softmax,5.0,stable_mixture,True,13,True,0.1702266690096211,0,0.0112027926914471,99.75763979593049,100,high,82.44553817584185
281.0,4.0,81.0,0.4,0.0,softmax,5.0,stable_mixture,True,13,True,0.1702266690096212,0,0.0112027926914471,99.75763979593049,100,high,82.44553817584185
282.0,4.0,82.0,0.4,0.0,softmax,5.0,stable_mixture,True,12,True,0.1702266690096212,0,0.0112027926914471,99.75763979593049,100,high,82.44553817584185
289.0,4.0,89.0,0.4,0.0,softmax,5.0,stable_mixture,True,13,True,0.170226669009621,0,0.0112027926914471,99.75763979593049,100,high,82.44553817584185
290.0,4.0,90.0,0.4,0.0,softmax,5.0,stable_mixture,True,13,True,0.1702266690096211,0,0.0112027926914471,99.75763979593049,100,high,82.44553817584185
291.0,4.0,91.0,0.4,0.0,softmax,5.0,stable_mixture,True,13,True,0.1702266690096212,0,0.0112027926914471,99.75763979593049,100,high,82.44553817584185
294.0,4.0,94.0,0.4,0.0,softmax,5.0,stable_mixture,True,12,True,0.1702266690096211,0,0.0112027926914471,99.75763979593049,100,high,82.44553817584185
296.0,4.0,96.0,0.4,0.0,softmax,5.0,stable_mixture,True,13,True,0.170226669009621,0,0.0112027926914471,99.75763979593049,100,high,82.44553817584185
203.0,4.0,3.0,0.4,0.0,sparsemax,0.05,stable_mixture,True,13,True,0.1700081163573645,0,0.0111440245836474,99.75925901899669,100,high,82.44553817584185
205.0,4.0,5.0,0.4,0.0,sparsemax,0.05,stable_mixture,True,13,True,0.1700081163573645,0,0.0111440245836474,99.75925901899669,100,high,82.44553817584185
206.0,4.0,6.0,0.4,0.0,sparsemax,0.05,stable_mixture,True,12,True,0.1700081163573645,0,0.0111440245836474,99.75925901899669,100,high,82.44553817584185
210.0,4.0,10.0,0.4,0.0,sparsemax,0.05,stable_mixture,True,12,True,0.1700081163573645,0,0.0111440245836474,99.75925901899669,100,high,82.44553817584185
212.0,4.0,12.0,0.4,0.0,sparsemax,0.05,stable_mixture,True,13,True,0.1700081163573645,0,0.0111440245836474,99.75925901899669,100,high,82.44553817584185
214.0,4.0,14.0,0.4,0.0,sparsemax,0.05,stable_mixture,True,13,True,0.1700081163573645,0,0.0111440245836474,99.75925901899669,100,high,82.44553817584185
221.0,4.0,21.0,0.4,0.0,sparsemax,0.05,stable_mixture,True,12,True,0.1700081163573645,0,0.0111440245836474,99.75925901899669,100,high,82.44553817584185
223.0,4.0,23.0,0.4,0.0,sparsemax,0.05,stable_mixture,True,13,True,0.1700081163573645,0,0.0111440245836474,99.75925901899669,100,high,82.44553817584185
226.0,4.0,26.0,0.4,0.0,sparsemax,0.05,stable_mixture,True,12,True,0.1700081163573645,0,0.0111440245836474,99.75925901899669,100,high,82.44553817584185
227.0,4.0,27.0,0.4,0.0,sparsemax,0.05,stable_mixture,True,13,True,0.1700081163573645,0,0.0111440245836474,99.75925901899669,100,high,82.44553817584185
234.0,4.0,34.0,0.4,0.0,sparsemax,0.05,stable_mixture,True,12,True,0.1700081163573645,0,0.0111440245836474,99.75925901899669,100,high,82.44553817584185
237.0,4.0,37.0,0.4,0.0,sparsemax,0.05,stable_mixture,True,13,True,0.1700081163573645,0,0.0111440245836474,99.75925901899669,100,high,82.44553817584185
238.0,4.0,38.0,0.4,0.0,sparsemax,0.05,stable_mixture,True,13,True,0.1700081163573645,0,0.0111440245836474,99.75925901899669,100,high,82.44553817584185
242.0,4.0,42.0,0.4,0.0,sparsemax,0.05,stable_mixture,True,12,True,0.1700081163573645,0,0.0111440245836474,99.75925901899669,100,high,82.44553817584185
243.0,4.0,43.0,0.4,0.0,sparsemax,0.05,stable_mixture,True,13,True,0.1700081163573645,0,0.0111440245836474,99.75925901899669,100,high,82.44553817584185
245.0,4.0,45.0,0.4,0.0,sparsemax,0.05,stable_mixture,True,13,True,0.1700081163573645,0,0.0111440245836474,99.75925901899669,100,high,82.44553817584185
247.0,4.0,47.0,0.4,0.0,sparsemax,0.05,stable_mixture,True,13,True,0.1700081163573645,0,0.0111440245836474,99.75925901899669,100,high,82.44553817584185
248.0,4.0,48.0,0.4,0.0,sparsemax,0.05,stable_mixture,True,12,True,0.1700081163573645,0,0.0111440245836474,99.75925901899669,100,high,82.44553817584185
258.0,4.0,58.0,0.4,0.0,sparsemax,0.05,stable_mixture,True,12,True,0.1700081163573645,0,0.0111440245836474,99.75925901899669,100,high,82.44553817584185
261.0,4.0,61.0,0.4,0.0,sparsemax,0.05,stable_mixture,True,13,True,0.1700081163573645,0,0.0111440245836474,99.75925901899669,100,high,82.44553817584185
267.0,4.0,67.0,0.4,0.0,sparsemax,0.05,stable_mixture,True,13,True,0.1700081163573645,0,0.0111440245836474,99.75925901899669,100,high,82.44553817584185
269.0,4.0,69.0,0.4,0.0,sparsemax,0.05,stable_mixture,True,12,True,0.1700081163573645,0,0.0111440245836474,99.75925901899669,100,high,82.44553817584185
270.0,4.0,70.0,0.4,0.0,sparsemax,0.05,stable_mixture,True,13,True,0.1700081163573645,0,0.0111440245836474,99.75925901899669,100,high,82.44553817584185
273.0,4.0,73.0,0.4,0.0,sparsemax,0.05,stable_mixture,True,13,True,0.1700081163573645,0,0.0111440245836474,99.75925901899669,100,high,82.44553817584185
274.0,4.0,74.0,0.4,0.0,sparsemax,0.05,stable_mixture,True,13,True,0.1700081163573645,0,0.0111440245836474,99.75925901899669,100,high,82.44553817584185
281.0,4.0,81.0,0.4,0.0,sparsemax,0.05,stable_mixture,True,13,True,0.1700081163573645,0,0.0111440245836474,99.75925901899669,100,high,82.44553817584185
282.0,4.0,82.0,0.4,0.0,sparsemax,0.05,stable_mixture,True,12,True,0.1700081163573645,0,0.0111440245836474,99.75925901899669,100,high,82.44553817584185
289.0,4.0,89.0,0.4,0.0,sparsemax,0.05,stable_mixture,True,13,True,0.1700081163573645,0,0.0111440245836474,99.75925901899669,100,high,82.44553817584185
290.0,4.0,90.0,0.4,0.0,sparsemax,0.05,stable_mixture,True,13,True,0.1700081163573645,0,0.0111440245836474,99.75925901899669,100,high,82.44553817584185
291.0,4.0,91.0,0.4,0.0,sparsemax,0.05,stable_mixture,True,13,True,0.1700081163573645,0,0.0111440245836474,99.75925901899669,100,high,82.44553817584185
294.0,4.0,94.0,0.4,0.0,sparsemax,0.05,stable_mixture,True,12,True,0.1700081163573645,0,0.0111440245836474,99.75925901899669,100,high,82.44553817584185
296.0,4.0,96.0,0.4,0.0,sparsemax,0.05,stable_mixture,True,13,True,0.1700081163573645,0,0.0111440245836474,99.75925901899669,100,high,82.44553817584185
0.0,5.0,0.0,0.1,0.0,softmax,48.0,correct_memory_like,True,4,True,1.502134046119537e-16,0,1.0,1.0,1,low,1.0000000000029354
1.0,5.0,1.0,0.1,0.0,softmax,48.0,correct_memory_like,True,4,True,6.495494905054883e-15,1,1.0,1.0,1,low,1.0000000000029354
2.0,5.0,2.0,0.1,0.0,softmax,48.0,correct_memory_like,True,4,True,6.9534147700697e-16,2,1.0,1.0,1,low,1.0000000000029354
6.0,5.0,6.0,0.1,0.0,softmax,48.0,correct_memory_like,True,4,True,4.0641596418356056e-16,6,1.0,1.0,1,low,1.0000000000029354
8.0,5.0,8.0,0.1,0.0,softmax,48.0,correct_memory_like,True,4,True,3.1444550541307908e-15,8,1.0,1.0,1,low,1.0000000000029354
10.0,5.0,10.0,0.1,0.0,softmax,48.0,correct_memory_like,True,4,True,3.2009883551819163e-15,10,1.0,1.0,1,low,1.0000000000029354
12.0,5.0,12.0,0.1,0.0,softmax,48.0,correct_memory_like,True,4,True,1.0682862803990603e-14,12,0.9999999999999998,1.0000000000000004,1,low,1.0000000000029354
15.0,5.0,15.0,0.1,0.0,softmax,48.0,correct_memory_like,True,4,True,1.0887895290882518e-14,15,0.9999999999999998,1.0000000000000004,1,low,1.0000000000029354
20.0,5.0,20.0,0.1,0.0,softmax,48.0,correct_memory_like,True,4,True,1.51454167630357e-13,20,0.9999999999999976,1.0000000000000049,1,low,1.0000000000029354
21.0,5.0,21.0,0.1,0.0,softmax,48.0,correct_memory_like,True,4,True,6.492350851492941e-15,21,1.0,1.0,1,low,1.0000000000029354
23.0,5.0,23.0,0.1,0.0,softmax,48.0,correct_memory_like,True,4,True,1.6488608906520733e-14,23,0.9999999999999998,1.0000000000000004,1,low,1.0000000000029354
26.0,5.0,26.0,0.1,0.0,softmax,48.0,correct_memory_like,True,4,True,3.2128993894032266e-15,26,1.0,1.0,1,low,1.0000000000029354
29.0,5.0,29.0,0.1,0.0,softmax,48.0,correct_memory_like,True,4,True,1.0563040244176311e-14,29,0.9999999999999998,1.0000000000000004,1,low,1.0000000000029354
40.0,5.0,40.0,0.1,0.0,softmax,48.0,correct_memory_like,True,4,True,9.093758509351295e-15,40,0.9999999999999998,1.0000000000000004,1,low,1.0000000000029354
43.0,5.0,43.0,0.1,0.0,softmax,48.0,correct_memory_like,True,4,True,6.608622244220698e-15,43,1.0,1.0,1,low,1.0000000000029354
45.0,5.0,45.0,0.1,0.0,softmax,48.0,correct_memory_like,True,4,True,3.2049004044089164e-15,45,1.0,1.0,1,low,1.0000000000029354
47.0,5.0,47.0,0.1,0.0,softmax,48.0,correct_memory_like,True,4,True,3.3624281056573783e-14,47,0.9999999999999996,1.0000000000000009,1,low,1.0000000000029354
52.0,5.0,52.0,0.1,0.0,softmax,48.0,correct_memory_like,True,4,True,3.100443153069685e-13,52,0.9999999999999952,1.0000000000000098,1,low,1.0000000000029354
55.0,5.0,55.0,0.1,0.0,softmax,48.0,correct_memory_like,True,4,True,1.5508983109097445e-15,55,1.0,1.0,1,low,1.0000000000029354
58.0,5.0,58.0,0.1,0.0,softmax,48.0,correct_memory_like,True,4,True,3.106659009368455e-13,58,0.9999999999999952,1.0000000000000098,1,low,1.0000000000029354
59.0,5.0,59.0,0.1,0.0,softmax,48.0,correct_memory_like,True,4,True,3.1185563346411186e-15,59,1.0,1.0,1,low,1.0000000000029354
62.0,5.0,62.0,0.1,0.0,softmax,48.0,correct_memory_like,True,4,True,1.4849194351131422e-15,62,1.0,1.0,1,low,1.0000000000029354
63.0,5.0,63.0,0.1,0.0,softmax,48.0,correct_memory_like,True,4,True,1.283044232641087e-15,63,1.0,1.0,1,low,1.0000000000029354
64.0,5.0,64.0,0.1,0.0,softmax,48.0,correct_memory_like,True,4,True,3.0996197536859853e-13,64,0.9999999999999952,1.0000000000000098,1,low,1.0000000000029354
65.0,5.0,65.0,0.1,0.0,softmax,48.0,correct_memory_like,True,4,True,1.6432544710846224e-14,65,0.9999999999999998,1.0000000000000004,1,low,1.0000000000029354
66.0,5.0,66.0,0.1,0.0,softmax,48.0,correct_memory_like,True,4,True,3.295778386860183e-15,66,1.0,1.0,1,low,1.0000000000029354
72.0,5.0,72.0,0.1,0.0,softmax,48.0,correct_memory_like,True,4,True,1.6496235786320592e-14,72,0.9999999999999998,1.0000000000000004,1,low,1.0000000000029354
74.0,5.0,74.0,0.1,0.0,softmax,48.0,correct_memory_like,True,4,True,7.394099847922974e-16,74,1.0,1.0,1,low,1.0000000000029354
81.0,5.0,81.0,0.1,0.0,softmax,48.0,correct_memory_like,True,4,True,1.8320216641336807e-15,81,1.0,1.0,1,low,1.0000000000029354
89.0,5.0,89.0,0.1,0.0,softmax,48.0,correct_memory_like,True,4,True,4.2576955467009743e-16,89,1.0,1.0,1,low,1.0000000000029354
92.0,5.0,92.0,0.1,0.0,softmax,48.0,correct_memory_like,True,4,True,1.5328584861828793e-15,92,1.0,1.0,1,low,1.0000000000029354
98.0,5.0,98.0,0.1,0.0,softmax,48.0,correct_memory_like,True,4,True,9.713437905954161e-15,98,0.9999999999999998,1.0000000000000004,1,low,1.0000000000029354
0.0,5.0,0.0,0.1,0.0,sparsemax,1.8,correct_memory_like,True,4,True,0.0,0,1.0,1.0,1,low,1.0000000000029354
1.0,5.0,1.0,0.1,0.0,sparsemax,1.8,correct_memory_like,True,5,True,0.0,1,1.0,1.0,1,low,1.0000000000029354
2.0,5.0,2.0,0.1,0.0,sparsemax,1.8,correct_memory_like,True,4,True,0.0,2,1.0,1.0,1,low,1.0000000000029354
6.0,5.0,6.0,0.1,0.0,sparsemax,1.8,correct_memory_like,True,4,True,0.0,6,1.0,1.0,1,low,1.0000000000029354
8.0,5.0,8.0,0.1,0.0,sparsemax,1.8,correct_memory_like,True,4,True,0.0,8,1.0,1.0,1,low,1.0000000000029354
10.0,5.0,10.0,0.1,0.0,sparsemax,1.8,correct_memory_like,True,4,True,0.0,10,1.0,1.0,1,low,1.0000000000029354
12.0,5.0,12.0,0.1,0.0,sparsemax,1.8,correct_memory_like,True,4,True,0.0,12,1.0,1.0,1,low,1.0000000000029354
15.0,5.0,15.0,0.1,0.0,sparsemax,1.8,correct_memory_like,True,4,True,0.0,15,1.0,1.0,1,low,1.0000000000029354
20.0,5.0,20.0,0.1,0.0,sparsemax,1.8,correct_memory_like,True,5,True,0.0,20,1.0,1.0,1,low,1.0000000000029354
21.0,5.0,21.0,0.1,0.0,sparsemax,1.8,correct_memory_like,True,5,True,0.0,21,1.0,1.0,1,low,1.0000000000029354
23.0,5.0,23.0,0.1,0.0,sparsemax,1.8,correct_memory_like,True,5,True,0.0,23,1.0,1.0,1,low,1.0000000000029354
26.0,5.0,26.0,0.1,0.0,sparsemax,1.8,correct_memory_like,True,4,True,0.0,26,1.0,1.0,1,low,1.0000000000029354
29.0,5.0,29.0,0.1,0.0,sparsemax,1.8,correct_memory_like,True,4,True,0.0,29,1.0,1.0,1,low,1.0000000000029354
40.0,5.0,40.0,0.1,0.0,sparsemax,1.8,correct_memory_like,True,4,True,0.0,40,1.0,1.0,1,low,1.0000000000029354
43.0,5.0,43.0,0.1,0.0,sparsemax,1.8,correct_memory_like,True,4,True,0.0,43,1.0,1.0,1,low,1.0000000000029354
45.0,5.0,45.0,0.1,0.0,sparsemax,1.8,correct_memory_like,True,5,True,0.0,45,1.0,1.0,1,low,1.0000000000029354
47.0,5.0,47.0,0.1,0.0,sparsemax,1.8,correct_memory_like,True,4,True,0.0,47,1.0,1.0,1,low,1.0000000000029354
52.0,5.0,52.0,0.1,0.0,sparsemax,1.8,correct_memory_like,True,5,True,0.0,52,1.0,1.0,1,low,1.0000000000029354
55.0,5.0,55.0,0.1,0.0,sparsemax,1.8,correct_memory_like,True,4,True,0.0,55,1.0,1.0,1,low,1.0000000000029354
58.0,5.0,58.0,0.1,0.0,sparsemax,1.8,correct_memory_like,True,5,True,0.0,58,1.0,1.0,1,low,1.0000000000029354
59.0,5.0,59.0,0.1,0.0,sparsemax,1.8,correct_memory_like,True,4,True,0.0,59,1.0,1.0,1,low,1.0000000000029354
62.0,5.0,62.0,0.1,0.0,sparsemax,1.8,correct_memory_like,True,4,True,0.0,62,1.0,1.0,1,low,1.0000000000029354
63.0,5.0,63.0,0.1,0.0,sparsemax,1.8,correct_memory_like,True,4,True,0.0,63,1.0,1.0,1,low,1.0000000000029354
64.0,5.0,64.0,0.1,0.0,sparsemax,1.8,correct_memory_like,True,5,True,0.0,64,1.0,1.0,1,low,1.0000000000029354
65.0,5.0,65.0,0.1,0.0,sparsemax,1.8,correct_memory_like,True,4,True,0.0,65,1.0,1.0,1,low,1.0000000000029354
66.0,5.0,66.0,0.1,0.0,sparsemax,1.8,correct_memory_like,True,4,True,0.0,66,1.0,1.0,1,low,1.0000000000029354
72.0,5.0,72.0,0.1,0.0,sparsemax,1.8,correct_memory_like,True,5,True,0.0,72,1.0,1.0,1,low,1.0000000000029354
74.0,5.0,74.0,0.1,0.0,sparsemax,1.8,correct_memory_like,True,5,True,0.0,74,1.0,1.0,1,low,1.0000000000029354
81.0,5.0,81.0,0.1,0.0,sparsemax,1.8,correct_memory_like,True,4,True,0.0,81,1.0,1.0,1,low,1.0000000000029354
89.0,5.0,89.0,0.1,0.0,sparsemax,1.8,correct_memory_like,True,4,True,0.0,89,1.0,1.0,1,low,1.0000000000029354
92.0,5.0,92.0,0.1,0.0,sparsemax,1.8,correct_memory_like,True,4,True,0.0,92,1.0,1.0,1,low,1.0000000000029354
98.0,5.0,98.0,0.1,0.0,sparsemax,1.8,correct_memory_like,True,4,True,0.0,98,1.0,1.0,1,low,1.0000000000029354
0.0,5.0,0.0,0.1,0.0,softmax,5.0,stable_mixture,True,13,True,0.1652150022478489,76,0.0112070392136513,99.72792635075672,100,middle,8.707332297366008
1.0,5.0,1.0,0.1,0.0,softmax,5.0,stable_mixture,True,13,True,0.1652150022478489,76,0.0112070392136513,99.72792635075668,100,middle,8.707332297366008
2.0,5.0,2.0,0.1,0.0,softmax,5.0,stable_mixture,True,14,True,0.1652150022478489,76,0.0112070392136513,99.72792635075672,100,middle,8.707332297366008
6.0,5.0,6.0,0.1,0.0,softmax,5.0,stable_mixture,True,13,True,0.1652150022478489,76,0.0112070392136513,99.72792635075672,100,middle,8.707332297366008
8.0,5.0,8.0,0.1,0.0,softmax,5.0,stable_mixture,True,14,True,0.165215002247849,76,0.0112070392136513,99.72792635075668,100,middle,8.707332297366008
10.0,5.0,10.0,0.1,0.0,softmax,5.0,stable_mixture,True,13,True,0.165215002247849,76,0.0112070392136513,99.72792635075668,100,middle,8.707332297366008
12.0,5.0,12.0,0.1,0.0,softmax,5.0,stable_mixture,True,14,True,0.1652150022478489,76,0.0112070392136513,99.72792635075668,100,middle,8.707332297366008
15.0,5.0,15.0,0.1,0.0,softmax,5.0,stable_mixture,True,13,True,0.1652150022478489,76,0.0112070392136513,99.72792635075668,100,middle,8.707332297366008
20.0,5.0,20.0,0.1,0.0,softmax,5.0,stable_mixture,True,14,True,0.165215002247849,76,0.0112070392136513,99.72792635075668,100,middle,8.707332297366008
21.0,5.0,21.0,0.1,0.0,softmax,5.0,stable_mixture,True,14,True,0.1652150022478489,76,0.0112070392136513,99.72792635075668,100,middle,8.707332297366008
23.0,5.0,23.0,0.1,0.0,softmax,5.0,stable_mixture,True,14,True,0.1652150022478489,76,0.0112070392136513,99.72792635075668,100,middle,8.707332297366008
26.0,5.0,26.0,0.1,0.0,softmax,5.0,stable_mixture,True,13,True,0.1652150022478489,76,0.0112070392136513,99.72792635075668,100,middle,8.707332297366008
29.0,5.0,29.0,0.1,0.0,softmax,5.0,stable_mixture,True,14,True,0.165215002247849,76,0.0112070392136513,99.72792635075668,100,middle,8.707332297366008
40.0,5.0,40.0,0.1,0.0,softmax,5.0,stable_mixture,True,14,True,0.165215002247849,76,0.0112070392136513,99.72792635075668,100,middle,8.707332297366008
43.0,5.0,43.0,0.1,0.0,softmax,5.0,stable_mixture,True,14,True,0.1652150022478489,76,0.0112070392136513,99.72792635075668,100,middle,8.707332297366008
45.0,5.0,45.0,0.1,0.0,softmax,5.0,stable_mixture,True,14,True,0.165215002247849,76,0.0112070392136513,99.72792635075672,100,middle,8.707332297366008
47.0,5.0,47.0,0.1,0.0,softmax,5.0,stable_mixture,True,14,True,0.165215002247849,76,0.0112070392136513,99.72792635075668,100,middle,8.707332297366008
52.0,5.0,52.0,0.1,0.0,softmax,5.0,stable_mixture,True,14,True,0.165215002247849,76,0.0112070392136513,99.72792635075668,100,middle,8.707332297366008
55.0,5.0,55.0,0.1,0.0,softmax,5.0,stable_mixture,True,13,True,0.1652150022478489,76,0.0112070392136513,99.72792635075672,100,middle,8.707332297366008
58.0,5.0,58.0,0.1,0.0,softmax,5.0,stable_mixture,True,13,True,0.1652150022478489,76,0.0112070392136513,99.72792635075672,100,middle,8.707332297366008
59.0,5.0,59.0,0.1,0.0,softmax,5.0,stable_mixture,True,14,True,0.1652150022478489,76,0.0112070392136513,99.72792635075668,100,middle,8.707332297366008
62.0,5.0,62.0,0.1,0.0,softmax,5.0,stable_mixture,True,13,True,0.1652150022478489,76,0.0112070392136513,99.72792635075668,100,middle,8.707332297366008
63.0,5.0,63.0,0.1,0.0,softmax,5.0,stable_mixture,True,14,True,0.1652150022478488,76,0.0112070392136513,99.72792635075668,100,middle,8.707332297366008
64.0,5.0,64.0,0.1,0.0,softmax,5.0,stable_mixture,True,13,True,0.1652150022478489,76,0.0112070392136513,99.72792635075672,100,middle,8.707332297366008
65.0,5.0,65.0,0.1,0.0,softmax,5.0,stable_mixture,True,13,True,0.1652150022478489,76,0.0112070392136513,99.72792635075672,100,middle,8.707332297366008
66.0,5.0,66.0,0.1,0.0,softmax,5.0,stable_mixture,True,14,True,0.1652150022478489,76,0.0112070392136513,99.72792635075668,100,middle,8.707332297366008
72.0,5.0,72.0,0.1,0.0,softmax,5.0,stable_mixture,True,14,True,0.1652150022478488,76,0.0112070392136513,99.72792635075668,100,middle,8.707332297366008
74.0,5.0,74.0,0.1,0.0,softmax,5.0,stable_mixture,True,14,True,0.1652150022478489,76,0.0112070392136513,99.72792635075668,100,middle,8.707332297366008
81.0,5.0,81.0,0.1,0.0,softmax,5.0,stable_mixture,True,13,True,0.1652150022478489,76,0.0112070392136513,99.72792635075672,100,middle,8.707332297366008
89.0,5.0,89.0,0.1,0.0,softmax,5.0,stable_mixture,True,13,True,0.1652150022478489,76,0.0112070392136513,99.72792635075672,100,middle,8.707332297366008
92.0,5.0,92.0,0.1,0.0,softmax,5.0,stable_mixture,True,14,True,0.1652150022478489,76,0.0112070392136513,99.72792635075672,100,middle,8.707332297366008
98.0,5.0,98.0,0.1,0.0,softmax,5.0,stable_mixture,True,14,True,0.165215002247849,76,0.0112070392136513,99.72792635075668,100,middle,8.707332297366008
0.0,5.0,0.0,0.1,0.0,sparsemax,0.4,unconverged_or_unstable,False,-1,True,0.9590156993245492,27,0.0536009248804879,34.040539797671144,51,middle,8.707332297366008
1.0,5.0,1.0,0.1,0.0,sparsemax,0.4,unconverged_or_unstable,False,-1,True,0.96839615618975,27,0.0535422258078241,33.84371744148391,52,middle,8.707332297366008
2.0,5.0,2.0,0.1,0.0,sparsemax,0.4,unconverged_or_unstable,False,-1,True,0.9590156993245492,27,0.0536071232484239,34.053819443974945,51,middle,8.707332297366008
6.0,5.0,6.0,0.1,0.0,sparsemax,0.4,unconverged_or_unstable,False,-1,True,0.9590156993245492,27,0.053599100784359,34.036361255394134,51,middle,8.707332297366008
8.0,5.0,8.0,0.1,0.0,sparsemax,0.4,unconverged_or_unstable,False,-1,True,0.96839615618975,27,0.0535589573672144,33.874893219277524,52,middle,8.707332297366008
10.0,5.0,10.0,0.1,0.0,sparsemax,0.4,unconverged_or_unstable,False,-1,True,0.9590156993245492,27,0.0536004070672181,34.039370059068574,51,middle,8.707332297366008
12.0,5.0,12.0,0.1,0.0,sparsemax,0.4,unconverged_or_unstable,False,-1,True,0.9590156993245492,27,0.0535768826137888,33.91598823764308,51,middle,8.707332297366008
15.0,5.0,15.0,0.1,0.0,sparsemax,0.4,unconverged_or_unstable,False,-1,True,0.9590156993245492,27,0.0536080000267232,34.05551055082607,51,middle,8.707332297366008
20.0,5.0,20.0,0.1,0.0,sparsemax,0.4,unconverged_or_unstable,False,-1,True,0.9590156993245492,27,0.0535819752206566,33.98553325909978,51,middle,8.707332297366008
21.0,5.0,21.0,0.1,0.0,sparsemax,0.4,unconverged_or_unstable,False,-1,True,0.9590156993245492,27,0.0536085982419213,34.05670196081951,51,middle,8.707332297366008
23.0,5.0,23.0,0.1,0.0,sparsemax,0.4,unconverged_or_unstable,False,-1,True,0.9590156993245492,27,0.0535768418062306,33.92688901746932,51,middle,8.707332297366008
26.0,5.0,26.0,0.1,0.0,sparsemax,0.4,unconverged_or_unstable,False,-1,True,0.9590156993245492,27,0.0536008370037453,34.04040935652762,51,middle,8.707332297366008
29.0,5.0,29.0,0.1,0.0,sparsemax,0.4,unconverged_or_unstable,False,-1,True,0.982761893603322,27,0.0534266853908087,33.61507456101555,53,middle,8.707332297366008
40.0,5.0,40.0,0.1,0.0,sparsemax,0.4,unconverged_or_unstable,False,-1,True,0.96839615618975,27,0.0534867456594893,33.73383686780252,52,middle,8.707332297366008
43.0,5.0,43.0,0.1,0.0,sparsemax,0.4,unconverged_or_unstable,False,-1,True,0.96839615618975,27,0.053543421086515,33.84615045680454,52,middle,8.707332297366008
45.0,5.0,45.0,0.1,0.0,sparsemax,0.4,unconverged_or_unstable,False,-1,True,0.9590156993245492,27,0.0535783103165503,33.96451576645412,51,middle,8.707332297366008
47.0,5.0,47.0,0.1,0.0,sparsemax,0.4,unconverged_or_unstable,False,-1,True,0.9590156993245492,27,0.0535766973492885,33.93521104586164,51,middle,8.707332297366008
52.0,5.0,52.0,0.1,0.0,sparsemax,0.4,unconverged_or_unstable,False,-1,True,0.9590156993245492,27,0.0536080711286831,34.05567802328854,51,middle,8.707332297366008
55.0,5.0,55.0,0.1,0.0,sparsemax,0.4,unconverged_or_unstable,False,-1,True,0.9590156993245492,27,0.0535809835714231,33.980096719542615,51,middle,8.707332297366008
58.0,5.0,58.0,0.1,0.0,sparsemax,0.4,unconverged_or_unstable,False,-1,True,0.96839615618975,27,0.0535082719297422,33.776660836242336,52,middle,8.707332297366008
59.0,5.0,59.0,0.1,0.0,sparsemax,0.4,unconverged_or_unstable,False,-1,True,0.9590156993245492,27,0.0536062731444765,34.052069448677614,51,middle,8.707332297366008
62.0,5.0,62.0,0.1,0.0,sparsemax,0.4,unconverged_or_unstable,False,-1,True,0.9590156993245492,27,0.0535756306683729,33.906225328628835,51,middle,8.707332297366008
63.0,5.0,63.0,0.1,0.0,sparsemax,0.4,unconverged_or_unstable,False,-1,True,0.96839615618975,27,0.053473047821455,33.70842422728886,52,middle,8.707332297366008
64.0,5.0,64.0,0.1,0.0,sparsemax,0.4,unconverged_or_unstable,False,-1,True,0.96839615618975,27,0.053549273890633,33.8570432193374,52,middle,8.707332297366008
65.0,5.0,65.0,0.1,0.0,sparsemax,0.4,unconverged_or_unstable,False,-1,True,0.9590156993245492,27,0.0535943162204781,34.02454095631167,51,middle,8.707332297366008
66.0,5.0,66.0,0.1,0.0,sparsemax,0.4,unconverged_or_unstable,False,-1,True,0.9590156993245492,27,0.0535768282118444,33.91358246182789,51,middle,8.707332297366008
72.0,5.0,72.0,0.1,0.0,sparsemax,0.4,unconverged_or_unstable,False,-1,True,0.96839615618975,27,0.0535481156796045,33.85532666200899,52,middle,8.707332297366008
74.0,5.0,74.0,0.1,0.0,sparsemax,0.4,unconverged_or_unstable,False,-1,True,0.96839615618975,27,0.0535034665855147,33.76632499859604,52,middle,8.707332297366008
81.0,5.0,81.0,0.1,0.0,sparsemax,0.4,unconverged_or_unstable,False,-1,True,0.9590156993245492,27,0.0535878313583415,34.00590486679477,51,middle,8.707332297366008
89.0,5.0,89.0,0.1,0.0,sparsemax,0.4,unconverged_or_unstable,False,-1,True,0.96839615618975,27,0.0535472823044883,33.85325718231063,52,middle,8.707332297366008
92.0,5.0,92.0,0.1,0.0,sparsemax,0.4,unconverged_or_unstable,False,-1,True,0.9590156993245492,27,0.0536076740178584,34.05490237260134,51,middle,8.707332297366008
98.0,5.0,98.0,0.1,0.0,sparsemax,0.4,unconverged_or_unstable,False,-1,True,0.9590156993245492,27,0.0536074144038563,34.05437427456962,51,middle,8.707332297366008
0.0,5.0,0.0,0.1,0.0,softmax,2.5,stable_mixture,True,10,True,0.0827316419482341,76,0.0105604938297396,99.93887018065546,100,high,73.16456697633235
1.0,5.0,1.0,0.1,0.0,softmax,2.5,stable_mixture,True,10,True,0.0827316419482341,76,0.0105604938297396,99.93887018065546,100,high,73.16456697633235
2.0,5.0,2.0,0.1,0.0,softmax,2.5,stable_mixture,True,10,True,0.0827316419482341,76,0.0105604938297396,99.93887018065546,100,high,73.16456697633235
6.0,5.0,6.0,0.1,0.0,softmax,2.5,stable_mixture,True,10,True,0.0827316419482341,76,0.0105604938297396,99.93887018065546,100,high,73.16456697633235
8.0,5.0,8.0,0.1,0.0,softmax,2.5,stable_mixture,True,11,True,0.0827316419482341,76,0.0105604938297396,99.93887018065546,100,high,73.16456697633235
10.0,5.0,10.0,0.1,0.0,softmax,2.5,stable_mixture,True,10,True,0.0827316419482341,76,0.0105604938297396,99.93887018065546,100,high,73.16456697633235
12.0,5.0,12.0,0.1,0.0,softmax,2.5,stable_mixture,True,10,True,0.0827316419482341,76,0.0105604938297396,99.93887018065546,100,high,73.16456697633235
15.0,5.0,15.0,0.1,0.0,softmax,2.5,stable_mixture,True,10,True,0.0827316419482341,76,0.0105604938297396,99.93887018065546,100,high,73.16456697633235
20.0,5.0,20.0,0.1,0.0,softmax,2.5,stable_mixture,True,11,True,0.0827316419482341,76,0.0105604938297396,99.93887018065546,100,high,73.16456697633235
21.0,5.0,21.0,0.1,0.0,softmax,2.5,stable_mixture,True,11,True,0.0827316419482341,76,0.0105604938297396,99.93887018065546,100,high,73.16456697633235
23.0,5.0,23.0,0.1,0.0,softmax,2.5,stable_mixture,True,11,True,0.0827316419482341,76,0.0105604938297396,99.93887018065546,100,high,73.16456697633235
26.0,5.0,26.0,0.1,0.0,softmax,2.5,stable_mixture,True,10,True,0.0827316419482341,76,0.0105604938297396,99.93887018065546,100,high,73.16456697633235
29.0,5.0,29.0,0.1,0.0,softmax,2.5,stable_mixture,True,11,True,0.0827316419482341,76,0.0105604938297396,99.93887018065546,100,high,73.16456697633235
40.0,5.0,40.0,0.1,0.0,softmax,2.5,stable_mixture,True,10,True,0.0827316419482341,76,0.0105604938297396,99.93887018065546,100,high,73.16456697633235
43.0,5.0,43.0,0.1,0.0,softmax,2.5,stable_mixture,True,11,True,0.0827316419482341,76,0.0105604938297396,99.93887018065546,100,high,73.16456697633235
45.0,5.0,45.0,0.1,0.0,softmax,2.5,stable_mixture,True,11,True,0.0827316419482341,76,0.0105604938297396,99.93887018065546,100,high,73.16456697633235
47.0,5.0,47.0,0.1,0.0,softmax,2.5,stable_mixture,True,11,True,0.0827316419482341,76,0.0105604938297396,99.93887018065546,100,high,73.16456697633235
52.0,5.0,52.0,0.1,0.0,softmax,2.5,stable_mixture,True,11,True,0.0827316419482341,76,0.0105604938297396,99.93887018065546,100,high,73.16456697633235
55.0,5.0,55.0,0.1,0.0,softmax,2.5,stable_mixture,True,10,True,0.0827316419482341,76,0.0105604938297396,99.93887018065546,100,high,73.16456697633235
58.0,5.0,58.0,0.1,0.0,softmax,2.5,stable_mixture,True,10,True,0.0827316419482341,76,0.0105604938297396,99.93887018065546,100,high,73.16456697633235
59.0,5.0,59.0,0.1,0.0,softmax,2.5,stable_mixture,True,10,True,0.0827316419482341,76,0.0105604938297396,99.93887018065546,100,high,73.16456697633235
62.0,5.0,62.0,0.1,0.0,softmax,2.5,stable_mixture,True,10,True,0.0827316419482341,76,0.0105604938297396,99.93887018065546,100,high,73.16456697633235
63.0,5.0,63.0,0.1,0.0,softmax,2.5,stable_mixture,True,11,True,0.0827316419482341,76,0.0105604938297396,99.93887018065546,100,high,73.16456697633235
64.0,5.0,64.0,0.1,0.0,softmax,2.5,stable_mixture,True,10,True,0.082731641948234,76,0.0105604938297396,99.93887018065546,100,high,73.16456697633235
65.0,5.0,65.0,0.1,0.0,softmax,2.5,stable_mixture,True,10,True,0.0827316419482341,76,0.0105604938297396,99.93887018065546,100,high,73.16456697633235
66.0,5.0,66.0,0.1,0.0,softmax,2.5,stable_mixture,True,11,True,0.0827316419482341,76,0.0105604938297396,99.93887018065546,100,high,73.16456697633235
72.0,5.0,72.0,0.1,0.0,softmax,2.5,stable_mixture,True,11,True,0.0827316419482341,76,0.0105604938297396,99.93887018065546,100,high,73.16456697633235
74.0,5.0,74.0,0.1,0.0,softmax,2.5,stable_mixture,True,10,True,0.0827316419482341,76,0.0105604938297396,99.93887018065546,100,high,73.16456697633235
81.0,5.0,81.0,0.1,0.0,softmax,2.5,stable_mixture,True,10,True,0.0827316419482341,76,0.0105604938297396,99.93887018065546,100,high,73.16456697633235
89.0,5.0,89.0,0.1,0.0,softmax,2.5,stable_mixture,True,10,True,0.0827316419482341,76,0.0105604938297396,99.93887018065546,100,high,73.16456697633235
92.0,5.0,92.0,0.1,0.0,softmax,2.5,stable_mixture,True,10,True,0.0827316419482341,76,0.0105604938297396,99.93887018065546,100,high,73.16456697633235
98.0,5.0,98.0,0.1,0.0,softmax,2.5,stable_mixture,True,10,True,0.0827316419482341,76,0.0105604938297396,99.93887018065546,100,high,73.16456697633235
0.0,5.0,0.0,0.1,0.0,sparsemax,0.05,stable_mixture,True,13,True,0.16583107277784,76,0.0111507738806793,99.7261281351434,100,high,73.16456697633235
1.0,5.0,1.0,0.1,0.0,sparsemax,0.05,stable_mixture,True,13,True,0.16583107277784,76,0.0111507738806793,99.72612813514336,100,high,73.16456697633235
2.0,5.0,2.0,0.1,0.0,sparsemax,0.05,stable_mixture,True,13,True,0.16583107277784,76,0.0111507738806793,99.7261281351434,100,high,73.16456697633235
6.0,5.0,6.0,0.1,0.0,sparsemax,0.05,stable_mixture,True,12,True,0.16583107277784,76,0.0111507738806793,99.72612813514336,100,high,73.16456697633235
8.0,5.0,8.0,0.1,0.0,sparsemax,0.05,stable_mixture,True,13,True,0.16583107277784,76,0.0111507738806793,99.7261281351434,100,high,73.16456697633235
10.0,5.0,10.0,0.1,0.0,sparsemax,0.05,stable_mixture,True,13,True,0.16583107277784,76,0.0111507738806793,99.72612813514336,100,high,73.16456697633235
12.0,5.0,12.0,0.1,0.0,sparsemax,0.05,stable_mixture,True,13,True,0.16583107277784,76,0.0111507738806793,99.72612813514336,100,high,73.16456697633235
15.0,5.0,15.0,0.1,0.0,sparsemax,0.05,stable_mixture,True,13,True,0.16583107277784,76,0.0111507738806793,99.7261281351434,100,high,73.16456697633235
20.0,5.0,20.0,0.1,0.0,sparsemax,0.05,stable_mixture,True,13,True,0.16583107277784,76,0.0111507738806793,99.7261281351434,100,high,73.16456697633235
21.0,5.0,21.0,0.1,0.0,sparsemax,0.05,stable_mixture,True,13,True,0.16583107277784,76,0.0111507738806793,99.7261281351434,100,high,73.16456697633235
23.0,5.0,23.0,0.1,0.0,sparsemax,0.05,stable_mixture,True,13,True,0.16583107277784,76,0.0111507738806793,99.72612813514336,100,high,73.16456697633235
26.0,5.0,26.0,0.1,0.0,sparsemax,0.05,stable_mixture,True,13,True,0.16583107277784,76,0.0111507738806793,99.7261281351434,100,high,73.16456697633235
29.0,5.0,29.0,0.1,0.0,sparsemax,0.05,stable_mixture,True,13,True,0.16583107277784,76,0.0111507738806793,99.7261281351434,100,high,73.16456697633235
40.0,5.0,40.0,0.1,0.0,sparsemax,0.05,stable_mixture,True,13,True,0.16583107277784,76,0.0111507738806793,99.7261281351434,100,high,73.16456697633235
43.0,5.0,43.0,0.1,0.0,sparsemax,0.05,stable_mixture,True,13,True,0.16583107277784,76,0.0111507738806793,99.7261281351434,100,high,73.16456697633235
45.0,5.0,45.0,0.1,0.0,sparsemax,0.05,stable_mixture,True,13,True,0.16583107277784,76,0.0111507738806793,99.7261281351434,100,high,73.16456697633235
47.0,5.0,47.0,0.1,0.0,sparsemax,0.05,stable_mixture,True,13,True,0.16583107277784,76,0.0111507738806793,99.7261281351434,100,high,73.16456697633235
52.0,5.0,52.0,0.1,0.0,sparsemax,0.05,stable_mixture,True,13,True,0.16583107277784,76,0.0111507738806793,99.7261281351434,100,high,73.16456697633235
55.0,5.0,55.0,0.1,0.0,sparsemax,0.05,stable_mixture,True,12,True,0.16583107277784,76,0.0111507738806793,99.7261281351434,100,high,73.16456697633235
58.0,5.0,58.0,0.1,0.0,sparsemax,0.05,stable_mixture,True,13,True,0.16583107277784,76,0.0111507738806793,99.7261281351434,100,high,73.16456697633235
59.0,5.0,59.0,0.1,0.0,sparsemax,0.05,stable_mixture,True,13,True,0.16583107277784,76,0.0111507738806793,99.7261281351434,100,high,73.16456697633235
62.0,5.0,62.0,0.1,0.0,sparsemax,0.05,stable_mixture,True,13,True,0.16583107277784,76,0.0111507738806793,99.7261281351434,100,high,73.16456697633235
63.0,5.0,63.0,0.1,0.0,sparsemax,0.05,stable_mixture,True,13,True,0.16583107277784,76,0.0111507738806793,99.7261281351434,100,high,73.16456697633235
64.0,5.0,64.0,0.1,0.0,sparsemax,0.05,stable_mixture,True,12,True,0.16583107277784,76,0.0111507738806793,99.7261281351434,100,high,73.16456697633235
65.0,5.0,65.0,0.1,0.0,sparsemax,0.05,stable_mixture,True,13,True,0.16583107277784,76,0.0111507738806793,99.7261281351434,100,high,73.16456697633235
66.0,5.0,66.0,0.1,0.0,sparsemax,0.05,stable_mixture,True,13,True,0.16583107277784,76,0.0111507738806793,99.72612813514336,100,high,73.16456697633235
72.0,5.0,72.0,0.1,0.0,sparsemax,0.05,stable_mixture,True,13,True,0.16583107277784,76,0.0111507738806793,99.7261281351434,100,high,73.16456697633235
74.0,5.0,74.0,0.1,0.0,sparsemax,0.05,stable_mixture,True,13,True,0.16583107277784,76,0.0111507738806793,99.7261281351434,100,high,73.16456697633235
81.0,5.0,81.0,0.1,0.0,sparsemax,0.05,stable_mixture,True,13,True,0.16583107277784,76,0.0111507738806793,99.7261281351434,100,high,73.16456697633235
89.0,5.0,89.0,0.1,0.0,sparsemax,0.05,stable_mixture,True,13,True,0.16583107277784,76,0.0111507738806793,99.7261281351434,100,high,73.16456697633235
92.0,5.0,92.0,0.1,0.0,sparsemax,0.05,stable_mixture,True,13,True,0.16583107277784,76,0.0111507738806793,99.7261281351434,100,high,73.16456697633235
98.0,5.0,98.0,0.1,0.0,sparsemax,0.05,stable_mixture,True,13,True,0.16583107277784,76,0.0111507738806793,99.7261281351434,100,high,73.16456697633235
100.0,5.0,0.0,0.25,0.0,softmax,48.0,correct_memory_like,True,5,True,1.502134046119537e-16,0,1.0,1.0,1,low,1.000003652309054
101.0,5.0,1.0,0.25,0.0,softmax,48.0,correct_memory_like,True,5,True,6.495494905054883e-15,1,1.0,1.0,1,low,1.000003652309054
102.0,5.0,2.0,0.25,0.0,softmax,48.0,correct_memory_like,True,5,True,6.9534147700697e-16,2,1.0,1.0,1,low,1.000003652309054
106.0,5.0,6.0,0.25,0.0,softmax,48.0,correct_memory_like,True,5,True,4.0641596418356056e-16,6,1.0,1.0,1,low,1.000003652309054
108.0,5.0,8.0,0.25,0.0,softmax,48.0,correct_memory_like,True,5,True,3.1444550541307908e-15,8,1.0,1.0,1,low,1.000003652309054
110.0,5.0,10.0,0.25,0.0,softmax,48.0,correct_memory_like,True,5,True,3.2009883551819163e-15,10,1.0,1.0,1,low,1.000003652309054
112.0,5.0,12.0,0.25,0.0,softmax,48.0,correct_memory_like,True,5,True,1.0682862803990603e-14,12,0.9999999999999998,1.0000000000000004,1,low,1.000003652309054
115.0,5.0,15.0,0.25,0.0,softmax,48.0,correct_memory_like,True,5,True,1.0887895290882518e-14,15,0.9999999999999998,1.0000000000000004,1,low,1.000003652309054
120.0,5.0,20.0,0.25,0.0,softmax,48.0,correct_memory_like,True,5,True,1.51454167630357e-13,20,0.9999999999999976,1.0000000000000049,1,low,1.000003652309054
121.0,5.0,21.0,0.25,0.0,softmax,48.0,correct_memory_like,True,5,True,6.492350851492941e-15,21,1.0,1.0,1,low,1.000003652309054
123.0,5.0,23.0,0.25,0.0,softmax,48.0,correct_memory_like,True,5,True,1.6488608906520733e-14,23,0.9999999999999998,1.0000000000000004,1,low,1.000003652309054
126.0,5.0,26.0,0.25,0.0,softmax,48.0,correct_memory_like,True,5,True,3.2128993894032266e-15,26,1.0,1.0,1,low,1.000003652309054
129.0,5.0,29.0,0.25,0.0,softmax,48.0,correct_memory_like,True,5,True,1.0563040244176311e-14,29,0.9999999999999998,1.0000000000000004,1,low,1.000003652309054
140.0,5.0,40.0,0.25,0.0,softmax,48.0,correct_memory_like,True,5,True,9.093758509351295e-15,40,0.9999999999999998,1.0000000000000004,1,low,1.000003652309054
143.0,5.0,43.0,0.25,0.0,softmax,48.0,correct_memory_like,True,5,True,6.608622244220698e-15,43,1.0,1.0,1,low,1.000003652309054
145.0,5.0,45.0,0.25,0.0,softmax,48.0,correct_memory_like,True,5,True,3.2049004044089164e-15,45,1.0,1.0,1,low,1.000003652309054
147.0,5.0,47.0,0.25,0.0,softmax,48.0,correct_memory_like,True,5,True,3.3624281056573783e-14,47,0.9999999999999996,1.0000000000000009,1,low,1.000003652309054
152.0,5.0,52.0,0.25,0.0,softmax,48.0,correct_memory_like,True,5,True,3.100443153069685e-13,52,0.9999999999999952,1.0000000000000098,1,low,1.000003652309054
155.0,5.0,55.0,0.25,0.0,softmax,48.0,correct_memory_like,True,5,True,1.5508983109097445e-15,55,1.0,1.0,1,low,1.000003652309054
158.0,5.0,58.0,0.25,0.0,softmax,48.0,correct_memory_like,True,5,True,3.106659009368455e-13,58,0.9999999999999952,1.0000000000000098,1,low,1.000003652309054
159.0,5.0,59.0,0.25,0.0,softmax,48.0,correct_memory_like,True,5,True,3.1185563346411186e-15,59,1.0,1.0,1,low,1.000003652309054
162.0,5.0,62.0,0.25,0.0,softmax,48.0,correct_memory_like,True,5,True,1.4849194351131422e-15,62,1.0,1.0,1,low,1.000003652309054
163.0,5.0,63.0,0.25,0.0,softmax,48.0,correct_memory_like,True,5,True,1.283044232641087e-15,63,1.0,1.0,1,low,1.000003652309054
164.0,5.0,64.0,0.25,0.0,softmax,48.0,correct_memory_like,True,5,True,3.0996197536859853e-13,64,0.9999999999999952,1.0000000000000098,1,low,1.000003652309054
165.0,5.0,65.0,0.25,0.0,softmax,48.0,correct_memory_like,True,5,True,1.6432544710846224e-14,65,0.9999999999999998,1.0000000000000004,1,low,1.000003652309054
166.0,5.0,66.0,0.25,0.0,softmax,48.0,correct_memory_like,True,5,True,3.295778386860183e-15,66,1.0,1.0,1,low,1.000003652309054
172.0,5.0,72.0,0.25,0.0,softmax,48.0,correct_memory_like,True,5,True,1.6496235786320592e-14,72,0.9999999999999998,1.0000000000000004,1,low,1.000003652309054
174.0,5.0,74.0,0.25,0.0,softmax,48.0,correct_memory_like,True,5,True,7.394099847922974e-16,74,1.0,1.0,1,low,1.000003652309054
181.0,5.0,81.0,0.25,0.0,softmax,48.0,correct_memory_like,True,5,True,1.8320216641336807e-15,81,1.0,1.0,1,low,1.000003652309054
189.0,5.0,89.0,0.25,0.0,softmax,48.0,correct_memory_like,True,5,True,4.2576955467009743e-16,89,1.0,1.0,1,low,1.000003652309054
192.0,5.0,92.0,0.25,0.0,softmax,48.0,correct_memory_like,True,5,True,1.5328584861828793e-15,92,1.0,1.0,1,low,1.000003652309054
198.0,5.0,98.0,0.25,0.0,softmax,48.0,correct_memory_like,True,5,True,9.713437905954161e-15,98,0.9999999999999998,1.0000000000000004,1,low,1.000003652309054
100.0,5.0,0.0,0.25,0.0,sparsemax,3.75,correct_memory_like,True,5,True,0.0,0,1.0,1.0,1,low,1.000003652309054
101.0,5.0,1.0,0.25,0.0,sparsemax,3.75,correct_memory_like,True,5,True,0.0,1,1.0,1.0,1,low,1.000003652309054
102.0,5.0,2.0,0.25,0.0,sparsemax,3.75,correct_memory_like,True,5,True,0.0,2,1.0,1.0,1,low,1.000003652309054
106.0,5.0,6.0,0.25,0.0,sparsemax,3.75,correct_memory_like,True,5,True,0.0,6,1.0,1.0,1,low,1.000003652309054
108.0,5.0,8.0,0.25,0.0,sparsemax,3.75,correct_memory_like,True,5,True,0.0,8,1.0,1.0,1,low,1.000003652309054
110.0,5.0,10.0,0.25,0.0,sparsemax,3.75,correct_memory_like,True,5,True,0.0,10,1.0,1.0,1,low,1.000003652309054
112.0,5.0,12.0,0.25,0.0,sparsemax,3.75,correct_memory_like,True,4,True,0.0,12,1.0,1.0,1,low,1.000003652309054
115.0,5.0,15.0,0.25,0.0,sparsemax,3.75,correct_memory_like,True,4,True,0.0,15,1.0,1.0,1,low,1.000003652309054
120.0,5.0,20.0,0.25,0.0,sparsemax,3.75,correct_memory_like,True,4,True,0.0,20,1.0,1.0,1,low,1.000003652309054
121.0,5.0,21.0,0.25,0.0,sparsemax,3.75,correct_memory_like,True,5,True,0.0,21,1.0,1.0,1,low,1.000003652309054
123.0,5.0,23.0,0.25,0.0,sparsemax,3.75,correct_memory_like,True,4,True,0.0,23,1.0,1.0,1,low,1.000003652309054
126.0,5.0,26.0,0.25,0.0,sparsemax,3.75,correct_memory_like,True,5,True,0.0,26,1.0,1.0,1,low,1.000003652309054
129.0,5.0,29.0,0.25,0.0,sparsemax,3.75,correct_memory_like,True,4,True,0.0,29,1.0,1.0,1,low,1.000003652309054
140.0,5.0,40.0,0.25,0.0,sparsemax,3.75,correct_memory_like,True,5,True,0.0,40,1.0,1.0,1,low,1.000003652309054
143.0,5.0,43.0,0.25,0.0,sparsemax,3.75,correct_memory_like,True,5,True,0.0,43,1.0,1.0,1,low,1.000003652309054
145.0,5.0,45.0,0.25,0.0,sparsemax,3.75,correct_memory_like,True,4,True,0.0,45,1.0,1.0,1,low,1.000003652309054
147.0,5.0,47.0,0.25,0.0,sparsemax,3.75,correct_memory_like,True,4,True,0.0,47,1.0,1.0,1,low,1.000003652309054
152.0,5.0,52.0,0.25,0.0,sparsemax,3.75,correct_memory_like,True,4,True,0.0,52,1.0,1.0,1,low,1.000003652309054
155.0,5.0,55.0,0.25,0.0,sparsemax,3.75,correct_memory_like,True,4,True,0.0,55,1.0,1.0,1,low,1.000003652309054
158.0,5.0,58.0,0.25,0.0,sparsemax,3.75,correct_memory_like,True,5,True,0.0,58,1.0,1.0,1,low,1.000003652309054
159.0,5.0,59.0,0.25,0.0,sparsemax,3.75,correct_memory_like,True,5,True,0.0,59,1.0,1.0,1,low,1.000003652309054
162.0,5.0,62.0,0.25,0.0,sparsemax,3.75,correct_memory_like,True,4,True,0.0,62,1.0,1.0,1,low,1.000003652309054
163.0,5.0,63.0,0.25,0.0,sparsemax,3.75,correct_memory_like,True,5,True,0.0,63,1.0,1.0,1,low,1.000003652309054
164.0,5.0,64.0,0.25,0.0,sparsemax,3.75,correct_memory_like,True,5,True,0.0,64,1.0,1.0,1,low,1.000003652309054
165.0,5.0,65.0,0.25,0.0,sparsemax,3.75,correct_memory_like,True,5,True,0.0,65,1.0,1.0,1,low,1.000003652309054
166.0,5.0,66.0,0.25,0.0,sparsemax,3.75,correct_memory_like,True,5,True,0.0,66,1.0,1.0,1,low,1.000003652309054
172.0,5.0,72.0,0.25,0.0,sparsemax,3.75,correct_memory_like,True,4,True,0.0,72,1.0,1.0,1,low,1.000003652309054
174.0,5.0,74.0,0.25,0.0,sparsemax,3.75,correct_memory_like,True,5,True,0.0,74,1.0,1.0,1,low,1.000003652309054
181.0,5.0,81.0,0.25,0.0,sparsemax,3.75,correct_memory_like,True,4,True,0.0,81,1.0,1.0,1,low,1.000003652309054
189.0,5.0,89.0,0.25,0.0,sparsemax,3.75,correct_memory_like,True,4,True,0.0,89,1.0,1.0,1,low,1.000003652309054
192.0,5.0,92.0,0.25,0.0,sparsemax,3.75,correct_memory_like,True,4,True,0.0,92,1.0,1.0,1,low,1.000003652309054
198.0,5.0,98.0,0.25,0.0,sparsemax,3.75,correct_memory_like,True,5,True,0.0,98,1.0,1.0,1,low,1.000003652309054
100.0,5.0,0.0,0.25,0.0,softmax,3.5,stable_mixture,True,11,True,0.1157432380718808,76,0.0108074951521997,99.87508241379976,100,high,78.79242488015784
101.0,5.0,1.0,0.25,0.0,softmax,3.5,stable_mixture,True,11,True,0.1157432380718808,76,0.0108074951521997,99.87508241379976,100,high,78.79242488015784
102.0,5.0,2.0,0.25,0.0,softmax,3.5,stable_mixture,True,11,True,0.1157432380718807,76,0.0108074951521997,99.87508241379976,100,high,78.79242488015784
106.0,5.0,6.0,0.25,0.0,softmax,3.5,stable_mixture,True,11,True,0.1157432380718807,76,0.0108074951521997,99.87508241379976,100,high,78.79242488015784
108.0,5.0,8.0,0.25,0.0,softmax,3.5,stable_mixture,True,11,True,0.1157432380718808,76,0.0108074951521997,99.87508241379976,100,high,78.79242488015784
110.0,5.0,10.0,0.25,0.0,softmax,3.5,stable_mixture,True,11,True,0.1157432380718807,76,0.0108074951521997,99.87508241379976,100,high,78.79242488015784
112.0,5.0,12.0,0.25,0.0,softmax,3.5,stable_mixture,True,11,True,0.1157432380718808,76,0.0108074951521997,99.87508241379976,100,high,78.79242488015784
115.0,5.0,15.0,0.25,0.0,softmax,3.5,stable_mixture,True,11,True,0.1157432380718808,76,0.0108074951521997,99.87508241379976,100,high,78.79242488015784
120.0,5.0,20.0,0.25,0.0,softmax,3.5,stable_mixture,True,11,True,0.1157432380718808,76,0.0108074951521997,99.87508241379976,100,high,78.79242488015784
121.0,5.0,21.0,0.25,0.0,softmax,3.5,stable_mixture,True,11,True,0.1157432380718807,76,0.0108074951521997,99.87508241379976,100,high,78.79242488015784
123.0,5.0,23.0,0.25,0.0,softmax,3.5,stable_mixture,True,11,True,0.1157432380718808,76,0.0108074951521997,99.87508241379976,100,high,78.79242488015784
126.0,5.0,26.0,0.25,0.0,softmax,3.5,stable_mixture,True,11,True,0.1157432380718807,76,0.0108074951521997,99.87508241379976,100,high,78.79242488015784
129.0,5.0,29.0,0.25,0.0,softmax,3.5,stable_mixture,True,11,True,0.1157432380718807,76,0.0108074951521997,99.87508241379976,100,high,78.79242488015784
140.0,5.0,40.0,0.25,0.0,softmax,3.5,stable_mixture,True,12,True,0.1157432380718807,76,0.0108074951521997,99.87508241379976,100,high,78.79242488015784
143.0,5.0,43.0,0.25,0.0,softmax,3.5,stable_mixture,True,11,True,0.1157432380718807,76,0.0108074951521997,99.87508241379976,100,high,78.79242488015784
145.0,5.0,45.0,0.25,0.0,softmax,3.5,stable_mixture,True,11,True,0.1157432380718808,76,0.0108074951521997,99.87508241379976,100,high,78.79242488015784
147.0,5.0,47.0,0.25,0.0,softmax,3.5,stable_mixture,True,11,True,0.1157432380718808,76,0.0108074951521997,99.87508241379976,100,high,78.79242488015784
152.0,5.0,52.0,0.25,0.0,softmax,3.5,stable_mixture,True,11,True,0.1157432380718808,76,0.0108074951521997,99.87508241379976,100,high,78.79242488015784
155.0,5.0,55.0,0.25,0.0,softmax,3.5,stable_mixture,True,11,True,0.1157432380718808,76,0.0108074951521997,99.87508241379976,100,high,78.79242488015784
158.0,5.0,58.0,0.25,0.0,softmax,3.5,stable_mixture,True,11,True,0.1157432380718807,76,0.0108074951521997,99.87508241379976,100,high,78.79242488015784
159.0,5.0,59.0,0.25,0.0,softmax,3.5,stable_mixture,True,11,True,0.1157432380718807,76,0.0108074951521997,99.87508241379976,100,high,78.79242488015784
162.0,5.0,62.0,0.25,0.0,softmax,3.5,stable_mixture,True,11,True,0.1157432380718808,76,0.0108074951521997,99.87508241379976,100,high,78.79242488015784
163.0,5.0,63.0,0.25,0.0,softmax,3.5,stable_mixture,True,11,True,0.1157432380718808,76,0.0108074951521997,99.87508241379976,100,high,78.79242488015784
164.0,5.0,64.0,0.25,0.0,softmax,3.5,stable_mixture,True,11,True,0.1157432380718807,76,0.0108074951521997,99.87508241379976,100,high,78.79242488015784
165.0,5.0,65.0,0.25,0.0,softmax,3.5,stable_mixture,True,11,True,0.1157432380718807,76,0.0108074951521997,99.87508241379976,100,high,78.79242488015784
166.0,5.0,66.0,0.25,0.0,softmax,3.5,stable_mixture,True,12,True,0.1157432380718807,76,0.0108074951521997,99.87508241379976,100,high,78.79242488015784
172.0,5.0,72.0,0.25,0.0,softmax,3.5,stable_mixture,True,11,True,0.1157432380718807,76,0.0108074951521997,99.87508241379976,100,high,78.79242488015784
174.0,5.0,74.0,0.25,0.0,softmax,3.5,stable_mixture,True,11,True,0.1157432380718808,76,0.0108074951521997,99.87508241379976,100,high,78.79242488015784
181.0,5.0,81.0,0.25,0.0,softmax,3.5,stable_mixture,True,11,True,0.1157432380718807,76,0.0108074951521997,99.87508241379976,100,high,78.79242488015784
189.0,5.0,89.0,0.25,0.0,softmax,3.5,stable_mixture,True,11,True,0.1157432380718808,76,0.0108074951521997,99.87508241379976,100,high,78.79242488015784
192.0,5.0,92.0,0.25,0.0,softmax,3.5,stable_mixture,True,11,True,0.1157432380718807,76,0.0108074951521997,99.87508241379976,100,high,78.79242488015784
198.0,5.0,98.0,0.25,0.0,softmax,3.5,stable_mixture,True,11,True,0.1157432380718808,76,0.0108074951521997,99.87508241379976,100,high,78.79242488015784
100.0,5.0,0.0,0.25,0.0,sparsemax,0.05,stable_mixture,True,12,True,0.16583107277784,76,0.0111507738806793,99.7261281351434,100,high,78.79242488015784
101.0,5.0,1.0,0.25,0.0,sparsemax,0.05,stable_mixture,True,12,True,0.16583107277784,76,0.0111507738806793,99.7261281351434,100,high,78.79242488015784
102.0,5.0,2.0,0.25,0.0,sparsemax,0.05,stable_mixture,True,13,True,0.16583107277784,76,0.0111507738806793,99.7261281351434,100,high,78.79242488015784
106.0,5.0,6.0,0.25,0.0,sparsemax,0.05,stable_mixture,True,13,True,0.16583107277784,76,0.0111507738806793,99.72612813514336,100,high,78.79242488015784
108.0,5.0,8.0,0.25,0.0,sparsemax,0.05,stable_mixture,True,13,True,0.16583107277784,76,0.0111507738806793,99.7261281351434,100,high,78.79242488015784
110.0,5.0,10.0,0.25,0.0,sparsemax,0.05,stable_mixture,True,13,True,0.16583107277784,76,0.0111507738806793,99.72612813514336,100,high,78.79242488015784
112.0,5.0,12.0,0.25,0.0,sparsemax,0.05,stable_mixture,True,12,True,0.16583107277784,76,0.0111507738806793,99.72612813514336,100,high,78.79242488015784
115.0,5.0,15.0,0.25,0.0,sparsemax,0.05,stable_mixture,True,12,True,0.16583107277784,76,0.0111507738806793,99.7261281351434,100,high,78.79242488015784
120.0,5.0,20.0,0.25,0.0,sparsemax,0.05,stable_mixture,True,13,True,0.16583107277784,76,0.0111507738806793,99.7261281351434,100,high,78.79242488015784
121.0,5.0,21.0,0.25,0.0,sparsemax,0.05,stable_mixture,True,13,True,0.16583107277784,76,0.0111507738806793,99.7261281351434,100,high,78.79242488015784
123.0,5.0,23.0,0.25,0.0,sparsemax,0.05,stable_mixture,True,13,True,0.16583107277784,76,0.0111507738806793,99.72612813514336,100,high,78.79242488015784
126.0,5.0,26.0,0.25,0.0,sparsemax,0.05,stable_mixture,True,13,True,0.16583107277784,76,0.0111507738806793,99.7261281351434,100,high,78.79242488015784
129.0,5.0,29.0,0.25,0.0,sparsemax,0.05,stable_mixture,True,13,True,0.16583107277784,76,0.0111507738806793,99.7261281351434,100,high,78.79242488015784
140.0,5.0,40.0,0.25,0.0,sparsemax,0.05,stable_mixture,True,13,True,0.16583107277784,76,0.0111507738806793,99.7261281351434,100,high,78.79242488015784
143.0,5.0,43.0,0.25,0.0,sparsemax,0.05,stable_mixture,True,13,True,0.16583107277784,76,0.0111507738806793,99.72612813514336,100,high,78.79242488015784
145.0,5.0,45.0,0.25,0.0,sparsemax,0.05,stable_mixture,True,13,True,0.16583107277784,76,0.0111507738806793,99.7261281351434,100,high,78.79242488015784
147.0,5.0,47.0,0.25,0.0,sparsemax,0.05,stable_mixture,True,13,True,0.16583107277784,76,0.0111507738806793,99.7261281351434,100,high,78.79242488015784
152.0,5.0,52.0,0.25,0.0,sparsemax,0.05,stable_mixture,True,13,True,0.16583107277784,76,0.0111507738806793,99.7261281351434,100,high,78.79242488015784
155.0,5.0,55.0,0.25,0.0,sparsemax,0.05,stable_mixture,True,12,True,0.16583107277784,76,0.0111507738806793,99.7261281351434,100,high,78.79242488015784
158.0,5.0,58.0,0.25,0.0,sparsemax,0.05,stable_mixture,True,13,True,0.16583107277784,76,0.0111507738806793,99.7261281351434,100,high,78.79242488015784
159.0,5.0,59.0,0.25,0.0,sparsemax,0.05,stable_mixture,True,12,True,0.16583107277784,76,0.0111507738806793,99.7261281351434,100,high,78.79242488015784
162.0,5.0,62.0,0.25,0.0,sparsemax,0.05,stable_mixture,True,12,True,0.16583107277784,76,0.0111507738806793,99.7261281351434,100,high,78.79242488015784
163.0,5.0,63.0,0.25,0.0,sparsemax,0.05,stable_mixture,True,13,True,0.16583107277784,76,0.0111507738806793,99.7261281351434,100,high,78.79242488015784
164.0,5.0,64.0,0.25,0.0,sparsemax,0.05,stable_mixture,True,12,True,0.16583107277784,76,0.0111507738806793,99.7261281351434,100,high,78.79242488015784
165.0,5.0,65.0,0.25,0.0,sparsemax,0.05,stable_mixture,True,13,True,0.16583107277784,76,0.0111507738806793,99.7261281351434,100,high,78.79242488015784
166.0,5.0,66.0,0.25,0.0,sparsemax,0.05,stable_mixture,True,13,True,0.16583107277784,76,0.0111507738806793,99.7261281351434,100,high,78.79242488015784
172.0,5.0,72.0,0.25,0.0,sparsemax,0.05,stable_mixture,True,13,True,0.16583107277784,76,0.0111507738806793,99.7261281351434,100,high,78.79242488015784
174.0,5.0,74.0,0.25,0.0,sparsemax,0.05,stable_mixture,True,13,True,0.16583107277784,76,0.0111507738806793,99.7261281351434,100,high,78.79242488015784
181.0,5.0,81.0,0.25,0.0,sparsemax,0.05,stable_mixture,True,13,True,0.16583107277784,76,0.0111507738806793,99.7261281351434,100,high,78.79242488015784
189.0,5.0,89.0,0.25,0.0,sparsemax,0.05,stable_mixture,True,13,True,0.16583107277784,76,0.0111507738806793,99.7261281351434,100,high,78.79242488015784
192.0,5.0,92.0,0.25,0.0,sparsemax,0.05,stable_mixture,True,12,True,0.16583107277784,76,0.0111507738806793,99.7261281351434,100,high,78.79242488015784
198.0,5.0,98.0,0.25,0.0,sparsemax,0.05,stable_mixture,True,13,True,0.16583107277784,76,0.0111507738806793,99.72612813514336,100,high,78.79242488015784
200.0,5.0,0.0,0.4,0.0,softmax,5.0,stable_mixture,True,12,True,0.1652150022478491,76,0.0112070392136513,99.72792635075668,100,high,82.44553817584185
201.0,5.0,1.0,0.4,0.0,softmax,5.0,stable_mixture,True,13,True,0.165215002247849,76,0.0112070392136513,99.72792635075668,100,high,82.44553817584185
202.0,5.0,2.0,0.4,0.0,softmax,5.0,stable_mixture,True,12,True,0.165215002247849,76,0.0112070392136513,99.72792635075668,100,high,82.44553817584185
206.0,5.0,6.0,0.4,0.0,softmax,5.0,stable_mixture,True,13,True,0.1652150022478489,76,0.0112070392136513,99.72792635075668,100,high,82.44553817584185
208.0,5.0,8.0,0.4,0.0,softmax,5.0,stable_mixture,True,13,True,0.165215002247849,76,0.0112070392136513,99.72792635075672,100,high,82.44553817584185
210.0,5.0,10.0,0.4,0.0,softmax,5.0,stable_mixture,True,13,True,0.1652150022478489,76,0.0112070392136513,99.72792635075668,100,high,82.44553817584185
212.0,5.0,12.0,0.4,0.0,softmax,5.0,stable_mixture,True,12,True,0.1652150022478489,76,0.0112070392136513,99.72792635075668,100,high,82.44553817584185
215.0,5.0,15.0,0.4,0.0,softmax,5.0,stable_mixture,True,12,True,0.1652150022478489,76,0.0112070392136513,99.72792635075668,100,high,82.44553817584185
220.0,5.0,20.0,0.4,0.0,softmax,5.0,stable_mixture,True,13,True,0.165215002247849,76,0.0112070392136513,99.72792635075668,100,high,82.44553817584185
221.0,5.0,21.0,0.4,0.0,softmax,5.0,stable_mixture,True,12,True,0.1652150022478489,76,0.0112070392136513,99.72792635075668,100,high,82.44553817584185
223.0,5.0,23.0,0.4,0.0,softmax,5.0,stable_mixture,True,13,True,0.1652150022478489,76,0.0112070392136513,99.72792635075668,100,high,82.44553817584185
226.0,5.0,26.0,0.4,0.0,softmax,5.0,stable_mixture,True,12,True,0.1652150022478489,76,0.0112070392136513,99.72792635075668,100,high,82.44553817584185
229.0,5.0,29.0,0.4,0.0,softmax,5.0,stable_mixture,True,13,True,0.1652150022478489,76,0.0112070392136513,99.72792635075672,100,high,82.44553817584185
240.0,5.0,40.0,0.4,0.0,softmax,5.0,stable_mixture,True,13,True,0.1652150022478489,76,0.0112070392136513,99.72792635075672,100,high,82.44553817584185
243.0,5.0,43.0,0.4,0.0,softmax,5.0,stable_mixture,True,12,True,0.165215002247849,76,0.0112070392136513,99.72792635075668,100,high,82.44553817584185
245.0,5.0,45.0,0.4,0.0,softmax,5.0,stable_mixture,True,13,True,0.1652150022478489,76,0.0112070392136513,99.72792635075668,100,high,82.44553817584185
247.0,5.0,47.0,0.4,0.0,softmax,5.0,stable_mixture,True,13,True,0.165215002247849,76,0.0112070392136513,99.72792635075668,100,high,82.44553817584185
252.0,5.0,52.0,0.4,0.0,softmax,5.0,stable_mixture,True,12,True,0.1652150022478489,76,0.0112070392136513,99.72792635075668,100,high,82.44553817584185
255.0,5.0,55.0,0.4,0.0,softmax,5.0,stable_mixture,True,12,True,0.165215002247849,76,0.0112070392136513,99.72792635075668,100,high,82.44553817584185
258.0,5.0,58.0,0.4,0.0,softmax,5.0,stable_mixture,True,12,True,0.165215002247849,76,0.0112070392136513,99.72792635075668,100,high,82.44553817584185
259.0,5.0,59.0,0.4,0.0,softmax,5.0,stable_mixture,True,13,True,0.1652150022478489,76,0.0112070392136513,99.72792635075668,100,high,82.44553817584185
262.0,5.0,62.0,0.4,0.0,softmax,5.0,stable_mixture,True,12,True,0.1652150022478489,76,0.0112070392136513,99.72792635075668,100,high,82.44553817584185
263.0,5.0,63.0,0.4,0.0,softmax,5.0,stable_mixture,True,13,True,0.1652150022478489,76,0.0112070392136513,99.72792635075668,100,high,82.44553817584185
264.0,5.0,64.0,0.4,0.0,softmax,5.0,stable_mixture,True,12,True,0.1652150022478489,76,0.0112070392136513,99.72792635075668,100,high,82.44553817584185
265.0,5.0,65.0,0.4,0.0,softmax,5.0,stable_mixture,True,12,True,0.1652150022478489,76,0.0112070392136513,99.72792635075668,100,high,82.44553817584185
266.0,5.0,66.0,0.4,0.0,softmax,5.0,stable_mixture,True,13,True,0.1652150022478489,76,0.0112070392136513,99.72792635075668,100,high,82.44553817584185
272.0,5.0,72.0,0.4,0.0,softmax,5.0,stable_mixture,True,12,True,0.1652150022478489,76,0.0112070392136513,99.72792635075668,100,high,82.44553817584185
274.0,5.0,74.0,0.4,0.0,softmax,5.0,stable_mixture,True,13,True,0.1652150022478489,76,0.0112070392136513,99.72792635075672,100,high,82.44553817584185
281.0,5.0,81.0,0.4,0.0,softmax,5.0,stable_mixture,True,12,True,0.165215002247849,76,0.0112070392136513,99.72792635075672,100,high,82.44553817584185
289.0,5.0,89.0,0.4,0.0,softmax,5.0,stable_mixture,True,13,True,0.165215002247849,76,0.0112070392136513,99.72792635075668,100,high,82.44553817584185
292.0,5.0,92.0,0.4,0.0,softmax,5.0,stable_mixture,True,12,True,0.1652150022478489,76,0.0112070392136513,99.72792635075668,100,high,82.44553817584185
298.0,5.0,98.0,0.4,0.0,softmax,5.0,stable_mixture,True,12,True,0.1652150022478489,76,0.0112070392136513,99.72792635075668,100,high,82.44553817584185
200.0,5.0,0.0,0.4,0.0,sparsemax,0.05,stable_mixture,True,13,True,0.16583107277784,76,0.0111507738806793,99.7261281351434,100,high,82.44553817584185
201.0,5.0,1.0,0.4,0.0,sparsemax,0.05,stable_mixture,True,13,True,0.16583107277784,76,0.0111507738806793,99.7261281351434,100,high,82.44553817584185
202.0,5.0,2.0,0.4,0.0,sparsemax,0.05,stable_mixture,True,12,True,0.16583107277784,76,0.0111507738806793,99.7261281351434,100,high,82.44553817584185
206.0,5.0,6.0,0.4,0.0,sparsemax,0.05,stable_mixture,True,12,True,0.16583107277784,76,0.0111507738806793,99.72612813514336,100,high,82.44553817584185
208.0,5.0,8.0,0.4,0.0,sparsemax,0.05,stable_mixture,True,13,True,0.16583107277784,76,0.0111507738806793,99.7261281351434,100,high,82.44553817584185
210.0,5.0,10.0,0.4,0.0,sparsemax,0.05,stable_mixture,True,13,True,0.16583107277784,76,0.0111507738806793,99.72612813514336,100,high,82.44553817584185
212.0,5.0,12.0,0.4,0.0,sparsemax,0.05,stable_mixture,True,12,True,0.16583107277784,76,0.0111507738806793,99.7261281351434,100,high,82.44553817584185
215.0,5.0,15.0,0.4,0.0,sparsemax,0.05,stable_mixture,True,12,True,0.16583107277784,76,0.0111507738806793,99.7261281351434,100,high,82.44553817584185
220.0,5.0,20.0,0.4,0.0,sparsemax,0.05,stable_mixture,True,13,True,0.16583107277784,76,0.0111507738806793,99.7261281351434,100,high,82.44553817584185
221.0,5.0,21.0,0.4,0.0,sparsemax,0.05,stable_mixture,True,12,True,0.16583107277784,76,0.0111507738806793,99.7261281351434,100,high,82.44553817584185
223.0,5.0,23.0,0.4,0.0,sparsemax,0.05,stable_mixture,True,13,True,0.16583107277784,76,0.0111507738806793,99.72612813514336,100,high,82.44553817584185
226.0,5.0,26.0,0.4,0.0,sparsemax,0.05,stable_mixture,True,12,True,0.16583107277784,76,0.0111507738806793,99.7261281351434,100,high,82.44553817584185
229.0,5.0,29.0,0.4,0.0,sparsemax,0.05,stable_mixture,True,13,True,0.16583107277784,76,0.0111507738806793,99.7261281351434,100,high,82.44553817584185
240.0,5.0,40.0,0.4,0.0,sparsemax,0.05,stable_mixture,True,13,True,0.16583107277784,76,0.0111507738806793,99.7261281351434,100,high,82.44553817584185
243.0,5.0,43.0,0.4,0.0,sparsemax,0.05,stable_mixture,True,12,True,0.16583107277784,76,0.0111507738806793,99.72612813514336,100,high,82.44553817584185
245.0,5.0,45.0,0.4,0.0,sparsemax,0.05,stable_mixture,True,13,True,0.16583107277784,76,0.0111507738806793,99.7261281351434,100,high,82.44553817584185
247.0,5.0,47.0,0.4,0.0,sparsemax,0.05,stable_mixture,True,13,True,0.16583107277784,76,0.0111507738806793,99.7261281351434,100,high,82.44553817584185
252.0,5.0,52.0,0.4,0.0,sparsemax,0.05,stable_mixture,True,12,True,0.16583107277784,76,0.0111507738806793,99.7261281351434,100,high,82.44553817584185
255.0,5.0,55.0,0.4,0.0,sparsemax,0.05,stable_mixture,True,12,True,0.16583107277784,76,0.0111507738806793,99.7261281351434,100,high,82.44553817584185
258.0,5.0,58.0,0.4,0.0,sparsemax,0.05,stable_mixture,True,12,True,0.16583107277784,76,0.0111507738806793,99.7261281351434,100,high,82.44553817584185
259.0,5.0,59.0,0.4,0.0,sparsemax,0.05,stable_mixture,True,13,True,0.16583107277784,76,0.0111507738806793,99.7261281351434,100,high,82.44553817584185
262.0,5.0,62.0,0.4,0.0,sparsemax,0.05,stable_mixture,True,12,True,0.16583107277784,76,0.0111507738806793,99.72612813514336,100,high,82.44553817584185
263.0,5.0,63.0,0.4,0.0,sparsemax,0.05,stable_mixture,True,13,True,0.16583107277784,76,0.0111507738806793,99.7261281351434,100,high,82.44553817584185
264.0,5.0,64.0,0.4,0.0,sparsemax,0.05,stable_mixture,True,12,True,0.16583107277784,76,0.0111507738806793,99.72612813514336,100,high,82.44553817584185
265.0,5.0,65.0,0.4,0.0,sparsemax,0.05,stable_mixture,True,12,True,0.16583107277784,76,0.0111507738806793,99.7261281351434,100,high,82.44553817584185
266.0,5.0,66.0,0.4,0.0,sparsemax,0.05,stable_mixture,True,13,True,0.16583107277784,76,0.0111507738806793,99.72612813514336,100,high,82.44553817584185
272.0,5.0,72.0,0.4,0.0,sparsemax,0.05,stable_mixture,True,12,True,0.16583107277784,76,0.0111507738806793,99.7261281351434,100,high,82.44553817584185
274.0,5.0,74.0,0.4,0.0,sparsemax,0.05,stable_mixture,True,13,True,0.16583107277784,76,0.0111507738806793,99.7261281351434,100,high,82.44553817584185
281.0,5.0,81.0,0.4,0.0,sparsemax,0.05,stable_mixture,True,13,True,0.16583107277784,76,0.0111507738806793,99.7261281351434,100,high,82.44553817584185
289.0,5.0,89.0,0.4,0.0,sparsemax,0.05,stable_mixture,True,13,True,0.16583107277784,76,0.0111507738806793,99.7261281351434,100,high,82.44553817584185
292.0,5.0,92.0,0.4,0.0,sparsemax,0.05,stable_mixture,True,12,True,0.16583107277784,76,0.0111507738806793,99.72612813514336,100,high,82.44553817584185
298.0,5.0,98.0,0.4,0.0,sparsemax,0.05,stable_mixture,True,12,True,0.16583107277784,76,0.0111507738806793,99.7261281351434,100,high,82.44553817584185
1.0,6.0,1.0,0.1,0.0,softmax,48.0,correct_memory_like,True,4,True,1.5319425865718242e-15,1,1.0,1.0,1,low,1.0000000000029354
4.0,6.0,4.0,0.1,0.0,softmax,48.0,correct_memory_like,True,4,True,1.4849693286935826e-13,4,0.9999999999999978,1.0000000000000044,1,low,1.0000000000029354
5.0,6.0,5.0,0.1,0.0,softmax,48.0,correct_memory_like,True,4,True,3.0717101346995548e-15,5,1.0,1.0,1,low,1.0000000000029354
11.0,6.0,11.0,0.1,0.0,softmax,48.0,correct_memory_like,True,4,True,3.470129557952352e-16,11,1.0,1.0,1,low,1.0000000000029354
15.0,6.0,15.0,0.1,0.0,softmax,48.0,correct_memory_like,True,4,True,1.4813325354736194e-13,15,0.9999999999999978,1.0000000000000044,1,low,1.0000000000029354
17.0,6.0,17.0,0.1,0.0,softmax,48.0,correct_memory_like,True,4,True,6.639470431849181e-15,17,1.0,1.0,1,low,1.0000000000029354
18.0,6.0,18.0,0.1,0.0,softmax,48.0,correct_memory_like,True,4,True,1.550555166320218e-15,18,1.0,1.0,1,low,1.0000000000029354
26.0,6.0,26.0,0.1,0.0,softmax,48.0,correct_memory_like,True,4,True,7.286195440264245e-14,26,0.9999999999999988,1.0000000000000022,1,low,1.0000000000029354
37.0,6.0,37.0,0.1,0.0,softmax,48.0,correct_memory_like,True,4,True,3.151611814777855e-15,37,1.0,1.0,1,low,1.0000000000029354
53.0,6.0,53.0,0.1,0.0,softmax,48.0,correct_memory_like,True,4,True,1.6441200093657892e-14,53,0.9999999999999998,1.0000000000000004,1,low,1.0000000000029354
54.0,6.0,54.0,0.1,0.0,softmax,48.0,correct_memory_like,True,4,True,3.182997438760918e-15,54,1.0,1.0,1,low,1.0000000000029354
59.0,6.0,59.0,0.1,0.0,softmax,48.0,correct_memory_like,True,4,True,1.5171474868017312e-15,59,1.0,1.0,1,low,1.0000000000029354
60.0,6.0,60.0,0.1,0.0,softmax,48.0,correct_memory_like,True,4,True,3.1750248876812065e-15,60,1.0,1.0,1,low,1.0000000000029354
62.0,6.0,62.0,0.1,0.0,softmax,48.0,correct_memory_like,True,4,True,7.536438426472889e-16,62,1.0,1.0,1,low,1.0000000000029354
63.0,6.0,63.0,0.1,0.0,softmax,48.0,correct_memory_like,True,4,True,8.903225249800589e-15,63,0.9999999999999998,1.0000000000000004,1,low,1.0000000000029354
64.0,6.0,64.0,0.1,0.0,softmax,48.0,correct_memory_like,True,4,True,1.615542557129178e-14,64,0.9999999999999998,1.0000000000000004,1,low,1.0000000000029354
69.0,6.0,69.0,0.1,0.0,softmax,48.0,correct_memory_like,True,4,True,3.1747780961104647e-15,69,1.0,1.0,1,low,1.0000000000029354
70.0,6.0,70.0,0.1,0.0,softmax,48.0,correct_memory_like,True,4,True,3.1781277183960946e-15,70,1.0,1.0,1,low,1.0000000000029354
71.0,6.0,71.0,0.1,0.0,softmax,48.0,correct_memory_like,True,4,True,1.5944369753767442e-14,71,0.9999999999999998,1.0000000000000004,1,low,1.0000000000029354
72.0,6.0,72.0,0.1,0.0,softmax,48.0,correct_memory_like,True,4,True,1.487437747271847e-13,72,0.9999999999999978,1.0000000000000044,1,low,1.0000000000029354
76.0,6.0,76.0,0.1,0.0,softmax,48.0,correct_memory_like,True,4,True,1.1692723813289242e-16,76,1.0,1.0,1,low,1.0000000000029354
77.0,6.0,77.0,0.1,0.0,softmax,48.0,correct_memory_like,True,4,True,3.189761666588386e-15,77,1.0,1.0,1,low,1.0000000000029354
80.0,6.0,80.0,0.1,0.0,softmax,48.0,correct_memory_like,True,4,True,6.537923053309716e-15,80,1.0,1.0,1,low,1.0000000000029354
82.0,6.0,82.0,0.1,0.0,softmax,48.0,correct_memory_like,True,4,True,2.2550571088341458e-15,82,1.0,1.0,1,low,1.0000000000029354
87.0,6.0,87.0,0.1,0.0,softmax,48.0,correct_memory_like,True,4,True,1.4876727586158928e-13,87,0.9999999999999978,1.0000000000000044,1,low,1.0000000000029354
88.0,6.0,88.0,0.1,0.0,softmax,48.0,correct_memory_like,True,4,True,1.0172786650464387e-15,88,1.0,1.0,1,low,1.0000000000029354
89.0,6.0,89.0,0.1,0.0,softmax,48.0,correct_memory_like,True,4,True,1.574209690496825e-15,89,1.0,1.0,1,low,1.0000000000029354
90.0,6.0,90.0,0.1,0.0,softmax,48.0,correct_memory_like,True,4,True,1.5982450782899186e-14,90,0.9999999999999998,1.0000000000000004,1,low,1.0000000000029354
91.0,6.0,91.0,0.1,0.0,softmax,48.0,correct_memory_like,True,4,True,2.049867840439225e-14,91,0.9999999999999996,1.0000000000000009,1,low,1.0000000000029354
92.0,6.0,92.0,0.1,0.0,softmax,48.0,correct_memory_like,True,4,True,3.7464274416699345e-14,92,0.9999999999999992,1.000000000000001,1,low,1.0000000000029354
96.0,6.0,96.0,0.1,0.0,softmax,48.0,correct_memory_like,True,4,True,7.265227677224385e-14,96,0.9999999999999988,1.0000000000000022,1,low,1.0000000000029354
98.0,6.0,98.0,0.1,0.0,softmax,48.0,correct_memory_like,True,4,True,1.5238381825502229e-15,98,1.0,1.0,1,low,1.0000000000029354
1.0,6.0,1.0,0.1,0.0,sparsemax,1.8,correct_memory_like,True,4,True,0.0,1,1.0,1.0,1,low,1.0000000000029354
4.0,6.0,4.0,0.1,0.0,sparsemax,1.8,correct_memory_like,True,5,True,0.0,4,1.0,1.0,1,low,1.0000000000029354
5.0,6.0,5.0,0.1,0.0,sparsemax,1.8,correct_memory_like,True,4,True,0.0,5,1.0,1.0,1,low,1.0000000000029354
11.0,6.0,11.0,0.1,0.0,sparsemax,1.8,correct_memory_like,True,4,True,0.0,11,1.0,1.0,1,low,1.0000000000029354
15.0,6.0,15.0,0.1,0.0,sparsemax,1.8,correct_memory_like,True,5,True,0.0,15,1.0,1.0,1,low,1.0000000000029354
17.0,6.0,17.0,0.1,0.0,sparsemax,1.8,correct_memory_like,True,4,True,0.0,17,1.0,1.0,1,low,1.0000000000029354
18.0,6.0,18.0,0.1,0.0,sparsemax,1.8,correct_memory_like,True,4,True,0.0,18,1.0,1.0,1,low,1.0000000000029354
26.0,6.0,26.0,0.1,0.0,sparsemax,1.8,correct_memory_like,True,4,True,0.0,26,1.0,1.0,1,low,1.0000000000029354
37.0,6.0,37.0,0.1,0.0,sparsemax,1.8,correct_memory_like,True,4,True,0.0,37,1.0,1.0,1,low,1.0000000000029354
53.0,6.0,53.0,0.1,0.0,sparsemax,1.8,correct_memory_like,True,5,True,0.0,53,1.0,1.0,1,low,1.0000000000029354
54.0,6.0,54.0,0.1,0.0,sparsemax,1.8,correct_memory_like,True,4,True,0.0,54,1.0,1.0,1,low,1.0000000000029354
59.0,6.0,59.0,0.1,0.0,sparsemax,1.8,correct_memory_like,True,4,True,0.0,59,1.0,1.0,1,low,1.0000000000029354
60.0,6.0,60.0,0.1,0.0,sparsemax,1.8,correct_memory_like,True,4,True,0.0,60,1.0,1.0,1,low,1.0000000000029354
62.0,6.0,62.0,0.1,0.0,sparsemax,1.8,correct_memory_like,True,4,True,0.0,62,1.0,1.0,1,low,1.0000000000029354
63.0,6.0,63.0,0.1,0.0,sparsemax,1.8,correct_memory_like,True,5,True,0.0,63,1.0,1.0,1,low,1.0000000000029354
64.0,6.0,64.0,0.1,0.0,sparsemax,1.8,correct_memory_like,True,4,True,0.0,64,1.0,1.0,1,low,1.0000000000029354
69.0,6.0,69.0,0.1,0.0,sparsemax,1.8,correct_memory_like,True,4,True,0.0,69,1.0,1.0,1,low,1.0000000000029354
70.0,6.0,70.0,0.1,0.0,sparsemax,1.8,correct_memory_like,True,4,True,0.0,70,1.0,1.0,1,low,1.0000000000029354
71.0,6.0,71.0,0.1,0.0,sparsemax,1.8,correct_memory_like,True,4,True,0.0,71,1.0,1.0,1,low,1.0000000000029354
72.0,6.0,72.0,0.1,0.0,sparsemax,1.8,correct_memory_like,True,5,True,0.0,72,1.0,1.0,1,low,1.0000000000029354
76.0,6.0,76.0,0.1,0.0,sparsemax,1.8,correct_memory_like,True,4,True,0.0,76,1.0,1.0,1,low,1.0000000000029354
77.0,6.0,77.0,0.1,0.0,sparsemax,1.8,correct_memory_like,True,5,True,0.0,77,1.0,1.0,1,low,1.0000000000029354
80.0,6.0,80.0,0.1,0.0,sparsemax,1.8,correct_memory_like,True,5,True,0.0,80,1.0,1.0,1,low,1.0000000000029354
82.0,6.0,82.0,0.1,0.0,sparsemax,1.8,correct_memory_like,True,4,True,0.0,82,1.0,1.0,1,low,1.0000000000029354
87.0,6.0,87.0,0.1,0.0,sparsemax,1.8,correct_memory_like,True,4,True,0.0,87,1.0,1.0,1,low,1.0000000000029354
88.0,6.0,88.0,0.1,0.0,sparsemax,1.8,correct_memory_like,True,4,True,0.0,88,1.0,1.0,1,low,1.0000000000029354
89.0,6.0,89.0,0.1,0.0,sparsemax,1.8,correct_memory_like,True,4,True,0.0,89,1.0,1.0,1,low,1.0000000000029354
90.0,6.0,90.0,0.1,0.0,sparsemax,1.8,correct_memory_like,True,4,True,0.0,90,1.0,1.0,1,low,1.0000000000029354
91.0,6.0,91.0,0.1,0.0,sparsemax,1.8,correct_memory_like,True,5,True,0.0,91,1.0,1.0,1,low,1.0000000000029354
92.0,6.0,92.0,0.1,0.0,sparsemax,1.8,correct_memory_like,True,5,True,0.0,92,1.0,1.0,1,low,1.0000000000029354
96.0,6.0,96.0,0.1,0.0,sparsemax,1.8,correct_memory_like,True,5,True,0.0,96,1.0,1.0,1,low,1.0000000000029354
98.0,6.0,98.0,0.1,0.0,sparsemax,1.8,correct_memory_like,True,4,True,0.0,98,1.0,1.0,1,low,1.0000000000029354
1.0,6.0,1.0,0.1,0.0,softmax,5.0,stable_mixture,True,13,True,0.1644065494292194,58,0.0113646589233466,99.78666844955023,100,middle,8.707332297366008
4.0,6.0,4.0,0.1,0.0,softmax,5.0,stable_mixture,True,13,True,0.1644065494292194,58,0.0113646589233466,99.78666844955023,100,middle,8.707332297366008
5.0,6.0,5.0,0.1,0.0,softmax,5.0,stable_mixture,True,13,True,0.1644065494292194,58,0.0113646589233466,99.78666844955023,100,middle,8.707332297366008
11.0,6.0,11.0,0.1,0.0,softmax,5.0,stable_mixture,True,13,True,0.1644065494292193,58,0.0113646589233466,99.78666844955023,100,middle,8.707332297366008
15.0,6.0,15.0,0.1,0.0,softmax,5.0,stable_mixture,True,13,True,0.1644065494292194,58,0.0113646589233466,99.78666844955023,100,middle,8.707332297366008
17.0,6.0,17.0,0.1,0.0,softmax,5.0,stable_mixture,True,14,True,0.1644065494292193,58,0.0113646589233466,99.78666844955023,100,middle,8.707332297366008
18.0,6.0,18.0,0.1,0.0,softmax,5.0,stable_mixture,True,14,True,0.1644065494292194,58,0.0113646589233466,99.78666844955023,100,middle,8.707332297366008
26.0,6.0,26.0,0.1,0.0,softmax,5.0,stable_mixture,True,14,True,0.1644065494292194,58,0.0113646589233466,99.78666844955023,100,middle,8.707332297366008
37.0,6.0,37.0,0.1,0.0,softmax,5.0,stable_mixture,True,13,True,0.1644065494292194,58,0.0113646589233466,99.78666844955023,100,middle,8.707332297366008
53.0,6.0,53.0,0.1,0.0,softmax,5.0,stable_mixture,True,13,True,0.1644065494292194,58,0.0113646589233466,99.78666844955023,100,middle,8.707332297366008
54.0,6.0,54.0,0.1,0.0,softmax,5.0,stable_mixture,True,14,True,0.1644065494292194,58,0.0113646589233466,99.78666844955023,100,middle,8.707332297366008
59.0,6.0,59.0,0.1,0.0,softmax,5.0,stable_mixture,True,14,True,0.1644065494292194,58,0.0113646589233466,99.78666844955023,100,middle,8.707332297366008
60.0,6.0,60.0,0.1,0.0,softmax,5.0,stable_mixture,True,14,True,0.1644065494292194,58,0.0113646589233466,99.78666844955023,100,middle,8.707332297366008
62.0,6.0,62.0,0.1,0.0,softmax,5.0,stable_mixture,True,13,True,0.1644065494292194,58,0.0113646589233466,99.78666844955023,100,middle,8.707332297366008
63.0,6.0,63.0,0.1,0.0,softmax,5.0,stable_mixture,True,14,True,0.1644065494292193,58,0.0113646589233466,99.78666844955023,100,middle,8.707332297366008
64.0,6.0,64.0,0.1,0.0,softmax,5.0,stable_mixture,True,13,True,0.1644065494292193,58,0.0113646589233466,99.78666844955023,100,middle,8.707332297366008
69.0,6.0,69.0,0.1,0.0,softmax,5.0,stable_mixture,True,14,True,0.1644065494292193,58,0.0113646589233466,99.78666844955023,100,middle,8.707332297366008
70.0,6.0,70.0,0.1,0.0,softmax,5.0,stable_mixture,True,13,True,0.1644065494292194,58,0.0113646589233466,99.78666844955023,100,middle,8.707332297366008
71.0,6.0,71.0,0.1,0.0,softmax,5.0,stable_mixture,True,13,True,0.1644065494292193,58,0.0113646589233466,99.78666844955023,100,middle,8.707332297366008
72.0,6.0,72.0,0.1,0.0,softmax,5.0,stable_mixture,True,13,True,0.1644065494292194,58,0.0113646589233466,99.78666844955023,100,middle,8.707332297366008
76.0,6.0,76.0,0.1,0.0,softmax,5.0,stable_mixture,True,13,True,0.1644065494292194,58,0.0113646589233466,99.78666844955023,100,middle,8.707332297366008
77.0,6.0,77.0,0.1,0.0,softmax,5.0,stable_mixture,True,13,True,0.1644065494292193,58,0.0113646589233466,99.78666844955023,100,middle,8.707332297366008
80.0,6.0,80.0,0.1,0.0,softmax,5.0,stable_mixture,True,14,True,0.1644065494292194,58,0.0113646589233466,99.78666844955023,100,middle,8.707332297366008
82.0,6.0,82.0,0.1,0.0,softmax,5.0,stable_mixture,True,13,True,0.1644065494292194,58,0.0113646589233466,99.78666844955023,100,middle,8.707332297366008
87.0,6.0,87.0,0.1,0.0,softmax,5.0,stable_mixture,True,13,True,0.1644065494292194,58,0.0113646589233466,99.78666844955023,100,middle,8.707332297366008
88.0,6.0,88.0,0.1,0.0,softmax,5.0,stable_mixture,True,13,True,0.1644065494292194,58,0.0113646589233466,99.78666844955023,100,middle,8.707332297366008
89.0,6.0,89.0,0.1,0.0,softmax,5.0,stable_mixture,True,13,True,0.1644065494292194,58,0.0113646589233466,99.78666844955023,100,middle,8.707332297366008
90.0,6.0,90.0,0.1,0.0,softmax,5.0,stable_mixture,True,13,True,0.1644065494292192,58,0.0113646589233466,99.78666844955028,100,middle,8.707332297366008
91.0,6.0,91.0,0.1,0.0,softmax,5.0,stable_mixture,True,14,True,0.1644065494292194,58,0.0113646589233466,99.78666844955023,100,middle,8.707332297366008
92.0,6.0,92.0,0.1,0.0,softmax,5.0,stable_mixture,True,14,True,0.1644065494292193,58,0.0113646589233466,99.78666844955028,100,middle,8.707332297366008
96.0,6.0,96.0,0.1,0.0,softmax,5.0,stable_mixture,True,13,True,0.1644065494292194,58,0.0113646589233466,99.78666844955023,100,middle,8.707332297366008
98.0,6.0,98.0,0.1,0.0,softmax,5.0,stable_mixture,True,13,True,0.1644065494292194,58,0.0113646589233466,99.78666844955023,100,middle,8.707332297366008
1.0,6.0,1.0,0.1,0.0,sparsemax,0.4,unconverged_or_unstable,False,-1,True,0.9294398333472396,63,0.0428009101131596,41.72952225380371,56,middle,8.707332297366008
4.0,6.0,4.0,0.1,0.0,sparsemax,0.4,unconverged_or_unstable,False,-1,True,0.9294398333472396,63,0.0427585577210608,41.739882084358584,56,middle,8.707332297366008
5.0,6.0,5.0,0.1,0.0,sparsemax,0.4,unconverged_or_unstable,False,-1,True,0.9294398333472396,63,0.0427663423897439,41.744462031911056,56,middle,8.707332297366008
11.0,6.0,11.0,0.1,0.0,sparsemax,0.4,unconverged_or_unstable,False,-1,True,0.9294398333472396,63,0.0427926836404766,41.75984907186463,56,middle,8.707332297366008
15.0,6.0,15.0,0.1,0.0,sparsemax,0.4,unconverged_or_unstable,False,-1,True,0.9294398333472396,63,0.042613887576394,41.65101597456549,56,middle,8.707332297366008
17.0,6.0,17.0,0.1,0.0,sparsemax,0.4,unconverged_or_unstable,False,-1,True,0.9294398333472396,63,0.0427701384512747,41.74673950659001,56,middle,8.707332297366008
18.0,6.0,18.0,0.1,0.0,sparsemax,0.4,unconverged_or_unstable,False,-1,True,0.9294398333472396,63,0.0428014906028493,41.76472425086919,56,middle,8.707332297366008
26.0,6.0,26.0,0.1,0.0,sparsemax,0.4,unconverged_or_unstable,False,-1,True,0.9474582662676108,63,0.0409421552640466,40.35254814678325,57,middle,8.707332297366008
37.0,6.0,37.0,0.1,0.0,sparsemax,0.4,unconverged_or_unstable,False,-1,True,0.9294398333472396,63,0.0427682315496924,41.74557583830754,56,middle,8.707332297366008
53.0,6.0,53.0,0.1,0.0,sparsemax,0.4,unconverged_or_unstable,False,-1,True,0.9294398333472396,63,0.0427746709900933,41.74930426522955,56,middle,8.707332297366008
54.0,6.0,54.0,0.1,0.0,sparsemax,0.4,unconverged_or_unstable,False,-1,True,0.9294398333472396,63,0.0427717955871069,41.74765847562168,56,middle,8.707332297366008
59.0,6.0,59.0,0.1,0.0,sparsemax,0.4,unconverged_or_unstable,False,-1,True,0.9294398333472396,63,0.042779680935,41.75238404655533,56,middle,8.707332297366008
60.0,6.0,60.0,0.1,0.0,sparsemax,0.4,unconverged_or_unstable,False,-1,True,0.9294398333472396,63,0.0425033926091684,41.57977657773488,56,middle,8.707332297366008
62.0,6.0,62.0,0.1,0.0,sparsemax,0.4,unconverged_or_unstable,False,-1,True,0.9294398333472396,63,0.0427677122635987,41.745264471347525,56,middle,8.707332297366008
63.0,6.0,63.0,0.1,0.0,sparsemax,0.4,unconverged_or_unstable,False,-1,True,0.9294398333472396,63,0.0427814299801874,41.75326366857417,56,middle,8.707332297366008
64.0,6.0,64.0,0.1,0.0,sparsemax,0.4,unconverged_or_unstable,False,-1,True,0.9294398333472396,63,0.0428220057681239,41.77622153855284,56,middle,8.707332297366008
69.0,6.0,69.0,0.1,0.0,sparsemax,0.4,unconverged_or_unstable,False,-1,True,0.9294398333472396,63,0.0427818872662476,41.75357993779783,56,middle,8.707332297366008
70.0,6.0,70.0,0.1,0.0,sparsemax,0.4,unconverged_or_unstable,False,-1,True,0.9294398333472396,63,0.0428609853339202,41.79763507974305,56,middle,8.707332297366008
71.0,6.0,71.0,0.1,0.0,sparsemax,0.4,unconverged_or_unstable,False,-1,True,0.9294398333472396,63,0.0427632874746322,41.742679409646,56,middle,8.707332297366008
72.0,6.0,72.0,0.1,0.0,sparsemax,0.4,unconverged_or_unstable,False,-1,True,0.9294398333472396,63,0.0427947027317358,41.760885497879045,56,middle,8.707332297366008
76.0,6.0,76.0,0.1,0.0,sparsemax,0.4,unconverged_or_unstable,False,-1,True,0.9294398333472396,63,0.0427866008502898,41.75640174743143,56,middle,8.707332297366008
77.0,6.0,77.0,0.1,0.0,sparsemax,0.4,unconverged_or_unstable,False,-1,True,0.9294398333472396,63,0.042779971686175,41.752403900016965,56,middle,8.707332297366008
80.0,6.0,80.0,0.1,0.0,sparsemax,0.4,unconverged_or_unstable,False,-1,False,1.001640149750988,52,0.0413641361087146,38.64681764558208,59,middle,8.707332297366008
82.0,6.0,82.0,0.1,0.0,sparsemax,0.4,unconverged_or_unstable,False,-1,True,0.9294398333472396,63,0.0427674206931301,41.74512865426711,56,middle,8.707332297366008
87.0,6.0,87.0,0.1,0.0,sparsemax,0.4,unconverged_or_unstable,False,-1,True,0.9294398333472396,63,0.0427911502833635,41.7498053474585,56,middle,8.707332297366008
88.0,6.0,88.0,0.1,0.0,sparsemax,0.4,unconverged_or_unstable,False,-1,True,0.9866286847569714,63,0.0431747799397048,41.5611265029953,57,middle,8.707332297366008
89.0,6.0,89.0,0.1,0.0,sparsemax,0.4,unconverged_or_unstable,False,-1,True,0.9294398333472396,63,0.0427887424031732,41.75755658888141,56,middle,8.707332297366008
90.0,6.0,90.0,0.1,0.0,sparsemax,0.4,unconverged_or_unstable,False,-1,True,0.9294398333472396,63,0.042829433295601,41.78068502469345,56,middle,8.707332297366008
91.0,6.0,91.0,0.1,0.0,sparsemax,0.4,unconverged_or_unstable,False,-1,True,0.9294398333472396,63,0.0428136649542003,41.771672532103665,56,middle,8.707332297366008
92.0,6.0,92.0,0.1,0.0,sparsemax,0.4,unconverged_or_unstable,False,-1,True,0.9294398333472396,63,0.0427814082449397,41.75330024603442,56,middle,8.707332297366008
96.0,6.0,96.0,0.1,0.0,sparsemax,0.4,unconverged_or_unstable,False,-1,True,0.989474836152466,95,0.0408381631488073,38.608563718605744,59,middle,8.707332297366008
98.0,6.0,98.0,0.1,0.0,sparsemax,0.4,unconverged_or_unstable,False,-1,True,0.9294398333472396,63,0.0427691146181266,41.746107052386,56,middle,8.707332297366008
1.0,6.0,1.0,0.1,0.0,softmax,2.5,stable_mixture,True,10,True,0.08242885754702,58,0.0106234242301346,99.95157983455178,100,high,73.16456697633235
4.0,6.0,4.0,0.1,0.0,softmax,2.5,stable_mixture,True,10,True,0.08242885754702,58,0.0106234242301346,99.95157983455178,100,high,73.16456697633235
5.0,6.0,5.0,0.1,0.0,softmax,2.5,stable_mixture,True,10,True,0.08242885754702,58,0.0106234242301346,99.95157983455178,100,high,73.16456697633235
11.0,6.0,11.0,0.1,0.0,softmax,2.5,stable_mixture,True,10,True,0.08242885754702,58,0.0106234242301346,99.95157983455178,100,high,73.16456697633235
15.0,6.0,15.0,0.1,0.0,softmax,2.5,stable_mixture,True,10,True,0.0824288575470199,58,0.0106234242301346,99.95157983455178,100,high,73.16456697633235
17.0,6.0,17.0,0.1,0.0,softmax,2.5,stable_mixture,True,11,True,0.08242885754702,58,0.0106234242301346,99.95157983455178,100,high,73.16456697633235
18.0,6.0,18.0,0.1,0.0,softmax,2.5,stable_mixture,True,10,True,0.08242885754702,58,0.0106234242301346,99.95157983455178,100,high,73.16456697633235
26.0,6.0,26.0,0.1,0.0,softmax,2.5,stable_mixture,True,11,True,0.0824288575470199,58,0.0106234242301346,99.95157983455178,100,high,73.16456697633235
37.0,6.0,37.0,0.1,0.0,softmax,2.5,stable_mixture,True,10,True,0.0824288575470199,58,0.0106234242301346,99.95157983455178,100,high,73.16456697633235
53.0,6.0,53.0,0.1,0.0,softmax,2.5,stable_mixture,True,10,True,0.08242885754702,58,0.0106234242301346,99.95157983455178,100,high,73.16456697633235
54.0,6.0,54.0,0.1,0.0,softmax,2.5,stable_mixture,True,10,True,0.08242885754702,58,0.0106234242301346,99.95157983455178,100,high,73.16456697633235
59.0,6.0,59.0,0.1,0.0,softmax,2.5,stable_mixture,True,10,True,0.08242885754702,58,0.0106234242301346,99.95157983455178,100,high,73.16456697633235
60.0,6.0,60.0,0.1,0.0,softmax,2.5,stable_mixture,True,10,True,0.08242885754702,58,0.0106234242301346,99.95157983455178,100,high,73.16456697633235
62.0,6.0,62.0,0.1,0.0,softmax,2.5,stable_mixture,True,10,True,0.08242885754702,58,0.0106234242301346,99.95157983455178,100,high,73.16456697633235
63.0,6.0,63.0,0.1,0.0,softmax,2.5,stable_mixture,True,11,True,0.08242885754702,58,0.0106234242301346,99.95157983455178,100,high,73.16456697633235
64.0,6.0,64.0,0.1,0.0,softmax,2.5,stable_mixture,True,10,True,0.08242885754702,58,0.0106234242301346,99.95157983455178,100,high,73.16456697633235
69.0,6.0,69.0,0.1,0.0,softmax,2.5,stable_mixture,True,10,True,0.08242885754702,58,0.0106234242301346,99.95157983455178,100,high,73.16456697633235
70.0,6.0,70.0,0.1,0.0,softmax,2.5,stable_mixture,True,10,True,0.0824288575470199,58,0.0106234242301346,99.95157983455178,100,high,73.16456697633235
71.0,6.0,71.0,0.1,0.0,softmax,2.5,stable_mixture,True,10,True,0.08242885754702,58,0.0106234242301346,99.95157983455178,100,high,73.16456697633235
72.0,6.0,72.0,0.1,0.0,softmax,2.5,stable_mixture,True,10,True,0.08242885754702,58,0.0106234242301346,99.95157983455178,100,high,73.16456697633235
76.0,6.0,76.0,0.1,0.0,softmax,2.5,stable_mixture,True,10,True,0.0824288575470199,58,0.0106234242301346,99.95157983455178,100,high,73.16456697633235
77.0,6.0,77.0,0.1,0.0,softmax,2.5,stable_mixture,True,10,True,0.08242885754702,58,0.0106234242301346,99.95157983455178,100,high,73.16456697633235
80.0,6.0,80.0,0.1,0.0,softmax,2.5,stable_mixture,True,11,True,0.0824288575470199,58,0.0106234242301346,99.95157983455178,100,high,73.16456697633235
82.0,6.0,82.0,0.1,0.0,softmax,2.5,stable_mixture,True,10,True,0.08242885754702,58,0.0106234242301346,99.95157983455178,100,high,73.16456697633235
87.0,6.0,87.0,0.1,0.0,softmax,2.5,stable_mixture,True,10,True,0.08242885754702,58,0.0106234242301346,99.95157983455178,100,high,73.16456697633235
88.0,6.0,88.0,0.1,0.0,softmax,2.5,stable_mixture,True,10,True,0.08242885754702,58,0.0106234242301346,99.95157983455178,100,high,73.16456697633235
89.0,6.0,89.0,0.1,0.0,softmax,2.5,stable_mixture,True,10,True,0.08242885754702,58,0.0106234242301346,99.95157983455178,100,high,73.16456697633235
90.0,6.0,90.0,0.1,0.0,softmax,2.5,stable_mixture,True,10,True,0.0824288575470199,58,0.0106234242301346,99.95157983455178,100,high,73.16456697633235
91.0,6.0,91.0,0.1,0.0,softmax,2.5,stable_mixture,True,10,True,0.08242885754702,58,0.0106234242301346,99.95157983455178,100,high,73.16456697633235
92.0,6.0,92.0,0.1,0.0,softmax,2.5,stable_mixture,True,10,True,0.08242885754702,58,0.0106234242301346,99.95157983455178,100,high,73.16456697633235
96.0,6.0,96.0,0.1,0.0,softmax,2.5,stable_mixture,True,10,True,0.08242885754702,58,0.0106234242301346,99.95157983455178,100,high,73.16456697633235
98.0,6.0,98.0,0.1,0.0,softmax,2.5,stable_mixture,True,10,True,0.08242885754702,58,0.0106234242301346,99.95157983455178,100,high,73.16456697633235
1.0,6.0,1.0,0.1,0.0,sparsemax,0.05,stable_mixture,True,13,True,0.1653739769018864,58,0.0112869130421092,99.78617265007784,100,high,73.16456697633235
4.0,6.0,4.0,0.1,0.0,sparsemax,0.05,stable_mixture,True,12,True,0.1653739769018864,58,0.0112869130421092,99.78617265007786,100,high,73.16456697633235
5.0,6.0,5.0,0.1,0.0,sparsemax,0.05,stable_mixture,True,13,True,0.1653739769018864,58,0.0112869130421092,99.78617265007786,100,high,73.16456697633235
11.0,6.0,11.0,0.1,0.0,sparsemax,0.05,stable_mixture,True,12,True,0.1653739769018864,58,0.0112869130421092,99.78617265007786,100,high,73.16456697633235
15.0,6.0,15.0,0.1,0.0,sparsemax,0.05,stable_mixture,True,13,True,0.1653739769018864,58,0.0112869130421092,99.78617265007784,100,high,73.16456697633235
17.0,6.0,17.0,0.1,0.0,sparsemax,0.05,stable_mixture,True,13,True,0.1653739769018864,58,0.0112869130421092,99.78617265007784,100,high,73.16456697633235
18.0,6.0,18.0,0.1,0.0,sparsemax,0.05,stable_mixture,True,13,True,0.1653739769018864,58,0.0112869130421092,99.78617265007784,100,high,73.16456697633235
26.0,6.0,26.0,0.1,0.0,sparsemax,0.05,stable_mixture,True,13,True,0.1653739769018864,58,0.0112869130421092,99.78617265007786,100,high,73.16456697633235
37.0,6.0,37.0,0.1,0.0,sparsemax,0.05,stable_mixture,True,12,True,0.1653739769018864,58,0.0112869130421092,99.78617265007784,100,high,73.16456697633235
53.0,6.0,53.0,0.1,0.0,sparsemax,0.05,stable_mixture,True,13,True,0.1653739769018864,58,0.0112869130421092,99.78617265007784,100,high,73.16456697633235
54.0,6.0,54.0,0.1,0.0,sparsemax,0.05,stable_mixture,True,13,True,0.1653739769018864,58,0.0112869130421092,99.78617265007784,100,high,73.16456697633235
59.0,6.0,59.0,0.1,0.0,sparsemax,0.05,stable_mixture,True,13,True,0.1653739769018864,58,0.0112869130421092,99.78617265007784,100,high,73.16456697633235
60.0,6.0,60.0,0.1,0.0,sparsemax,0.05,stable_mixture,True,13,True,0.1653739769018864,58,0.0112869130421092,99.78617265007786,100,high,73.16456697633235
62.0,6.0,62.0,0.1,0.0,sparsemax,0.05,stable_mixture,True,12,True,0.1653739769018864,58,0.0112869130421092,99.78617265007784,100,high,73.16456697633235
63.0,6.0,63.0,0.1,0.0,sparsemax,0.05,stable_mixture,True,13,True,0.1653739769018864,58,0.0112869130421092,99.78617265007784,100,high,73.16456697633235
64.0,6.0,64.0,0.1,0.0,sparsemax,0.05,stable_mixture,True,13,True,0.1653739769018864,58,0.0112869130421092,99.78617265007784,100,high,73.16456697633235
69.0,6.0,69.0,0.1,0.0,sparsemax,0.05,stable_mixture,True,13,True,0.1653739769018864,58,0.0112869130421092,99.78617265007784,100,high,73.16456697633235
70.0,6.0,70.0,0.1,0.0,sparsemax,0.05,stable_mixture,True,13,True,0.1653739769018864,58,0.0112869130421092,99.78617265007784,100,high,73.16456697633235
71.0,6.0,71.0,0.1,0.0,sparsemax,0.05,stable_mixture,True,13,True,0.1653739769018864,58,0.0112869130421092,99.78617265007784,100,high,73.16456697633235
72.0,6.0,72.0,0.1,0.0,sparsemax,0.05,stable_mixture,True,12,True,0.1653739769018864,58,0.0112869130421092,99.78617265007786,100,high,73.16456697633235
76.0,6.0,76.0,0.1,0.0,sparsemax,0.05,stable_mixture,True,12,True,0.1653739769018864,58,0.0112869130421092,99.78617265007784,100,high,73.16456697633235
77.0,6.0,77.0,0.1,0.0,sparsemax,0.05,stable_mixture,True,13,True,0.1653739769018864,58,0.0112869130421092,99.78617265007784,100,high,73.16456697633235
80.0,6.0,80.0,0.1,0.0,sparsemax,0.05,stable_mixture,True,13,True,0.1653739769018864,58,0.0112869130421092,99.78617265007786,100,high,73.16456697633235
82.0,6.0,82.0,0.1,0.0,sparsemax,0.05,stable_mixture,True,13,True,0.1653739769018864,58,0.0112869130421092,99.78617265007784,100,high,73.16456697633235
87.0,6.0,87.0,0.1,0.0,sparsemax,0.05,stable_mixture,True,12,True,0.1653739769018864,58,0.0112869130421092,99.78617265007784,100,high,73.16456697633235
88.0,6.0,88.0,0.1,0.0,sparsemax,0.05,stable_mixture,True,13,True,0.1653739769018864,58,0.0112869130421092,99.78617265007784,100,high,73.16456697633235
89.0,6.0,89.0,0.1,0.0,sparsemax,0.05,stable_mixture,True,12,True,0.1653739769018864,58,0.0112869130421092,99.78617265007784,100,high,73.16456697633235
90.0,6.0,90.0,0.1,0.0,sparsemax,0.05,stable_mixture,True,13,True,0.1653739769018864,58,0.0112869130421092,99.78617265007786,100,high,73.16456697633235
91.0,6.0,91.0,0.1,0.0,sparsemax,0.05,stable_mixture,True,13,True,0.1653739769018864,58,0.0112869130421092,99.78617265007784,100,high,73.16456697633235
92.0,6.0,92.0,0.1,0.0,sparsemax,0.05,stable_mixture,True,13,True,0.1653739769018864,58,0.0112869130421092,99.78617265007784,100,high,73.16456697633235
96.0,6.0,96.0,0.1,0.0,sparsemax,0.05,stable_mixture,True,13,True,0.1653739769018864,58,0.0112869130421092,99.78617265007784,100,high,73.16456697633235
98.0,6.0,98.0,0.1,0.0,sparsemax,0.05,stable_mixture,True,12,True,0.1653739769018864,58,0.0112869130421092,99.78617265007786,100,high,73.16456697633235
101.0,6.0,1.0,0.25,0.0,softmax,48.0,correct_memory_like,True,5,True,1.5319425865718242e-15,1,1.0,1.0,1,low,1.000003652309054
104.0,6.0,4.0,0.25,0.0,softmax,48.0,correct_memory_like,True,5,True,1.4849693286935826e-13,4,0.9999999999999978,1.0000000000000044,1,low,1.000003652309054
105.0,6.0,5.0,0.25,0.0,softmax,48.0,correct_memory_like,True,5,True,3.0717101346995548e-15,5,1.0,1.0,1,low,1.000003652309054
111.0,6.0,11.0,0.25,0.0,softmax,48.0,correct_memory_like,True,5,True,3.470129557952352e-16,11,1.0,1.0,1,low,1.000003652309054
115.0,6.0,15.0,0.25,0.0,softmax,48.0,correct_memory_like,True,5,True,1.4813325354736194e-13,15,0.9999999999999978,1.0000000000000044,1,low,1.000003652309054
117.0,6.0,17.0,0.25,0.0,softmax,48.0,correct_memory_like,True,5,True,6.639470431849181e-15,17,1.0,1.0,1,low,1.000003652309054
118.0,6.0,18.0,0.25,0.0,softmax,48.0,correct_memory_like,True,5,True,1.550555166320218e-15,18,1.0,1.0,1,low,1.000003652309054
126.0,6.0,26.0,0.25,0.0,softmax,48.0,correct_memory_like,True,5,True,7.286195440264245e-14,26,0.9999999999999988,1.0000000000000022,1,low,1.000003652309054
137.0,6.0,37.0,0.25,0.0,softmax,48.0,correct_memory_like,True,5,True,3.151611814777855e-15,37,1.0,1.0,1,low,1.000003652309054
153.0,6.0,53.0,0.25,0.0,softmax,48.0,correct_memory_like,True,5,True,1.6441200093657892e-14,53,0.9999999999999998,1.0000000000000004,1,low,1.000003652309054
154.0,6.0,54.0,0.25,0.0,softmax,48.0,correct_memory_like,True,5,True,3.182997438760918e-15,54,1.0,1.0,1,low,1.000003652309054
159.0,6.0,59.0,0.25,0.0,softmax,48.0,correct_memory_like,True,5,True,1.5171474868017312e-15,59,1.0,1.0,1,low,1.000003652309054
160.0,6.0,60.0,0.25,0.0,softmax,48.0,correct_memory_like,True,5,True,3.1750248876812065e-15,60,1.0,1.0,1,low,1.000003652309054
162.0,6.0,62.0,0.25,0.0,softmax,48.0,correct_memory_like,True,5,True,7.536438426472889e-16,62,1.0,1.0,1,low,1.000003652309054
163.0,6.0,63.0,0.25,0.0,softmax,48.0,correct_memory_like,True,5,True,8.903225249800589e-15,63,0.9999999999999998,1.0000000000000004,1,low,1.000003652309054
164.0,6.0,64.0,0.25,0.0,softmax,48.0,correct_memory_like,True,5,True,1.615542557129178e-14,64,0.9999999999999998,1.0000000000000004,1,low,1.000003652309054
169.0,6.0,69.0,0.25,0.0,softmax,48.0,correct_memory_like,True,5,True,3.1747780961104647e-15,69,1.0,1.0,1,low,1.000003652309054
170.0,6.0,70.0,0.25,0.0,softmax,48.0,correct_memory_like,True,5,True,3.1781277183960946e-15,70,1.0,1.0,1,low,1.000003652309054
171.0,6.0,71.0,0.25,0.0,softmax,48.0,correct_memory_like,True,5,True,1.5944369753767442e-14,71,0.9999999999999998,1.0000000000000004,1,low,1.000003652309054
172.0,6.0,72.0,0.25,0.0,softmax,48.0,correct_memory_like,True,5,True,1.487437747271847e-13,72,0.9999999999999978,1.0000000000000044,1,low,1.000003652309054
176.0,6.0,76.0,0.25,0.0,softmax,48.0,correct_memory_like,True,5,True,1.1692723813289242e-16,76,1.0,1.0,1,low,1.000003652309054
177.0,6.0,77.0,0.25,0.0,softmax,48.0,correct_memory_like,True,5,True,3.189761666588386e-15,77,1.0,1.0,1,low,1.000003652309054
180.0,6.0,80.0,0.25,0.0,softmax,48.0,correct_memory_like,True,5,True,6.537923053309716e-15,80,1.0,1.0,1,low,1.000003652309054
182.0,6.0,82.0,0.25,0.0,softmax,48.0,correct_memory_like,True,5,True,2.2550571088341458e-15,82,1.0,1.0,1,low,1.000003652309054
187.0,6.0,87.0,0.25,0.0,softmax,48.0,correct_memory_like,True,5,True,1.4876727586158928e-13,87,0.9999999999999978,1.0000000000000044,1,low,1.000003652309054
188.0,6.0,88.0,0.25,0.0,softmax,48.0,correct_memory_like,True,5,True,1.0172786650464387e-15,88,1.0,1.0,1,low,1.000003652309054
189.0,6.0,89.0,0.25,0.0,softmax,48.0,correct_memory_like,True,5,True,1.574209690496825e-15,89,1.0,1.0,1,low,1.000003652309054
190.0,6.0,90.0,0.25,0.0,softmax,48.0,correct_memory_like,True,5,True,1.5982450782899186e-14,90,0.9999999999999998,1.0000000000000004,1,low,1.000003652309054
191.0,6.0,91.0,0.25,0.0,softmax,48.0,correct_memory_like,True,5,True,2.049867840439225e-14,91,0.9999999999999996,1.0000000000000009,1,low,1.000003652309054
192.0,6.0,92.0,0.25,0.0,softmax,48.0,correct_memory_like,True,5,True,3.7464274416699345e-14,92,0.9999999999999992,1.000000000000001,1,low,1.000003652309054
196.0,6.0,96.0,0.25,0.0,softmax,48.0,correct_memory_like,True,5,True,7.265227677224385e-14,96,0.9999999999999988,1.0000000000000022,1,low,1.000003652309054
198.0,6.0,98.0,0.25,0.0,softmax,48.0,correct_memory_like,True,5,True,1.5238381825502229e-15,98,1.0,1.0,1,low,1.000003652309054
101.0,6.0,1.0,0.25,0.0,sparsemax,3.75,correct_memory_like,True,5,True,0.0,1,1.0,1.0,1,low,1.000003652309054
104.0,6.0,4.0,0.25,0.0,sparsemax,3.75,correct_memory_like,True,5,True,0.0,4,1.0,1.0,1,low,1.000003652309054
105.0,6.0,5.0,0.25,0.0,sparsemax,3.75,correct_memory_like,True,5,True,0.0,5,1.0,1.0,1,low,1.000003652309054
111.0,6.0,11.0,0.25,0.0,sparsemax,3.75,correct_memory_like,True,4,True,0.0,11,1.0,1.0,1,low,1.000003652309054
115.0,6.0,15.0,0.25,0.0,sparsemax,3.75,correct_memory_like,True,4,True,0.0,15,1.0,1.0,1,low,1.000003652309054
117.0,6.0,17.0,0.25,0.0,sparsemax,3.75,correct_memory_like,True,5,True,0.0,17,1.0,1.0,1,low,1.000003652309054
118.0,6.0,18.0,0.25,0.0,sparsemax,3.75,correct_memory_like,True,4,True,0.0,18,1.0,1.0,1,low,1.000003652309054
126.0,6.0,26.0,0.25,0.0,sparsemax,3.75,correct_memory_like,True,5,True,0.0,26,1.0,1.0,1,low,1.000003652309054
137.0,6.0,37.0,0.25,0.0,sparsemax,3.75,correct_memory_like,True,5,True,0.0,37,1.0,1.0,1,low,1.000003652309054
153.0,6.0,53.0,0.25,0.0,sparsemax,3.75,correct_memory_like,True,5,True,0.0,53,1.0,1.0,1,low,1.000003652309054
154.0,6.0,54.0,0.25,0.0,sparsemax,3.75,correct_memory_like,True,5,True,0.0,54,1.0,1.0,1,low,1.000003652309054
159.0,6.0,59.0,0.25,0.0,sparsemax,3.75,correct_memory_like,True,4,True,0.0,59,1.0,1.0,1,low,1.000003652309054
160.0,6.0,60.0,0.25,0.0,sparsemax,3.75,correct_memory_like,True,4,True,0.0,60,1.0,1.0,1,low,1.000003652309054
162.0,6.0,62.0,0.25,0.0,sparsemax,3.75,correct_memory_like,True,4,True,0.0,62,1.0,1.0,1,low,1.000003652309054
163.0,6.0,63.0,0.25,0.0,sparsemax,3.75,correct_memory_like,True,4,True,0.0,63,1.0,1.0,1,low,1.000003652309054
164.0,6.0,64.0,0.25,0.0,sparsemax,3.75,correct_memory_like,True,5,True,0.0,64,1.0,1.0,1,low,1.000003652309054
169.0,6.0,69.0,0.25,0.0,sparsemax,3.75,correct_memory_like,True,4,True,0.0,69,1.0,1.0,1,low,1.000003652309054
170.0,6.0,70.0,0.25,0.0,sparsemax,3.75,correct_memory_like,True,4,True,0.0,70,1.0,1.0,1,low,1.000003652309054
171.0,6.0,71.0,0.25,0.0,sparsemax,3.75,correct_memory_like,True,4,True,0.0,71,1.0,1.0,1,low,1.000003652309054
172.0,6.0,72.0,0.25,0.0,sparsemax,3.75,correct_memory_like,True,5,True,0.0,72,1.0,1.0,1,low,1.000003652309054
176.0,6.0,76.0,0.25,0.0,sparsemax,3.75,correct_memory_like,True,4,True,0.0,76,1.0,1.0,1,low,1.000003652309054
177.0,6.0,77.0,0.25,0.0,sparsemax,3.75,correct_memory_like,True,4,True,0.0,77,1.0,1.0,1,low,1.000003652309054
180.0,6.0,80.0,0.25,0.0,sparsemax,3.75,correct_memory_like,True,4,True,0.0,80,1.0,1.0,1,low,1.000003652309054
182.0,6.0,82.0,0.25,0.0,sparsemax,3.75,correct_memory_like,True,4,True,0.0,82,1.0,1.0,1,low,1.000003652309054
187.0,6.0,87.0,0.25,0.0,sparsemax,3.75,correct_memory_like,True,5,True,0.0,87,1.0,1.0,1,low,1.000003652309054
188.0,6.0,88.0,0.25,0.0,sparsemax,3.75,correct_memory_like,True,4,True,0.0,88,1.0,1.0,1,low,1.000003652309054
189.0,6.0,89.0,0.25,0.0,sparsemax,3.75,correct_memory_like,True,4,True,0.0,89,1.0,1.0,1,low,1.000003652309054
190.0,6.0,90.0,0.25,0.0,sparsemax,3.75,correct_memory_like,True,4,True,0.0,90,1.0,1.0,1,low,1.000003652309054
191.0,6.0,91.0,0.25,0.0,sparsemax,3.75,correct_memory_like,True,5,True,0.0,91,1.0,1.0,1,low,1.000003652309054
192.0,6.0,92.0,0.25,0.0,sparsemax,3.75,correct_memory_like,True,4,True,0.0,92,1.0,1.0,1,low,1.000003652309054
196.0,6.0,96.0,0.25,0.0,sparsemax,3.75,correct_memory_like,True,4,True,0.0,96,1.0,1.0,1,low,1.000003652309054
198.0,6.0,98.0,0.25,0.0,sparsemax,3.75,correct_memory_like,True,4,True,0.0,98,1.0,1.0,1,low,1.000003652309054
101.0,6.0,1.0,0.25,0.0,softmax,3.5,stable_mixture,True,11,True,0.1152674050062832,58,0.0109038396691208,99.9014429398919,100,high,78.79242488015784
104.0,6.0,4.0,0.25,0.0,softmax,3.5,stable_mixture,True,11,True,0.1152674050062833,58,0.0109038396691208,99.9014429398919,100,high,78.79242488015784
105.0,6.0,5.0,0.25,0.0,softmax,3.5,stable_mixture,True,11,True,0.1152674050062832,58,0.0109038396691208,99.9014429398919,100,high,78.79242488015784
111.0,6.0,11.0,0.25,0.0,softmax,3.5,stable_mixture,True,11,True,0.1152674050062833,58,0.0109038396691208,99.9014429398919,100,high,78.79242488015784
115.0,6.0,15.0,0.25,0.0,softmax,3.5,stable_mixture,True,11,True,0.1152674050062833,58,0.0109038396691208,99.9014429398919,100,high,78.79242488015784
117.0,6.0,17.0,0.25,0.0,softmax,3.5,stable_mixture,True,11,True,0.1152674050062833,58,0.0109038396691208,99.9014429398919,100,high,78.79242488015784
118.0,6.0,18.0,0.25,0.0,softmax,3.5,stable_mixture,True,11,True,0.1152674050062833,58,0.0109038396691208,99.9014429398919,100,high,78.79242488015784
126.0,6.0,26.0,0.25,0.0,softmax,3.5,stable_mixture,True,11,True,0.1152674050062833,58,0.0109038396691208,99.9014429398919,100,high,78.79242488015784
137.0,6.0,37.0,0.25,0.0,softmax,3.5,stable_mixture,True,11,True,0.1152674050062832,58,0.0109038396691208,99.9014429398919,100,high,78.79242488015784
153.0,6.0,53.0,0.25,0.0,softmax,3.5,stable_mixture,True,11,True,0.1152674050062833,58,0.0109038396691208,99.9014429398919,100,high,78.79242488015784
154.0,6.0,54.0,0.25,0.0,softmax,3.5,stable_mixture,True,11,True,0.1152674050062833,58,0.0109038396691208,99.9014429398919,100,high,78.79242488015784
159.0,6.0,59.0,0.25,0.0,softmax,3.5,stable_mixture,True,11,True,0.1152674050062833,58,0.0109038396691208,99.9014429398919,100,high,78.79242488015784
160.0,6.0,60.0,0.25,0.0,softmax,3.5,stable_mixture,True,11,True,0.1152674050062833,58,0.0109038396691208,99.9014429398919,100,high,78.79242488015784
162.0,6.0,62.0,0.25,0.0,softmax,3.5,stable_mixture,True,11,True,0.1152674050062832,58,0.0109038396691208,99.9014429398919,100,high,78.79242488015784
163.0,6.0,63.0,0.25,0.0,softmax,3.5,stable_mixture,True,12,True,0.1152674050062832,58,0.0109038396691208,99.9014429398919,100,high,78.79242488015784
164.0,6.0,64.0,0.25,0.0,softmax,3.5,stable_mixture,True,11,True,0.1152674050062832,58,0.0109038396691208,99.9014429398919,100,high,78.79242488015784
169.0,6.0,69.0,0.25,0.0,softmax,3.5,stable_mixture,True,11,True,0.1152674050062833,58,0.0109038396691208,99.9014429398919,100,high,78.79242488015784
170.0,6.0,70.0,0.25,0.0,softmax,3.5,stable_mixture,True,11,True,0.1152674050062832,58,0.0109038396691208,99.9014429398919,100,high,78.79242488015784
171.0,6.0,71.0,0.25,0.0,softmax,3.5,stable_mixture,True,11,True,0.1152674050062832,58,0.0109038396691208,99.9014429398919,100,high,78.79242488015784
172.0,6.0,72.0,0.25,0.0,softmax,3.5,stable_mixture,True,11,True,0.1152674050062833,58,0.0109038396691208,99.9014429398919,100,high,78.79242488015784
176.0,6.0,76.0,0.25,0.0,softmax,3.5,stable_mixture,True,11,True,0.1152674050062833,58,0.0109038396691208,99.9014429398919,100,high,78.79242488015784
177.0,6.0,77.0,0.25,0.0,softmax,3.5,stable_mixture,True,11,True,0.1152674050062832,58,0.0109038396691208,99.9014429398919,100,high,78.79242488015784
180.0,6.0,80.0,0.25,0.0,softmax,3.5,stable_mixture,True,11,True,0.1152674050062833,58,0.0109038396691208,99.9014429398919,100,high,78.79242488015784
182.0,6.0,82.0,0.25,0.0,softmax,3.5,stable_mixture,True,11,True,0.1152674050062833,58,0.0109038396691208,99.9014429398919,100,high,78.79242488015784
187.0,6.0,87.0,0.25,0.0,softmax,3.5,stable_mixture,True,11,True,0.1152674050062833,58,0.0109038396691208,99.9014429398919,100,high,78.79242488015784
188.0,6.0,88.0,0.25,0.0,softmax,3.5,stable_mixture,True,11,True,0.1152674050062833,58,0.0109038396691208,99.9014429398919,100,high,78.79242488015784
189.0,6.0,89.0,0.25,0.0,softmax,3.5,stable_mixture,True,11,True,0.1152674050062833,58,0.0109038396691208,99.9014429398919,100,high,78.79242488015784
190.0,6.0,90.0,0.25,0.0,softmax,3.5,stable_mixture,True,11,True,0.1152674050062832,58,0.0109038396691208,99.9014429398919,100,high,78.79242488015784
191.0,6.0,91.0,0.25,0.0,softmax,3.5,stable_mixture,True,11,True,0.1152674050062833,58,0.0109038396691208,99.9014429398919,100,high,78.79242488015784
192.0,6.0,92.0,0.25,0.0,softmax,3.5,stable_mixture,True,11,True,0.1152674050062833,58,0.0109038396691208,99.9014429398919,100,high,78.79242488015784
196.0,6.0,96.0,0.25,0.0,softmax,3.5,stable_mixture,True,11,True,0.1152674050062832,58,0.0109038396691208,99.9014429398919,100,high,78.79242488015784
198.0,6.0,98.0,0.25,0.0,softmax,3.5,stable_mixture,True,11,True,0.1152674050062832,58,0.0109038396691208,99.9014429398919,100,high,78.79242488015784
101.0,6.0,1.0,0.25,0.0,sparsemax,0.05,stable_mixture,True,13,True,0.1653739769018864,58,0.0112869130421092,99.78617265007786,100,high,78.79242488015784
104.0,6.0,4.0,0.25,0.0,sparsemax,0.05,stable_mixture,True,12,True,0.1653739769018864,58,0.0112869130421092,99.78617265007786,100,high,78.79242488015784
105.0,6.0,5.0,0.25,0.0,sparsemax,0.05,stable_mixture,True,12,True,0.1653739769018864,58,0.0112869130421092,99.78617265007786,100,high,78.79242488015784
111.0,6.0,11.0,0.25,0.0,sparsemax,0.05,stable_mixture,True,12,True,0.1653739769018864,58,0.0112869130421092,99.78617265007784,100,high,78.79242488015784
115.0,6.0,15.0,0.25,0.0,sparsemax,0.05,stable_mixture,True,12,True,0.1653739769018864,58,0.0112869130421092,99.78617265007784,100,high,78.79242488015784
117.0,6.0,17.0,0.25,0.0,sparsemax,0.05,stable_mixture,True,12,True,0.1653739769018864,58,0.0112869130421092,99.78617265007784,100,high,78.79242488015784
118.0,6.0,18.0,0.25,0.0,sparsemax,0.05,stable_mixture,True,12,True,0.1653739769018864,58,0.0112869130421092,99.78617265007784,100,high,78.79242488015784
126.0,6.0,26.0,0.25,0.0,sparsemax,0.05,stable_mixture,True,12,True,0.1653739769018864,58,0.0112869130421092,99.78617265007786,100,high,78.79242488015784
137.0,6.0,37.0,0.25,0.0,sparsemax,0.05,stable_mixture,True,13,True,0.1653739769018864,58,0.0112869130421092,99.78617265007786,100,high,78.79242488015784
153.0,6.0,53.0,0.25,0.0,sparsemax,0.05,stable_mixture,True,13,True,0.1653739769018864,58,0.0112869130421092,99.78617265007784,100,high,78.79242488015784
154.0,6.0,54.0,0.25,0.0,sparsemax,0.05,stable_mixture,True,13,True,0.1653739769018864,58,0.0112869130421092,99.78617265007784,100,high,78.79242488015784
159.0,6.0,59.0,0.25,0.0,sparsemax,0.05,stable_mixture,True,13,True,0.1653739769018864,58,0.0112869130421092,99.78617265007784,100,high,78.79242488015784
160.0,6.0,60.0,0.25,0.0,sparsemax,0.05,stable_mixture,True,13,True,0.1653739769018864,58,0.0112869130421092,99.78617265007786,100,high,78.79242488015784
162.0,6.0,62.0,0.25,0.0,sparsemax,0.05,stable_mixture,True,13,True,0.1653739769018864,58,0.0112869130421092,99.78617265007786,100,high,78.79242488015784
163.0,6.0,63.0,0.25,0.0,sparsemax,0.05,stable_mixture,True,13,True,0.1653739769018864,58,0.0112869130421092,99.78617265007784,100,high,78.79242488015784
164.0,6.0,64.0,0.25,0.0,sparsemax,0.05,stable_mixture,True,12,True,0.1653739769018864,58,0.0112869130421092,99.78617265007786,100,high,78.79242488015784
169.0,6.0,69.0,0.25,0.0,sparsemax,0.05,stable_mixture,True,12,True,0.1653739769018864,58,0.0112869130421092,99.78617265007784,100,high,78.79242488015784
170.0,6.0,70.0,0.25,0.0,sparsemax,0.05,stable_mixture,True,12,True,0.1653739769018864,58,0.0112869130421092,99.78617265007786,100,high,78.79242488015784
171.0,6.0,71.0,0.25,0.0,sparsemax,0.05,stable_mixture,True,13,True,0.1653739769018864,58,0.0112869130421092,99.78617265007784,100,high,78.79242488015784
172.0,6.0,72.0,0.25,0.0,sparsemax,0.05,stable_mixture,True,13,True,0.1653739769018864,58,0.0112869130421092,99.78617265007786,100,high,78.79242488015784
176.0,6.0,76.0,0.25,0.0,sparsemax,0.05,stable_mixture,True,12,True,0.1653739769018864,58,0.0112869130421092,99.78617265007784,100,high,78.79242488015784
177.0,6.0,77.0,0.25,0.0,sparsemax,0.05,stable_mixture,True,13,True,0.1653739769018864,58,0.0112869130421092,99.78617265007784,100,high,78.79242488015784
180.0,6.0,80.0,0.25,0.0,sparsemax,0.05,stable_mixture,True,13,True,0.1653739769018864,58,0.0112869130421092,99.78617265007784,100,high,78.79242488015784
182.0,6.0,82.0,0.25,0.0,sparsemax,0.05,stable_mixture,True,12,True,0.1653739769018864,58,0.0112869130421092,99.78617265007784,100,high,78.79242488015784
187.0,6.0,87.0,0.25,0.0,sparsemax,0.05,stable_mixture,True,13,True,0.1653739769018864,58,0.0112869130421092,99.78617265007784,100,high,78.79242488015784
188.0,6.0,88.0,0.25,0.0,sparsemax,0.05,stable_mixture,True,12,True,0.1653739769018864,58,0.0112869130421092,99.78617265007784,100,high,78.79242488015784
189.0,6.0,89.0,0.25,0.0,sparsemax,0.05,stable_mixture,True,13,True,0.1653739769018864,58,0.0112869130421092,99.78617265007784,100,high,78.79242488015784
190.0,6.0,90.0,0.25,0.0,sparsemax,0.05,stable_mixture,True,13,True,0.1653739769018864,58,0.0112869130421092,99.78617265007786,100,high,78.79242488015784
191.0,6.0,91.0,0.25,0.0,sparsemax,0.05,stable_mixture,True,13,True,0.1653739769018864,58,0.0112869130421092,99.78617265007784,100,high,78.79242488015784
192.0,6.0,92.0,0.25,0.0,sparsemax,0.05,stable_mixture,True,12,True,0.1653739769018864,58,0.0112869130421092,99.78617265007784,100,high,78.79242488015784
196.0,6.0,96.0,0.25,0.0,sparsemax,0.05,stable_mixture,True,12,True,0.1653739769018864,58,0.0112869130421092,99.78617265007786,100,high,78.79242488015784
198.0,6.0,98.0,0.25,0.0,sparsemax,0.05,stable_mixture,True,12,True,0.1653739769018864,58,0.0112869130421092,99.78617265007784,100,high,78.79242488015784
201.0,6.0,1.0,0.4,0.0,softmax,48.0,other_stored_memory_like,True,6,True,1.5626905132257906e-15,23,1.0,1.0,1,low,2.824340786677101
204.0,6.0,4.0,0.4,0.0,softmax,48.0,other_stored_memory_like,True,5,True,1.057396483692665e-14,35,0.9999999999999998,1.0000000000000004,1,low,2.824340786677101
205.0,6.0,5.0,0.4,0.0,softmax,48.0,correct_memory_like,True,7,True,3.0717101346995548e-15,5,1.0,1.0,1,low,2.824340786677101
211.0,6.0,11.0,0.4,0.0,softmax,48.0,other_stored_memory_like,True,6,True,2.049867840439225e-14,91,0.9999999999999996,1.0000000000000009,1,low,2.824340786677101
215.0,6.0,15.0,0.4,0.0,softmax,48.0,other_stored_memory_like,True,5,True,1.5012818999887645e-15,3,1.0,1.0,1,low,2.824340786677101
217.0,6.0,17.0,0.4,0.0,softmax,48.0,correct_memory_like,True,7,True,6.639470431849181e-15,17,1.0,1.0,1,low,2.824340786677101
218.0,6.0,18.0,0.4,0.0,softmax,48.0,correct_memory_like,True,6,True,1.550555166320218e-15,18,1.0,1.0,1,low,2.824340786677101
226.0,6.0,26.0,0.4,0.0,softmax,48.0,other_stored_memory_like,True,5,True,1.487437747271847e-13,72,0.9999999999999978,1.0000000000000044,1,low,2.824340786677101
237.0,6.0,37.0,0.4,0.0,softmax,48.0,other_stored_memory_like,True,5,True,3.2010216227321616e-15,21,1.0,1.0,1,low,2.824340786677101
253.0,6.0,53.0,0.4,0.0,softmax,48.0,other_stored_memory_like,True,5,True,3.182997438760918e-15,54,1.0,1.0,1,low,2.824340786677101
254.0,6.0,54.0,0.4,0.0,softmax,48.0,correct_memory_like,True,6,True,3.182997438760918e-15,54,1.0,1.0,1,low,2.824340786677101
259.0,6.0,59.0,0.4,0.0,softmax,48.0,other_stored_memory_like,True,5,True,6.694125920612323e-15,38,1.0,1.0,1,low,2.824340786677101
260.0,6.0,60.0,0.4,0.0,softmax,48.0,correct_memory_like,True,6,True,3.1750248876812065e-15,60,1.0,1.0,1,low,2.824340786677101
262.0,6.0,62.0,0.4,0.0,softmax,48.0,correct_memory_like,True,7,True,7.536438426472889e-16,62,1.0,1.0,1,low,2.824340786677101
263.0,6.0,63.0,0.4,0.0,softmax,48.0,correct_memory_like,True,6,True,8.903225249800589e-15,63,0.9999999999999998,1.0000000000000004,1,low,2.824340786677101
264.0,6.0,64.0,0.4,0.0,softmax,48.0,other_stored_memory_like,True,6,True,7.643428896430615e-14,95,0.9999999999999988,1.0000000000000029,1,low,2.824340786677101
269.0,6.0,69.0,0.4,0.0,softmax,48.0,other_stored_memory_like,True,6,True,7.225446928165526e-16,24,1.0,1.0,1,low,2.824340786677101
270.0,6.0,70.0,0.4,0.0,softmax,48.0,other_stored_memory_like,True,6,True,3.470129557952352e-16,11,1.0,1.0,1,low,2.824340786677101
271.0,6.0,71.0,0.4,0.0,softmax,48.0,correct_memory_like,True,5,True,1.5944369753767442e-14,71,0.9999999999999998,1.0000000000000004,1,low,2.824340786677101
272.0,6.0,72.0,0.4,0.0,softmax,48.0,other_stored_memory_like,True,6,True,7.286195440264245e-14,26,0.9999999999999988,1.0000000000000022,1,low,2.824340786677101
276.0,6.0,76.0,0.4,0.0,softmax,48.0,other_stored_memory_like,True,5,True,3.984060815910296e-16,2,1.0,1.0,1,low,2.824340786677101
277.0,6.0,77.0,0.4,0.0,softmax,48.0,correct_memory_like,True,6,True,3.189761666588386e-15,77,1.0,1.0,1,low,2.824340786677101
280.0,6.0,80.0,0.4,0.0,softmax,48.0,correct_memory_like,True,6,True,6.537923053309716e-15,80,1.0,1.0,1,low,2.824340786677101
282.0,6.0,82.0,0.4,0.0,softmax,48.0,other_stored_memory_like,True,5,True,3.3770770319154926e-14,8,0.9999999999999996,1.0000000000000009,1,low,2.824340786677101
287.0,6.0,87.0,0.4,0.0,softmax,48.0,other_stored_memory_like,True,6,True,7.849000483534737e-17,19,1.0,1.0,1,low,2.824340786677101
288.0,6.0,88.0,0.4,0.0,softmax,48.0,other_stored_memory_like,True,5,True,1.0853100315939968e-14,84,0.9999999999999998,1.0000000000000004,1,low,2.824340786677101
289.0,6.0,89.0,0.4,0.0,softmax,48.0,correct_memory_like,True,5,True,1.574209690496825e-15,89,1.0,1.0,1,low,2.824340786677101
290.0,6.0,90.0,0.4,0.0,softmax,48.0,other_stored_memory_like,True,8,True,7.225446928165526e-16,24,1.0,1.0,1,low,2.824340786677101
291.0,6.0,91.0,0.4,0.0,softmax,48.0,correct_memory_like,True,5,True,2.049867840439225e-14,91,0.9999999999999996,1.0000000000000009,1,low,2.824340786677101
292.0,6.0,92.0,0.4,0.0,softmax,48.0,other_stored_memory_like,True,5,True,7.291727534440041e-14,81,0.9999999999999988,1.0000000000000022,1,low,2.824340786677101
296.0,6.0,96.0,0.4,0.0,softmax,48.0,other_stored_memory_like,True,7,True,3.3274854138977925e-15,50,1.0,1.0,1,low,2.824340786677101
298.0,6.0,98.0,0.4,0.0,softmax,48.0,correct_memory_like,True,6,True,1.5238381825502229e-15,98,1.0,1.0,1,low,2.824340786677101
201.0,6.0,1.0,0.4,0.0,sparsemax,8.5,other_stored_memory_like,True,6,True,0.0,23,1.0,1.0,1,low,2.824340786677101
204.0,6.0,4.0,0.4,0.0,sparsemax,8.5,other_stored_memory_like,True,5,True,0.0,35,1.0,1.0,1,low,2.824340786677101
205.0,6.0,5.0,0.4,0.0,sparsemax,8.5,correct_memory_like,True,6,True,0.0,5,1.0,1.0,1,low,2.824340786677101
211.0,6.0,11.0,0.4,0.0,sparsemax,8.5,other_stored_memory_like,True,5,True,0.0,91,1.0,1.0,1,low,2.824340786677101
215.0,6.0,15.0,0.4,0.0,sparsemax,8.5,other_stored_memory_like,True,5,True,0.0,3,1.0,1.0,1,low,2.824340786677101
217.0,6.0,17.0,0.4,0.0,sparsemax,8.5,other_stored_memory_like,True,7,True,0.0,5,1.0,1.0,1,low,2.824340786677101
218.0,6.0,18.0,0.4,0.0,sparsemax,8.5,correct_memory_like,True,5,True,0.0,18,1.0,1.0,1,low,2.824340786677101
226.0,6.0,26.0,0.4,0.0,sparsemax,8.5,other_stored_memory_like,True,5,True,0.0,72,1.0,1.0,1,low,2.824340786677101
237.0,6.0,37.0,0.4,0.0,sparsemax,8.5,other_stored_memory_like,True,5,True,0.0,21,1.0,1.0,1,low,2.824340786677101
253.0,6.0,53.0,0.4,0.0,sparsemax,8.5,other_stored_memory_like,True,5,True,0.0,54,1.0,1.0,1,low,2.824340786677101
254.0,6.0,54.0,0.4,0.0,sparsemax,8.5,correct_memory_like,True,6,True,0.0,54,1.0,1.0,1,low,2.824340786677101
259.0,6.0,59.0,0.4,0.0,sparsemax,8.5,other_stored_memory_like,True,5,True,0.0,38,1.0,1.0,1,low,2.824340786677101
260.0,6.0,60.0,0.4,0.0,sparsemax,8.5,correct_memory_like,True,5,True,0.0,60,1.0,1.0,1,low,2.824340786677101
262.0,6.0,62.0,0.4,0.0,sparsemax,8.5,correct_memory_like,True,5,True,0.0,62,1.0,1.0,1,low,2.824340786677101
263.0,6.0,63.0,0.4,0.0,sparsemax,8.5,correct_memory_like,True,6,True,0.0,63,1.0,1.0,1,low,2.824340786677101
264.0,6.0,64.0,0.4,0.0,sparsemax,8.5,other_stored_memory_like,True,6,True,0.0,95,1.0,1.0,1,low,2.824340786677101
269.0,6.0,69.0,0.4,0.0,sparsemax,8.5,other_stored_memory_like,True,6,True,0.0,24,1.0,1.0,1,low,2.824340786677101
270.0,6.0,70.0,0.4,0.0,sparsemax,8.5,other_stored_memory_like,True,6,True,0.0,11,1.0,1.0,1,low,2.824340786677101
271.0,6.0,71.0,0.4,0.0,sparsemax,8.5,correct_memory_like,True,5,True,0.0,71,1.0,1.0,1,low,2.824340786677101
272.0,6.0,72.0,0.4,0.0,sparsemax,8.5,other_stored_memory_like,True,6,True,0.0,26,1.0,1.0,1,low,2.824340786677101
276.0,6.0,76.0,0.4,0.0,sparsemax,8.5,other_stored_memory_like,True,5,True,0.0,2,1.0,1.0,1,low,2.824340786677101
277.0,6.0,77.0,0.4,0.0,sparsemax,8.5,correct_memory_like,True,6,True,0.0,77,1.0,1.0,1,low,2.824340786677101
280.0,6.0,80.0,0.4,0.0,sparsemax,8.5,correct_memory_like,True,5,True,0.0,80,1.0,1.0,1,low,2.824340786677101
282.0,6.0,82.0,0.4,0.0,sparsemax,8.5,other_stored_memory_like,True,5,True,0.0,8,1.0,1.0,1,low,2.824340786677101
287.0,6.0,87.0,0.4,0.0,sparsemax,8.5,other_stored_memory_like,True,5,True,0.0,19,1.0,1.0,1,low,2.824340786677101
288.0,6.0,88.0,0.4,0.0,sparsemax,8.5,other_stored_memory_like,True,5,True,0.0,84,1.0,1.0,1,low,2.824340786677101
289.0,6.0,89.0,0.4,0.0,sparsemax,8.5,correct_memory_like,True,5,True,0.0,89,1.0,1.0,1,low,2.824340786677101
290.0,6.0,90.0,0.4,0.0,sparsemax,8.5,other_stored_memory_like,True,7,True,0.0,24,1.0,1.0,1,low,2.824340786677101
291.0,6.0,91.0,0.4,0.0,sparsemax,8.5,correct_memory_like,True,5,True,0.0,91,1.0,1.0,1,low,2.824340786677101
292.0,6.0,92.0,0.4,0.0,sparsemax,8.5,other_stored_memory_like,True,5,True,0.0,81,1.0,1.0,1,low,2.824340786677101
296.0,6.0,96.0,0.4,0.0,sparsemax,8.5,other_stored_memory_like,True,7,True,0.0,50,1.0,1.0,1,low,2.824340786677101
298.0,6.0,98.0,0.4,0.0,sparsemax,8.5,correct_memory_like,True,6,True,0.0,98,1.0,1.0,1,low,2.824340786677101
201.0,6.0,1.0,0.4,0.0,softmax,20.0,other_stored_memory_like,True,10,True,1.2901315295489486e-05,23,0.9999992161733636,1.0000015676550795,100,middle,15.279073017755698
204.0,6.0,4.0,0.4,0.0,softmax,20.0,other_stored_memory_like,True,7,True,1.583555822264215e-05,35,0.9999990202285396,1.000001959545714,100,middle,15.279073017755698
205.0,6.0,5.0,0.4,0.0,softmax,20.0,correct_memory_like,True,10,True,1.636843122297225e-05,5,0.9999989668205268,1.0000020663620877,100,middle,15.279073017755698
211.0,6.0,11.0,0.4,0.0,softmax,20.0,other_stored_memory_like,True,8,True,1.922394000761406e-05,91,0.9999987793422196,1.0000024413198585,100,middle,15.279073017755698
215.0,6.0,15.0,0.4,0.0,softmax,20.0,other_stored_memory_like,True,8,True,1.1171348759237478e-05,3,0.9999993311850488,1.0000013376312171,100,middle,15.279073017755698
217.0,6.0,17.0,0.4,0.0,softmax,20.0,stable_mixture,True,47,True,0.7099725826241721,58,0.0261577347489542,90.9653116957705,100,middle,15.279073017755698
218.0,6.0,18.0,0.4,0.0,softmax,20.0,correct_memory_like,True,8,True,1.4267994304898617e-05,18,0.9999991302768212,1.0000017394485892,100,middle,15.279073017755698
226.0,6.0,26.0,0.4,0.0,softmax,20.0,other_stored_memory_like,True,8,True,2.7109956381547464e-05,72,0.999998565373982,1.0000028692575753,100,middle,15.279073017755698
237.0,6.0,37.0,0.4,0.0,softmax,20.0,other_stored_memory_like,True,7,True,1.174497757574548e-05,21,0.9999993112863572,1.0000013774286722,100,middle,15.279073017755698
253.0,6.0,53.0,0.4,0.0,softmax,20.0,other_stored_memory_like,True,8,True,1.2722096607396427e-05,54,0.9999992378260972,1.0000015243495046,100,middle,15.279073017755698
254.0,6.0,54.0,0.4,0.0,softmax,20.0,stable_mixture,True,41,True,0.7099725826241736,58,0.0261577347489543,90.96531169577044,100,middle,15.279073017755698
259.0,6.0,59.0,0.4,0.0,softmax,20.0,other_stored_memory_like,True,7,True,1.1856532337949791e-05,38,0.9999993360685472,1.0000013278641713,100,middle,15.279073017755698
260.0,6.0,60.0,0.4,0.0,softmax,20.0,correct_memory_like,True,9,True,1.6285068034349663e-05,60,0.9999989842809042,1.0000020314412277,100,middle,15.279073017755698
262.0,6.0,62.0,0.4,0.0,softmax,20.0,correct_memory_like,True,11,True,1.3310836297906094e-05,62,0.9999992003187614,1.0000015993643698,100,middle,15.279073017755698
263.0,6.0,63.0,0.4,0.0,softmax,20.0,correct_memory_like,True,9,True,2.0167699326068417e-05,63,0.9999986815308364,1.0000026369434394,100,middle,15.279073017755698
264.0,6.0,64.0,0.4,0.0,softmax,20.0,other_stored_memory_like,True,8,True,2.586798807126804e-05,95,0.9999984090841209,1.000003181838951,100,middle,15.279073017755698
269.0,6.0,69.0,0.4,0.0,softmax,20.0,other_stored_memory_like,True,10,True,1.0916699115549344e-05,24,0.9999993503690447,1.0000012992631566,100,middle,15.279073017755698
270.0,6.0,70.0,0.4,0.0,softmax,20.0,other_stored_memory_like,True,10,True,3.12453463730732e-05,58,0.9999980459541368,1.0000039081024965,100,middle,15.279073017755698
271.0,6.0,71.0,0.4,0.0,softmax,20.0,correct_memory_like,True,8,True,2.001403216392679e-05,71,0.9999987206685452,1.0000025586676635,100,middle,15.279073017755698
272.0,6.0,72.0,0.4,0.0,softmax,20.0,other_stored_memory_like,True,10,True,2.281326857711183e-05,26,0.9999986995342096,1.0000026009363028,100,middle,15.279073017755698
276.0,6.0,76.0,0.4,0.0,softmax,20.0,other_stored_memory_like,True,6,True,8.836100501392164e-06,2,0.9999994846424272,1.000001030715928,100,middle,15.279073017755698
277.0,6.0,77.0,0.4,0.0,softmax,20.0,correct_memory_like,True,10,True,1.1595470377750273e-05,77,0.999999313211123,1.0000013735791304,100,middle,15.279073017755698
280.0,6.0,80.0,0.4,0.0,softmax,20.0,stable_mixture,True,44,True,0.7099725826241724,58,0.0261577347489542,90.96531169577054,100,middle,15.279073017755698
282.0,6.0,82.0,0.4,0.0,softmax,20.0,other_stored_memory_like,True,7,True,1.6402226436177652e-05,8,0.9999991150636224,1.0000017698749193,100,middle,15.279073017755698
287.0,6.0,87.0,0.4,0.0,softmax,20.0,other_stored_memory_like,True,9,True,6.939643455474479e-06,19,0.9999996137660564,1.0000007724683304,100,middle,15.279073017755698
288.0,6.0,88.0,0.4,0.0,softmax,20.0,other_stored_memory_like,True,7,True,1.2466328054694731e-05,84,0.9999992750456574,1.0000014499101977,100,middle,15.279073017755698
289.0,6.0,89.0,0.4,0.0,softmax,20.0,correct_memory_like,True,8,True,1.2443923723237734e-05,89,0.9999992424372462,1.0000015151271917,100,middle,15.279073017755698
290.0,6.0,90.0,0.4,0.0,softmax,20.0,other_stored_memory_like,True,10,True,1.0916699115549344e-05,24,0.9999993503690447,1.0000012992631566,100,middle,15.279073017755698
291.0,6.0,91.0,0.4,0.0,softmax,20.0,correct_memory_like,True,9,True,1.922394000761406e-05,91,0.9999987793422196,1.0000024413198585,100,middle,15.279073017755698
292.0,6.0,92.0,0.4,0.0,softmax,20.0,other_stored_memory_like,True,8,True,2.3075919290785915e-05,81,0.9999987049684392,1.000002590067808,100,middle,15.279073017755698
296.0,6.0,96.0,0.4,0.0,softmax,20.0,other_stored_memory_like,True,10,True,1.3678930422972154e-05,50,0.9999991789261526,1.0000016421496725,100,middle,15.279073017755698
298.0,6.0,98.0,0.4,0.0,softmax,20.0,stable_mixture,True,42,True,0.709972582624173,58,0.0261577347489542,90.96531169577052,100,middle,15.279073017755698
201.0,6.0,1.0,0.4,0.0,sparsemax,0.75,unconverged_or_unstable,False,-1,True,0.9780505074306932,46,0.1897927254721509,8.015031738625032,11,middle,15.279073017755698
204.0,6.0,4.0,0.4,0.0,sparsemax,0.75,unconverged_or_unstable,False,-1,True,0.9079027394380133,4,0.2042317388223894,6.1195525492588345,9,middle,15.279073017755698
205.0,6.0,5.0,0.4,0.0,sparsemax,0.75,unconverged_or_unstable,False,-1,True,0.9079027394380133,4,0.2042326476624142,6.119356149441774,9,middle,15.279073017755698
211.0,6.0,11.0,0.4,0.0,sparsemax,0.75,unconverged_or_unstable,False,-1,False,1.0318003227831136,82,0.214264233831951,6.563041718062718,9,middle,15.279073017755698
215.0,6.0,15.0,0.4,0.0,sparsemax,0.75,unconverged_or_unstable,False,-1,True,0.9650727253267346,12,0.2083168775429354,6.423470619160081,9,middle,15.279073017755698
217.0,6.0,17.0,0.4,0.0,sparsemax,0.75,unconverged_or_unstable,False,-1,True,0.9079027394380133,4,0.2042328137943441,6.119320246425624,9,middle,15.279073017755698
218.0,6.0,18.0,0.4,0.0,sparsemax,0.75,unconverged_or_unstable,False,-1,True,0.8895038275326974,22,0.2131961987677912,6.472083568750036,9,middle,15.279073017755698
226.0,6.0,26.0,0.4,0.0,sparsemax,0.75,unconverged_or_unstable,False,-1,True,0.8895038275326974,22,0.2128230607041529,6.465691351232497,9,middle,15.279073017755698
237.0,6.0,37.0,0.4,0.0,sparsemax,0.75,unconverged_or_unstable,False,-1,True,0.9645882131627028,90,0.1579068522426105,9.339291463970117,11,middle,15.279073017755698
253.0,6.0,53.0,0.4,0.0,sparsemax,0.75,unconverged_or_unstable,False,-1,True,0.9439634623570772,82,0.2194884200459044,6.300467061314499,8,middle,15.279073017755698
254.0,6.0,54.0,0.4,0.0,sparsemax,0.75,unconverged_or_unstable,False,-1,True,0.9079027394380133,4,0.2042324238157813,6.119404535406124,9,middle,15.279073017755698
259.0,6.0,59.0,0.4,0.0,sparsemax,0.75,unconverged_or_unstable,False,-1,True,0.8895038275326974,22,0.212472777231914,6.4610461506730035,9,middle,15.279073017755698
260.0,6.0,60.0,0.4,0.0,sparsemax,0.75,unconverged_or_unstable,False,-1,True,0.9079027394380133,4,0.2042049659945268,6.125344714413271,9,middle,15.279073017755698
262.0,6.0,62.0,0.4,0.0,sparsemax,0.75,unconverged_or_unstable,False,-1,True,0.9079027394380133,4,0.2042066384381745,6.124982699424045,9,middle,15.279073017755698
263.0,6.0,63.0,0.4,0.0,sparsemax,0.75,unconverged_or_unstable,False,-1,True,0.876125448552898,94,0.1644141750995082,7.500517980419537,9,middle,15.279073017755698
264.0,6.0,64.0,0.4,0.0,sparsemax,0.75,unconverged_or_unstable,False,-1,True,0.8895038275326974,22,0.2131609118430577,6.4714858194815665,9,middle,15.279073017755698
269.0,6.0,69.0,0.4,0.0,sparsemax,0.75,unconverged_or_unstable,False,-1,True,0.8580385905810184,60,0.2090858570741597,6.9091043713798515,8,middle,15.279073017755698
270.0,6.0,70.0,0.4,0.0,sparsemax,0.75,unconverged_or_unstable,False,-1,True,0.9780505074306932,46,0.1919780270279232,7.8649743274250605,11,middle,15.279073017755698
271.0,6.0,71.0,0.4,0.0,sparsemax,0.75,unconverged_or_unstable,False,-1,True,0.876125448552898,94,0.1644128636776621,7.500543117040189,9,middle,15.279073017755698
272.0,6.0,72.0,0.4,0.0,sparsemax,0.75,unconverged_or_unstable,False,-1,True,0.8673600911365567,96,0.2723026000614795,4.846940520548418,7,middle,15.279073017755698
276.0,6.0,76.0,0.4,0.0,sparsemax,0.75,unconverged_or_unstable,False,-1,False,1.0383591922459634,30,0.2143325149576136,7.298888291706297,11,middle,15.279073017755698
277.0,6.0,77.0,0.4,0.0,sparsemax,0.75,unconverged_or_unstable,False,-1,True,0.8844035467288008,72,0.1832726864375981,7.472253734926318,9,middle,15.279073017755698
280.0,6.0,80.0,0.4,0.0,sparsemax,0.75,unconverged_or_unstable,False,-1,True,0.8373764880262278,51,0.2280566534078882,6.025134085287089,8,middle,15.279073017755698
282.0,6.0,82.0,0.4,0.0,sparsemax,0.75,unconverged_or_unstable,False,-1,True,0.9650727253267346,12,0.2082928158440735,6.420338537472796,9,middle,15.279073017755698
287.0,6.0,87.0,0.4,0.0,sparsemax,0.75,unconverged_or_unstable,False,-1,True,0.9780505074306932,46,0.1898815452432835,8.013104377988654,11,middle,15.279073017755698
288.0,6.0,88.0,0.4,0.0,sparsemax,0.75,unconverged_or_unstable,False,-1,True,0.8495424329063056,34,0.2177215427155656,7.056078883709472,9,middle,15.279073017755698
289.0,6.0,89.0,0.4,0.0,sparsemax,0.75,unconverged_or_unstable,False,-1,True,0.9493126522139118,82,0.2114390149284761,6.700631092567523,8,middle,15.279073017755698
290.0,6.0,90.0,0.4,0.0,sparsemax,0.75,unconverged_or_unstable,False,-1,True,0.985775815920886,86,0.2140744170166208,7.21880402737458,10,middle,15.279073017755698
291.0,6.0,91.0,0.4,0.0,sparsemax,0.75,unconverged_or_unstable,False,-1,True,0.8580385905810184,60,0.2089597946249454,6.911001104630629,8,middle,15.279073017755698
292.0,6.0,92.0,0.4,0.0,sparsemax,0.75,unconverged_or_unstable,False,-1,True,0.9079027394380133,4,0.2039994449428399,6.1712835744606425,9,middle,15.279073017755698
296.0,6.0,96.0,0.4,0.0,sparsemax,0.75,unconverged_or_unstable,False,-1,True,0.9079027394380133,4,0.2042502677056636,6.114814370345339,9,middle,15.279073017755698
298.0,6.0,98.0,0.4,0.0,sparsemax,0.75,unconverged_or_unstable,False,-1,True,0.985775815920886,86,0.2145434157083613,7.215794034044325,10,middle,15.279073017755698
201.0,6.0,1.0,0.4,0.0,softmax,5.0,stable_mixture,True,12,True,0.1644065494292194,58,0.0113646589233466,99.78666844955023,100,high,82.44553817584185
204.0,6.0,4.0,0.4,0.0,softmax,5.0,stable_mixture,True,13,True,0.1644065494292194,58,0.0113646589233466,99.78666844955023,100,high,82.44553817584185
205.0,6.0,5.0,0.4,0.0,softmax,5.0,stable_mixture,True,12,True,0.1644065494292194,58,0.0113646589233466,99.78666844955023,100,high,82.44553817584185
211.0,6.0,11.0,0.4,0.0,softmax,5.0,stable_mixture,True,12,True,0.1644065494292194,58,0.0113646589233466,99.78666844955023,100,high,82.44553817584185
215.0,6.0,15.0,0.4,0.0,softmax,5.0,stable_mixture,True,12,True,0.1644065494292192,58,0.0113646589233466,99.78666844955028,100,high,82.44553817584185
217.0,6.0,17.0,0.4,0.0,softmax,5.0,stable_mixture,True,12,True,0.1644065494292194,58,0.0113646589233466,99.78666844955023,100,high,82.44553817584185
218.0,6.0,18.0,0.4,0.0,softmax,5.0,stable_mixture,True,12,True,0.1644065494292193,58,0.0113646589233466,99.78666844955023,100,high,82.44553817584185
226.0,6.0,26.0,0.4,0.0,softmax,5.0,stable_mixture,True,13,True,0.1644065494292194,58,0.0113646589233466,99.78666844955023,100,high,82.44553817584185
237.0,6.0,37.0,0.4,0.0,softmax,5.0,stable_mixture,True,13,True,0.1644065494292193,58,0.0113646589233466,99.78666844955028,100,high,82.44553817584185
253.0,6.0,53.0,0.4,0.0,softmax,5.0,stable_mixture,True,12,True,0.1644065494292194,58,0.0113646589233466,99.78666844955023,100,high,82.44553817584185
254.0,6.0,54.0,0.4,0.0,softmax,5.0,stable_mixture,True,12,True,0.1644065494292193,58,0.0113646589233466,99.78666844955023,100,high,82.44553817584185
259.0,6.0,59.0,0.4,0.0,softmax,5.0,stable_mixture,True,12,True,0.1644065494292194,58,0.0113646589233466,99.78666844955023,100,high,82.44553817584185
260.0,6.0,60.0,0.4,0.0,softmax,5.0,stable_mixture,True,12,True,0.1644065494292194,58,0.0113646589233466,99.78666844955023,100,high,82.44553817584185
262.0,6.0,62.0,0.4,0.0,softmax,5.0,stable_mixture,True,12,True,0.1644065494292194,58,0.0113646589233466,99.78666844955023,100,high,82.44553817584185
263.0,6.0,63.0,0.4,0.0,softmax,5.0,stable_mixture,True,12,True,0.1644065494292194,58,0.0113646589233466,99.78666844955023,100,high,82.44553817584185
264.0,6.0,64.0,0.4,0.0,softmax,5.0,stable_mixture,True,12,True,0.1644065494292194,58,0.0113646589233466,99.78666844955023,100,high,82.44553817584185
269.0,6.0,69.0,0.4,0.0,softmax,5.0,stable_mixture,True,12,True,0.1644065494292193,58,0.0113646589233466,99.78666844955028,100,high,82.44553817584185
270.0,6.0,70.0,0.4,0.0,softmax,5.0,stable_mixture,True,13,True,0.1644065494292193,58,0.0113646589233466,99.78666844955023,100,high,82.44553817584185
271.0,6.0,71.0,0.4,0.0,softmax,5.0,stable_mixture,True,12,True,0.1644065494292194,58,0.0113646589233466,99.78666844955023,100,high,82.44553817584185
272.0,6.0,72.0,0.4,0.0,softmax,5.0,stable_mixture,True,13,True,0.1644065494292194,58,0.0113646589233466,99.78666844955023,100,high,82.44553817584185
276.0,6.0,76.0,0.4,0.0,softmax,5.0,stable_mixture,True,12,True,0.1644065494292194,58,0.0113646589233466,99.78666844955023,100,high,82.44553817584185
277.0,6.0,77.0,0.4,0.0,softmax,5.0,stable_mixture,True,13,True,0.1644065494292194,58,0.0113646589233466,99.78666844955023,100,high,82.44553817584185
280.0,6.0,80.0,0.4,0.0,softmax,5.0,stable_mixture,True,12,True,0.1644065494292194,58,0.0113646589233466,99.78666844955023,100,high,82.44553817584185
282.0,6.0,82.0,0.4,0.0,softmax,5.0,stable_mixture,True,12,True,0.1644065494292193,58,0.0113646589233466,99.78666844955028,100,high,82.44553817584185
287.0,6.0,87.0,0.4,0.0,softmax,5.0,stable_mixture,True,12,True,0.1644065494292194,58,0.0113646589233466,99.78666844955023,100,high,82.44553817584185
288.0,6.0,88.0,0.4,0.0,softmax,5.0,stable_mixture,True,13,True,0.1644065494292194,58,0.0113646589233466,99.78666844955023,100,high,82.44553817584185
289.0,6.0,89.0,0.4,0.0,softmax,5.0,stable_mixture,True,12,True,0.1644065494292194,58,0.0113646589233466,99.78666844955023,100,high,82.44553817584185
290.0,6.0,90.0,0.4,0.0,softmax,5.0,stable_mixture,True,12,True,0.1644065494292194,58,0.0113646589233466,99.78666844955023,100,high,82.44553817584185
291.0,6.0,91.0,0.4,0.0,softmax,5.0,stable_mixture,True,12,True,0.1644065494292194,58,0.0113646589233466,99.78666844955023,100,high,82.44553817584185
292.0,6.0,92.0,0.4,0.0,softmax,5.0,stable_mixture,True,12,True,0.1644065494292194,58,0.0113646589233466,99.78666844955023,100,high,82.44553817584185
296.0,6.0,96.0,0.4,0.0,softmax,5.0,stable_mixture,True,12,True,0.1644065494292193,58,0.0113646589233466,99.78666844955023,100,high,82.44553817584185
298.0,6.0,98.0,0.4,0.0,softmax,5.0,stable_mixture,True,12,True,0.1644065494292193,58,0.0113646589233466,99.78666844955028,100,high,82.44553817584185
201.0,6.0,1.0,0.4,0.0,sparsemax,0.05,stable_mixture,True,12,True,0.1653739769018864,58,0.0112869130421092,99.78617265007784,100,high,82.44553817584185
204.0,6.0,4.0,0.4,0.0,sparsemax,0.05,stable_mixture,True,13,True,0.1653739769018864,58,0.0112869130421092,99.78617265007784,100,high,82.44553817584185
205.0,6.0,5.0,0.4,0.0,sparsemax,0.05,stable_mixture,True,12,True,0.1653739769018864,58,0.0112869130421092,99.78617265007786,100,high,82.44553817584185
211.0,6.0,11.0,0.4,0.0,sparsemax,0.05,stable_mixture,True,12,True,0.1653739769018864,58,0.0112869130421092,99.78617265007784,100,high,82.44553817584185
215.0,6.0,15.0,0.4,0.0,sparsemax,0.05,stable_mixture,True,12,True,0.1653739769018864,58,0.0112869130421092,99.78617265007784,100,high,82.44553817584185
217.0,6.0,17.0,0.4,0.0,sparsemax,0.05,stable_mixture,True,12,True,0.1653739769018864,58,0.0112869130421092,99.78617265007784,100,high,82.44553817584185
218.0,6.0,18.0,0.4,0.0,sparsemax,0.05,stable_mixture,True,12,True,0.1653739769018864,58,0.0112869130421092,99.78617265007784,100,high,82.44553817584185
226.0,6.0,26.0,0.4,0.0,sparsemax,0.05,stable_mixture,True,12,True,0.1653739769018864,58,0.0112869130421092,99.78617265007784,100,high,82.44553817584185
237.0,6.0,37.0,0.4,0.0,sparsemax,0.05,stable_mixture,True,13,True,0.1653739769018864,58,0.0112869130421092,99.78617265007786,100,high,82.44553817584185
253.0,6.0,53.0,0.4,0.0,sparsemax,0.05,stable_mixture,True,12,True,0.1653739769018864,58,0.0112869130421092,99.78617265007784,100,high,82.44553817584185
254.0,6.0,54.0,0.4,0.0,sparsemax,0.05,stable_mixture,True,12,True,0.1653739769018864,58,0.0112869130421092,99.78617265007784,100,high,82.44553817584185
259.0,6.0,59.0,0.4,0.0,sparsemax,0.05,stable_mixture,True,13,True,0.1653739769018864,58,0.0112869130421092,99.78617265007786,100,high,82.44553817584185
260.0,6.0,60.0,0.4,0.0,sparsemax,0.05,stable_mixture,True,12,True,0.1653739769018864,58,0.0112869130421092,99.78617265007786,100,high,82.44553817584185
262.0,6.0,62.0,0.4,0.0,sparsemax,0.05,stable_mixture,True,12,True,0.1653739769018864,58,0.0112869130421092,99.78617265007784,100,high,82.44553817584185
263.0,6.0,63.0,0.4,0.0,sparsemax,0.05,stable_mixture,True,12,True,0.1653739769018864,58,0.0112869130421092,99.78617265007784,100,high,82.44553817584185
264.0,6.0,64.0,0.4,0.0,sparsemax,0.05,stable_mixture,True,12,True,0.1653739769018864,58,0.0112869130421092,99.78617265007786,100,high,82.44553817584185
269.0,6.0,69.0,0.4,0.0,sparsemax,0.05,stable_mixture,True,12,True,0.1653739769018864,58,0.0112869130421092,99.78617265007786,100,high,82.44553817584185
270.0,6.0,70.0,0.4,0.0,sparsemax,0.05,stable_mixture,True,13,True,0.1653739769018864,58,0.0112869130421092,99.78617265007784,100,high,82.44553817584185
271.0,6.0,71.0,0.4,0.0,sparsemax,0.05,stable_mixture,True,12,True,0.1653739769018864,58,0.0112869130421092,99.78617265007786,100,high,82.44553817584185
272.0,6.0,72.0,0.4,0.0,sparsemax,0.05,stable_mixture,True,13,True,0.1653739769018864,58,0.0112869130421092,99.78617265007784,100,high,82.44553817584185
276.0,6.0,76.0,0.4,0.0,sparsemax,0.05,stable_mixture,True,12,True,0.1653739769018864,58,0.0112869130421092,99.78617265007786,100,high,82.44553817584185
277.0,6.0,77.0,0.4,0.0,sparsemax,0.05,stable_mixture,True,13,True,0.1653739769018864,58,0.0112869130421092,99.78617265007784,100,high,82.44553817584185
280.0,6.0,80.0,0.4,0.0,sparsemax,0.05,stable_mixture,True,12,True,0.1653739769018864,58,0.0112869130421092,99.78617265007784,100,high,82.44553817584185
282.0,6.0,82.0,0.4,0.0,sparsemax,0.05,stable_mixture,True,12,True,0.1653739769018864,58,0.0112869130421092,99.78617265007784,100,high,82.44553817584185
287.0,6.0,87.0,0.4,0.0,sparsemax,0.05,stable_mixture,True,12,True,0.1653739769018864,58,0.0112869130421092,99.78617265007786,100,high,82.44553817584185
288.0,6.0,88.0,0.4,0.0,sparsemax,0.05,stable_mixture,True,13,True,0.1653739769018864,58,0.0112869130421092,99.78617265007786,100,high,82.44553817584185
289.0,6.0,89.0,0.4,0.0,sparsemax,0.05,stable_mixture,True,12,True,0.1653739769018864,58,0.0112869130421092,99.78617265007786,100,high,82.44553817584185
290.0,6.0,90.0,0.4,0.0,sparsemax,0.05,stable_mixture,True,12,True,0.1653739769018864,58,0.0112869130421092,99.78617265007784,100,high,82.44553817584185
291.0,6.0,91.0,0.4,0.0,sparsemax,0.05,stable_mixture,True,12,True,0.1653739769018864,58,0.0112869130421092,99.78617265007786,100,high,82.44553817584185
292.0,6.0,92.0,0.4,0.0,sparsemax,0.05,stable_mixture,True,12,True,0.1653739769018864,58,0.0112869130421092,99.78617265007784,100,high,82.44553817584185
296.0,6.0,96.0,0.4,0.0,sparsemax,0.05,stable_mixture,True,12,True,0.1653739769018864,58,0.0112869130421092,99.78617265007786,100,high,82.44553817584185
298.0,6.0,98.0,0.4,0.0,sparsemax,0.05,stable_mixture,True,12,True,0.1653739769018864,58,0.0112869130421092,99.78617265007786,100,high,82.44553817584185
3.0,7.0,3.0,0.1,0.0,softmax,48.0,correct_memory_like,True,4,True,1.9926873657340194e-15,3,1.0,1.0,1,low,1.0000000000029354
10.0,7.0,10.0,0.1,0.0,softmax,48.0,correct_memory_like,True,4,True,1.5155960062572713e-13,10,0.9999999999999976,1.0000000000000049,1,low,1.0000000000029354
11.0,7.0,11.0,0.1,0.0,softmax,48.0,correct_memory_like,True,4,True,3.767735196486e-14,11,0.9999999999999992,1.000000000000001,1,low,1.0000000000029354
15.0,7.0,15.0,0.1,0.0,softmax,48.0,correct_memory_like,True,4,True,3.1881305738562963e-15,15,1.0,1.0,1,low,1.0000000000029354
20.0,7.0,20.0,0.1,0.0,softmax,48.0,correct_memory_like,True,4,True,3.5604600331689576e-16,20,1.0,1.0,1,low,1.0000000000029354
21.0,7.0,21.0,0.1,0.0,softmax,48.0,correct_memory_like,True,4,True,1.0888720614665806e-14,21,0.9999999999999998,1.0000000000000004,1,low,1.0000000000029354
23.0,7.0,23.0,0.1,0.0,softmax,48.0,correct_memory_like,True,4,True,7.337062934758522e-16,23,1.0,1.0,1,low,1.0000000000029354
24.0,7.0,24.0,0.1,0.0,softmax,48.0,correct_memory_like,True,4,True,1.200215590838093e-15,24,1.0,1.0,1,low,1.0000000000029354
26.0,7.0,26.0,0.1,0.0,softmax,48.0,correct_memory_like,True,4,True,1.579655883573637e-14,26,0.9999999999999998,1.0000000000000004,1,low,1.0000000000029354
35.0,7.0,35.0,0.1,0.0,softmax,48.0,correct_memory_like,True,4,True,7.254725557911889e-16,35,1.0,1.0,1,low,1.0000000000029354
37.0,7.0,37.0,0.1,0.0,softmax,48.0,correct_memory_like,True,4,True,8.123799715356781e-16,37,1.0,1.0,1,low,1.0000000000029354
38.0,7.0,38.0,0.1,0.0,softmax,48.0,correct_memory_like,True,4,True,7.740040148561058e-14,38,0.9999999999999984,1.000000000000003,1,low,1.0000000000029354
40.0,7.0,40.0,0.1,0.0,softmax,48.0,correct_memory_like,True,4,True,3.553340781862469e-16,40,1.0,1.0,1,low,1.0000000000029354
44.0,7.0,44.0,0.1,0.0,softmax,48.0,correct_memory_like,True,4,True,8.892163808035114e-16,44,1.0,1.0,1,low,1.0000000000029354
47.0,7.0,47.0,0.1,0.0,softmax,48.0,correct_memory_like,True,4,True,1.881295166546815e-15,47,1.0,1.0,1,low,1.0000000000029354
50.0,7.0,50.0,0.1,0.0,softmax,48.0,correct_memory_like,True,4,True,3.2073071133247116e-15,50,1.0,1.0,1,low,1.0000000000029354
53.0,7.0,53.0,0.1,0.0,softmax,48.0,correct_memory_like,True,4,True,7.394148622107634e-16,53,1.0,1.0,1,low,1.0000000000029354
54.0,7.0,54.0,0.1,0.0,softmax,48.0,correct_memory_like,True,4,True,7.458142611198216e-16,54,1.0,1.0,1,low,1.0000000000029354
56.0,7.0,56.0,0.1,0.0,softmax,48.0,correct_memory_like,True,4,True,1.5752048517324732e-14,56,0.9999999999999998,1.0000000000000004,1,low,1.0000000000029354
59.0,7.0,59.0,0.1,0.0,softmax,48.0,correct_memory_like,True,4,True,6.5528312074539035e-15,59,1.0,1.0,1,low,1.0000000000029354
60.0,7.0,60.0,0.1,0.0,softmax,48.0,correct_memory_like,True,4,True,7.200399015222084e-14,60,0.9999999999999988,1.0000000000000022,1,low,1.0000000000029354
61.0,7.0,61.0,0.1,0.0,softmax,48.0,correct_memory_like,True,4,True,5.273042720471808e-16,61,1.0,1.0,1,low,1.0000000000029354
75.0,7.0,75.0,0.1,0.0,softmax,48.0,correct_memory_like,True,4,True,7.598075778651934e-16,75,1.0,1.0,1,low,1.0000000000029354
76.0,7.0,76.0,0.1,0.0,softmax,48.0,correct_memory_like,True,4,True,1.621773312347173e-14,76,0.9999999999999998,1.0000000000000004,1,low,1.0000000000029354
80.0,7.0,80.0,0.1,0.0,softmax,48.0,correct_memory_like,True,4,True,1.5311506605217393e-15,80,1.0,1.0,1,low,1.0000000000029354
81.0,7.0,81.0,0.1,0.0,softmax,48.0,correct_memory_like,True,4,True,1.0170216812567606e-14,81,0.9999999999999998,1.0000000000000004,1,low,1.0000000000029354
82.0,7.0,82.0,0.1,0.0,softmax,48.0,correct_memory_like,True,4,True,1.5067000602332417e-13,82,0.9999999999999976,1.0000000000000049,1,low,1.0000000000029354
87.0,7.0,87.0,0.1,0.0,softmax,48.0,correct_memory_like,True,4,True,1.0685897220799724e-14,87,0.9999999999999998,1.0000000000000004,1,low,1.0000000000029354
88.0,7.0,88.0,0.1,0.0,softmax,48.0,correct_memory_like,True,4,True,1.531988389967025e-15,88,1.0,1.0,1,low,1.0000000000029354
92.0,7.0,92.0,0.1,0.0,softmax,48.0,correct_memory_like,True,4,True,1.511173593231634e-15,92,1.0,1.0,1,low,1.0000000000029354
97.0,7.0,97.0,0.1,0.0,softmax,48.0,correct_memory_like,True,4,True,2.20920859168522e-14,97,0.9999999999999996,1.0000000000000009,1,low,1.0000000000029354
99.0,7.0,99.0,0.1,0.0,softmax,48.0,correct_memory_like,True,4,True,3.142689843682647e-15,99,1.0,1.0,1,low,1.0000000000029354
3.0,7.0,3.0,0.1,0.0,sparsemax,1.8,correct_memory_like,True,5,True,0.0,3,1.0,1.0,1,low,1.0000000000029354
10.0,7.0,10.0,0.1,0.0,sparsemax,1.8,correct_memory_like,True,5,True,0.0,10,1.0,1.0,1,low,1.0000000000029354
11.0,7.0,11.0,0.1,0.0,sparsemax,1.8,correct_memory_like,True,5,True,0.0,11,1.0,1.0,1,low,1.0000000000029354
15.0,7.0,15.0,0.1,0.0,sparsemax,1.8,correct_memory_like,True,4,True,0.0,15,1.0,1.0,1,low,1.0000000000029354
20.0,7.0,20.0,0.1,0.0,sparsemax,1.8,correct_memory_like,True,4,True,0.0,20,1.0,1.0,1,low,1.0000000000029354
21.0,7.0,21.0,0.1,0.0,sparsemax,1.8,correct_memory_like,True,4,True,0.0,21,1.0,1.0,1,low,1.0000000000029354
23.0,7.0,23.0,0.1,0.0,sparsemax,1.8,correct_memory_like,True,4,True,0.0,23,1.0,1.0,1,low,1.0000000000029354
24.0,7.0,24.0,0.1,0.0,sparsemax,1.8,correct_memory_like,True,4,True,0.0,24,1.0,1.0,1,low,1.0000000000029354
26.0,7.0,26.0,0.1,0.0,sparsemax,1.8,correct_memory_like,True,5,True,0.0,26,1.0,1.0,1,low,1.0000000000029354
35.0,7.0,35.0,0.1,0.0,sparsemax,1.8,correct_memory_like,True,4,True,0.0,35,1.0,1.0,1,low,1.0000000000029354
37.0,7.0,37.0,0.1,0.0,sparsemax,1.8,correct_memory_like,True,5,True,0.0,37,1.0,1.0,1,low,1.0000000000029354
38.0,7.0,38.0,0.1,0.0,sparsemax,1.8,correct_memory_like,True,5,True,0.0,38,1.0,1.0,1,low,1.0000000000029354
40.0,7.0,40.0,0.1,0.0,sparsemax,1.8,correct_memory_like,True,4,True,0.0,40,1.0,1.0,1,low,1.0000000000029354
44.0,7.0,44.0,0.1,0.0,sparsemax,1.8,correct_memory_like,True,4,True,0.0,44,1.0,1.0,1,low,1.0000000000029354
47.0,7.0,47.0,0.1,0.0,sparsemax,1.8,correct_memory_like,True,4,True,0.0,47,1.0,1.0,1,low,1.0000000000029354
50.0,7.0,50.0,0.1,0.0,sparsemax,1.8,correct_memory_like,True,4,True,0.0,50,1.0,1.0,1,low,1.0000000000029354
53.0,7.0,53.0,0.1,0.0,sparsemax,1.8,correct_memory_like,True,4,True,0.0,53,1.0,1.0,1,low,1.0000000000029354
54.0,7.0,54.0,0.1,0.0,sparsemax,1.8,correct_memory_like,True,4,True,0.0,54,1.0,1.0,1,low,1.0000000000029354
56.0,7.0,56.0,0.1,0.0,sparsemax,1.8,correct_memory_like,True,4,True,0.0,56,1.0,1.0,1,low,1.0000000000029354
59.0,7.0,59.0,0.1,0.0,sparsemax,1.8,correct_memory_like,True,4,True,0.0,59,1.0,1.0,1,low,1.0000000000029354
60.0,7.0,60.0,0.1,0.0,sparsemax,1.8,correct_memory_like,True,5,True,0.0,60,1.0,1.0,1,low,1.0000000000029354
61.0,7.0,61.0,0.1,0.0,sparsemax,1.8,correct_memory_like,True,5,True,0.0,61,1.0,1.0,1,low,1.0000000000029354
75.0,7.0,75.0,0.1,0.0,sparsemax,1.8,correct_memory_like,True,4,True,0.0,75,1.0,1.0,1,low,1.0000000000029354
76.0,7.0,76.0,0.1,0.0,sparsemax,1.8,correct_memory_like,True,4,True,0.0,76,1.0,1.0,1,low,1.0000000000029354
80.0,7.0,80.0,0.1,0.0,sparsemax,1.8,correct_memory_like,True,4,True,0.0,80,1.0,1.0,1,low,1.0000000000029354
81.0,7.0,81.0,0.1,0.0,sparsemax,1.8,correct_memory_like,True,5,True,0.0,81,1.0,1.0,1,low,1.0000000000029354
82.0,7.0,82.0,0.1,0.0,sparsemax,1.8,correct_memory_like,True,4,True,0.0,82,1.0,1.0,1,low,1.0000000000029354
87.0,7.0,87.0,0.1,0.0,sparsemax,1.8,correct_memory_like,True,4,True,0.0,87,1.0,1.0,1,low,1.0000000000029354
88.0,7.0,88.0,0.1,0.0,sparsemax,1.8,correct_memory_like,True,5,True,0.0,88,1.0,1.0,1,low,1.0000000000029354
92.0,7.0,92.0,0.1,0.0,sparsemax,1.8,correct_memory_like,True,4,True,0.0,92,1.0,1.0,1,low,1.0000000000029354
97.0,7.0,97.0,0.1,0.0,sparsemax,1.8,correct_memory_like,True,4,True,0.0,97,1.0,1.0,1,low,1.0000000000029354
99.0,7.0,99.0,0.1,0.0,sparsemax,1.8,correct_memory_like,True,4,True,0.0,99,1.0,1.0,1,low,1.0000000000029354
3.0,7.0,3.0,0.1,0.0,softmax,5.0,stable_mixture,True,13,True,0.1620266930727746,38,0.0111457131660156,99.81602934215609,100,middle,8.707332297366008
10.0,7.0,10.0,0.1,0.0,softmax,5.0,stable_mixture,True,14,True,0.1620266930727746,38,0.0111457131660156,99.81602934215609,100,middle,8.707332297366008
11.0,7.0,11.0,0.1,0.0,softmax,5.0,stable_mixture,True,13,True,0.1620266930727747,38,0.0111457131660156,99.81602934215609,100,middle,8.707332297366008
15.0,7.0,15.0,0.1,0.0,softmax,5.0,stable_mixture,True,13,True,0.1620266930727745,38,0.0111457131660156,99.81602934215609,100,middle,8.707332297366008
20.0,7.0,20.0,0.1,0.0,softmax,5.0,stable_mixture,True,13,True,0.1620266930727746,38,0.0111457131660156,99.81602934215609,100,middle,8.707332297366008
21.0,7.0,21.0,0.1,0.0,softmax,5.0,stable_mixture,True,14,True,0.1620266930727746,38,0.0111457131660156,99.81602934215609,100,middle,8.707332297366008
23.0,7.0,23.0,0.1,0.0,softmax,5.0,stable_mixture,True,13,True,0.1620266930727746,38,0.0111457131660156,99.81602934215609,100,middle,8.707332297366008
24.0,7.0,24.0,0.1,0.0,softmax,5.0,stable_mixture,True,13,True,0.1620266930727746,38,0.0111457131660156,99.81602934215609,100,middle,8.707332297366008
26.0,7.0,26.0,0.1,0.0,softmax,5.0,stable_mixture,True,13,True,0.1620266930727746,38,0.0111457131660156,99.81602934215609,100,middle,8.707332297366008
35.0,7.0,35.0,0.1,0.0,softmax,5.0,stable_mixture,True,13,True,0.1620266930727746,38,0.0111457131660156,99.81602934215609,100,middle,8.707332297366008
37.0,7.0,37.0,0.1,0.0,softmax,5.0,stable_mixture,True,13,True,0.1620266930727746,38,0.0111457131660156,99.81602934215609,100,middle,8.707332297366008
38.0,7.0,38.0,0.1,0.0,softmax,5.0,stable_mixture,True,14,True,0.1620266930727746,38,0.0111457131660156,99.81602934215609,100,middle,8.707332297366008
40.0,7.0,40.0,0.1,0.0,softmax,5.0,stable_mixture,True,13,True,0.1620266930727746,38,0.0111457131660156,99.81602934215609,100,middle,8.707332297366008
44.0,7.0,44.0,0.1,0.0,softmax,5.0,stable_mixture,True,14,True,0.1620266930727746,38,0.0111457131660156,99.81602934215609,100,middle,8.707332297366008
47.0,7.0,47.0,0.1,0.0,softmax,5.0,stable_mixture,True,13,True,0.1620266930727745,38,0.0111457131660156,99.81602934215609,100,middle,8.707332297366008
50.0,7.0,50.0,0.1,0.0,softmax,5.0,stable_mixture,True,13,True,0.1620266930727747,38,0.0111457131660156,99.81602934215609,100,middle,8.707332297366008
53.0,7.0,53.0,0.1,0.0,softmax,5.0,stable_mixture,True,14,True,0.1620266930727746,38,0.0111457131660156,99.81602934215609,100,middle,8.707332297366008
54.0,7.0,54.0,0.1,0.0,softmax,5.0,stable_mixture,True,14,True,0.1620266930727746,38,0.0111457131660156,99.81602934215609,100,middle,8.707332297366008
56.0,7.0,56.0,0.1,0.0,softmax,5.0,stable_mixture,True,13,True,0.1620266930727746,38,0.0111457131660156,99.81602934215609,100,middle,8.707332297366008
59.0,7.0,59.0,0.1,0.0,softmax,5.0,stable_mixture,True,13,True,0.1620266930727746,38,0.0111457131660156,99.81602934215609,100,middle,8.707332297366008
60.0,7.0,60.0,0.1,0.0,softmax,5.0,stable_mixture,True,13,True,0.1620266930727746,38,0.0111457131660156,99.81602934215609,100,middle,8.707332297366008
61.0,7.0,61.0,0.1,0.0,softmax,5.0,stable_mixture,True,13,True,0.1620266930727746,38,0.0111457131660156,99.81602934215609,100,middle,8.707332297366008
75.0,7.0,75.0,0.1,0.0,softmax,5.0,stable_mixture,True,13,True,0.1620266930727746,38,0.0111457131660156,99.81602934215609,100,middle,8.707332297366008
76.0,7.0,76.0,0.1,0.0,softmax,5.0,stable_mixture,True,13,True,0.1620266930727747,38,0.0111457131660156,99.81602934215609,100,middle,8.707332297366008
80.0,7.0,80.0,0.1,0.0,softmax,5.0,stable_mixture,True,14,True,0.1620266930727747,38,0.0111457131660156,99.81602934215609,100,middle,8.707332297366008
81.0,7.0,81.0,0.1,0.0,softmax,5.0,stable_mixture,True,13,True,0.1620266930727746,38,0.0111457131660156,99.81602934215609,100,middle,8.707332297366008
82.0,7.0,82.0,0.1,0.0,softmax,5.0,stable_mixture,True,14,True,0.1620266930727746,38,0.0111457131660156,99.81602934215609,100,middle,8.707332297366008
87.0,7.0,87.0,0.1,0.0,softmax,5.0,stable_mixture,True,13,True,0.1620266930727746,38,0.0111457131660156,99.81602934215609,100,middle,8.707332297366008
88.0,7.0,88.0,0.1,0.0,softmax,5.0,stable_mixture,True,14,True,0.1620266930727746,38,0.0111457131660156,99.81602934215609,100,middle,8.707332297366008
92.0,7.0,92.0,0.1,0.0,softmax,5.0,stable_mixture,True,13,True,0.1620266930727746,38,0.0111457131660156,99.81602934215609,100,middle,8.707332297366008
97.0,7.0,97.0,0.1,0.0,softmax,5.0,stable_mixture,True,13,True,0.1620266930727746,38,0.0111457131660156,99.81602934215609,100,middle,8.707332297366008
99.0,7.0,99.0,0.1,0.0,softmax,5.0,stable_mixture,True,14,True,0.1620266930727746,38,0.0111457131660156,99.81602934215609,100,middle,8.707332297366008
3.0,7.0,3.0,0.1,0.0,sparsemax,0.4,unconverged_or_unstable,False,-1,True,0.9995908530350344,47,0.0510777038503425,39.521896939557415,55,middle,8.707332297366008
10.0,7.0,10.0,0.1,0.0,sparsemax,0.4,unconverged_or_unstable,False,-1,True,0.9650438130421626,2,0.0533625722343851,39.106707111298725,57,middle,8.707332297366008
11.0,7.0,11.0,0.1,0.0,sparsemax,0.4,unconverged_or_unstable,False,-1,True,0.973027379555142,38,0.049811834847487,37.738808129428726,53,middle,8.707332297366008
15.0,7.0,15.0,0.1,0.0,sparsemax,0.4,unconverged_or_unstable,False,-1,True,0.9995908530350344,47,0.0509675038003652,39.656184699638224,55,middle,8.707332297366008
20.0,7.0,20.0,0.1,0.0,sparsemax,0.4,unconverged_or_unstable,False,-1,True,0.9722950915241532,47,0.0505870121180128,38.68897381494987,55,middle,8.707332297366008
21.0,7.0,21.0,0.1,0.0,sparsemax,0.4,unconverged_or_unstable,False,-1,True,0.9683182158227536,2,0.0530982958164194,39.2087471994442,58,middle,8.707332297366008
23.0,7.0,23.0,0.1,0.0,sparsemax,0.4,unconverged_or_unstable,False,-1,True,0.965109258072732,38,0.0501280399127333,37.0581225667768,55,middle,8.707332297366008
24.0,7.0,24.0,0.1,0.0,sparsemax,0.4,unconverged_or_unstable,False,-1,True,0.965109258072732,38,0.0501459891639789,37.04285366358376,55,middle,8.707332297366008
26.0,7.0,26.0,0.1,0.0,sparsemax,0.4,unconverged_or_unstable,False,-1,True,0.9722950915241532,47,0.0504120500101946,38.652571050348485,55,middle,8.707332297366008
35.0,7.0,35.0,0.1,0.0,sparsemax,0.4,unconverged_or_unstable,False,-1,True,0.9722950915241532,47,0.0506912325399463,38.694575291636674,55,middle,8.707332297366008
37.0,7.0,37.0,0.1,0.0,sparsemax,0.4,unconverged_or_unstable,False,-1,True,0.9650438130421626,2,0.0534253391711869,39.10068326386217,57,middle,8.707332297366008
38.0,7.0,38.0,0.1,0.0,sparsemax,0.4,unconverged_or_unstable,False,-1,True,0.965109258072732,38,0.0501419648141482,37.04643263523731,55,middle,8.707332297366008
40.0,7.0,40.0,0.1,0.0,sparsemax,0.4,unconverged_or_unstable,False,-1,True,0.9931465822874976,38,0.0495614461377226,37.64926411301197,57,middle,8.707332297366008
44.0,7.0,44.0,0.1,0.0,sparsemax,0.4,unconverged_or_unstable,False,-1,True,0.9722950915241532,47,0.0506745755499287,38.69435418878189,55,middle,8.707332297366008
47.0,7.0,47.0,0.1,0.0,sparsemax,0.4,unconverged_or_unstable,False,-1,True,0.9722950915241532,47,0.0507511415082326,38.7048154960969,55,middle,8.707332297366008
50.0,7.0,50.0,0.1,0.0,sparsemax,0.4,unconverged_or_unstable,False,-1,True,0.965109258072732,38,0.0501493025193925,37.03963124072777,55,middle,8.707332297366008
53.0,7.0,53.0,0.1,0.0,sparsemax,0.4,unconverged_or_unstable,False,-1,True,0.9650438130421626,2,0.0533111078119534,39.1534259960062,57,middle,8.707332297366008
54.0,7.0,54.0,0.1,0.0,sparsemax,0.4,unconverged_or_unstable,False,-1,True,0.9722950915241532,47,0.0505075696028455,38.68598676506117,55,middle,8.707332297366008
56.0,7.0,56.0,0.1,0.0,sparsemax,0.4,unconverged_or_unstable,False,-1,True,0.9683182158227536,2,0.0531805500591635,39.21643879950921,58,middle,8.707332297366008
59.0,7.0,59.0,0.1,0.0,sparsemax,0.4,unconverged_or_unstable,False,-1,True,0.965109258072732,38,0.0501243849901791,37.06276745927294,55,middle,8.707332297366008
60.0,7.0,60.0,0.1,0.0,sparsemax,0.4,unconverged_or_unstable,False,-1,True,0.9722950915241532,47,0.0506880149824225,38.70203268783222,55,middle,8.707332297366008
61.0,7.0,61.0,0.1,0.0,sparsemax,0.4,unconverged_or_unstable,False,-1,True,0.9650438130421626,2,0.0534483836703128,39.09766640105616,57,middle,8.707332297366008
75.0,7.0,75.0,0.1,0.0,sparsemax,0.4,unconverged_or_unstable,False,-1,True,0.9683182158227536,2,0.0531952491559651,39.194093923594714,58,middle,8.707332297366008
76.0,7.0,76.0,0.1,0.0,sparsemax,0.4,unconverged_or_unstable,False,-1,True,0.973027379555142,38,0.0497852511995949,37.76381262294447,53,middle,8.707332297366008
80.0,7.0,80.0,0.1,0.0,sparsemax,0.4,unconverged_or_unstable,False,-1,True,0.9650438130421626,2,0.0534310567596779,39.101981921865864,57,middle,8.707332297366008
81.0,7.0,81.0,0.1,0.0,sparsemax,0.4,unconverged_or_unstable,False,-1,True,0.9995908530350344,47,0.0510371036643616,39.59179422828576,55,middle,8.707332297366008
82.0,7.0,82.0,0.1,0.0,sparsemax,0.4,unconverged_or_unstable,False,-1,True,0.9810072514745904,2,0.0522438572998001,39.83037497402869,59,middle,8.707332297366008
87.0,7.0,87.0,0.1,0.0,sparsemax,0.4,unconverged_or_unstable,False,-1,True,0.9650438130421626,2,0.0534528718958625,39.09610659022677,57,middle,8.707332297366008
88.0,7.0,88.0,0.1,0.0,sparsemax,0.4,unconverged_or_unstable,False,-1,True,0.9722950915241532,47,0.0506636086070736,38.69622062093539,55,middle,8.707332297366008
92.0,7.0,92.0,0.1,0.0,sparsemax,0.4,unconverged_or_unstable,False,-1,True,0.9722950915241532,47,0.050246821945759,38.59328949329751,55,middle,8.707332297366008
97.0,7.0,97.0,0.1,0.0,sparsemax,0.4,unconverged_or_unstable,False,-1,True,0.9953318917373511,2,0.0504332068653681,40.424036851486015,61,middle,8.707332297366008
99.0,7.0,99.0,0.1,0.0,sparsemax,0.4,unconverged_or_unstable,False,-1,True,0.9722950915241532,47,0.0505372189312933,38.68150434486602,55,middle,8.707332297366008
3.0,7.0,3.0,0.1,0.0,softmax,2.5,stable_mixture,True,10,True,0.0806939146667104,38,0.0105332291949351,99.95737816788926,100,high,73.16456697633235
10.0,7.0,10.0,0.1,0.0,softmax,2.5,stable_mixture,True,11,True,0.0806939146667104,38,0.0105332291949351,99.95737816788926,100,high,73.16456697633235
11.0,7.0,11.0,0.1,0.0,softmax,2.5,stable_mixture,True,10,True,0.0806939146667104,38,0.0105332291949351,99.95737816788926,100,high,73.16456697633235
15.0,7.0,15.0,0.1,0.0,softmax,2.5,stable_mixture,True,10,True,0.0806939146667104,38,0.0105332291949351,99.95737816788926,100,high,73.16456697633235
20.0,7.0,20.0,0.1,0.0,softmax,2.5,stable_mixture,True,10,True,0.0806939146667104,38,0.0105332291949351,99.95737816788926,100,high,73.16456697633235
21.0,7.0,21.0,0.1,0.0,softmax,2.5,stable_mixture,True,10,True,0.0806939146667104,38,0.0105332291949351,99.95737816788926,100,high,73.16456697633235
23.0,7.0,23.0,0.1,0.0,softmax,2.5,stable_mixture,True,10,True,0.0806939146667104,38,0.0105332291949351,99.95737816788926,100,high,73.16456697633235
24.0,7.0,24.0,0.1,0.0,softmax,2.5,stable_mixture,True,10,True,0.0806939146667104,38,0.0105332291949351,99.95737816788926,100,high,73.16456697633235
26.0,7.0,26.0,0.1,0.0,softmax,2.5,stable_mixture,True,10,True,0.0806939146667104,38,0.0105332291949351,99.95737816788926,100,high,73.16456697633235
35.0,7.0,35.0,0.1,0.0,softmax,2.5,stable_mixture,True,10,True,0.0806939146667104,38,0.0105332291949351,99.95737816788926,100,high,73.16456697633235
37.0,7.0,37.0,0.1,0.0,softmax,2.5,stable_mixture,True,10,True,0.0806939146667104,38,0.0105332291949351,99.95737816788926,100,high,73.16456697633235
38.0,7.0,38.0,0.1,0.0,softmax,2.5,stable_mixture,True,10,True,0.0806939146667104,38,0.0105332291949351,99.95737816788926,100,high,73.16456697633235
40.0,7.0,40.0,0.1,0.0,softmax,2.5,stable_mixture,True,10,True,0.0806939146667104,38,0.0105332291949351,99.95737816788926,100,high,73.16456697633235
44.0,7.0,44.0,0.1,0.0,softmax,2.5,stable_mixture,True,10,True,0.0806939146667104,38,0.0105332291949351,99.95737816788926,100,high,73.16456697633235
47.0,7.0,47.0,0.1,0.0,softmax,2.5,stable_mixture,True,10,True,0.0806939146667104,38,0.0105332291949351,99.95737816788926,100,high,73.16456697633235
50.0,7.0,50.0,0.1,0.0,softmax,2.5,stable_mixture,True,10,True,0.0806939146667104,38,0.0105332291949351,99.95737816788926,100,high,73.16456697633235
53.0,7.0,53.0,0.1,0.0,softmax,2.5,stable_mixture,True,10,True,0.0806939146667104,38,0.0105332291949351,99.95737816788926,100,high,73.16456697633235
54.0,7.0,54.0,0.1,0.0,softmax,2.5,stable_mixture,True,10,True,0.0806939146667104,38,0.0105332291949351,99.95737816788926,100,high,73.16456697633235
56.0,7.0,56.0,0.1,0.0,softmax,2.5,stable_mixture,True,10,True,0.0806939146667104,38,0.0105332291949351,99.95737816788926,100,high,73.16456697633235
59.0,7.0,59.0,0.1,0.0,softmax,2.5,stable_mixture,True,10,True,0.0806939146667104,38,0.0105332291949351,99.95737816788926,100,high,73.16456697633235
60.0,7.0,60.0,0.1,0.0,softmax,2.5,stable_mixture,True,10,True,0.0806939146667104,38,0.0105332291949351,99.95737816788926,100,high,73.16456697633235
61.0,7.0,61.0,0.1,0.0,softmax,2.5,stable_mixture,True,10,True,0.0806939146667104,38,0.0105332291949351,99.95737816788926,100,high,73.16456697633235
75.0,7.0,75.0,0.1,0.0,softmax,2.5,stable_mixture,True,10,True,0.0806939146667104,38,0.0105332291949351,99.95737816788926,100,high,73.16456697633235
76.0,7.0,76.0,0.1,0.0,softmax,2.5,stable_mixture,True,10,True,0.0806939146667104,38,0.0105332291949351,99.95737816788926,100,high,73.16456697633235
80.0,7.0,80.0,0.1,0.0,softmax,2.5,stable_mixture,True,10,True,0.0806939146667104,38,0.0105332291949351,99.95737816788926,100,high,73.16456697633235
81.0,7.0,81.0,0.1,0.0,softmax,2.5,stable_mixture,True,10,True,0.0806939146667104,38,0.0105332291949351,99.95737816788926,100,high,73.16456697633235
82.0,7.0,82.0,0.1,0.0,softmax,2.5,stable_mixture,True,11,True,0.0806939146667104,38,0.0105332291949351,99.95737816788926,100,high,73.16456697633235
87.0,7.0,87.0,0.1,0.0,softmax,2.5,stable_mixture,True,10,True,0.0806939146667104,38,0.0105332291949351,99.95737816788926,100,high,73.16456697633235
88.0,7.0,88.0,0.1,0.0,softmax,2.5,stable_mixture,True,10,True,0.0806939146667104,38,0.0105332291949351,99.95737816788926,100,high,73.16456697633235
92.0,7.0,92.0,0.1,0.0,softmax,2.5,stable_mixture,True,10,True,0.0806939146667104,38,0.0105332291949351,99.95737816788926,100,high,73.16456697633235
97.0,7.0,97.0,0.1,0.0,softmax,2.5,stable_mixture,True,10,True,0.0806939146667104,38,0.0105332291949351,99.95737816788926,100,high,73.16456697633235
99.0,7.0,99.0,0.1,0.0,softmax,2.5,stable_mixture,True,11,True,0.0806939146667104,38,0.0105332291949351,99.95737816788926,100,high,73.16456697633235
3.0,7.0,3.0,0.1,0.0,sparsemax,0.05,stable_mixture,True,13,True,0.1608888564486196,38,0.0110908655921866,99.81606076965797,100,high,73.16456697633235
10.0,7.0,10.0,0.1,0.0,sparsemax,0.05,stable_mixture,True,13,True,0.1608888564486196,38,0.0110908655921866,99.81606076965797,100,high,73.16456697633235
11.0,7.0,11.0,0.1,0.0,sparsemax,0.05,stable_mixture,True,13,True,0.1608888564486196,38,0.0110908655921866,99.81606076965797,100,high,73.16456697633235
15.0,7.0,15.0,0.1,0.0,sparsemax,0.05,stable_mixture,True,12,True,0.1608888564486196,38,0.0110908655921866,99.81606076965797,100,high,73.16456697633235
20.0,7.0,20.0,0.1,0.0,sparsemax,0.05,stable_mixture,True,13,True,0.1608888564486196,38,0.0110908655921866,99.81606076965797,100,high,73.16456697633235
21.0,7.0,21.0,0.1,0.0,sparsemax,0.05,stable_mixture,True,13,True,0.1608888564486196,38,0.0110908655921866,99.81606076965797,100,high,73.16456697633235
23.0,7.0,23.0,0.1,0.0,sparsemax,0.05,stable_mixture,True,12,True,0.1608888564486196,38,0.0110908655921866,99.81606076965797,100,high,73.16456697633235
24.0,7.0,24.0,0.1,0.0,sparsemax,0.05,stable_mixture,True,12,True,0.1608888564486196,38,0.0110908655921866,99.81606076965797,100,high,73.16456697633235
26.0,7.0,26.0,0.1,0.0,sparsemax,0.05,stable_mixture,True,12,True,0.1608888564486196,38,0.0110908655921866,99.81606076965797,100,high,73.16456697633235
35.0,7.0,35.0,0.1,0.0,sparsemax,0.05,stable_mixture,True,13,True,0.1608888564486196,38,0.0110908655921866,99.81606076965797,100,high,73.16456697633235
37.0,7.0,37.0,0.1,0.0,sparsemax,0.05,stable_mixture,True,13,True,0.1608888564486196,38,0.0110908655921866,99.81606076965797,100,high,73.16456697633235
38.0,7.0,38.0,0.1,0.0,sparsemax,0.05,stable_mixture,True,13,True,0.1608888564486196,38,0.0110908655921866,99.81606076965797,100,high,73.16456697633235
40.0,7.0,40.0,0.1,0.0,sparsemax,0.05,stable_mixture,True,12,True,0.1608888564486196,38,0.0110908655921866,99.81606076965797,100,high,73.16456697633235
44.0,7.0,44.0,0.1,0.0,sparsemax,0.05,stable_mixture,True,13,True,0.1608888564486196,38,0.0110908655921866,99.81606076965797,100,high,73.16456697633235
47.0,7.0,47.0,0.1,0.0,sparsemax,0.05,stable_mixture,True,13,True,0.1608888564486196,38,0.0110908655921866,99.81606076965797,100,high,73.16456697633235
50.0,7.0,50.0,0.1,0.0,sparsemax,0.05,stable_mixture,True,13,True,0.1608888564486196,38,0.0110908655921866,99.81606076965797,100,high,73.16456697633235
53.0,7.0,53.0,0.1,0.0,sparsemax,0.05,stable_mixture,True,13,True,0.1608888564486196,38,0.0110908655921866,99.81606076965797,100,high,73.16456697633235
54.0,7.0,54.0,0.1,0.0,sparsemax,0.05,stable_mixture,True,13,True,0.1608888564486196,38,0.0110908655921866,99.81606076965797,100,high,73.16456697633235
56.0,7.0,56.0,0.1,0.0,sparsemax,0.05,stable_mixture,True,12,True,0.1608888564486196,38,0.0110908655921866,99.81606076965797,100,high,73.16456697633235
59.0,7.0,59.0,0.1,0.0,sparsemax,0.05,stable_mixture,True,13,True,0.1608888564486196,38,0.0110908655921866,99.81606076965797,100,high,73.16456697633235
60.0,7.0,60.0,0.1,0.0,sparsemax,0.05,stable_mixture,True,13,True,0.1608888564486196,38,0.0110908655921866,99.81606076965797,100,high,73.16456697633235
61.0,7.0,61.0,0.1,0.0,sparsemax,0.05,stable_mixture,True,13,True,0.1608888564486196,38,0.0110908655921866,99.81606076965797,100,high,73.16456697633235
75.0,7.0,75.0,0.1,0.0,sparsemax,0.05,stable_mixture,True,13,True,0.1608888564486196,38,0.0110908655921866,99.81606076965797,100,high,73.16456697633235
76.0,7.0,76.0,0.1,0.0,sparsemax,0.05,stable_mixture,True,12,True,0.1608888564486196,38,0.0110908655921866,99.81606076965797,100,high,73.16456697633235
80.0,7.0,80.0,0.1,0.0,sparsemax,0.05,stable_mixture,True,13,True,0.1608888564486196,38,0.0110908655921866,99.81606076965797,100,high,73.16456697633235
81.0,7.0,81.0,0.1,0.0,sparsemax,0.05,stable_mixture,True,13,True,0.1608888564486196,38,0.0110908655921866,99.81606076965797,100,high,73.16456697633235
82.0,7.0,82.0,0.1,0.0,sparsemax,0.05,stable_mixture,True,13,True,0.1608888564486196,38,0.0110908655921866,99.81606076965797,100,high,73.16456697633235
87.0,7.0,87.0,0.1,0.0,sparsemax,0.05,stable_mixture,True,13,True,0.1608888564486196,38,0.0110908655921866,99.81606076965797,100,high,73.16456697633235
88.0,7.0,88.0,0.1,0.0,sparsemax,0.05,stable_mixture,True,13,True,0.1608888564486196,38,0.0110908655921866,99.81606076965797,100,high,73.16456697633235
92.0,7.0,92.0,0.1,0.0,sparsemax,0.05,stable_mixture,True,13,True,0.1608888564486196,38,0.0110908655921866,99.81606076965797,100,high,73.16456697633235
97.0,7.0,97.0,0.1,0.0,sparsemax,0.05,stable_mixture,True,13,True,0.1608888564486196,38,0.0110908655921866,99.81606076965797,100,high,73.16456697633235
99.0,7.0,99.0,0.1,0.0,sparsemax,0.05,stable_mixture,True,13,True,0.1608888564486196,38,0.0110908655921866,99.81606076965797,100,high,73.16456697633235
103.0,7.0,3.0,0.25,0.0,softmax,48.0,correct_memory_like,True,5,True,1.9926873657340194e-15,3,1.0,1.0,1,low,1.000003652309054
110.0,7.0,10.0,0.25,0.0,softmax,48.0,correct_memory_like,True,5,True,1.5155960062572713e-13,10,0.9999999999999976,1.0000000000000049,1,low,1.000003652309054
111.0,7.0,11.0,0.25,0.0,softmax,48.0,correct_memory_like,True,5,True,3.767735196486e-14,11,0.9999999999999992,1.000000000000001,1,low,1.000003652309054
115.0,7.0,15.0,0.25,0.0,softmax,48.0,correct_memory_like,True,5,True,3.1881305738562963e-15,15,1.0,1.0,1,low,1.000003652309054
120.0,7.0,20.0,0.25,0.0,softmax,48.0,correct_memory_like,True,5,True,3.5604600331689576e-16,20,1.0,1.0,1,low,1.000003652309054
121.0,7.0,21.0,0.25,0.0,softmax,48.0,correct_memory_like,True,5,True,1.0888720614665806e-14,21,0.9999999999999998,1.0000000000000004,1,low,1.000003652309054
123.0,7.0,23.0,0.25,0.0,softmax,48.0,correct_memory_like,True,5,True,7.337062934758522e-16,23,1.0,1.0,1,low,1.000003652309054
124.0,7.0,24.0,0.25,0.0,softmax,48.0,correct_memory_like,True,5,True,1.200215590838093e-15,24,1.0,1.0,1,low,1.000003652309054
126.0,7.0,26.0,0.25,0.0,softmax,48.0,correct_memory_like,True,5,True,1.579655883573637e-14,26,0.9999999999999998,1.0000000000000004,1,low,1.000003652309054
135.0,7.0,35.0,0.25,0.0,softmax,48.0,correct_memory_like,True,5,True,7.254725557911889e-16,35,1.0,1.0,1,low,1.000003652309054
137.0,7.0,37.0,0.25,0.0,softmax,48.0,correct_memory_like,True,5,True,8.123799715356781e-16,37,1.0,1.0,1,low,1.000003652309054
138.0,7.0,38.0,0.25,0.0,softmax,48.0,correct_memory_like,True,5,True,7.740040148561058e-14,38,0.9999999999999984,1.000000000000003,1,low,1.000003652309054
140.0,7.0,40.0,0.25,0.0,softmax,48.0,correct_memory_like,True,5,True,3.553340781862469e-16,40,1.0,1.0,1,low,1.000003652309054
144.0,7.0,44.0,0.25,0.0,softmax,48.0,correct_memory_like,True,5,True,8.892163808035114e-16,44,1.0,1.0,1,low,1.000003652309054
147.0,7.0,47.0,0.25,0.0,softmax,48.0,correct_memory_like,True,5,True,1.881295166546815e-15,47,1.0,1.0,1,low,1.000003652309054
150.0,7.0,50.0,0.25,0.0,softmax,48.0,correct_memory_like,True,5,True,3.2073071133247116e-15,50,1.0,1.0,1,low,1.000003652309054
153.0,7.0,53.0,0.25,0.0,softmax,48.0,correct_memory_like,True,5,True,7.394148622107634e-16,53,1.0,1.0,1,low,1.000003652309054
154.0,7.0,54.0,0.25,0.0,softmax,48.0,correct_memory_like,True,5,True,7.458142611198216e-16,54,1.0,1.0,1,low,1.000003652309054
156.0,7.0,56.0,0.25,0.0,softmax,48.0,correct_memory_like,True,5,True,1.5752048517324732e-14,56,0.9999999999999998,1.0000000000000004,1,low,1.000003652309054
159.0,7.0,59.0,0.25,0.0,softmax,48.0,correct_memory_like,True,5,True,6.5528312074539035e-15,59,1.0,1.0,1,low,1.000003652309054
160.0,7.0,60.0,0.25,0.0,softmax,48.0,correct_memory_like,True,5,True,7.200399015222084e-14,60,0.9999999999999988,1.0000000000000022,1,low,1.000003652309054
161.0,7.0,61.0,0.25,0.0,softmax,48.0,correct_memory_like,True,5,True,5.273042720471808e-16,61,1.0,1.0,1,low,1.000003652309054
175.0,7.0,75.0,0.25,0.0,softmax,48.0,correct_memory_like,True,5,True,7.598075778651934e-16,75,1.0,1.0,1,low,1.000003652309054
176.0,7.0,76.0,0.25,0.0,softmax,48.0,correct_memory_like,True,5,True,1.621773312347173e-14,76,0.9999999999999998,1.0000000000000004,1,low,1.000003652309054
180.0,7.0,80.0,0.25,0.0,softmax,48.0,correct_memory_like,True,5,True,1.5311506605217393e-15,80,1.0,1.0,1,low,1.000003652309054
181.0,7.0,81.0,0.25,0.0,softmax,48.0,correct_memory_like,True,5,True,1.0170216812567606e-14,81,0.9999999999999998,1.0000000000000004,1,low,1.000003652309054
182.0,7.0,82.0,0.25,0.0,softmax,48.0,correct_memory_like,True,5,True,1.5067000602332417e-13,82,0.9999999999999976,1.0000000000000049,1,low,1.000003652309054
187.0,7.0,87.0,0.25,0.0,softmax,48.0,correct_memory_like,True,5,True,1.0685897220799724e-14,87,0.9999999999999998,1.0000000000000004,1,low,1.000003652309054
188.0,7.0,88.0,0.25,0.0,softmax,48.0,correct_memory_like,True,5,True,1.531988389967025e-15,88,1.0,1.0,1,low,1.000003652309054
192.0,7.0,92.0,0.25,0.0,softmax,48.0,correct_memory_like,True,5,True,1.511173593231634e-15,92,1.0,1.0,1,low,1.000003652309054
197.0,7.0,97.0,0.25,0.0,softmax,48.0,correct_memory_like,True,5,True,2.20920859168522e-14,97,0.9999999999999996,1.0000000000000009,1,low,1.000003652309054
199.0,7.0,99.0,0.25,0.0,softmax,48.0,correct_memory_like,True,5,True,3.142689843682647e-15,99,1.0,1.0,1,low,1.000003652309054
103.0,7.0,3.0,0.25,0.0,sparsemax,3.75,correct_memory_like,True,5,True,0.0,3,1.0,1.0,1,low,1.000003652309054
110.0,7.0,10.0,0.25,0.0,sparsemax,3.75,correct_memory_like,True,5,True,0.0,10,1.0,1.0,1,low,1.000003652309054
111.0,7.0,11.0,0.25,0.0,sparsemax,3.75,correct_memory_like,True,4,True,0.0,11,1.0,1.0,1,low,1.000003652309054
115.0,7.0,15.0,0.25,0.0,sparsemax,3.75,correct_memory_like,True,4,True,0.0,15,1.0,1.0,1,low,1.000003652309054
120.0,7.0,20.0,0.25,0.0,sparsemax,3.75,correct_memory_like,True,4,True,0.0,20,1.0,1.0,1,low,1.000003652309054
121.0,7.0,21.0,0.25,0.0,sparsemax,3.75,correct_memory_like,True,4,True,0.0,21,1.0,1.0,1,low,1.000003652309054
123.0,7.0,23.0,0.25,0.0,sparsemax,3.75,correct_memory_like,True,5,True,0.0,23,1.0,1.0,1,low,1.000003652309054
124.0,7.0,24.0,0.25,0.0,sparsemax,3.75,correct_memory_like,True,4,True,0.0,24,1.0,1.0,1,low,1.000003652309054
126.0,7.0,26.0,0.25,0.0,sparsemax,3.75,correct_memory_like,True,4,True,0.0,26,1.0,1.0,1,low,1.000003652309054
135.0,7.0,35.0,0.25,0.0,sparsemax,3.75,correct_memory_like,True,4,True,0.0,35,1.0,1.0,1,low,1.000003652309054
137.0,7.0,37.0,0.25,0.0,sparsemax,3.75,correct_memory_like,True,5,True,0.0,37,1.0,1.0,1,low,1.000003652309054
138.0,7.0,38.0,0.25,0.0,sparsemax,3.75,correct_memory_like,True,4,True,0.0,38,1.0,1.0,1,low,1.000003652309054
140.0,7.0,40.0,0.25,0.0,sparsemax,3.75,correct_memory_like,True,4,True,0.0,40,1.0,1.0,1,low,1.000003652309054
144.0,7.0,44.0,0.25,0.0,sparsemax,3.75,correct_memory_like,True,4,True,0.0,44,1.0,1.0,1,low,1.000003652309054
147.0,7.0,47.0,0.25,0.0,sparsemax,3.75,correct_memory_like,True,4,True,0.0,47,1.0,1.0,1,low,1.000003652309054
150.0,7.0,50.0,0.25,0.0,sparsemax,3.75,correct_memory_like,True,4,True,0.0,50,1.0,1.0,1,low,1.000003652309054
153.0,7.0,53.0,0.25,0.0,sparsemax,3.75,correct_memory_like,True,5,True,0.0,53,1.0,1.0,1,low,1.000003652309054
154.0,7.0,54.0,0.25,0.0,sparsemax,3.75,correct_memory_like,True,4,True,0.0,54,1.0,1.0,1,low,1.000003652309054
156.0,7.0,56.0,0.25,0.0,sparsemax,3.75,correct_memory_like,True,4,True,0.0,56,1.0,1.0,1,low,1.000003652309054
159.0,7.0,59.0,0.25,0.0,sparsemax,3.75,correct_memory_like,True,5,True,0.0,59,1.0,1.0,1,low,1.000003652309054
160.0,7.0,60.0,0.25,0.0,sparsemax,3.75,correct_memory_like,True,5,True,0.0,60,1.0,1.0,1,low,1.000003652309054
161.0,7.0,61.0,0.25,0.0,sparsemax,3.75,correct_memory_like,True,4,True,0.0,61,1.0,1.0,1,low,1.000003652309054
175.0,7.0,75.0,0.25,0.0,sparsemax,3.75,correct_memory_like,True,4,True,0.0,75,1.0,1.0,1,low,1.000003652309054
176.0,7.0,76.0,0.25,0.0,sparsemax,3.75,correct_memory_like,True,5,True,0.0,76,1.0,1.0,1,low,1.000003652309054
180.0,7.0,80.0,0.25,0.0,sparsemax,3.75,correct_memory_like,True,4,True,0.0,80,1.0,1.0,1,low,1.000003652309054
181.0,7.0,81.0,0.25,0.0,sparsemax,3.75,correct_memory_like,True,4,True,0.0,81,1.0,1.0,1,low,1.000003652309054
182.0,7.0,82.0,0.25,0.0,sparsemax,3.75,correct_memory_like,True,5,True,0.0,82,1.0,1.0,1,low,1.000003652309054
187.0,7.0,87.0,0.25,0.0,sparsemax,3.75,correct_memory_like,True,4,True,0.0,87,1.0,1.0,1,low,1.000003652309054
188.0,7.0,88.0,0.25,0.0,sparsemax,3.75,correct_memory_like,True,5,True,0.0,88,1.0,1.0,1,low,1.000003652309054
192.0,7.0,92.0,0.25,0.0,sparsemax,3.75,correct_memory_like,True,4,True,0.0,92,1.0,1.0,1,low,1.000003652309054
197.0,7.0,97.0,0.25,0.0,sparsemax,3.75,correct_memory_like,True,5,True,0.0,97,1.0,1.0,1,low,1.000003652309054
199.0,7.0,99.0,0.25,0.0,sparsemax,3.75,correct_memory_like,True,4,True,0.0,99,1.0,1.0,1,low,1.000003652309054
103.0,7.0,3.0,0.25,0.0,softmax,8.5,stable_mixture,True,17,True,0.2773823924211719,38,0.0121858727123628,99.40222929006168,100,middle,8.064166134493913
110.0,7.0,10.0,0.25,0.0,softmax,8.5,stable_mixture,True,18,True,0.2773823924211719,38,0.0121858727123628,99.40222929006168,100,middle,8.064166134493913
111.0,7.0,11.0,0.25,0.0,softmax,8.5,stable_mixture,True,17,True,0.2773823924211717,38,0.0121858727123628,99.40222929006168,100,middle,8.064166134493913
115.0,7.0,15.0,0.25,0.0,softmax,8.5,stable_mixture,True,18,True,0.2773823924211719,38,0.0121858727123628,99.40222929006168,100,middle,8.064166134493913
120.0,7.0,20.0,0.25,0.0,softmax,8.5,stable_mixture,True,17,True,0.2773823924211719,38,0.0121858727123628,99.40222929006168,100,middle,8.064166134493913
121.0,7.0,21.0,0.25,0.0,softmax,8.5,stable_mixture,True,18,True,0.277382392421172,38,0.0121858727123628,99.40222929006168,100,middle,8.064166134493913
123.0,7.0,23.0,0.25,0.0,softmax,8.5,stable_mixture,True,17,True,0.2773823924211722,38,0.0121858727123628,99.40222929006168,100,middle,8.064166134493913
124.0,7.0,24.0,0.25,0.0,softmax,8.5,stable_mixture,True,17,True,0.2773823924211719,38,0.0121858727123628,99.40222929006168,100,middle,8.064166134493913
126.0,7.0,26.0,0.25,0.0,softmax,8.5,stable_mixture,True,17,True,0.2773823924211719,38,0.0121858727123628,99.40222929006168,100,middle,8.064166134493913
135.0,7.0,35.0,0.25,0.0,softmax,8.5,stable_mixture,True,17,True,0.277382392421172,38,0.0121858727123628,99.40222929006168,100,middle,8.064166134493913
137.0,7.0,37.0,0.25,0.0,softmax,8.5,stable_mixture,True,18,True,0.277382392421172,38,0.0121858727123628,99.40222929006168,100,middle,8.064166134493913
138.0,7.0,38.0,0.25,0.0,softmax,8.5,stable_mixture,True,18,True,0.2773823924211719,38,0.0121858727123628,99.40222929006168,100,middle,8.064166134493913
140.0,7.0,40.0,0.25,0.0,softmax,8.5,stable_mixture,True,17,True,0.277382392421172,38,0.0121858727123628,99.40222929006168,100,middle,8.064166134493913
144.0,7.0,44.0,0.25,0.0,softmax,8.5,stable_mixture,True,18,True,0.277382392421172,38,0.0121858727123628,99.40222929006168,100,middle,8.064166134493913
147.0,7.0,47.0,0.25,0.0,softmax,8.5,stable_mixture,True,18,True,0.2773823924211719,38,0.0121858727123628,99.40222929006168,100,middle,8.064166134493913
150.0,7.0,50.0,0.25,0.0,softmax,8.5,stable_mixture,True,17,True,0.2773823924211722,38,0.0121858727123628,99.40222929006168,100,middle,8.064166134493913
153.0,7.0,53.0,0.25,0.0,softmax,8.5,stable_mixture,True,18,True,0.2773823924211718,38,0.0121858727123628,99.40222929006168,100,middle,8.064166134493913
154.0,7.0,54.0,0.25,0.0,softmax,8.5,stable_mixture,True,18,True,0.2773823924211718,38,0.0121858727123628,99.40222929006168,100,middle,8.064166134493913
156.0,7.0,56.0,0.25,0.0,softmax,8.5,stable_mixture,True,17,True,0.2773823924211719,38,0.0121858727123628,99.40222929006168,100,middle,8.064166134493913
159.0,7.0,59.0,0.25,0.0,softmax,8.5,stable_mixture,True,17,True,0.2773823924211719,38,0.0121858727123628,99.40222929006168,100,middle,8.064166134493913
160.0,7.0,60.0,0.25,0.0,softmax,8.5,stable_mixture,True,18,True,0.2773823924211718,38,0.0121858727123628,99.40222929006168,100,middle,8.064166134493913
161.0,7.0,61.0,0.25,0.0,softmax,8.5,stable_mixture,True,17,True,0.2773823924211719,38,0.0121858727123628,99.40222929006168,100,middle,8.064166134493913
175.0,7.0,75.0,0.25,0.0,softmax,8.5,stable_mixture,True,17,True,0.2773823924211718,38,0.0121858727123628,99.40222929006168,100,middle,8.064166134493913
176.0,7.0,76.0,0.25,0.0,softmax,8.5,stable_mixture,True,18,True,0.2773823924211719,38,0.0121858727123628,99.40222929006168,100,middle,8.064166134493913
180.0,7.0,80.0,0.25,0.0,softmax,8.5,stable_mixture,True,18,True,0.277382392421172,38,0.0121858727123628,99.40222929006168,100,middle,8.064166134493913
181.0,7.0,81.0,0.25,0.0,softmax,8.5,stable_mixture,True,18,True,0.2773823924211719,38,0.0121858727123628,99.40222929006168,100,middle,8.064166134493913
182.0,7.0,82.0,0.25,0.0,softmax,8.5,stable_mixture,True,18,True,0.2773823924211719,38,0.0121858727123628,99.40222929006168,100,middle,8.064166134493913
187.0,7.0,87.0,0.25,0.0,softmax,8.5,stable_mixture,True,17,True,0.277382392421172,38,0.0121858727123628,99.40222929006168,100,middle,8.064166134493913
188.0,7.0,88.0,0.25,0.0,softmax,8.5,stable_mixture,True,18,True,0.277382392421172,38,0.0121858727123628,99.40222929006168,100,middle,8.064166134493913
192.0,7.0,92.0,0.25,0.0,softmax,8.5,stable_mixture,True,18,True,0.2773823924211719,38,0.0121858727123628,99.40222929006168,100,middle,8.064166134493913
197.0,7.0,97.0,0.25,0.0,softmax,8.5,stable_mixture,True,18,True,0.2773823924211719,38,0.0121858727123628,99.40222929006168,100,middle,8.064166134493913
199.0,7.0,99.0,0.25,0.0,softmax,8.5,stable_mixture,True,18,True,0.277382392421172,38,0.0121858727123628,99.40222929006168,100,middle,8.064166134493913
103.0,7.0,3.0,0.25,0.0,sparsemax,0.7,unconverged_or_unstable,False,-1,False,1.093209903835811,70,0.2460157971516817,6.953589656435164,15,middle,8.064166134493913
110.0,7.0,10.0,0.25,0.0,sparsemax,0.7,unconverged_or_unstable,False,-1,True,0.8455069756327664,10,0.2163222210982262,7.219893119597509,11,middle,8.064166134493913
111.0,7.0,11.0,0.25,0.0,sparsemax,0.7,unconverged_or_unstable,False,-1,False,1.0577006159927225,60,0.1939482328212511,7.464059724667212,12,middle,8.064166134493913
115.0,7.0,15.0,0.25,0.0,sparsemax,0.7,unconverged_or_unstable,False,-1,True,0.9833442351805216,14,0.1502708411997676,10.860142297499932,17,middle,8.064166134493913
120.0,7.0,20.0,0.25,0.0,sparsemax,0.7,unconverged_or_unstable,False,-1,False,1.0043229714835609,70,0.2183515611671194,7.753137188260974,12,middle,8.064166134493913
121.0,7.0,21.0,0.25,0.0,sparsemax,0.7,stable_mixture,True,88,True,0.8455069756327664,10,0.2163222207240428,7.21989256394268,11,middle,8.064166134493913
123.0,7.0,23.0,0.25,0.0,sparsemax,0.7,unconverged_or_unstable,False,-1,True,0.8605016231001157,70,0.2422134347127313,5.723626137895877,9,middle,8.064166134493913
124.0,7.0,24.0,0.25,0.0,sparsemax,0.7,unconverged_or_unstable,False,-1,True,0.9128130348635488,52,0.1575631900325134,9.313468344791715,10,middle,8.064166134493913
126.0,7.0,26.0,0.25,0.0,sparsemax,0.7,unconverged_or_unstable,False,-1,True,0.9128130348635488,52,0.1575529126226286,9.3137579631713,10,middle,8.064166134493913
135.0,7.0,35.0,0.25,0.0,sparsemax,0.7,unconverged_or_unstable,False,-1,True,0.9328270080043604,81,0.1741361399339426,9.270604325747122,12,middle,8.064166134493913
137.0,7.0,37.0,0.25,0.0,sparsemax,0.7,unconverged_or_unstable,False,-1,True,0.9862358260718948,38,0.1850098117778289,9.15948417516452,15,middle,8.064166134493913
138.0,7.0,38.0,0.25,0.0,sparsemax,0.7,unconverged_or_unstable,False,-1,True,0.8751646841270576,60,0.2105757538600338,7.17354505404845,9,middle,8.064166134493913
140.0,7.0,40.0,0.25,0.0,sparsemax,0.7,unconverged_or_unstable,False,-1,True,0.9862358260718948,38,0.1846182135371789,9.169434576522807,15,middle,8.064166134493913
144.0,7.0,44.0,0.25,0.0,sparsemax,0.7,unconverged_or_unstable,False,-1,False,1.0435563535121186,44,0.1382090656520421,10.843277032619064,16,middle,8.064166134493913
147.0,7.0,47.0,0.25,0.0,sparsemax,0.7,unconverged_or_unstable,False,-1,True,0.8751646841270576,60,0.2105757184515879,7.1735419722662686,9,middle,8.064166134493913
150.0,7.0,50.0,0.25,0.0,sparsemax,0.7,unconverged_or_unstable,False,-1,True,0.8605016231001157,70,0.2422141676473,5.723603252001669,9,middle,8.064166134493913
153.0,7.0,53.0,0.25,0.0,sparsemax,0.7,unconverged_or_unstable,False,-1,True,0.8605016231001157,70,0.2421630441485,5.725186796145108,9,middle,8.064166134493913
154.0,7.0,54.0,0.25,0.0,sparsemax,0.7,unconverged_or_unstable,False,-1,True,0.9664962661325622,83,0.1829562223100098,9.73387638592498,17,middle,8.064166134493913
156.0,7.0,56.0,0.25,0.0,sparsemax,0.7,unconverged_or_unstable,False,-1,True,0.9143634786603724,94,0.1903706252848366,8.92929683771654,12,middle,8.064166134493913
159.0,7.0,59.0,0.25,0.0,sparsemax,0.7,unconverged_or_unstable,False,-1,True,0.8605016231001157,70,0.2422142640914794,5.723600236812628,9,middle,8.064166134493913
160.0,7.0,60.0,0.25,0.0,sparsemax,0.7,unconverged_or_unstable,False,-1,True,0.8751646841270576,60,0.2105757218105693,7.173542268503643,9,middle,8.064166134493913
161.0,7.0,61.0,0.25,0.0,sparsemax,0.7,unconverged_or_unstable,False,-1,True,0.951502713293582,61,0.1203117135281192,12.06259847771525,16,middle,8.064166134493913
175.0,7.0,75.0,0.25,0.0,sparsemax,0.7,unconverged_or_unstable,False,-1,True,0.9862358260718948,38,0.1849097541227107,9.161169409610697,15,middle,8.064166134493913
176.0,7.0,76.0,0.25,0.0,sparsemax,0.7,stable_mixture,True,93,True,0.8605016231001157,70,0.2422142062249055,5.723602043677651,9,middle,8.064166134493913
180.0,7.0,80.0,0.25,0.0,sparsemax,0.7,unconverged_or_unstable,False,-1,True,0.8455069756327664,10,0.2163223343134158,7.219995881896593,11,middle,8.064166134493913
181.0,7.0,81.0,0.25,0.0,sparsemax,0.7,unconverged_or_unstable,False,-1,True,0.9992235175760904,32,0.2127094671483224,7.729230087707854,14,middle,8.064166134493913
182.0,7.0,82.0,0.25,0.0,sparsemax,0.7,unconverged_or_unstable,False,-1,True,0.8605016231001157,70,0.2422141905730826,5.723602532182936,9,middle,8.064166134493913
187.0,7.0,87.0,0.25,0.0,sparsemax,0.7,unconverged_or_unstable,False,-1,False,1.0270671247202063,2,0.1378084501819849,10.633251795803016,16,middle,8.064166134493913
188.0,7.0,88.0,0.25,0.0,sparsemax,0.7,unconverged_or_unstable,False,-1,True,0.8751646841270576,60,0.2105756741821515,7.173538148013333,9,middle,8.064166134493913
192.0,7.0,92.0,0.25,0.0,sparsemax,0.7,unconverged_or_unstable,False,-1,False,1.0043229714835609,70,0.2201867967682091,7.709515847835616,12,middle,8.064166134493913
197.0,7.0,97.0,0.25,0.0,sparsemax,0.7,unconverged_or_unstable,False,-1,True,0.8605016231001157,70,0.2422141641984654,5.72360335644569,9,middle,8.064166134493913
199.0,7.0,99.0,0.25,0.0,sparsemax,0.7,unconverged_or_unstable,False,-1,False,1.1000312357120998,70,0.2211797372647836,7.689839525614662,13,middle,8.064166134493913
103.0,7.0,3.0,0.25,0.0,softmax,3.5,stable_mixture,True,11,True,0.113139181451867,38,0.0107675490927918,99.91393282894086,100,high,78.79242488015784
110.0,7.0,10.0,0.25,0.0,softmax,3.5,stable_mixture,True,11,True,0.113139181451867,38,0.0107675490927918,99.91393282894086,100,high,78.79242488015784
111.0,7.0,11.0,0.25,0.0,softmax,3.5,stable_mixture,True,11,True,0.113139181451867,38,0.0107675490927918,99.91393282894086,100,high,78.79242488015784
115.0,7.0,15.0,0.25,0.0,softmax,3.5,stable_mixture,True,11,True,0.113139181451867,38,0.0107675490927918,99.91393282894086,100,high,78.79242488015784
120.0,7.0,20.0,0.25,0.0,softmax,3.5,stable_mixture,True,11,True,0.113139181451867,38,0.0107675490927918,99.91393282894086,100,high,78.79242488015784
121.0,7.0,21.0,0.25,0.0,softmax,3.5,stable_mixture,True,11,True,0.113139181451867,38,0.0107675490927918,99.91393282894086,100,high,78.79242488015784
123.0,7.0,23.0,0.25,0.0,softmax,3.5,stable_mixture,True,11,True,0.113139181451867,38,0.0107675490927918,99.91393282894086,100,high,78.79242488015784
124.0,7.0,24.0,0.25,0.0,softmax,3.5,stable_mixture,True,11,True,0.113139181451867,38,0.0107675490927918,99.91393282894086,100,high,78.79242488015784
126.0,7.0,26.0,0.25,0.0,softmax,3.5,stable_mixture,True,11,True,0.113139181451867,38,0.0107675490927918,99.91393282894086,100,high,78.79242488015784
135.0,7.0,35.0,0.25,0.0,softmax,3.5,stable_mixture,True,11,True,0.113139181451867,38,0.0107675490927918,99.91393282894086,100,high,78.79242488015784
137.0,7.0,37.0,0.25,0.0,softmax,3.5,stable_mixture,True,11,True,0.113139181451867,38,0.0107675490927918,99.91393282894086,100,high,78.79242488015784
138.0,7.0,38.0,0.25,0.0,softmax,3.5,stable_mixture,True,11,True,0.113139181451867,38,0.0107675490927918,99.91393282894086,100,high,78.79242488015784
140.0,7.0,40.0,0.25,0.0,softmax,3.5,stable_mixture,True,11,True,0.1131391814518669,38,0.0107675490927918,99.91393282894086,100,high,78.79242488015784
144.0,7.0,44.0,0.25,0.0,softmax,3.5,stable_mixture,True,11,True,0.113139181451867,38,0.0107675490927918,99.91393282894086,100,high,78.79242488015784
147.0,7.0,47.0,0.25,0.0,softmax,3.5,stable_mixture,True,11,True,0.113139181451867,38,0.0107675490927918,99.91393282894086,100,high,78.79242488015784
150.0,7.0,50.0,0.25,0.0,softmax,3.5,stable_mixture,True,11,True,0.113139181451867,38,0.0107675490927918,99.91393282894086,100,high,78.79242488015784
153.0,7.0,53.0,0.25,0.0,softmax,3.5,stable_mixture,True,11,True,0.113139181451867,38,0.0107675490927918,99.91393282894086,100,high,78.79242488015784
154.0,7.0,54.0,0.25,0.0,softmax,3.5,stable_mixture,True,11,True,0.113139181451867,38,0.0107675490927918,99.91393282894086,100,high,78.79242488015784
156.0,7.0,56.0,0.25,0.0,softmax,3.5,stable_mixture,True,11,True,0.113139181451867,38,0.0107675490927918,99.91393282894086,100,high,78.79242488015784
159.0,7.0,59.0,0.25,0.0,softmax,3.5,stable_mixture,True,11,True,0.113139181451867,38,0.0107675490927918,99.91393282894086,100,high,78.79242488015784
160.0,7.0,60.0,0.25,0.0,softmax,3.5,stable_mixture,True,11,True,0.113139181451867,38,0.0107675490927918,99.91393282894086,100,high,78.79242488015784
161.0,7.0,61.0,0.25,0.0,softmax,3.5,stable_mixture,True,11,True,0.113139181451867,38,0.0107675490927918,99.91393282894086,100,high,78.79242488015784
175.0,7.0,75.0,0.25,0.0,softmax,3.5,stable_mixture,True,11,True,0.113139181451867,38,0.0107675490927918,99.91393282894086,100,high,78.79242488015784
176.0,7.0,76.0,0.25,0.0,softmax,3.5,stable_mixture,True,11,True,0.1131391814518671,38,0.0107675490927918,99.91393282894086,100,high,78.79242488015784
180.0,7.0,80.0,0.25,0.0,softmax,3.5,stable_mixture,True,11,True,0.113139181451867,38,0.0107675490927918,99.91393282894086,100,high,78.79242488015784
181.0,7.0,81.0,0.25,0.0,softmax,3.5,stable_mixture,True,11,True,0.113139181451867,38,0.0107675490927918,99.91393282894086,100,high,78.79242488015784
182.0,7.0,82.0,0.25,0.0,softmax,3.5,stable_mixture,True,11,True,0.113139181451867,38,0.0107675490927918,99.91393282894086,100,high,78.79242488015784
187.0,7.0,87.0,0.25,0.0,softmax,3.5,stable_mixture,True,11,True,0.113139181451867,38,0.0107675490927918,99.91393282894086,100,high,78.79242488015784
188.0,7.0,88.0,0.25,0.0,softmax,3.5,stable_mixture,True,11,True,0.113139181451867,38,0.0107675490927918,99.91393282894086,100,high,78.79242488015784
192.0,7.0,92.0,0.25,0.0,softmax,3.5,stable_mixture,True,11,True,0.113139181451867,38,0.0107675490927918,99.91393282894086,100,high,78.79242488015784
197.0,7.0,97.0,0.25,0.0,softmax,3.5,stable_mixture,True,11,True,0.113139181451867,38,0.0107675490927918,99.91393282894086,100,high,78.79242488015784
199.0,7.0,99.0,0.25,0.0,softmax,3.5,stable_mixture,True,11,True,0.113139181451867,38,0.0107675490927918,99.91393282894086,100,high,78.79242488015784
103.0,7.0,3.0,0.25,0.0,sparsemax,0.05,stable_mixture,True,13,True,0.1608888564486196,38,0.0110908655921866,99.81606076965797,100,high,78.79242488015784
110.0,7.0,10.0,0.25,0.0,sparsemax,0.05,stable_mixture,True,13,True,0.1608888564486196,38,0.0110908655921866,99.81606076965797,100,high,78.79242488015784
111.0,7.0,11.0,0.25,0.0,sparsemax,0.05,stable_mixture,True,12,True,0.1608888564486196,38,0.0110908655921866,99.81606076965797,100,high,78.79242488015784
115.0,7.0,15.0,0.25,0.0,sparsemax,0.05,stable_mixture,True,13,True,0.1608888564486196,38,0.0110908655921866,99.81606076965797,100,high,78.79242488015784
120.0,7.0,20.0,0.25,0.0,sparsemax,0.05,stable_mixture,True,13,True,0.1608888564486196,38,0.0110908655921866,99.81606076965797,100,high,78.79242488015784
121.0,7.0,21.0,0.25,0.0,sparsemax,0.05,stable_mixture,True,13,True,0.1608888564486196,38,0.0110908655921866,99.81606076965797,100,high,78.79242488015784
123.0,7.0,23.0,0.25,0.0,sparsemax,0.05,stable_mixture,True,12,True,0.1608888564486196,38,0.0110908655921866,99.81606076965797,100,high,78.79242488015784
124.0,7.0,24.0,0.25,0.0,sparsemax,0.05,stable_mixture,True,13,True,0.1608888564486196,38,0.0110908655921866,99.81606076965797,100,high,78.79242488015784
126.0,7.0,26.0,0.25,0.0,sparsemax,0.05,stable_mixture,True,12,True,0.1608888564486196,38,0.0110908655921866,99.81606076965797,100,high,78.79242488015784
135.0,7.0,35.0,0.25,0.0,sparsemax,0.05,stable_mixture,True,12,True,0.1608888564486196,38,0.0110908655921866,99.81606076965797,100,high,78.79242488015784
137.0,7.0,37.0,0.25,0.0,sparsemax,0.05,stable_mixture,True,13,True,0.1608888564486196,38,0.0110908655921866,99.81606076965797,100,high,78.79242488015784
138.0,7.0,38.0,0.25,0.0,sparsemax,0.05,stable_mixture,True,12,True,0.1608888564486196,38,0.0110908655921866,99.81606076965797,100,high,78.79242488015784
140.0,7.0,40.0,0.25,0.0,sparsemax,0.05,stable_mixture,True,12,True,0.1608888564486196,38,0.0110908655921866,99.81606076965797,100,high,78.79242488015784
144.0,7.0,44.0,0.25,0.0,sparsemax,0.05,stable_mixture,True,12,True,0.1608888564486196,38,0.0110908655921866,99.81606076965797,100,high,78.79242488015784
147.0,7.0,47.0,0.25,0.0,sparsemax,0.05,stable_mixture,True,13,True,0.1608888564486196,38,0.0110908655921866,99.81606076965797,100,high,78.79242488015784
150.0,7.0,50.0,0.25,0.0,sparsemax,0.05,stable_mixture,True,12,True,0.1608888564486196,38,0.0110908655921866,99.81606076965797,100,high,78.79242488015784
153.0,7.0,53.0,0.25,0.0,sparsemax,0.05,stable_mixture,True,13,True,0.1608888564486196,38,0.0110908655921866,99.81606076965797,100,high,78.79242488015784
154.0,7.0,54.0,0.25,0.0,sparsemax,0.05,stable_mixture,True,13,True,0.1608888564486196,38,0.0110908655921866,99.81606076965797,100,high,78.79242488015784
156.0,7.0,56.0,0.25,0.0,sparsemax,0.05,stable_mixture,True,12,True,0.1608888564486196,38,0.0110908655921866,99.81606076965797,100,high,78.79242488015784
159.0,7.0,59.0,0.25,0.0,sparsemax,0.05,stable_mixture,True,13,True,0.1608888564486196,38,0.0110908655921866,99.81606076965797,100,high,78.79242488015784
160.0,7.0,60.0,0.25,0.0,sparsemax,0.05,stable_mixture,True,13,True,0.1608888564486196,38,0.0110908655921866,99.81606076965797,100,high,78.79242488015784
161.0,7.0,61.0,0.25,0.0,sparsemax,0.05,stable_mixture,True,12,True,0.1608888564486196,38,0.0110908655921866,99.81606076965797,100,high,78.79242488015784
175.0,7.0,75.0,0.25,0.0,sparsemax,0.05,stable_mixture,True,12,True,0.1608888564486196,38,0.0110908655921866,99.81606076965797,100,high,78.79242488015784
176.0,7.0,76.0,0.25,0.0,sparsemax,0.05,stable_mixture,True,13,True,0.1608888564486196,38,0.0110908655921866,99.81606076965797,100,high,78.79242488015784
180.0,7.0,80.0,0.25,0.0,sparsemax,0.05,stable_mixture,True,12,True,0.1608888564486196,38,0.0110908655921866,99.81606076965797,100,high,78.79242488015784
181.0,7.0,81.0,0.25,0.0,sparsemax,0.05,stable_mixture,True,12,True,0.1608888564486196,38,0.0110908655921866,99.81606076965797,100,high,78.79242488015784
182.0,7.0,82.0,0.25,0.0,sparsemax,0.05,stable_mixture,True,13,True,0.1608888564486196,38,0.0110908655921866,99.81606076965797,100,high,78.79242488015784
187.0,7.0,87.0,0.25,0.0,sparsemax,0.05,stable_mixture,True,12,True,0.1608888564486196,38,0.0110908655921866,99.81606076965797,100,high,78.79242488015784
188.0,7.0,88.0,0.25,0.0,sparsemax,0.05,stable_mixture,True,13,True,0.1608888564486196,38,0.0110908655921866,99.81606076965797,100,high,78.79242488015784
192.0,7.0,92.0,0.25,0.0,sparsemax,0.05,stable_mixture,True,12,True,0.1608888564486196,38,0.0110908655921866,99.81606076965797,100,high,78.79242488015784
197.0,7.0,97.0,0.25,0.0,sparsemax,0.05,stable_mixture,True,13,True,0.1608888564486196,38,0.0110908655921866,99.81606076965797,100,high,78.79242488015784
199.0,7.0,99.0,0.25,0.0,sparsemax,0.05,stable_mixture,True,13,True,0.1608888564486196,38,0.0110908655921866,99.81606076965797,100,high,78.79242488015784
203.0,7.0,3.0,0.4,0.0,softmax,19.0,other_stored_memory_like,True,12,True,3.309929099138434e-05,79,0.9999978558265332,1.0000042883604887,100,middle,15.279073017755698
210.0,7.0,10.0,0.4,0.0,softmax,19.0,other_stored_memory_like,True,9,True,2.9868747439415868e-05,18,0.9999980935407056,1.0000038129293394,100,middle,15.279073017755698
211.0,7.0,11.0,0.4,0.0,softmax,19.0,other_stored_memory_like,True,9,True,5.909727229867598e-05,38,0.999995978812616,1.0000080424210058,100,middle,15.279073017755698
215.0,7.0,15.0,0.4,0.0,softmax,19.0,stable_mixture,True,37,True,0.6560264888406648,38,0.0189684597843847,94.8282631301414,100,middle,15.279073017755698
220.0,7.0,20.0,0.4,0.0,softmax,19.0,stable_mixture,True,37,True,0.6560264888406648,38,0.0189684597843847,94.82826313014134,100,middle,15.279073017755698
221.0,7.0,21.0,0.4,0.0,softmax,19.0,other_stored_memory_like,True,9,True,3.07772386177159e-05,8,0.999998066163849,1.0000038676832057,100,middle,15.279073017755698
223.0,7.0,23.0,0.4,0.0,softmax,19.0,correct_memory_like,True,9,True,2.470189426217108e-05,23,0.9999984584197392,1.0000030831675366,100,middle,15.279073017755698
224.0,7.0,24.0,0.4,0.0,softmax,19.0,other_stored_memory_like,True,18,True,4.2140563366022655e-05,5,0.999997136477746,1.0000057270686464,100,middle,15.279073017755698
226.0,7.0,26.0,0.4,0.0,softmax,19.0,other_stored_memory_like,True,8,True,3.563428836978662e-05,36,0.999997704804319,1.0000045904067694,100,middle,15.279073017755698
235.0,7.0,35.0,0.4,0.0,softmax,19.0,other_stored_memory_like,True,9,True,2.188857173888019e-05,58,0.999998681954813,1.0000026360955308,100,middle,15.279073017755698
237.0,7.0,37.0,0.4,0.0,softmax,19.0,other_stored_memory_like,True,7,True,4.3201808459645945e-05,11,0.9999972264309768,1.0000055471600953,100,middle,15.279073017755698
238.0,7.0,38.0,0.4,0.0,softmax,19.0,correct_memory_like,True,9,True,5.909727229867598e-05,38,0.999995978812616,1.0000080424210058,100,middle,15.279073017755698
240.0,7.0,40.0,0.4,0.0,softmax,19.0,other_stored_memory_like,True,9,True,3.124762716555394e-05,96,0.9999980040827166,1.0000039918463193,100,middle,15.279073017755698
244.0,7.0,44.0,0.4,0.0,softmax,19.0,stable_mixture,True,39,True,0.6560264888406651,38,0.0189684597843847,94.82826313014134,100,middle,15.279073017755698
247.0,7.0,47.0,0.4,0.0,softmax,19.0,other_stored_memory_like,True,9,True,2.8185916737114818e-05,72,0.9999982263682567,1.0000035472727726,100,middle,15.279073017755698
250.0,7.0,50.0,0.4,0.0,softmax,19.0,stable_mixture,True,38,True,0.6560264888406651,38,0.0189684597843847,94.8282631301414,100,middle,15.279073017755698
253.0,7.0,53.0,0.4,0.0,softmax,19.0,correct_memory_like,True,12,True,2.9631698668353235e-05,53,0.9999981352391526,1.0000037295320074,100,middle,15.279073017755698
254.0,7.0,54.0,0.4,0.0,softmax,19.0,stable_mixture,True,40,True,0.6560264888406648,38,0.0189684597843847,94.82826313014134,100,middle,15.279073017755698
256.0,7.0,56.0,0.4,0.0,softmax,19.0,other_stored_memory_like,True,8,True,3.937025975244771e-05,81,0.9999973420766508,1.0000053158674211,100,middle,15.279073017755698
259.0,7.0,59.0,0.4,0.0,softmax,19.0,stable_mixture,True,37,True,0.6560264888406653,38,0.0189684597843847,94.82826313014134,100,middle,15.279073017755698
260.0,7.0,60.0,0.4,0.0,softmax,19.0,other_stored_memory_like,True,8,True,3.07772386177159e-05,8,0.999998066163849,1.0000038676832057,100,middle,15.279073017755698
261.0,7.0,61.0,0.4,0.0,softmax,19.0,other_stored_memory_like,True,8,True,4.804747269807106e-05,86,0.9999967658560964,1.000006468318049,100,middle,15.279073017755698
275.0,7.0,75.0,0.4,0.0,softmax,19.0,other_stored_memory_like,True,12,True,5.685227645363157e-05,60,0.999996213144576,1.0000075737520018,100,middle,15.279073017755698
276.0,7.0,76.0,0.4,0.0,softmax,19.0,other_stored_memory_like,True,8,True,4.644609694527492e-05,94,0.9999968367279732,1.0000063265730916,100,middle,15.279073017755698
280.0,7.0,80.0,0.4,0.0,softmax,19.0,other_stored_memory_like,True,11,True,3.423235117749566e-05,9,0.9999978492454414,1.0000043015224869,100,middle,15.279073017755698
281.0,7.0,81.0,0.4,0.0,softmax,19.0,other_stored_memory_like,True,8,True,2.349833950293603e-05,48,0.9999985636038036,1.0000028727985024,100,middle,15.279073017755698
282.0,7.0,82.0,0.4,0.0,softmax,19.0,other_stored_memory_like,True,8,True,2.869437293101212e-05,29,0.9999981741966502,1.00000365161649,100,middle,15.279073017755698
287.0,7.0,87.0,0.4,0.0,softmax,19.0,other_stored_memory_like,True,9,True,3.549373788578224e-05,99,0.9999976703114162,1.000004659393159,100,middle,15.279073017755698
288.0,7.0,88.0,0.4,0.0,softmax,19.0,correct_memory_like,True,11,True,3.324012092495215e-05,88,0.9999978205455906,1.000004358922847,100,middle,15.279073017755698
292.0,7.0,92.0,0.4,0.0,softmax,19.0,stable_mixture,True,42,True,0.6560264888406653,38,0.0189684597843847,94.82826313014134,100,middle,15.279073017755698
297.0,7.0,97.0,0.4,0.0,softmax,19.0,other_stored_memory_like,True,8,True,6.297195221126184e-05,71,0.9999956526859374,1.0000086946825897,100,middle,15.279073017755698
299.0,7.0,99.0,0.4,0.0,softmax,19.0,other_stored_memory_like,True,8,True,2.940181374577401e-05,46,0.9999981526458294,1.000003694718431,100,middle,15.279073017755698
203.0,7.0,3.0,0.4,0.0,sparsemax,0.75,unconverged_or_unstable,False,-1,True,0.9376764472789904,60,0.2274931837503867,6.457814545518278,9,middle,15.279073017755698
210.0,7.0,10.0,0.4,0.0,sparsemax,0.75,unconverged_or_unstable,False,-1,True,0.8842468938666095,70,0.2806107647234561,4.719252588470262,8,middle,15.279073017755698
211.0,7.0,11.0,0.4,0.0,sparsemax,0.75,unconverged_or_unstable,False,-1,True,0.9376764472789904,60,0.2274977698917097,6.458514943587468,9,middle,15.279073017755698
215.0,7.0,15.0,0.4,0.0,sparsemax,0.75,unconverged_or_unstable,False,-1,True,0.8387536023949356,10,0.2558770298607974,5.908482943381539,9,middle,15.279073017755698
220.0,7.0,20.0,0.4,0.0,sparsemax,0.75,stable_mixture,True,92,True,0.8387536023949356,10,0.2558769373509446,5.908485308753373,9,middle,15.279073017755698
221.0,7.0,21.0,0.4,0.0,sparsemax,0.75,stable_mixture,True,94,True,0.8387536023949356,10,0.2558769360760069,5.908485342795507,9,middle,15.279073017755698
223.0,7.0,23.0,0.4,0.0,sparsemax,0.75,stable_mixture,True,100,True,0.8387536023949356,10,0.2558769269094632,5.9084855874171645,9,middle,15.279073017755698
224.0,7.0,24.0,0.4,0.0,sparsemax,0.75,unconverged_or_unstable,False,-1,True,0.8458649794672166,32,0.2545560195350549,5.839062959822876,8,middle,15.279073017755698
226.0,7.0,26.0,0.4,0.0,sparsemax,0.75,unconverged_or_unstable,False,-1,True,0.9780139659252308,52,0.1722029836501405,8.90847942570785,10,middle,15.279073017755698
235.0,7.0,35.0,0.4,0.0,sparsemax,0.75,unconverged_or_unstable,False,-1,True,0.9444751293267456,14,0.1851001500026961,9.057783565574969,12,middle,15.279073017755698
237.0,7.0,37.0,0.4,0.0,sparsemax,0.75,unconverged_or_unstable,False,-1,True,0.9376764472789904,60,0.2275089184545562,6.460188664104805,9,middle,15.279073017755698
238.0,7.0,38.0,0.4,0.0,sparsemax,0.75,unconverged_or_unstable,False,-1,True,0.9376764472789904,60,0.2274911406585177,6.457520138681431,9,middle,15.279073017755698
240.0,7.0,40.0,0.4,0.0,sparsemax,0.75,unconverged_or_unstable,False,-1,True,0.976690396753135,86,0.2604083051660237,6.225717939880653,14,middle,15.279073017755698
244.0,7.0,44.0,0.4,0.0,sparsemax,0.75,unconverged_or_unstable,False,-1,True,0.9780139659252308,52,0.1719437795724328,8.793351944669952,10,middle,15.279073017755698
247.0,7.0,47.0,0.4,0.0,sparsemax,0.75,stable_mixture,True,98,True,0.8387536023949356,10,0.2558769317395527,5.908485458653603,9,middle,15.279073017755698
250.0,7.0,50.0,0.4,0.0,sparsemax,0.75,unconverged_or_unstable,False,-1,True,0.8842468938666095,70,0.2806021333697605,4.719443766475319,8,middle,15.279073017755698
253.0,7.0,53.0,0.4,0.0,sparsemax,0.75,unconverged_or_unstable,False,-1,True,0.8842468938666095,70,0.2806022878315791,4.719440227217429,8,middle,15.279073017755698
254.0,7.0,54.0,0.4,0.0,sparsemax,0.75,unconverged_or_unstable,False,-1,True,0.9886102617202382,14,0.1827929785622871,9.169622600386925,13,middle,15.279073017755698
256.0,7.0,56.0,0.4,0.0,sparsemax,0.75,unconverged_or_unstable,False,-1,True,0.9780139659252308,52,0.1725359293825914,8.936715597683662,10,middle,15.279073017755698
259.0,7.0,59.0,0.4,0.0,sparsemax,0.75,unconverged_or_unstable,False,-1,True,0.9376764472789904,60,0.2278829968158661,6.4839979711735625,9,middle,15.279073017755698
260.0,7.0,60.0,0.4,0.0,sparsemax,0.75,unconverged_or_unstable,False,-1,True,0.9376764472789904,60,0.2275309159014637,6.46339816212635,9,middle,15.279073017755698
261.0,7.0,61.0,0.4,0.0,sparsemax,0.75,unconverged_or_unstable,False,-1,False,1.0258214121781115,34,0.1762046398002573,7.605008615682229,12,middle,15.279073017755698
275.0,7.0,75.0,0.4,0.0,sparsemax,0.75,unconverged_or_unstable,False,-1,True,0.9376764472789904,60,0.2275001710525259,6.458852194160412,9,middle,15.279073017755698
276.0,7.0,76.0,0.4,0.0,sparsemax,0.75,unconverged_or_unstable,False,-1,True,0.8842468938666095,70,0.2806021691821228,4.719442945418176,8,middle,15.279073017755698
280.0,7.0,80.0,0.4,0.0,sparsemax,0.75,unconverged_or_unstable,False,-1,True,0.9010510191939308,87,0.2161703331057899,7.265792799131964,11,middle,15.279073017755698
281.0,7.0,81.0,0.4,0.0,sparsemax,0.75,unconverged_or_unstable,False,-1,True,0.9780139659252308,52,0.1726140006605201,8.923482272472967,10,middle,15.279073017755698
282.0,7.0,82.0,0.4,0.0,sparsemax,0.75,unconverged_or_unstable,False,-1,True,0.8842468938666095,70,0.2806019887973646,4.719447080929903,8,middle,15.279073017755698
287.0,7.0,87.0,0.4,0.0,sparsemax,0.75,unconverged_or_unstable,False,-1,True,0.9376764472789904,60,0.2274938049146341,6.457900329900347,9,middle,15.279073017755698
288.0,7.0,88.0,0.4,0.0,sparsemax,0.75,unconverged_or_unstable,False,-1,True,0.9376764472789904,60,0.2275126188382622,6.460731227255847,9,middle,15.279073017755698
292.0,7.0,92.0,0.4,0.0,sparsemax,0.75,unconverged_or_unstable,False,-1,True,0.9780139659252308,52,0.1724645474556507,8.942223564859768,10,middle,15.279073017755698
297.0,7.0,97.0,0.4,0.0,sparsemax,0.75,unconverged_or_unstable,False,-1,True,0.9376764472789904,60,0.2285915267677945,6.535108823209421,9,middle,15.279073017755698
299.0,7.0,99.0,0.4,0.0,sparsemax,0.75,unconverged_or_unstable,False,-1,True,0.9309130545860954,67,0.1604387639934283,8.808741067597767,11,middle,15.279073017755698
203.0,7.0,3.0,0.4,0.0,softmax,5.0,stable_mixture,True,12,True,0.1620266930727747,38,0.0111457131660156,99.81602934215609,100,high,82.44553817584185
210.0,7.0,10.0,0.4,0.0,softmax,5.0,stable_mixture,True,13,True,0.1620266930727746,38,0.0111457131660156,99.81602934215609,100,high,82.44553817584185
211.0,7.0,11.0,0.4,0.0,softmax,5.0,stable_mixture,True,13,True,0.1620266930727746,38,0.0111457131660156,99.81602934215609,100,high,82.44553817584185
215.0,7.0,15.0,0.4,0.0,softmax,5.0,stable_mixture,True,12,True,0.1620266930727746,38,0.0111457131660156,99.81602934215609,100,high,82.44553817584185
220.0,7.0,20.0,0.4,0.0,softmax,5.0,stable_mixture,True,13,True,0.1620266930727746,38,0.0111457131660156,99.81602934215609,100,high,82.44553817584185
221.0,7.0,21.0,0.4,0.0,softmax,5.0,stable_mixture,True,12,True,0.1620266930727746,38,0.0111457131660156,99.81602934215609,100,high,82.44553817584185
223.0,7.0,23.0,0.4,0.0,softmax,5.0,stable_mixture,True,12,True,0.1620266930727746,38,0.0111457131660156,99.81602934215609,100,high,82.44553817584185
224.0,7.0,24.0,0.4,0.0,softmax,5.0,stable_mixture,True,12,True,0.1620266930727746,38,0.0111457131660156,99.81602934215609,100,high,82.44553817584185
226.0,7.0,26.0,0.4,0.0,softmax,5.0,stable_mixture,True,12,True,0.1620266930727746,38,0.0111457131660156,99.81602934215609,100,high,82.44553817584185
235.0,7.0,35.0,0.4,0.0,softmax,5.0,stable_mixture,True,12,True,0.1620266930727746,38,0.0111457131660156,99.81602934215609,100,high,82.44553817584185
237.0,7.0,37.0,0.4,0.0,softmax,5.0,stable_mixture,True,12,True,0.1620266930727747,38,0.0111457131660156,99.81602934215609,100,high,82.44553817584185
238.0,7.0,38.0,0.4,0.0,softmax,5.0,stable_mixture,True,13,True,0.1620266930727746,38,0.0111457131660156,99.81602934215609,100,high,82.44553817584185
240.0,7.0,40.0,0.4,0.0,softmax,5.0,stable_mixture,True,13,True,0.1620266930727747,38,0.0111457131660156,99.81602934215609,100,high,82.44553817584185
244.0,7.0,44.0,0.4,0.0,softmax,5.0,stable_mixture,True,12,True,0.1620266930727746,38,0.0111457131660156,99.81602934215609,100,high,82.44553817584185
247.0,7.0,47.0,0.4,0.0,softmax,5.0,stable_mixture,True,12,True,0.1620266930727746,38,0.0111457131660156,99.81602934215609,100,high,82.44553817584185
250.0,7.0,50.0,0.4,0.0,softmax,5.0,stable_mixture,True,12,True,0.1620266930727746,38,0.0111457131660156,99.81602934215609,100,high,82.44553817584185
253.0,7.0,53.0,0.4,0.0,softmax,5.0,stable_mixture,True,13,True,0.1620266930727747,38,0.0111457131660156,99.81602934215609,100,high,82.44553817584185
254.0,7.0,54.0,0.4,0.0,softmax,5.0,stable_mixture,True,12,True,0.1620266930727746,38,0.0111457131660156,99.81602934215609,100,high,82.44553817584185
256.0,7.0,56.0,0.4,0.0,softmax,5.0,stable_mixture,True,12,True,0.1620266930727746,38,0.0111457131660156,99.81602934215609,100,high,82.44553817584185
259.0,7.0,59.0,0.4,0.0,softmax,5.0,stable_mixture,True,13,True,0.1620266930727745,38,0.0111457131660156,99.81602934215609,100,high,82.44553817584185
260.0,7.0,60.0,0.4,0.0,softmax,5.0,stable_mixture,True,12,True,0.1620266930727746,38,0.0111457131660156,99.81602934215609,100,high,82.44553817584185
261.0,7.0,61.0,0.4,0.0,softmax,5.0,stable_mixture,True,12,True,0.1620266930727746,38,0.0111457131660156,99.81602934215609,100,high,82.44553817584185
275.0,7.0,75.0,0.4,0.0,softmax,5.0,stable_mixture,True,12,True,0.1620266930727746,38,0.0111457131660156,99.81602934215609,100,high,82.44553817584185
276.0,7.0,76.0,0.4,0.0,softmax,5.0,stable_mixture,True,13,True,0.1620266930727746,38,0.0111457131660156,99.81602934215609,100,high,82.44553817584185
280.0,7.0,80.0,0.4,0.0,softmax,5.0,stable_mixture,True,12,True,0.1620266930727746,38,0.0111457131660156,99.81602934215609,100,high,82.44553817584185
281.0,7.0,81.0,0.4,0.0,softmax,5.0,stable_mixture,True,13,True,0.1620266930727746,38,0.0111457131660156,99.81602934215609,100,high,82.44553817584185
282.0,7.0,82.0,0.4,0.0,softmax,5.0,stable_mixture,True,12,True,0.1620266930727746,38,0.0111457131660156,99.81602934215609,100,high,82.44553817584185
287.0,7.0,87.0,0.4,0.0,softmax,5.0,stable_mixture,True,13,True,0.1620266930727746,38,0.0111457131660156,99.81602934215609,100,high,82.44553817584185
288.0,7.0,88.0,0.4,0.0,softmax,5.0,stable_mixture,True,12,True,0.1620266930727746,38,0.0111457131660156,99.81602934215609,100,high,82.44553817584185
292.0,7.0,92.0,0.4,0.0,softmax,5.0,stable_mixture,True,12,True,0.1620266930727746,38,0.0111457131660156,99.81602934215609,100,high,82.44553817584185
297.0,7.0,97.0,0.4,0.0,softmax,5.0,stable_mixture,True,12,True,0.1620266930727746,38,0.0111457131660156,99.81602934215609,100,high,82.44553817584185
299.0,7.0,99.0,0.4,0.0,softmax,5.0,stable_mixture,True,12,True,0.1620266930727746,38,0.0111457131660156,99.81602934215609,100,high,82.44553817584185
203.0,7.0,3.0,0.4,0.0,sparsemax,0.05,stable_mixture,True,12,True,0.1608888564486196,38,0.0110908655921866,99.81606076965797,100,high,82.44553817584185
210.0,7.0,10.0,0.4,0.0,sparsemax,0.05,stable_mixture,True,13,True,0.1608888564486196,38,0.0110908655921866,99.81606076965797,100,high,82.44553817584185
211.0,7.0,11.0,0.4,0.0,sparsemax,0.05,stable_mixture,True,12,True,0.1608888564486196,38,0.0110908655921866,99.81606076965797,100,high,82.44553817584185
215.0,7.0,15.0,0.4,0.0,sparsemax,0.05,stable_mixture,True,12,True,0.1608888564486196,38,0.0110908655921866,99.81606076965797,100,high,82.44553817584185
220.0,7.0,20.0,0.4,0.0,sparsemax,0.05,stable_mixture,True,13,True,0.1608888564486196,38,0.0110908655921866,99.81606076965797,100,high,82.44553817584185
221.0,7.0,21.0,0.4,0.0,sparsemax,0.05,stable_mixture,True,12,True,0.1608888564486196,38,0.0110908655921866,99.81606076965797,100,high,82.44553817584185
223.0,7.0,23.0,0.4,0.0,sparsemax,0.05,stable_mixture,True,12,True,0.1608888564486196,38,0.0110908655921866,99.81606076965797,100,high,82.44553817584185
224.0,7.0,24.0,0.4,0.0,sparsemax,0.05,stable_mixture,True,12,True,0.1608888564486196,38,0.0110908655921866,99.81606076965797,100,high,82.44553817584185
226.0,7.0,26.0,0.4,0.0,sparsemax,0.05,stable_mixture,True,12,True,0.1608888564486196,38,0.0110908655921866,99.81606076965797,100,high,82.44553817584185
235.0,7.0,35.0,0.4,0.0,sparsemax,0.05,stable_mixture,True,12,True,0.1608888564486196,38,0.0110908655921866,99.81606076965797,100,high,82.44553817584185
237.0,7.0,37.0,0.4,0.0,sparsemax,0.05,stable_mixture,True,13,True,0.1608888564486196,38,0.0110908655921866,99.81606076965797,100,high,82.44553817584185
238.0,7.0,38.0,0.4,0.0,sparsemax,0.05,stable_mixture,True,13,True,0.1608888564486196,38,0.0110908655921866,99.81606076965797,100,high,82.44553817584185
240.0,7.0,40.0,0.4,0.0,sparsemax,0.05,stable_mixture,True,13,True,0.1608888564486196,38,0.0110908655921866,99.81606076965797,100,high,82.44553817584185
244.0,7.0,44.0,0.4,0.0,sparsemax,0.05,stable_mixture,True,12,True,0.1608888564486196,38,0.0110908655921866,99.81606076965797,100,high,82.44553817584185
247.0,7.0,47.0,0.4,0.0,sparsemax,0.05,stable_mixture,True,12,True,0.1608888564486196,38,0.0110908655921866,99.81606076965797,100,high,82.44553817584185
250.0,7.0,50.0,0.4,0.0,sparsemax,0.05,stable_mixture,True,12,True,0.1608888564486196,38,0.0110908655921866,99.81606076965797,100,high,82.44553817584185
253.0,7.0,53.0,0.4,0.0,sparsemax,0.05,stable_mixture,True,12,True,0.1608888564486196,38,0.0110908655921866,99.81606076965797,100,high,82.44553817584185
254.0,7.0,54.0,0.4,0.0,sparsemax,0.05,stable_mixture,True,12,True,0.1608888564486196,38,0.0110908655921866,99.81606076965797,100,high,82.44553817584185
256.0,7.0,56.0,0.4,0.0,sparsemax,0.05,stable_mixture,True,12,True,0.1608888564486196,38,0.0110908655921866,99.81606076965797,100,high,82.44553817584185
259.0,7.0,59.0,0.4,0.0,sparsemax,0.05,stable_mixture,True,12,True,0.1608888564486196,38,0.0110908655921866,99.81606076965797,100,high,82.44553817584185
260.0,7.0,60.0,0.4,0.0,sparsemax,0.05,stable_mixture,True,12,True,0.1608888564486196,38,0.0110908655921866,99.81606076965797,100,high,82.44553817584185
261.0,7.0,61.0,0.4,0.0,sparsemax,0.05,stable_mixture,True,12,True,0.1608888564486196,38,0.0110908655921866,99.81606076965797,100,high,82.44553817584185
275.0,7.0,75.0,0.4,0.0,sparsemax,0.05,stable_mixture,True,12,True,0.1608888564486196,38,0.0110908655921866,99.81606076965797,100,high,82.44553817584185
276.0,7.0,76.0,0.4,0.0,sparsemax,0.05,stable_mixture,True,13,True,0.1608888564486196,38,0.0110908655921866,99.81606076965797,100,high,82.44553817584185
280.0,7.0,80.0,0.4,0.0,sparsemax,0.05,stable_mixture,True,12,True,0.1608888564486196,38,0.0110908655921866,99.81606076965797,100,high,82.44553817584185
281.0,7.0,81.0,0.4,0.0,sparsemax,0.05,stable_mixture,True,13,True,0.1608888564486196,38,0.0110908655921866,99.81606076965797,100,high,82.44553817584185
282.0,7.0,82.0,0.4,0.0,sparsemax,0.05,stable_mixture,True,12,True,0.1608888564486196,38,0.0110908655921866,99.81606076965797,100,high,82.44553817584185
287.0,7.0,87.0,0.4,0.0,sparsemax,0.05,stable_mixture,True,12,True,0.1608888564486196,38,0.0110908655921866,99.81606076965797,100,high,82.44553817584185
288.0,7.0,88.0,0.4,0.0,sparsemax,0.05,stable_mixture,True,12,True,0.1608888564486196,38,0.0110908655921866,99.81606076965797,100,high,82.44553817584185
292.0,7.0,92.0,0.4,0.0,sparsemax,0.05,stable_mixture,True,12,True,0.1608888564486196,38,0.0110908655921866,99.81606076965797,100,high,82.44553817584185
297.0,7.0,97.0,0.4,0.0,sparsemax,0.05,stable_mixture,True,12,True,0.1608888564486196,38,0.0110908655921866,99.81606076965797,100,high,82.44553817584185
299.0,7.0,99.0,0.4,0.0,sparsemax,0.05,stable_mixture,True,12,True,0.1608888564486196,38,0.0110908655921866,99.81606076965797,100,high,82.44553817584185
