beta,pattern_seed,probe,memory_kind,memory_id,direction_id,rate,r2,initial_speed,final_speed,oracle_margin
8.0,10009,seed_relaxation,pure,0,-1,0.9995433625859085,0.9999999999999999,0.00012197905074121552,2.238209117216913e-06,0.999552484894476
8.0,10009,seed_relaxation,pure,1,-1,0.9998517685704071,1.0,3.690246169482102e-05,6.762930497336924e-07,0.9998502575588917
8.0,10009,seed_relaxation,pure,2,-1,0.9998517685704071,1.0,3.690246169482102e-05,6.762930497336924e-07,0.9998502575588905
8.0,10009,seed_relaxation,mixture,3,-1,0.7860790470892678,0.9999818741941322,0.11381347621665765,0.0052619480591150816,0.3875594099056089
8.0,10009,matched_local_probe,pure,0,0,1.0000095353076042,0.9999999999999999,0.050000454415580396,0.0009157560456057766,0.999552484894476
8.0,10009,matched_local_probe,pure,0,1,1.000019136737868,0.9999999999999999,0.05000094246689694,0.000915729565910986,0.999552484894476
8.0,10009,matched_local_probe,pure,0,2,1.0000268979795925,1.0,0.05000135027423179,0.0009157079792937869,0.999552484894476
8.0,10009,matched_local_probe,pure,0,3,1.0000175730711414,1.0,0.05000088526420827,0.0009157335821939605,0.999552484894476
8.0,10009,matched_local_probe,pure,0,4,0.99996021724857,0.9999999999999991,0.04999804544089223,0.000915890785638314,0.999552484894476
8.0,10009,matched_local_probe,pure,0,5,0.9999955189848302,1.0,0.04999977769165052,0.000915794232346346,0.999552484894476
8.0,10009,matched_local_probe,pure,0,6,0.9998870428946413,0.9999999999999679,0.0499945813414699,0.0009160892994731652,0.999552484894476
8.0,10009,matched_local_probe,pure,0,7,1.000024175165328,0.9999999999999997,0.050001175345420076,0.0009157159708541787,0.999552484894476
8.0,10009,matched_local_probe,pure,1,0,1.000001761809186,1.0,0.05000007890577609,0.0009157772271866835,0.9998502575588917
8.0,10009,matched_local_probe,pure,1,1,1.0000084603806787,1.0,0.05000042724470559,0.0009157586471204689,0.9998502575588917
8.0,10009,matched_local_probe,pure,1,2,1.0000114412107466,1.0,0.0500005699421005,0.0009157505401286505,0.9998502575588917
8.0,10009,matched_local_probe,pure,1,3,1.000001941364084,0.9999999999999999,0.05000007776393828,0.0009157768693702521,0.9998502575588917
8.0,10009,matched_local_probe,pure,1,4,0.9999965822746627,1.0,0.04999982674038246,0.0009157913657364882,0.9998502575588917
8.0,10009,matched_local_probe,pure,1,5,1.0000058814920854,1.0,0.05000029551562149,0.0009157657677141504,0.9998502575588917
8.0,10009,matched_local_probe,pure,1,6,0.999959860846453,0.9999999999999973,0.049998069866589265,0.0009158912145738609,0.9998502575588917
8.0,10009,matched_local_probe,pure,1,7,1.0000081535464442,1.0,0.05000041413436985,0.000915759461191585,0.9998502575588917
8.0,10009,matched_local_probe,pure,2,0,0.9999560487492989,0.9999999999999921,0.049997933796814255,0.0009159009568608164,0.9998502575588905
8.0,10009,matched_local_probe,pure,2,1,1.0000082050274837,0.9999999999999998,0.05000043595135549,0.0009157590746737303,0.9998502575588905
8.0,10009,matched_local_probe,pure,2,2,1.000005153852793,1.0,0.0500002577235349,0.0009157677849138709,0.9998502575588905
8.0,10009,matched_local_probe,pure,2,3,1.0000089659906624,1.0,0.05000045226072426,0.0009157572611328904,0.9998502575588905
8.0,10009,matched_local_probe,pure,2,4,0.9999878911029864,1.0,0.04999939961385,0.0009158151479362091,0.9998502575588905
8.0,10009,matched_local_probe,pure,2,5,0.9999920256817884,1.0,0.04999960437194663,0.0009158038147992364,0.9998502575588905
8.0,10009,matched_local_probe,pure,2,6,0.9999791015574648,0.9999999999999993,0.0499989909924768,0.0009158388885887678,0.9998502575588905
8.0,10009,matched_local_probe,pure,2,7,0.9999993018741278,1.0,0.049999958009628045,0.0009157839551852631,0.9998502575588905
8.0,10009,matched_local_probe,mixture,3,0,0.5771419448485687,0.9956029332809028,0.04400563452081312,0.002318091620371703,0.3875594099056089
8.0,10009,matched_local_probe,mixture,3,1,0.8850752272935767,0.9986191237787165,0.0530529522071204,0.0011218663941145184,0.3875594099056089
8.0,10009,matched_local_probe,mixture,3,2,0.9724701873422235,0.9998440566888125,0.05114088231873209,0.00095304473539442,0.3875594099056089
8.0,10009,matched_local_probe,mixture,3,3,0.8227563078557081,0.9974939913213334,0.05174652920521824,0.0012862816729072894,0.3875594099056089
8.0,10009,matched_local_probe,mixture,3,4,0.814138818310562,0.9984707694616016,0.0514261876422641,0.001342339730044693,0.3875594099056089
8.0,10009,matched_local_probe,mixture,3,5,0.8422807250773798,0.9986502897132862,0.05094056750486375,0.0012602090146470561,0.3875594099056089
8.0,10009,matched_local_probe,mixture,3,6,0.8050833951760037,0.9993216071013936,0.04818062162715059,0.0014372706680781985,0.3875594099056089
8.0,10009,matched_local_probe,mixture,3,7,0.8385154054568107,0.9987754414967769,0.051123418057792344,0.0012822008030723402,0.3875594099056089
8.0,10011,seed_relaxation,pure,0,-1,0.9998517685704069,1.0,3.690246169482102e-05,6.762930497336924e-07,0.9998502575588907
8.0,10011,seed_relaxation,pure,1,-1,0.9995433625859085,0.9999999999999999,0.00012197905074121552,2.238209117216913e-06,0.9995524848944771
8.0,10011,seed_relaxation,pure,2,-1,0.9998517685704071,1.0,3.690246169482102e-05,6.762930497336924e-07,0.9998502575588896
8.0,10011,seed_relaxation,mixture,3,-1,0.7860790470892686,0.9999818741941322,0.11381347621665765,0.0052619480591150816,0.38755940990560933
8.0,10011,matched_local_probe,pure,0,0,1.0000111538374703,1.0,0.05000056223490006,0.0009157512430049872,0.9998502575588907
8.0,10011,matched_local_probe,pure,0,1,1.0000093622008743,1.0,0.05000046125329087,0.0009157563137449221,0.9998502575588907
8.0,10011,matched_local_probe,pure,0,2,0.9999942314441886,1.0,0.04999970350643222,0.0009157979010078046,0.9998502575588907
8.0,10011,matched_local_probe,pure,0,3,1.0000116423618766,1.0,0.05000058679405207,0.0009157498991147331,0.9998502575588907
8.0,10011,matched_local_probe,pure,0,4,0.9999983293359579,1.0,0.049999910972354046,0.0009157866069086273,0.9998502575588907
8.0,10011,matched_local_probe,pure,0,5,1.0000125610252009,0.9999999999999998,0.050000654285605066,0.0009157470974891539,0.9998502575588907
8.0,10011,matched_local_probe,pure,0,6,1.0000159697396631,0.9999999999999997,0.05000082931669361,0.0009157376748013086,0.9998502575588907
8.0,10011,matched_local_probe,pure,0,7,1.0000110217117546,1.0,0.05000055305053348,0.0009157516404017082,0.9998502575588907
8.0,10011,matched_local_probe,pure,1,0,1.000024961140069,1.0,0.05000124341094002,0.0009157134312248781,0.9995524848944771
8.0,10011,matched_local_probe,pure,1,1,1.000039239431688,0.9999999999999997,0.05000193290726511,0.0009156745275191316,0.9995524848944771
8.0,10011,matched_local_probe,pure,1,2,1.0000277095076535,0.9999999999999954,0.050001267559398065,0.0009157073829212285,0.9995524848944771
8.0,10011,matched_local_probe,pure,1,3,1.0000382279838045,1.0,0.050001916459195474,0.0009156768595462654,0.9995524848944771
8.0,10011,matched_local_probe,pure,1,4,1.000028925510742,0.9999999999999986,0.0500013798746791,0.0009157033573194811,0.9995524848944771
8.0,10011,matched_local_probe,pure,1,5,1.0000561997762192,0.9999999999999947,0.05000292648199005,0.0009156260580784432,0.9995524848944771
8.0,10011,matched_local_probe,pure,1,6,1.0000257136526287,0.999999999999999,0.050001331811706025,0.0009157107089524837,0.9995524848944771
8.0,10011,matched_local_probe,pure,1,7,1.0000268997289086,0.9999999999999999,0.05000131994349747,0.0009157083720196813,0.9995524848944771
8.0,10011,matched_local_probe,pure,2,0,1.0000198432346012,0.9999999999999999,0.05000097475222173,0.0009157276592996972,0.9998502575588896
8.0,10011,matched_local_probe,pure,2,1,1.0000218631068811,1.0,0.05000109404623879,0.0009157218708852687,0.9998502575588896
8.0,10011,matched_local_probe,pure,2,2,1.0000075202462997,0.9999999999999998,0.05000035078045299,0.0009157616181838843,0.9998502575588896
8.0,10011,matched_local_probe,pure,2,3,1.0000161392614058,1.0,0.05000079844088145,0.0009157377181807132,0.9998502575588896
8.0,10011,matched_local_probe,pure,2,4,1.000008277146112,0.9999999999999999,0.0500004003822125,0.000915759382563325,0.9998502575588896
8.0,10011,matched_local_probe,pure,2,5,1.0000123996507775,0.9999999999999998,0.050000641195270666,0.0009157476059240884,0.9998502575588896
8.0,10011,matched_local_probe,pure,2,6,1.000005514850186,1.0,0.050000282393702675,0.0009157667081757068,0.9998502575588896
8.0,10011,matched_local_probe,pure,2,7,1.000006479446768,1.0,0.05000031260863883,0.0009157642927478772,0.9998502575588896
8.0,10011,matched_local_probe,mixture,3,0,1.061228867378687,0.9999821685611073,0.05397970027187465,0.0007493834946331231,0.38755940990560933
8.0,10011,matched_local_probe,mixture,3,1,1.0413175327763706,0.9999926555955106,0.052971019195293116,0.0007965458827379658,0.38755940990560933
8.0,10011,matched_local_probe,mixture,3,2,0.8668459909505994,0.9996103978474208,0.0487430518184786,0.001243886430366014,0.38755940990560933
8.0,10011,matched_local_probe,mixture,3,3,0.9728694996067451,0.9995651310193129,0.052529731212834926,0.0009302862890257852,0.38755940990560933
8.0,10011,matched_local_probe,mixture,3,4,0.881332453473375,0.999283467168974,0.049319484851731585,0.0011891886844504179,0.38755940990560933
8.0,10011,matched_local_probe,mixture,3,5,0.9652102261284122,0.9999450277816507,0.050535954729324144,0.0009776009719090748,0.38755940990560933
8.0,10011,matched_local_probe,mixture,3,6,0.8669772090582236,0.9971089320504637,0.05275066583882713,0.0011465279387680638,0.38755940990560933
8.0,10011,matched_local_probe,mixture,3,7,0.8528714605960982,0.997202965112004,0.05181979303884857,0.0011999453427838974,0.38755940990560933
8.0,10026,seed_relaxation,pure,0,-1,0.9995433625859085,0.9999999999999999,0.00012197905074121552,2.238209117216913e-06,0.9995524848944775
8.0,10026,seed_relaxation,pure,1,-1,0.9998517685704071,1.0,3.690246169482102e-05,6.762930497336924e-07,0.9998502575588899
8.0,10026,seed_relaxation,pure,2,-1,0.9998517685704069,1.0,3.690246169482102e-05,6.762930497336924e-07,0.9998502575588909
8.0,10026,seed_relaxation,mixture,3,-1,0.719881707522126,0.9999368420474559,0.07209939210314947,0.004605652049001289,0.6374711797074908
8.0,10026,matched_local_probe,pure,0,0,1.0000053167143437,1.0,0.05000026603883003,0.0009157673319679173,0.9995524848944775
8.0,10026,matched_local_probe,pure,0,1,0.9999426972528245,0.9999999999999983,0.049997051780298736,0.0009159404564546272,0.9995524848944775
8.0,10026,matched_local_probe,pure,0,2,0.9998993264917635,0.9999999999999747,0.04999518284847469,0.0009160556991827481,0.9995524848944775
8.0,10026,matched_local_probe,pure,0,3,1.0000045096960422,1.0,0.05000022952733346,0.0009157695033061391,0.9995524848944775
8.0,10026,matched_local_probe,pure,0,4,0.9999791794948872,0.9999999999999997,0.04999896865789117,0.00091583902579089,0.9995524848944775
8.0,10026,matched_local_probe,pure,0,5,1.0000152266417452,0.9999999999999999,0.05000077471007366,0.0009157399393696457,0.9995524848944775
8.0,10026,matched_local_probe,pure,0,6,0.9999243600504273,0.9999999999999861,0.049996377644027784,0.0009159876643795368,0.9995524848944775
8.0,10026,matched_local_probe,pure,0,7,1.000023503384222,1.0,0.050001166078467135,0.000915717493924948,0.9995524848944775
8.0,10026,matched_local_probe,pure,1,0,0.9999772190163899,0.9999999999999988,0.04999880174904406,0.0009158452937814492,0.9998502575588899
8.0,10026,matched_local_probe,pure,1,1,0.9999849338200077,0.9999999999999998,0.04999926626333974,0.0009158230799167191,0.9998502575588899
8.0,10026,matched_local_probe,pure,1,2,0.9999836669116327,0.9999999999999998,0.0499991599632004,0.0009158271184646654,0.9998502575588899
8.0,10026,matched_local_probe,pure,1,3,1.0000008806056881,1.0,0.050000044421167025,0.0009157795203152923,0.9998502575588899
8.0,10026,matched_local_probe,pure,1,4,0.9999897243533981,1.0,0.04999948511649956,0.000915810191608306,0.9998502575588899
8.0,10026,matched_local_probe,pure,1,5,1.0000142140093835,0.9999999999999999,0.050000722599313555,0.0009157427416153405,0.9998502575588899
8.0,10026,matched_local_probe,pure,1,6,0.9999893213192212,0.9999999999999998,0.04999943904332823,0.0009158116304730855,0.9998502575588899
8.0,10026,matched_local_probe,pure,1,7,1.0000070174702733,1.0,0.05000035187826166,0.0009157626528101475,0.9998502575588899
8.0,10026,matched_local_probe,pure,2,0,1.0000027351848648,1.0,0.050000139253470105,0.0009157743978140564,0.9998502575588909
8.0,10026,matched_local_probe,pure,2,1,0.9999955587988261,0.9999999999999999,0.04999979400790536,0.0009157939344567348,0.9998502575588909
8.0,10026,matched_local_probe,pure,2,2,0.9999603669925808,0.9999999999999972,0.049997929284664684,0.0009158919816401411,0.9998502575588909
8.0,10026,matched_local_probe,pure,2,3,1.0000030944389136,0.9999999999999998,0.05000013399904686,0.0009157737201209785,0.9998502575588909
8.0,10026,matched_local_probe,pure,2,4,1.0000039801822767,1.0,0.05000019910056279,0.0009157710102347199,0.9998502575588909
8.0,10026,matched_local_probe,pure,2,5,1.000006360012388,1.0,0.05000031678720487,0.0009157644878462575,0.9998502575588909
8.0,10026,matched_local_probe,pure,2,6,0.9999607614262307,0.9999999999999972,0.049997948246083536,0.0009158909076039129,0.9998502575588909
8.0,10026,matched_local_probe,pure,2,7,1.0000076662951753,1.0,0.05000037832245543,0.0009157609493990473,0.9998502575588909
8.0,10026,matched_local_probe,mixture,3,0,0.9462516911058807,0.999820664731765,0.050585155350412456,0.0010192893999592645,0.6374711797074908
8.0,10026,matched_local_probe,mixture,3,1,0.8540529549934537,0.9995505860568881,0.04829213104218957,0.0012845350910886846,0.6374711797074908
8.0,10026,matched_local_probe,mixture,3,2,0.7766090846914165,0.9993609558027614,0.04683943999033613,0.0015544729389530905,0.6374711797074908
8.0,10026,matched_local_probe,mixture,3,3,1.0007744900536386,0.9999998408670542,0.050193628305984464,0.0009112343842974418,0.6374711797074908
8.0,10026,matched_local_probe,mixture,3,4,0.8459084838847312,0.9991540504195605,0.05000327274420671,0.0012798418892829792,0.6374711797074908
8.0,10026,matched_local_probe,mixture,3,5,0.9689193148735712,0.9999023929910446,0.05075290598332244,0.0009683201334010449,0.6374711797074908
8.0,10026,matched_local_probe,mixture,3,6,0.8101975282919044,0.9993449566018672,0.04773175811101925,0.0014281027317536849,0.6374711797074908
8.0,10026,matched_local_probe,mixture,3,7,1.0026103847143475,0.9999897083041316,0.05104683405623385,0.0008958777800995695,0.6374711797074908
8.0,10028,seed_relaxation,pure,0,-1,0.9633989909363279,0.9999999925526583,0.012773255144479663,0.00027118250838253314,0.963046812295637
8.0,10028,seed_relaxation,pure,1,-1,0.9992588615996515,0.9999999999999989,0.00014920765841628256,2.7409486343226835e-06,0.9992641023267871
8.0,10028,seed_relaxation,pure,2,-1,0.9633989909363266,0.9999999925526583,0.012773255144479597,0.00027118250838253314,0.9630468122956372
8.0,10028,seed_relaxation,mixture,3,-1,0.911397453303941,0.9999997081401636,0.08811407383694374,0.002319255748177741,0.72138089487783
8.0,10028,matched_local_probe,pure,0,0,1.0015415295959746,0.9999999998654889,0.050082280696470194,0.0009114848781288494,0.963046812295637
8.0,10028,matched_local_probe,pure,0,1,1.0031157911335506,0.9999999988362874,0.0501694431117339,0.0009070638540705096,0.963046812295637
8.0,10028,matched_local_probe,pure,0,2,1.0018052633894752,0.9999999992237862,0.050102218828394766,0.0009106593201089196,0.963046812295637
8.0,10028,matched_local_probe,pure,0,3,0.9990618613257247,0.9999999958577763,0.049980779478729136,0.0009179582825248931,0.963046812295637
8.0,10028,matched_local_probe,pure,0,4,0.9987037641507202,0.999999999144573,0.049946547568784264,0.000919192824357957,0.963046812295637
8.0,10028,matched_local_probe,pure,0,5,1.0023656050232521,0.9999999974973732,0.05014402218650338,0.0009090015410510158,0.963046812295637
8.0,10028,matched_local_probe,pure,0,6,0.9990807153561365,0.9999999845474309,0.050010227820260246,0.0009175927755187133,0.963046812295637
8.0,10028,matched_local_probe,pure,0,7,0.9988679274025076,0.9999999982514213,0.04996074160647939,0.0009186574187853667,0.963046812295637
8.0,10028,matched_local_probe,pure,1,0,0.9999927640705726,0.999999999999995,0.04999972227225652,0.0009158007372626479,0.9992641023267871
8.0,10028,matched_local_probe,pure,1,1,1.0000216960421606,0.9999999999999994,0.050001116697036274,0.0009157219256470948,0.9992641023267871
8.0,10028,matched_local_probe,pure,1,2,0.999987453838539,1.0,0.04999935179553033,0.0009158166808322141,0.9992641023267871
8.0,10028,matched_local_probe,pure,1,3,1.0000180304666966,0.9999999999999997,0.050000868245285414,0.0009157328495276981,0.9992641023267871
8.0,10028,matched_local_probe,pure,1,4,0.9999851255789239,0.9999999999999998,0.049999265066263766,0.0009158226956066419,0.9992641023267871
8.0,10028,matched_local_probe,pure,1,5,1.0000250988137427,0.9999999999999982,0.050001311262042,0.0009157122719572671,0.9992641023267871
8.0,10028,matched_local_probe,pure,1,6,1.0000119559054732,1.0,0.05000059014565395,0.0009157491967975,0.9992641023267871
8.0,10028,matched_local_probe,pure,1,7,1.0000050846069437,0.9999999999999976,0.05000031473988281,0.0009157671923740864,0.9992641023267871
8.0,10028,matched_local_probe,pure,2,0,0.9979140889126138,0.9999999889492653,0.04993940652708841,0.0009209542565371689,0.9630468122956372
8.0,10028,matched_local_probe,pure,2,1,0.99922474984179,0.9999999970244674,0.04998333419940291,0.0009176038321778371,0.9630468122956372
8.0,10028,matched_local_probe,pure,2,2,1.0022502360479015,0.9999999895161006,0.050163082488086166,0.0009089639072947694,0.9630468122956372
8.0,10028,matched_local_probe,pure,2,3,0.9993657251194785,0.9999999992544801,0.04997935870843981,0.0009173586675360484,0.9630468122956372
8.0,10028,matched_local_probe,pure,2,4,0.9916846083706252,0.9999999658263091,0.049666982236733076,0.000937709219713298,0.9630468122956372
8.0,10028,matched_local_probe,pure,2,5,1.004099529625237,0.9999999990583168,0.05022294172062051,0.0009043663280708134,0.9630468122956372
8.0,10028,matched_local_probe,pure,2,6,0.994175083260578,0.9999999564976023,0.04979591207346665,0.0009307889000854046,0.9630468122956372
8.0,10028,matched_local_probe,pure,2,7,1.0000697517281625,0.9999999934931236,0.05003577545532117,0.0009151379274257823,0.9630468122956372
8.0,10028,matched_local_probe,mixture,3,0,0.9709368105793571,0.9999701059498077,0.05025978317336797,0.0009731177091439891,0.72138089487783
8.0,10028,matched_local_probe,mixture,3,1,0.996422746185164,0.9999925830140692,0.050866848383045005,0.0009111000556949898,0.72138089487783
8.0,10028,matched_local_probe,mixture,3,2,0.9914454024230263,0.999962419412877,0.05132080227819125,0.0009128763740728028,0.72138089487783
8.0,10028,matched_local_probe,mixture,3,3,0.9818175643472132,0.9999963158757516,0.04986730880740441,0.0009554170729794711,0.72138089487783
8.0,10028,matched_local_probe,mixture,3,4,0.909344623720306,0.9999167482003127,0.04825171332213155,0.0011462109508189426,0.72138089487783
8.0,10028,matched_local_probe,mixture,3,5,1.017431619756416,0.9999925108990578,0.051777519839969685,0.0008577128730825647,0.72138089487783
8.0,10028,matched_local_probe,mixture,3,6,0.9292195889028962,0.9999539043852097,0.04946727316240728,0.0010856796367796817,0.72138089487783
8.0,10028,matched_local_probe,mixture,3,7,0.9780502030144028,0.9999911862152977,0.0501348186220056,0.0009608929172416658,0.72138089487783
8.0,10032,seed_relaxation,pure,0,-1,0.997788332376063,0.999999999999908,0.0006033432389334416,1.1148861762692372e-05,0.9978063102859506
8.0,10032,seed_relaxation,pure,1,-1,0.999401158115884,0.9999999999999996,0.000136275115391252,2.5019525325471787e-06,0.9994085077287771
8.0,10032,seed_relaxation,pure,2,-1,0.9977883323758457,0.999999999999908,0.0006033432389334415,1.1148861762692372e-05,0.9978063102859502
8.0,10032,seed_relaxation,mixture,3,-1,0.9714254311395009,0.9999999956817994,0.020852103697507413,0.00042870672995063216,0.9214056450336199
8.0,10032,matched_local_probe,pure,0,0,0.9997938633452222,0.999999999999738,0.049989742728098405,0.0009163480209956766,0.9978063102859506
8.0,10032,matched_local_probe,pure,0,1,1.0002428826579204,0.9999999999998695,0.05001132841187309,0.0009151257308011332,0.9978063102859506
8.0,10032,matched_local_probe,pure,0,2,1.0001072261629287,0.9999999999999711,0.05000554376175947,0.0009154850428741683,0.9978063102859506
8.0,10032,matched_local_probe,pure,0,3,0.9999904974054393,0.999999999999991,0.04999956618361129,0.000915807540453098,0.9978063102859506
8.0,10032,matched_local_probe,pure,0,4,0.9999411106837018,0.9999999999999956,0.04999706639524974,0.0009159435680305803,0.9978063102859506
8.0,10032,matched_local_probe,pure,0,5,1.0000091583184232,1.0,0.050000456231244245,0.0009157568099041406,0.9978063102859506
8.0,10032,matched_local_probe,pure,0,6,0.9999960443859134,0.9999999999999879,0.04999982325526828,0.0009157925572793252,0.9978063102859506
8.0,10032,matched_local_probe,pure,0,7,1.0001218146117434,0.9999999999999976,0.050006108738045306,0.0009154470646927165,0.9978063102859506
8.0,10032,matched_local_probe,pure,1,0,1.0000189595385254,0.9999999999999989,0.05000099550310643,0.000915729247622888,0.9994085077287771
8.0,10032,matched_local_probe,pure,1,1,1.0000041118871077,0.9999999999999999,0.05000021617059073,0.0009157705097548308,0.9994085077287771
8.0,10032,matched_local_probe,pure,1,2,1.000014682795291,1.0,0.050000720520725565,0.0009157417803778447,0.9994085077287771
8.0,10032,matched_local_probe,pure,1,3,1.0000319372450015,0.9999999999999993,0.05000162880378468,0.0009156937885647085,0.9994085077287771
8.0,10032,matched_local_probe,pure,1,4,1.0000168721909366,0.9999999999999993,0.05000079176673318,0.000915736275053237,0.9994085077287771
8.0,10032,matched_local_probe,pure,1,5,1.000035873278019,1.0,0.050001796075651854,0.000915683362000711,0.9994085077287771
8.0,10032,matched_local_probe,pure,1,6,1.0000211088289717,0.9999999999999957,0.05000114548515053,0.0009157227888166469,0.9994085077287771
8.0,10032,matched_local_probe,pure,1,7,1.000014089153364,0.9999999999999996,0.05000066443115712,0.0009157437664390823,0.9994085077287771
8.0,10032,matched_local_probe,pure,2,0,1.0000371139854958,0.999999999999996,0.05000192554266629,0.0009156791534042691,0.9978063102859502
8.0,10032,matched_local_probe,pure,2,1,1.000009231954055,0.9999999999999815,0.050000541615105,0.0009157556231606617,0.9978063102859502
8.0,10032,matched_local_probe,pure,2,2,1.0001116393545249,0.9999999999999952,0.05000554289848685,0.0009154757118088573,0.9978063102859502
8.0,10032,matched_local_probe,pure,2,3,1.0000769755910106,0.9999999999999999,0.05000383593053914,0.000915570658367773,0.9978063102859502
8.0,10032,matched_local_probe,pure,2,4,1.0000478868355092,0.9999999999999827,0.05000219743875467,0.0009156529124616605,0.9978063102859502
8.0,10032,matched_local_probe,pure,2,5,1.0001018596687825,0.9999999999999863,0.05000520549113454,0.0009155006463909169,0.9978063102859502
8.0,10032,matched_local_probe,pure,2,6,1.000057454477054,0.9999999999999892,0.050002971507210066,0.0009156227855712098,0.9978063102859502
8.0,10032,matched_local_probe,pure,2,7,0.9997750183152667,0.9999999999994329,0.04998940121964676,0.0009163916829193033,0.9978063102859502
8.0,10032,matched_local_probe,mixture,3,0,0.992630189647495,0.9999997281777363,0.04984435345754468,0.0009333810574119424,0.9214056450336199
8.0,10032,matched_local_probe,mixture,3,1,1.0042703965634046,0.9999999159591014,0.050358519314925805,0.0009023452240841656,0.9214056450336199
8.0,10032,matched_local_probe,mixture,3,2,1.0042018145974614,0.9999999723619901,0.05027302347557327,0.000903393876795535,0.9214056450336199
8.0,10032,matched_local_probe,mixture,3,3,1.0011013896580472,0.999999990658751,0.050095300193715275,0.0009122393367315562,0.9214056450336199
8.0,10032,matched_local_probe,mixture,3,4,0.9972887078411766,0.9999998474076606,0.05002415243487569,0.0009209712867681695,0.9214056450336199
8.0,10032,matched_local_probe,mixture,3,5,1.002439897211752,0.9999999972621361,0.05014136052511415,0.0009088176007910341,0.9214056450336199
8.0,10032,matched_local_probe,mixture,3,6,1.0002102514688964,0.999999969733621,0.05007676337015309,0.0009142675207155776,0.9214056450336199
8.0,10032,matched_local_probe,mixture,3,7,0.9944172640824394,0.9999998006542159,0.04989369036488233,0.000928873695530306,0.9214056450336199
8.0,10042,seed_relaxation,pure,0,-1,0.8140720145006336,0.999992711500223,0.062306148160613306,0.0025006087441802193,0.7919076588634685
8.0,10042,seed_relaxation,pure,1,-1,0.9855685305556938,0.9999999998228525,0.003336347906056895,6.475169672855414e-05,0.9854725340971209
8.0,10042,seed_relaxation,pure,2,-1,0.8140720145006336,0.999992711500223,0.062306148160613306,0.002500608744180284,0.791907658863469
8.0,10042,seed_relaxation,mixture,3,-1,0.9822676838129649,0.9999999995808976,0.018049036602986186,0.0003549920648761324,0.9461918986379724
8.0,10042,matched_local_probe,pure,0,0,0.90868283906472,0.9999307880770795,0.04832954175786143,0.0011503623922305003,0.7919076588634685
8.0,10042,matched_local_probe,pure,0,1,1.0015145309188775,0.9999995231276316,0.05033247187614591,0.0009080927978120165,0.7919076588634685
8.0,10042,matched_local_probe,pure,0,2,0.9660204626304583,0.999962551083186,0.050109695960445025,0.0009873701899336441,0.7919076588634685
8.0,10042,matched_local_probe,pure,0,3,0.9998662406640052,0.9999998201348766,0.05010169071690932,0.0009149783400017846,0.7919076588634685
8.0,10042,matched_local_probe,pure,0,4,0.9901528872733806,0.9999955828293137,0.05007368137177796,0.0009355575276236752,0.7919076588634685
8.0,10042,matched_local_probe,pure,0,5,0.9638838761924732,0.999991462003334,0.04909123612846498,0.0010042611071983578,0.7919076588634685
8.0,10042,matched_local_probe,pure,0,6,0.9585022698841975,0.999909718012094,0.05080719852022849,0.000991331879143839,0.7919076588634685
8.0,10042,matched_local_probe,pure,0,7,1.0151056564581138,0.9999999199612827,0.05077815672425345,0.000876792267783129,0.7919076588634685
8.0,10042,matched_local_probe,pure,1,0,0.9999422361236435,0.999999999945839,0.049999748458840095,0.0009159025579854749,0.9854725340971209
8.0,10042,matched_local_probe,pure,1,1,0.9995579497067517,0.9999999997426159,0.04998566435684563,0.0009168936067716123,0.9854725340971209
8.0,10042,matched_local_probe,pure,1,2,1.0004712189166485,0.9999999999865922,0.050024452283880944,0.0009144730337754713,0.9854725340971209
8.0,10042,matched_local_probe,pure,1,3,1.0010857150469752,0.9999999999934407,0.05005507281117251,0.0009127912201680987,0.9854725340971209
8.0,10042,matched_local_probe,pure,1,4,1.0006942536576768,0.9999999998651807,0.050040520926127416,0.000913794917022978,0.9854725340971209
8.0,10042,matched_local_probe,pure,1,5,1.0001873473215233,0.9999999997370718,0.05001909229604808,0.000915145071090693,0.9854725340971209
8.0,10042,matched_local_probe,pure,1,6,0.9998235019724709,0.9999999999693646,0.04999371343085827,0.0009162301773533147,0.9854725340971209
8.0,10042,matched_local_probe,pure,1,7,1.0003874410357274,0.9999999999060332,0.050022434805664186,0.0009146856941177131,0.9854725340971209
8.0,10042,matched_local_probe,pure,2,0,0.9832633547073678,0.9999939032696064,0.049895092077606916,0.0009519577153920685,0.791907658863469
8.0,10042,matched_local_probe,pure,2,1,1.0066894778922428,0.9999991462101709,0.05070765517184107,0.0008923225035581379,0.791907658863469
8.0,10042,matched_local_probe,pure,2,2,1.0010497417471171,0.9999982316926304,0.05043241516410945,0.0009084771123467962,0.791907658863469
8.0,10042,matched_local_probe,pure,2,3,0.9677544302173187,0.9999893393504975,0.049401187439040394,0.0009913976654423152,0.791907658863469
8.0,10042,matched_local_probe,pure,2,4,1.0046719303404266,0.9999996148836195,0.05044270052410231,0.0009005663879541905,0.791907658863469
8.0,10042,matched_local_probe,pure,2,5,0.9876111281211029,0.9999733693931234,0.05094827171647356,0.0009289544247172372,0.791907658863469
8.0,10042,matched_local_probe,pure,2,6,0.9810672612648915,0.9999969958237174,0.04958073241024194,0.0009603443886569051,0.791907658863469
8.0,10042,matched_local_probe,pure,2,7,0.930725923418974,0.9998291269121461,0.05042218965561036,0.00106464086814778,0.791907658863469
8.0,10042,matched_local_probe,mixture,3,0,0.9912553901817648,0.9999999655777342,0.04965088115006909,0.0009389245987626337,0.9461918986379724
8.0,10042,matched_local_probe,mixture,3,1,1.0030417640722662,0.9999999979680423,0.050172427126592416,0.0009071731596198994,0.9461918986379724
8.0,10042,matched_local_probe,mixture,3,2,1.000086240298313,0.9999999885309188,0.05004925921175091,0.0009149956833653718,0.9461918986379724
8.0,10042,matched_local_probe,mixture,3,3,0.9973493272351147,0.9999999941805355,0.04989682708016599,0.0009226612498735703,0.9461918986379724
8.0,10042,matched_local_probe,mixture,3,4,1.00115573173208,0.9999999982379079,0.05007738184115071,0.0009123775946478634,0.9461918986379724
8.0,10042,matched_local_probe,mixture,3,5,0.9978183123326467,0.9999999697021229,0.04995388290723979,0.0009208685748020863,0.9461918986379724
8.0,10042,matched_local_probe,mixture,3,6,0.9985740489883693,0.9999999307701866,0.050047399649844636,0.000918065240048856,0.9461918986379724
8.0,10042,matched_local_probe,mixture,3,7,1.000453005748641,0.9999999346259548,0.05013743415678399,0.0009131793560098858,0.9461918986379724
8.0,10053,seed_relaxation,pure,0,-1,0.9993668388220774,0.9999999999999993,0.00017214723843679035,3.1609833823468705e-06,0.999366641875618
8.0,10053,seed_relaxation,pure,1,-1,0.9993668388220774,0.9999999999999993,0.00017214723843679035,3.1609833823468705e-06,0.999366641875618
8.0,10053,seed_relaxation,pure,2,-1,0.999966257630878,1.0,1.1095311534288534e-05,2.0324515007094029e-07,0.9999583180622954
8.0,10053,seed_relaxation,mixture,3,-1,0.8479088115448884,0.9999969662576954,0.10174547747947252,0.0035163288542511537,0.5675432120653245
8.0,10053,matched_local_probe,pure,0,0,0.9999739680966877,1.0,0.0499986826641353,0.0009158536723397672,0.999366641875618
8.0,10053,matched_local_probe,pure,0,1,1.0000251315974822,0.9999999999999938,0.05000111234618897,0.0009157148168781134,0.999366641875618
8.0,10053,matched_local_probe,pure,0,2,1.0000237834131362,0.9999999999999974,0.0500012530993172,0.0009157157749804196,0.999366641875618
8.0,10053,matched_local_probe,pure,0,3,1.0000347229144881,0.9999999999999966,0.05000181632186624,0.0009156855146914439,0.999366641875618
8.0,10053,matched_local_probe,pure,0,4,0.9998690867867448,0.9999999999999928,0.049993262214276246,0.0009161441336840276,0.999366641875618
8.0,10053,matched_local_probe,pure,0,5,1.000063337635152,0.9999999999999988,0.05000321414117484,0.0009156073474435881,0.999366641875618
8.0,10053,matched_local_probe,pure,0,6,1.000018774244957,0.9999999999999994,0.05000096754210204,0.0009157299901388555,0.999366641875618
8.0,10053,matched_local_probe,pure,0,7,1.000063211076852,0.9999999999999971,0.05000306471522807,0.0009156095549013528,0.999366641875618
8.0,10053,matched_local_probe,pure,1,0,0.9999740770278869,0.9999999999999993,0.04999873057141299,0.0009158528173290068,0.999366641875618
8.0,10053,matched_local_probe,pure,1,1,1.0000259323995173,0.9999999999999841,0.05000147622288545,0.0009157083981304105,0.999366641875618
8.0,10053,matched_local_probe,pure,1,2,1.0000235132465758,0.9999999999999996,0.0500011285169635,0.0009157179624926751,0.999366641875618
8.0,10053,matched_local_probe,pure,1,3,1.0000343693853844,0.9999999999999989,0.05000165406550701,0.0009156883678655163,0.999366641875618
8.0,10053,matched_local_probe,pure,1,4,0.9998701418077041,0.9999999999999677,0.049993730239427665,0.0009161358063203864,0.999366641875618
8.0,10053,matched_local_probe,pure,1,5,1.0000631393310222,0.9999999999999998,0.05000312403930049,0.0009156089370882474,0.999366641875618
8.0,10053,matched_local_probe,pure,1,6,1.0000186580509651,1.0,0.05000091391387789,0.0009157309316146238,0.999366641875618
8.0,10053,matched_local_probe,pure,1,7,1.0000637249398443,0.9999999999999939,0.05000329986275429,0.0009156054162899618,0.999366641875618
8.0,10053,matched_local_probe,pure,2,0,0.9999977059818619,0.9999999999999999,0.04999987265605965,0.0009157884106469916,0.9999583180622954
8.0,10053,matched_local_probe,pure,2,1,0.999998315711473,1.0,0.04999991790277817,0.0009157865450957321,0.9999583180622954
8.0,10053,matched_local_probe,pure,2,2,1.000003845076796,1.0,0.05000019251378933,0.0009157713779725775,0.9999583180622954
8.0,10053,matched_local_probe,pure,2,3,1.000004050813043,1.0,0.05000020099452374,0.0009157708364302403,0.9999583180622954
8.0,10053,matched_local_probe,pure,2,4,0.9999884431637831,1.0,0.04999941974929606,0.0009158137245742408,0.9999583180622954
8.0,10053,matched_local_probe,pure,2,5,1.000003732316308,1.0,0.05000018130818188,0.0009157717605049859,0.9999583180622954
8.0,10053,matched_local_probe,pure,2,6,1.0000031258430706,1.0,0.050000153140688806,0.0009157733990681004,0.9999583180622954
8.0,10053,matched_local_probe,pure,2,7,1.000004430488786,1.0,0.05000021626320845,0.0009157698419805118,0.9999583180622954
8.0,10053,matched_local_probe,mixture,3,0,0.9261230709300876,0.9999023389097956,0.04951691015167663,0.0010876660486492402,0.5675432120653245
8.0,10053,matched_local_probe,mixture,3,1,0.9128605689139778,0.9997366064955143,0.051809528612361065,0.0010857431252417437,0.5675432120653245
8.0,10053,matched_local_probe,mixture,3,2,0.9249092187431919,0.9995003071411735,0.0511432892551828,0.0010530326077056846,0.5675432120653245
8.0,10053,matched_local_probe,mixture,3,3,0.9499310315661272,0.9996892261856558,0.051416213683236116,0.0009946633964466817,0.5675432120653245
8.0,10053,matched_local_probe,mixture,3,4,0.7359598174955783,0.99884010801665,0.046755995175190176,0.0016729065260031354,0.5675432120653245
8.0,10053,matched_local_probe,mixture,3,5,0.9966516501755802,0.9999313760188628,0.05234417218841942,0.0008892240527394086,0.5675432120653245
8.0,10053,matched_local_probe,mixture,3,6,0.9572235285257765,0.99981601408532,0.05084972827839866,0.0009895886218071162,0.5675432120653245
8.0,10053,matched_local_probe,mixture,3,7,0.9713690444526825,0.9997165240765788,0.052360849103559225,0.0009345790085749632,0.5675432120653245
8.0,10069,seed_relaxation,pure,0,-1,0.9998517685704069,1.0,3.690246169482102e-05,6.762930497336924e-07,0.9998502575588918
8.0,10069,seed_relaxation,pure,1,-1,0.9998517685704069,1.0,3.6902461694821026e-05,6.762930497336924e-07,0.999850257558892
8.0,10069,seed_relaxation,pure,2,-1,0.9995433625859083,0.9999999999999999,0.00012197905074121552,2.238209117216913e-06,0.9995524848944765
8.0,10069,seed_relaxation,mixture,3,-1,0.7198817075221253,0.9999368420474559,0.07209939210314942,0.004605652049001289,0.6374711797074897
8.0,10069,matched_local_probe,pure,0,0,1.0000011013414811,1.0,0.05000005590477158,0.00091577890804598,0.9998502575588918
8.0,10069,matched_local_probe,pure,0,1,1.0000108630834181,1.0,0.050000541255684997,0.0009157521255707288,0.9998502575588918
8.0,10069,matched_local_probe,pure,0,2,1.0000090741193617,0.9999999999999999,0.05000046869708787,0.000915756821731542,0.9998502575588918
8.0,10069,matched_local_probe,pure,0,3,1.00000249914748,1.0,0.05000011509705138,0.0009157752092453341,0.9998502575588918
8.0,10069,matched_local_probe,pure,0,4,0.9999952874766409,0.9999999999999996,0.04999979523206013,0.0009157944921966969,0.9998502575588918
8.0,10069,matched_local_probe,pure,0,5,1.000005795265064,0.9999999999999998,0.05000026491774391,0.0009157663509466431,0.9998502575588918
8.0,10069,matched_local_probe,pure,0,6,1.0000092826598947,0.9999999999999999,0.050000481646368465,0.0009157562209815373,0.9998502575588918
8.0,10069,matched_local_probe,pure,0,7,1.000012676759619,0.9999999999999991,0.05000068353415329,0.0009157464813976387,0.9998502575588918
8.0,10069,matched_local_probe,pure,1,0,1.000015197871691,0.9999999999999999,0.05000077315975268,0.0009157400205513927,0.999850257558892
8.0,10069,matched_local_probe,pure,1,1,1.0000194134613767,1.0,0.05000097801200131,0.0009157285160943585,0.999850257558892
8.0,10069,matched_local_probe,pure,1,2,1.0000054893102985,1.0,0.050000285715248644,0.0009157667186106132,0.999850257558892
8.0,10069,matched_local_probe,pure,1,3,1.0000006962471397,1.0,0.05000003278054241,0.000915780059023219,0.999850257558892
8.0,10069,matched_local_probe,pure,1,4,0.9999907855099401,1.0,0.04999954602130306,0.0009158071714342336,0.999850257558892
8.0,10069,matched_local_probe,pure,1,5,1.0000128806149446,0.9999999999999999,0.050000629846440166,0.0009157467486217338,0.999850257558892
8.0,10069,matched_local_probe,pure,1,6,1.0000080621074314,0.9999999999999996,0.05000043513615735,0.0009157593838173779,0.999850257558892
8.0,10069,matched_local_probe,pure,1,7,0.9999988611655257,1.0,0.049999941071359646,0.0009157850995388587,0.999850257558892
8.0,10069,matched_local_probe,pure,2,0,1.0000040150193819,1.0,0.05000019871202813,0.0009157709344505912,0.9995524848944765
8.0,10069,matched_local_probe,pure,2,1,1.0000419576269246,1.0,0.05000210069849216,0.0009156666440095082,0.9995524848944765
8.0,10069,matched_local_probe,pure,2,2,1.0000190996772256,0.9999999999999994,0.05000090926417239,0.0009157300782756115,0.9995524848944765
8.0,10069,matched_local_probe,pure,2,3,1.0000017926022302,1.0,0.050000096761123845,0.0009157769278382162,0.9995524848944765
8.0,10069,matched_local_probe,pure,2,4,0.9999619714200415,0.9999999999999998,0.04999805557827112,0.0009158869782845577,0.9995524848944765
8.0,10069,matched_local_probe,pure,2,5,1.0000526153294063,0.9999999999999938,0.050002755348162564,0.0009156358051673953,0.9995524848944765
8.0,10069,matched_local_probe,pure,2,6,1.000030164614241,0.9999999999999958,0.050001397154809925,0.0009157005483512097,0.9995524848944765
8.0,10069,matched_local_probe,pure,2,7,1.0000065155809823,1.0,0.050000320706466164,0.0009157641133138227,0.9995524848944765
8.0,10069,matched_local_probe,mixture,3,0,0.9375284041942733,0.9998344180157193,0.05038403013574541,0.001038032793919913,0.6374711797074897
8.0,10069,matched_local_probe,mixture,3,1,1.0256471110327883,0.99999938729755,0.05173125914129046,0.0008425703181163465,0.6374711797074897
8.0,10069,matched_local_probe,mixture,3,2,0.9185490402619797,0.9994599283352165,0.05132319733467531,0.0010730667175446581,0.6374711797074897
8.0,10069,matched_local_probe,mixture,3,3,0.985455532126932,0.9999832194807439,0.05013415394026931,0.0009437853686998406,0.6374711797074897
8.0,10069,matched_local_probe,mixture,3,4,0.860955622173659,0.9995056021514316,0.04905784192405763,0.0012494528092619765,0.6374711797074897
8.0,10069,matched_local_probe,mixture,3,5,0.9969197867641522,0.9998399491819919,0.052288513172225735,0.0008935353239002047,0.6374711797074897
8.0,10069,matched_local_probe,mixture,3,6,0.9077395925022693,0.9992873404336966,0.05194857342703781,0.00108580293767218,0.6374711797074897
8.0,10069,matched_local_probe,mixture,3,7,0.9962648131240267,0.9999949883431792,0.050278026870970466,0.0009200416562296868,0.6374711797074897
8.0,10070,seed_relaxation,pure,0,-1,0.9977883323758315,0.999999999999908,0.0006033432389334416,1.1148861762692372e-05,0.9978063102859501
8.0,10070,seed_relaxation,pure,1,-1,0.9977883323758457,0.999999999999908,0.0006033432389334416,1.1148861762692372e-05,0.9978063102859495
8.0,10070,seed_relaxation,pure,2,-1,0.999401158115884,0.9999999999999996,0.00013627511539125197,2.5019525325471787e-06,0.9994085077287757
8.0,10070,seed_relaxation,mixture,3,-1,0.9714254311395006,0.9999999956817994,0.02085210369750737,0.00042870672995063216,0.9214056450336212
8.0,10070,matched_local_probe,pure,0,0,1.0002026710191734,0.9999999999999732,0.0500103485788427,0.00091522250777549,0.9978063102859501
8.0,10070,matched_local_probe,pure,0,1,1.0002060916118125,0.9999999999999996,0.05001017675715538,0.0009152176074158697,0.9978063102859501
8.0,10070,matched_local_probe,pure,0,2,0.9997310274890131,0.9999999999999934,0.04998640518370836,0.0009165227916034494,0.9978063102859501
8.0,10070,matched_local_probe,pure,0,3,1.0002298623238692,0.9999999999999823,0.050011219046745985,0.0009151542658457647,0.9978063102859501
8.0,10070,matched_local_probe,pure,0,4,0.9999130377870393,0.9999999999998623,0.04999583116717075,0.0009160185125227851,0.9978063102859501
8.0,10070,matched_local_probe,pure,0,5,0.9999966476866394,0.9999999999999484,0.049999765975635636,0.0009157919539585946,0.9978063102859501
8.0,10070,matched_local_probe,pure,0,6,1.0000991663043144,1.0,0.05000492498993379,0.0009155099538512297,0.9978063102859501
8.0,10070,matched_local_probe,pure,0,7,0.9998149199997284,0.9999999999998133,0.04999081212931726,0.000916289654398579,0.9978063102859501
8.0,10070,matched_local_probe,pure,1,0,1.0000512827103978,0.999999999999999,0.0500024950425564,0.0009156418876285096,0.9978063102859495
8.0,10070,matched_local_probe,pure,1,1,1.000135594676018,1.0,0.05000674015348207,0.0009154100318914928,0.9978063102859495
8.0,10070,matched_local_probe,pure,1,2,1.000059970013117,0.9999999999999485,0.05000296907985044,0.0009156179514914317,0.9978063102859495
8.0,10070,matched_local_probe,pure,1,3,1.0000484505731524,0.999999999999998,0.05000244505670188,0.0009156485117682902,0.9978063102859495
8.0,10070,matched_local_probe,pure,1,4,0.9999796826115309,0.999999999999871,0.049999055574780085,0.0009158366565847494,0.9978063102859495
8.0,10070,matched_local_probe,pure,1,5,1.0000206279391928,0.9999999999999976,0.05000103941694177,0.0009157251661048951,0.9978063102859495
8.0,10070,matched_local_probe,pure,1,6,1.0000552522830752,1.0,0.050002723042838614,0.0009156307484231797,0.9978063102859495
8.0,10070,matched_local_probe,pure,1,7,1.0001282174605965,0.9999999999999998,0.05000635960226291,0.0009154303858663312,0.9978063102859495
8.0,10070,matched_local_probe,pure,2,0,1.000057114628867,0.9999999999999907,0.050003000284829936,0.0009156231854392718,0.9994085077287757
8.0,10070,matched_local_probe,pure,2,1,0.9999969381034282,0.9999999999999999,0.049999851887120805,0.0009157902869165494,0.9994085077287757
8.0,10070,matched_local_probe,pure,2,2,1.0000234471716158,0.9999999999999999,0.05000115609472538,0.0009157177481271103,0.9994085077287757
8.0,10070,matched_local_probe,pure,2,3,0.9998823593159875,0.9999999999999861,0.04999388721038549,0.0009161081518085331,0.9994085077287757
8.0,10070,matched_local_probe,pure,2,4,0.9999763268778061,0.9999999999999994,0.04999884461836325,0.0009158466116128847,0.9994085077287757
8.0,10070,matched_local_probe,pure,2,5,1.000020146903525,0.9999999999999999,0.05000102107515305,0.0009157264163115265,0.9994085077287757
8.0,10070,matched_local_probe,pure,2,6,0.9999922330360316,0.9999999999999998,0.0499996200032538,0.0009158031799341526,0.9994085077287757
8.0,10070,matched_local_probe,pure,2,7,0.9999998564396262,1.0,0.049999980740644406,0.0009157824951852567,0.9994085077287757
8.0,10070,matched_local_probe,mixture,3,0,1.0056630970761509,0.9999999911367838,0.0503191600774821,0.0008998169414362277,0.9214056450336212
8.0,10070,matched_local_probe,mixture,3,1,1.0075976609186272,0.9999999912376337,0.0504245024863445,0.0008945726164836574,0.9214056450336212
8.0,10070,matched_local_probe,mixture,3,2,0.9911405491699897,0.9999996234263793,0.04980213265172833,0.0009369211900996166,0.9214056450336212
8.0,10070,matched_local_probe,mixture,3,3,1.0056074292750523,0.999999990926009,0.05032564798923746,0.0008998820801998637,0.9214056450336212
8.0,10070,matched_local_probe,mixture,3,4,0.9927066918953554,0.9999995135271377,0.04990441903594999,0.0009320266715671585,0.9214056450336212
8.0,10070,matched_local_probe,mixture,3,5,0.9984959726301957,0.999999914563309,0.05005502449379922,0.0009182060875125498,0.9214056450336212
8.0,10070,matched_local_probe,mixture,3,6,1.0032259315091148,0.9999999951390562,0.05019177268784188,0.0009065614754753709,0.9214056450336212
8.0,10070,matched_local_probe,mixture,3,7,0.9954026610182629,0.9999997481086073,0.04996648684334474,0.000925640445711272,0.9214056450336212
8.0,10079,seed_relaxation,pure,0,-1,0.9998517685704071,1.0,3.690246169482102e-05,6.762930497336924e-07,0.9998502575588905
8.0,10079,seed_relaxation,pure,1,-1,0.9995433625859087,0.9999999999999999,0.00012197905074121552,2.238209117216913e-06,0.9995524848944772
8.0,10079,seed_relaxation,pure,2,-1,0.9998517685704069,1.0,3.690246169482102e-05,6.762930497336924e-07,0.9998502575588913
8.0,10079,seed_relaxation,mixture,3,-1,0.7860790470892678,0.9999818741941322,0.11381347621665765,0.005261948059115222,0.3875594099056095
8.0,10079,matched_local_probe,pure,0,0,0.9999757676500697,0.9999999999999991,0.049998833777326175,0.0009158479220024391,0.9998502575588905
8.0,10079,matched_local_probe,pure,0,1,0.999999570077191,0.9999999999999998,0.049999997946994945,0.0009157828740192583,0.9998502575588905
8.0,10079,matched_local_probe,pure,0,2,0.9999824279943553,0.9999999999999987,0.04999917665494656,0.0009158294948199932,0.9998502575588905
8.0,10079,matched_local_probe,pure,0,3,1.0000077229804696,1.0,0.0500003785072261,0.0009157608276165811,0.9998502575588905
8.0,10079,matched_local_probe,pure,0,4,0.9999991849113458,1.0,0.04999996370273954,0.0009157841256555528,0.9998502575588905
8.0,10079,matched_local_probe,pure,0,5,1.0000005765842332,0.9999999999999999,0.05000004231771718,0.0009157801831370264,0.9998502575588905
8.0,10079,matched_local_probe,pure,0,6,0.9999881502125729,0.9999999999999999,0.04999938994146448,0.000915814729214706,0.9998502575588905
8.0,10079,matched_local_probe,pure,0,7,0.9999955303185314,1.0,0.04999976646365087,0.000915794354136564,0.9998502575588905
8.0,10079,matched_local_probe,pure,1,0,1.0000070379147574,1.0,0.0500003541884175,0.0009157625803717095,0.9995524848944772
8.0,10079,matched_local_probe,pure,1,1,1.0000424273349149,0.9999999999999966,0.050002209332269336,0.0009156642531364933,0.9995524848944772
8.0,10079,matched_local_probe,pure,1,2,0.9998981069152708,0.9999999999999595,0.049995176756595726,0.0009160583256564208,0.9995524848944772
8.0,10079,matched_local_probe,pure,1,3,1.0000489919151339,0.9999999999999996,0.050002415149886015,0.0009156478098077453,0.9995524848944772
8.0,10079,matched_local_probe,pure,1,4,0.9999728472295678,0.9999999999999994,0.04999866493827495,0.0009158562414445546,0.9995524848944772
8.0,10079,matched_local_probe,pure,1,5,0.9999550705882917,0.9999999999999953,0.04999783603015259,0.0009159042999631543,0.9995524848944772
8.0,10079,matched_local_probe,pure,1,6,0.9999893046205969,1.0,0.049999452590938985,0.0009158114963684506,0.9995524848944772
8.0,10079,matched_local_probe,pure,1,7,1.0000250910918644,0.9999999999999997,0.05000127928066259,0.0009157126924431953,0.9995524848944772
8.0,10079,matched_local_probe,pure,2,0,0.9999981794943397,1.0,0.049999904787245426,0.0009157870000974061,0.9998502575588913
8.0,10079,matched_local_probe,pure,2,1,1.0000102922760779,0.9999999999999999,0.05000052905748993,0.0009157534819075542,0.9998502575588913
8.0,10079,matched_local_probe,pure,2,2,0.9999374215358124,0.9999999999999863,0.049997044736136045,0.0009159515805886358,0.9998502575588913
8.0,10079,matched_local_probe,pure,2,3,1.0000176979539497,1.0,0.05000088321174444,0.0009157333467805982,0.9998502575588913
8.0,10079,matched_local_probe,pure,2,4,1.000000945741675,1.0,0.05000003731259129,0.0009157794776272288,0.9998502575588913
8.0,10079,matched_local_probe,pure,2,5,0.9999909082203888,0.9999999999999999,0.049999557688414506,0.0009158067611183314,0.9998502575588913
8.0,10079,matched_local_probe,pure,2,6,0.9999928568660347,1.0,0.04999964498366264,0.0009158015416990497,0.9998502575588913
8.0,10079,matched_local_probe,pure,2,7,1.0000128405043787,1.0,0.05000064706460857,0.00091574660302766,0.9998502575588913
8.0,10079,matched_local_probe,mixture,3,0,0.7753381906697157,0.9994457164173909,0.04581701661244355,0.0015784106734150446,0.3875594099056095
8.0,10079,matched_local_probe,mixture,3,1,0.8054336512203656,0.9979965297988392,0.04991478426914309,0.001378049063377844,0.3875594099056095
8.0,10079,matched_local_probe,mixture,3,2,0.6173883622052313,0.9961576623358079,0.045080979404058835,0.0021289500949875024,0.3875594099056095
8.0,10079,matched_local_probe,mixture,3,3,0.9351934245905452,0.9994165034968865,0.05131914271015813,0.0010274608393842628,0.3875594099056095
8.0,10079,matched_local_probe,mixture,3,4,0.969160401380546,0.9995180848593498,0.052225795667377416,0.0009445699563559851,0.3875594099056095
8.0,10079,matched_local_probe,mixture,3,5,0.9767740509709144,0.9998290077557033,0.05202095488664152,0.0009309497130809973,0.3875594099056095
8.0,10079,matched_local_probe,mixture,3,6,0.7172114472535316,0.9956223710307799,0.048606911377120025,0.0016605911066719732,0.3875594099056095
8.0,10079,matched_local_probe,mixture,3,7,0.8479452495180528,0.9985916118711325,0.0501950729418085,0.001257576019718728,0.3875594099056095
8.0,10092,seed_relaxation,pure,0,-1,0.9998517685704071,1.0,3.690246169482102e-05,6.762930497336924e-07,0.9998502575588902
8.0,10092,seed_relaxation,pure,1,-1,0.9995433625859083,0.9999999999999999,0.00012197905074121552,2.238209117216913e-06,0.9995524848944767
8.0,10092,seed_relaxation,pure,2,-1,0.9998517685704071,1.0,3.690246169482102e-05,6.762930497336924e-07,0.9998502575588908
8.0,10092,seed_relaxation,mixture,3,-1,0.786079047089269,0.9999818741941322,0.11381347621665765,0.005261948059115257,0.38755940990560966
8.0,10092,matched_local_probe,pure,0,0,1.0000093396671437,1.0,0.05000047784264936,0.0009157561471153936,0.9998502575588902
8.0,10092,matched_local_probe,pure,0,1,1.0000060825294468,1.0,0.05000031454780936,0.0009157650991230146,0.9998502575588902
8.0,10092,matched_local_probe,pure,0,2,0.999996680686459,1.0,0.04999984375010256,0.0009157909382463081,0.9998502575588902
8.0,10092,matched_local_probe,pure,0,3,1.0000044464437419,1.0,0.05000021701204437,0.000915769798204751,0.9998502575588902
8.0,10092,matched_local_probe,pure,0,4,0.9999936947310915,1.0,0.04999969168518072,0.0009157991762933923,0.9998502575588902
8.0,10092,matched_local_probe,pure,0,5,0.9999826055698873,0.9999999999999999,0.049999113352531856,0.000915829953535699,0.9998502575588902
8.0,10092,matched_local_probe,pure,0,6,0.999991220298714,1.0,0.049999551186297495,0.0009158061928028487,0.9998502575588902
8.0,10092,matched_local_probe,pure,0,7,0.9999860752787026,0.9999999999999994,0.04999926496733178,0.0009158207005338975,0.9998502575588902
8.0,10092,matched_local_probe,pure,1,0,1.0000294392687317,0.9999999999999966,0.05000155852617102,0.0009156999504323057,0.9995524848944767
8.0,10092,matched_local_probe,pure,1,1,1.0000008297441716,1.0,0.05000004469783496,0.0009157796214712409,0.9995524848944767
8.0,10092,matched_local_probe,pure,1,2,0.9999904789456104,1.0,0.04999952668233349,0.0009158080660984832,0.9995524848944767
8.0,10092,matched_local_probe,pure,1,3,0.9999995420753773,1.0,0.04999997664403664,0.0009157832075045866,0.9995524848944767
8.0,10092,matched_local_probe,pure,1,4,0.9999510988554776,0.999999999999998,0.04999760647272501,0.000915915616681152,0.9995524848944767
8.0,10092,matched_local_probe,pure,1,5,0.9999786993123253,0.9999999999999996,0.04999895335884473,0.0009158402356527846,0.9995524848944767
8.0,10092,matched_local_probe,pure,1,6,0.99997520240828,1.0,0.04999874560397189,0.0009158502586385262,0.9995524848944767
8.0,10092,matched_local_probe,pure,1,7,0.9999053392183934,0.9999999999999917,0.049995080754781956,0.0009160444398062625,0.9995524848944767
8.0,10092,matched_local_probe,pure,2,0,1.0000092334778243,1.0,0.050000472814943006,0.0009157564351733971,0.9998502575588908
8.0,10092,matched_local_probe,pure,2,1,1.000007035041841,1.0,0.05000034858778019,0.0009157626590568217,0.9998502575588908
8.0,10092,matched_local_probe,pure,2,2,0.9999992952455157,1.0,0.049999972364360996,0.0009157837818560886,0.9998502575588908
8.0,10092,matched_local_probe,pure,2,3,1.0000056734606748,1.0,0.05000028207450367,0.0009157663788119425,0.9998502575588908
8.0,10092,matched_local_probe,pure,2,4,0.9999872852916969,0.9999999999999999,0.049999376169894603,0.0009158167204401711,0.9998502575588908
8.0,10092,matched_local_probe,pure,2,5,0.9999936110201181,1.0,0.049999684268865516,0.0009157994516757737,0.9998502575588908
8.0,10092,matched_local_probe,pure,2,6,1.0000097389244298,0.9999999999999999,0.050000501208404435,0.0009157550048641259,0.9998502575588908
8.0,10092,matched_local_probe,pure,2,7,0.9999813697536736,0.9999999999999994,0.049999026879425215,0.0009158336653978812,0.9998502575588908
8.0,10092,matched_local_probe,mixture,3,0,0.9809207271251312,0.999921376816326,0.05160456984482174,0.0009294587930728798,0.38755940990560966
8.0,10092,matched_local_probe,mixture,3,1,0.9641540522033073,0.9993279443330321,0.05262890856889454,0.0009455259453606724,0.38755940990560966
8.0,10092,matched_local_probe,mixture,3,2,0.8945361560486702,0.9995527054539293,0.05098772239472039,0.0011348142705737505,0.38755940990560966
8.0,10092,matched_local_probe,mixture,3,3,0.9843983504342786,0.9997953290551689,0.051985483928924034,0.0009166711488926359,0.38755940990560966
8.0,10092,matched_local_probe,mixture,3,4,0.8478743320773029,0.9982770047718373,0.050769386949897646,0.0012479961525611474,0.38755940990560966
8.0,10092,matched_local_probe,mixture,3,5,0.6875228532671271,0.9950110585702525,0.048446851990980644,0.0017566547048282765,0.38755940990560966
8.0,10092,matched_local_probe,mixture,3,6,0.9119785852088023,0.9987513459211875,0.05255133368220778,0.0010585625997874123,0.38755940990560966
8.0,10092,matched_local_probe,mixture,3,7,1.011395789347444,0.9999933520026504,0.051329647491724126,0.000874602256187201,0.38755940990560966
8.0,10094,seed_relaxation,pure,0,-1,0.999966257630878,1.0,1.1095311534288534e-05,2.0324515007094029e-07,0.9999662574790005
8.0,10094,seed_relaxation,pure,1,-1,0.999966257630878,1.0,1.1095311534288534e-05,2.0324515007094029e-07,0.9999662574790005
8.0,10094,seed_relaxation,pure,2,-1,0.999966257630878,1.0,1.1095311534288534e-05,2.0324515007094029e-07,0.9999662574790005
8.0,10094,seed_relaxation,mixture,3,-1,0.988182494917858,0.9999999999211552,0.028537999547897035,0.0005480665704311835,0.8989685077569406
8.0,10094,matched_local_probe,pure,0,0,1.000001156747158,1.0,0.05000006190961129,0.0009157787143152871,0.9999662574790005
8.0,10094,matched_local_probe,pure,0,1,1.0000011677124874,1.0,0.050000055222302296,0.0009157787785198429,0.9999662574790005
8.0,10094,matched_local_probe,pure,0,2,1.0000038997874143,1.0,0.05000019537181433,0.0009157712261865445,0.9999662574790005
8.0,10094,matched_local_probe,pure,0,3,0.9999990206955811,1.0,0.04999995093519624,0.0009157846365163608,0.9999662574790005
8.0,10094,matched_local_probe,pure,0,4,1.0000005212143157,1.0,0.05000002776694433,0.0009157804909414034,0.9999662574790005
8.0,10094,matched_local_probe,pure,0,5,1.000002165459943,1.0,0.05000010899899642,0.0009157759865007517,0.9999662574790005
8.0,10094,matched_local_probe,pure,0,6,1.0000024112576635,1.0,0.05000011586933636,0.0009157753819133368,0.9999662574790005
8.0,10094,matched_local_probe,pure,0,7,1.0000013991926013,1.0,0.05000006249129686,0.0009157781992299464,0.9999662574790005
8.0,10094,matched_local_probe,pure,1,0,1.0000011404453777,1.0,0.050000054486333954,0.0009157788451657227,0.9999662574790005
8.0,10094,matched_local_probe,pure,1,1,1.0000011886031166,1.0,0.05000006472660401,0.0009157786108998797,0.9999662574790005
8.0,10094,matched_local_probe,pure,1,2,1.0000038931848931,1.0,0.050000192367485374,0.0009157712791717953,0.9999662574790005
8.0,10094,matched_local_probe,pure,1,3,0.9999990070544108,1.0,0.04999994475209518,0.0009157847457088045,0.9999662574790005
8.0,10094,matched_local_probe,pure,1,4,1.0000005157940053,1.0,0.050000025280500134,0.0009157805346272294,0.9999662574790005
8.0,10094,matched_local_probe,pure,1,5,1.0000021676160722,1.0,0.05000010997664755,0.000915775969235144,0.9999662574790005
8.0,10094,matched_local_probe,pure,1,6,1.0000024321783378,1.0,0.050000125387753905,0.0009157752140515635,0.9999662574790005
8.0,10094,matched_local_probe,pure,1,7,1.0000014314354184,1.0,0.05000007716942112,0.0009157779404543476,0.9999662574790005
8.0,10094,matched_local_probe,pure,2,0,1.000001149984674,1.0,0.050000058848245765,0.0009157787684152766,0.9999662574790005
8.0,10094,matched_local_probe,pure,2,1,1.0000011691610933,1.0,0.050000055881301776,0.00091577876690198,0.9999662574790005
8.0,10094,matched_local_probe,pure,2,2,1.0000038894157457,1.0,0.050000190653879645,0.0009157713094017583,0.9999662574790005
8.0,10094,matched_local_probe,pure,2,3,0.9999990426279967,1.0,0.04999996091727687,0.0009157844605007794,0.9999662574790005
8.0,10094,matched_local_probe,pure,2,4,1.000000516187932,1.0,0.05000002548633616,0.0009157805312041419,0.9999662574790005
8.0,10094,matched_local_probe,pure,2,5,1.0000021542014346,1.0,0.0500001038763439,0.0009157760768452064,0.9999662574790005
8.0,10094,matched_local_probe,pure,2,6,1.0000024268053669,1.0,0.05000012295151555,0.0009157752570748145,0.9999662574790005
8.0,10094,matched_local_probe,pure,2,7,1.0000014280325522,1.0,0.050000075618106835,0.0009157779677833874,0.9999662574790005
8.0,10094,matched_local_probe,mixture,3,0,0.9927218345600698,0.9999990698265823,0.04999080291518794,0.00093066058886426,0.8989685077569406
8.0,10094,matched_local_probe,mixture,3,1,1.0047373267240651,0.999999745616379,0.05043247607277744,0.0009001427555430391,0.8989685077569406
8.0,10094,matched_local_probe,mixture,3,2,1.0083725991467112,0.999999945844751,0.05050385449233451,0.0008918105521360882,0.8989685077569406
8.0,10094,matched_local_probe,mixture,3,3,0.9908645631788067,0.999998654231878,0.04996964672453549,0.0009347558705475525,0.8989685077569406
8.0,10094,matched_local_probe,mixture,3,4,0.990852158402962,0.9999987355064156,0.04996272260535831,0.00093497731031496,0.8989685077569406
8.0,10094,matched_local_probe,mixture,3,5,1.0044750923137424,0.9999998965577098,0.05034641451940509,0.0009017914558305376,0.8989685077569406
8.0,10094,matched_local_probe,mixture,3,6,1.0000922794155194,0.9999994383369019,0.05027868593664396,0.0009114746705731127,0.8989685077569406
8.0,10094,matched_local_probe,mixture,3,7,1.0011339754721782,0.9999993473582172,0.05034738186383963,0.0009084281941648777,0.8989685077569406
8.0,10097,seed_relaxation,pure,0,-1,0.9993668388220777,0.9999999999999993,0.00017214723843679035,3.1609833823468705e-06,0.9993666418756189
8.0,10097,seed_relaxation,pure,1,-1,0.999966257630878,1.0,1.1095311534288534e-05,2.0324515007094029e-07,0.9999583180622962
8.0,10097,seed_relaxation,pure,2,-1,0.9993668388220777,0.9999999999999993,0.00017214723843679035,3.1609833823468705e-06,0.9993666418756189
8.0,10097,seed_relaxation,mixture,3,-1,0.8479088115448887,0.9999969662576954,0.10174547747947252,0.0035163288542511537,0.5675432120653252
8.0,10097,matched_local_probe,pure,0,0,0.999984474285141,1.0,0.04999920252135568,0.0009158248902829771,0.9993666418756189
8.0,10097,matched_local_probe,pure,0,1,0.9999593159708077,0.9999999999999992,0.049997963485555935,0.0009158937447042998,0.9993666418756189
8.0,10097,matched_local_probe,pure,0,2,0.9999230777241664,0.9999999999999587,0.049996413809948424,0.0009159898415805571,0.9993666418756189
8.0,10097,matched_local_probe,pure,0,3,1.0000658404833265,0.9999999999999984,0.05000321792985326,0.0009156020563082242,0.9993666418756189
8.0,10097,matched_local_probe,pure,0,4,1.0000217064383663,0.9999999999999999,0.05000110018464906,0.0009157221175547417,0.9993666418756189
8.0,10097,matched_local_probe,pure,0,5,1.0000322468571972,0.9999999999999997,0.050001631911108554,0.0009156931064886429,0.9993666418756189
8.0,10097,matched_local_probe,pure,0,6,1.0000221692103655,0.9999999999999972,0.05000116732126585,0.0009157202701402189,0.9993666418756189
8.0,10097,matched_local_probe,pure,0,7,1.0000558957229073,0.9999999999999999,0.05000280839374738,0.0009156282232538676,0.9993666418756189
8.0,10097,matched_local_probe,pure,1,0,0.9999989366323719,1.0,0.04999994835967311,0.000915784846733156,0.9999583180622962
8.0,10097,matched_local_probe,pure,1,1,0.9999972906868808,0.9999999999999999,0.04999988056284591,0.0009157891791337055,0.9999583180622962
8.0,10097,matched_local_probe,pure,1,2,0.999996328611429,1.0,0.049999804736684805,0.0009157921817191438,0.9999583180622962
8.0,10097,matched_local_probe,pure,1,3,1.0000027037998735,1.0,0.05000013461343908,0.0009157745244630391,0.9999583180622962
8.0,10097,matched_local_probe,pure,1,4,1.0000048466050497,1.0,0.05000024744134158,0.000915768563731239,0.9999583180622962
8.0,10097,matched_local_probe,pure,1,5,1.0000017560105992,1.0,0.05000008616488789,0.0009157771421366716,0.9999583180622962
8.0,10097,matched_local_probe,pure,1,6,1.0000020498609326,1.0,0.05000010287822092,0.0009157763083162262,0.9999583180622962
8.0,10097,matched_local_probe,pure,1,7,1.00000451061737,1.0,0.05000022041966274,0.0009157696195677768,0.9999583180622962
8.0,10097,matched_local_probe,pure,2,0,0.9999846661282508,0.9999999999999974,0.049999282660329054,0.0009158234326893056,0.9993666418756189
8.0,10097,matched_local_probe,pure,2,1,0.9999594454092178,0.9999999999999969,0.04999801283187784,0.0009158928180097068,0.9993666418756189
8.0,10097,matched_local_probe,pure,2,2,0.9999218095230579,0.9999999999999866,0.049995848041290314,0.0009159998859228115,0.9993666418756189
8.0,10097,matched_local_probe,pure,2,3,1.000066250622555,0.9999999999999956,0.05000340633892313,0.0009155987451763377,0.9993666418756189
8.0,10097,matched_local_probe,pure,2,4,1.0000216425437587,1.0,0.050001070978674324,0.0009157226319191428,0.9993666418756189
8.0,10097,matched_local_probe,pure,2,5,1.0000321801708592,1.0,0.05000160045244295,0.0009156936544890973,0.9993666418756189
8.0,10097,matched_local_probe,pure,2,6,1.0000219431022024,0.9999999999999999,0.05000106089287723,0.0009157221267779427,0.9993666418756189
8.0,10097,matched_local_probe,pure,2,7,1.0000558490620461,1.0,0.05000278735643353,0.0009156285953809117,0.9993666418756189
8.0,10097,matched_local_probe,mixture,3,0,0.851174361343955,0.9992968173093216,0.05047356720792594,0.001260719397077799,0.5675432120653252
8.0,10097,matched_local_probe,mixture,3,1,0.8010162890408342,0.9987738529779552,0.04982065795530962,0.0013936904478640598,0.5675432120653252
8.0,10097,matched_local_probe,mixture,3,2,0.7663896633885853,0.9989513029273976,0.04851633316439261,0.0015466914316349001,0.5675432120653252
8.0,10097,matched_local_probe,mixture,3,3,0.9523689991256274,0.9994671371299514,0.05255906829578817,0.0009721115957253588,0.5675432120653252
8.0,10097,matched_local_probe,mixture,3,4,0.9981684194796789,0.9999863870302914,0.05082257000273778,0.000907470899823555,0.5675432120653252
8.0,10097,matched_local_probe,mixture,3,5,0.9539207510886872,0.9997260300061285,0.05145220084094475,0.0009892435320803165,0.5675432120653252
8.0,10097,matched_local_probe,mixture,3,6,0.894122730752428,0.9993315645414094,0.0512735200813036,0.0011216908503077646,0.5675432120653252
8.0,10097,matched_local_probe,mixture,3,7,1.0054178900249047,0.9999611887554356,0.05207110054080903,0.0008771043112241079,0.5675432120653252
8.0,10102,seed_relaxation,pure,0,-1,0.9977883323758383,0.999999999999908,0.0006033432389334415,1.1148861762692373e-05,0.9978063102859496
8.0,10102,seed_relaxation,pure,1,-1,0.9994011581158838,0.9999999999999996,0.00013627511539125197,2.5019525325471783e-06,0.9994085077287765
8.0,10102,seed_relaxation,pure,2,-1,0.9977883323758253,0.999999999999908,0.0006033432389334415,1.1148861762692372e-05,0.9978063102859499
8.0,10102,seed_relaxation,mixture,3,-1,0.9714254311395011,0.9999999956817994,0.020852103697507566,0.00042870672995063216,0.9214056450336219
8.0,10102,matched_local_probe,pure,0,0,1.0002420527600655,0.9999999999994029,0.050013095221228494,0.0009151047030911359,0.9978063102859496
8.0,10102,matched_local_probe,pure,0,1,1.0000625545156323,0.9999999999999998,0.05000303500393296,0.0009156112975587957,0.9978063102859496
8.0,10102,matched_local_probe,pure,0,2,0.9999212913519213,0.9999999999999756,0.0499961678638575,0.0009159967763865907,0.9978063102859496
8.0,10102,matched_local_probe,pure,0,3,1.0001077478418487,0.9999999999999993,0.05000533939967177,0.0009154866075643683,0.9978063102859496
8.0,10102,matched_local_probe,pure,0,4,1.0001530680775408,0.9999999999997979,0.05000814424621125,0.0009153552263621339,0.9978063102859496
8.0,10102,matched_local_probe,pure,0,5,0.9999924248228204,0.9999999999999976,0.049999646036176265,0.0009158024317530232,0.9978063102859496
8.0,10102,matched_local_probe,pure,0,6,0.9999652317058036,0.9999999999999744,0.049998287204857744,0.0009158770285784795,0.9978063102859496
8.0,10102,matched_local_probe,pure,0,7,1.0000987077626786,0.9999999999998325,0.050005361361317835,0.0009155053689008482,0.9978063102859496
8.0,10102,matched_local_probe,pure,1,0,1.0000244501680982,1.0,0.05000122828633402,0.0009157146992735735,0.9994085077287765
8.0,10102,matched_local_probe,pure,1,1,0.9999646989539106,0.9999999999999994,0.049998243392637524,0.0009158788231209633,0.9994085077287765
8.0,10102,matched_local_probe,pure,1,2,1.0000205722121516,0.9999999999999949,0.05000112687564879,0.0009157241641547958,0.9994085077287765
8.0,10102,matched_local_probe,pure,1,3,1.000059903187544,0.9999999999999987,0.050003050967533255,0.0009156166613433556,0.9994085077287765
8.0,10102,matched_local_probe,pure,1,4,0.999980627794206,0.9999999999999999,0.04999903503395841,0.0009158351115470062,0.9994085077287765
8.0,10102,matched_local_probe,pure,1,5,1.00003941265918,0.99999999999999,0.05000179797365672,0.0009156759522309741,0.9994085077287765
8.0,10102,matched_local_probe,pure,1,6,1.0000104170194453,1.0,0.05000052476355234,0.000915753275015502,0.9994085077287765
8.0,10102,matched_local_probe,pure,1,7,1.0000207956401879,1.0,0.050001026272668864,0.0009157249870877664,0.9994085077287765
8.0,10102,matched_local_probe,pure,2,0,1.0000926443520193,1.0,0.050004628381898904,0.0009155275339246855,0.9978063102859499
8.0,10102,matched_local_probe,pure,2,1,0.9996042371362013,0.9999999999987519,0.049981288696412766,0.0009168554794517186,0.9978063102859499
8.0,10102,matched_local_probe,pure,2,2,1.0001037918617555,0.9999999999999973,0.05000513212608985,0.0009154975151173991,0.9978063102859499
8.0,10102,matched_local_probe,pure,2,3,0.9996881115726883,0.99999999999999,0.04998411123140791,0.0009166428054202857,0.9978063102859499
8.0,10102,matched_local_probe,pure,2,4,0.9995161936950527,0.9999999999990244,0.04997684835580958,0.0009170980062872276,0.9978063102859499
8.0,10102,matched_local_probe,pure,2,5,0.9997778963155342,0.9999999999997365,0.049989328483182924,0.0009163864863104976,0.9978063102859499
8.0,10102,matched_local_probe,pure,2,6,1.0000116324618995,0.999999999999883,0.05000085943312871,0.0009157463975642199,0.9978063102859499
8.0,10102,matched_local_probe,pure,2,7,1.0002785780587604,0.9999999999999812,0.050014088818771174,0.0009150148112876521,0.9978063102859499
8.0,10102,matched_local_probe,mixture,3,0,1.0064483727602098,0.9999999426708238,0.05039739044597845,0.0008972636927056573,0.9214056450336219
8.0,10102,matched_local_probe,mixture,3,1,0.9885055030927531,0.999999807459399,0.04960375253444812,0.0009454885270559573,0.9214056450336219
8.0,10102,matched_local_probe,mixture,3,2,0.9996352240724395,0.999999977985085,0.05004575216131872,0.0009158939893207297,0.9214056450336219
8.0,10102,matched_local_probe,mixture,3,3,0.9928545957155758,0.9999998392570705,0.04980353129318591,0.0009332090783448107,0.9214056450336219
8.0,10102,matched_local_probe,mixture,3,4,0.9877221638991391,0.9999996632425263,0.049588275067785806,0.0009470125238406094,0.9214056450336219
8.0,10102,matched_local_probe,mixture,3,5,0.992523893107513,0.9999999047727415,0.0497410886201586,0.0009348510370059356,0.9214056450336219
8.0,10102,matched_local_probe,mixture,3,6,0.9969012188992006,0.9999998472038655,0.04999030943695173,0.0009221850677878373,0.9214056450336219
8.0,10102,matched_local_probe,mixture,3,7,1.0077660153475179,0.9999999613108163,0.05045594063905114,0.0008937521369475676,0.9214056450336219
8.0,10107,seed_relaxation,pure,0,-1,0.9993668388220777,0.9999999999999993,0.00017214723843679035,3.1609833823468705e-06,0.9993666418756173
8.0,10107,seed_relaxation,pure,1,-1,0.9993668388220777,0.9999999999999993,0.00017214723843679035,3.1609833823468705e-06,0.9993666418756173
8.0,10107,seed_relaxation,pure,2,-1,0.999966257630878,1.0,1.1095311534288534e-05,2.0324515007094029e-07,0.9999583180622956
8.0,10107,seed_relaxation,mixture,3,-1,0.8479088115448893,0.9999969662576954,0.10174547747947243,0.0035163288542511537,0.5675432120653248
8.0,10107,matched_local_probe,pure,0,0,0.9999926686814854,0.9999999999999998,0.04999963108669213,0.0009158021085680709,0.9993666418756173
8.0,10107,matched_local_probe,pure,0,1,1.0000199112805865,0.9999999999999999,0.05000097060035981,0.0009157275664135627,0.9993666418756173
8.0,10107,matched_local_probe,pure,0,2,0.9997763303451567,0.9999999999998731,0.04998816937204683,0.0009164049009130982,0.9993666418756173
8.0,10107,matched_local_probe,pure,0,3,1.000011459209814,1.0,0.05000055453238305,0.0009157507122923345,0.9993666418756173
8.0,10107,matched_local_probe,pure,0,4,0.9999564870956671,0.9999999999999809,0.04999800026548611,0.0009158991701934488,0.9993666418756173
8.0,10107,matched_local_probe,pure,0,5,1.0000547992912678,0.9999999999999999,0.050002747188370174,0.0009156313221539936,0.9993666418756173
8.0,10107,matched_local_probe,pure,0,6,1.0000529646546803,0.9999999999999998,0.050002619907741186,0.0009156368156683629,0.9993666418756173
8.0,10107,matched_local_probe,pure,0,7,1.0000195404812244,0.9999999999999998,0.05000098972744834,0.0009157280950474762,0.9993666418756173
8.0,10107,matched_local_probe,pure,1,0,0.9999927365316359,0.9999999999999991,0.04999965882423875,0.000915801601173374,0.9993666418756173
8.0,10107,matched_local_probe,pure,1,1,1.0000200539187423,0.9999999999999993,0.05000103601793092,0.0009157264156322111,0.9993666418756173
8.0,10107,matched_local_probe,pure,1,2,0.9997795138104983,0.9999999999997963,0.04998960366887431,0.0009163795150075353,0.9993666418756173
8.0,10107,matched_local_probe,pure,1,3,1.0000115912240926,0.9999999999999991,0.050000613724522816,0.0009157496630149013,0.9993666418756173
8.0,10107,matched_local_probe,pure,1,4,0.9999556445249022,0.9999999999999946,0.04999762473263751,0.0009159058399822181,0.9993666418756173
8.0,10107,matched_local_probe,pure,1,5,1.0000548050154106,0.9999999999999999,0.05000274848586781,0.000915631291167039,0.9993666418756173
8.0,10107,matched_local_probe,pure,1,6,1.0000531290842516,0.9999999999999991,0.05000269485519957,0.0009156354948527648,0.9993666418756173
8.0,10107,matched_local_probe,pure,1,7,1.0000194980295138,1.0,0.05000096988542637,0.00091572844202106,0.9993666418756173
8.0,10107,matched_local_probe,pure,2,0,1.0000014072443486,1.0,0.050000067431889124,0.0009157781173578796,0.9999583180622956
8.0,10107,matched_local_probe,pure,2,1,1.0000009889998323,1.0,0.05000005215911495,0.0009157791925451109,0.9999583180622956
8.0,10107,matched_local_probe,pure,2,2,0.9999927322951063,0.9999999999999998,0.049999661415418895,0.0009158015833535525,0.9999583180622956
8.0,10107,matched_local_probe,pure,2,3,1.0000015251547452,1.0,0.05000007070209783,0.0009157778276682583,0.9999583180622956
8.0,10107,matched_local_probe,pure,2,4,0.9999959087045868,1.0,0.04999978705440101,0.0009157932935117028,0.9999583180622956
8.0,10107,matched_local_probe,pure,2,5,1.000003653050132,1.0,0.05000018724077562,0.000915771849260811,0.9999583180622956
8.0,10107,matched_local_probe,pure,2,6,1.0000042219336147,1.0,0.050000217108473854,0.0009157702678684592,0.9999583180622956
8.0,10107,matched_local_probe,pure,2,7,1.0000049265620972,1.0,0.05000024967044486,0.0009157683665844821,0.9999583180622956
8.0,10107,matched_local_probe,mixture,3,0,0.8738116105852352,0.9992473552727349,0.05020652222685722,0.0011905310087459004,0.5675432120653248
8.0,10107,matched_local_probe,mixture,3,1,0.9710807201964701,0.9999003277779821,0.050888326238914885,0.000959896556923457,0.5675432120653248
8.0,10107,matched_local_probe,mixture,3,2,0.7029632942522831,0.9992231136912894,0.04423723235033105,0.0018628567852506145,0.5675432120653248
8.0,10107,matched_local_probe,mixture,3,3,0.9459135356152775,0.9998884191378173,0.050784023037325376,0.001021136164781818,0.5675432120653248
8.0,10107,matched_local_probe,mixture,3,4,0.8179638922861707,0.9991619121356631,0.0494961294291538,0.0013695757799454017,0.5675432120653248
8.0,10107,matched_local_probe,mixture,3,5,0.9671033978623368,0.9997714973406262,0.0522931082383846,0.000949216857865098,0.5675432120653248
8.0,10107,matched_local_probe,mixture,3,6,1.000917516695367,0.999969019892423,0.05204550680419574,0.0008845325879633174,0.5675432120653248
8.0,10107,matched_local_probe,mixture,3,7,0.9609320825685382,0.9998193602476003,0.050845823385934664,0.000981898939300489,0.5675432120653248
8.0,10111,seed_relaxation,pure,0,-1,0.9977883323758457,0.999999999999908,0.0006033432389334416,1.1148861762692372e-05,0.9978063102859506
8.0,10111,seed_relaxation,pure,1,-1,0.9977883323758457,0.999999999999908,0.0006033432389334415,1.114886176269237e-05,0.9978063102859505
8.0,10111,seed_relaxation,pure,2,-1,0.999401158115884,0.9999999999999996,0.00013627511539125197,2.5019525325471787e-06,0.9994085077287762
8.0,10111,seed_relaxation,mixture,3,-1,0.9714254311395019,0.9999999956817994,0.02085210369750757,0.00042870672995063216,0.9214056450336202
8.0,10111,matched_local_probe,pure,0,0,0.9993970932209788,0.9999999999980732,0.049971374859496216,0.0009174192807753508,0.9978063102859506
8.0,10111,matched_local_probe,pure,0,1,1.0000181113528097,0.9999999999999992,0.05000094337354025,0.0009157317039940588,0.9978063102859506
8.0,10111,matched_local_probe,pure,0,2,0.9997470682947266,0.9999999999999956,0.04998716218409733,0.0009164793636420212,0.9978063102859506
8.0,10111,matched_local_probe,pure,0,3,1.000259096278125,0.9999999999999987,0.05001293887429805,0.0009150705500396266,0.9978063102859506
8.0,10111,matched_local_probe,pure,0,4,0.9998666884659381,0.9999999999998704,0.04999357154852454,0.0009161450371548566,0.9978063102859506
8.0,10111,matched_local_probe,pure,0,5,1.000120532138613,0.9999999999999992,0.050006024306877034,0.0009154508654223423,0.9978063102859506
8.0,10111,matched_local_probe,pure,0,6,1.0001810642865234,0.9999999999999999,0.050008988938700705,0.0009152854321003443,0.9978063102859506
8.0,10111,matched_local_probe,pure,0,7,0.9999843630089542,0.9999999999999197,0.04999935500659427,0.0009158233002317482,0.9978063102859506
8.0,10111,matched_local_probe,pure,1,0,1.000295935489875,0.9999999999999863,0.05001490136936611,0.0009149678767785474,0.9978063102859505
8.0,10111,matched_local_probe,pure,1,1,0.9996716682121337,0.9999999999996175,0.04998352519841926,0.0009166853625026492,0.9978063102859505
8.0,10111,matched_local_probe,pure,1,2,1.0000604539814757,0.9999999999999976,0.05000306058908913,0.0009156153533842177,0.9978063102859505
8.0,10111,matched_local_probe,pure,1,3,1.0000268741693121,0.9999999999999964,0.05000135785829592,0.0009157078896844078,0.9978063102859505
8.0,10111,matched_local_probe,pure,1,4,0.999910500902787,0.9999999999999902,0.049995516121044234,0.0009160279506183278,0.9978063102859505
8.0,10111,matched_local_probe,pure,1,5,1.0000735138729302,0.9999999999999984,0.05000360942032858,0.0009155810007574595,0.9978063102859505
8.0,10111,matched_local_probe,pure,1,6,0.999886946656598,0.9999999999999353,0.049994374178645835,0.0009160922962805972,0.9978063102859505
8.0,10111,matched_local_probe,pure,1,7,0.9999778768228228,0.9999999999999911,0.04999893216727602,0.0009158421208582823,0.9978063102859505
8.0,10111,matched_local_probe,pure,2,0,1.0000247566891507,0.9999999999999997,0.05000126416326751,0.0009157135917077568,0.9994085077287762
8.0,10111,matched_local_probe,pure,2,1,0.999942954408962,0.9999999999999954,0.049997229878176466,0.0009159375867013738,0.9994085077287762
8.0,10111,matched_local_probe,pure,2,2,1.0000337657985985,1.0,0.05000167776401474,0.0009156893205460369,0.9994085077287762
8.0,10111,matched_local_probe,pure,2,3,1.000004025081519,1.0,0.050000199371338844,0.0009157709082168521,0.9994085077287762
8.0,10111,matched_local_probe,pure,2,4,0.9997943336468691,0.999999999999856,0.04998902337672448,0.0009163560074265094,0.9994085077287762
8.0,10111,matched_local_probe,pure,2,5,1.000014977542353,0.9999999999999999,0.05000073128105283,0.000915741034990403,0.9994085077287762
8.0,10111,matched_local_probe,pure,2,6,0.9999760883907152,0.9999999999999997,0.04999881040914788,0.000915847553752808,0.9994085077287762
8.0,10111,matched_local_probe,pure,2,7,0.9998697751156226,0.9999999999999839,0.04999324558634914,0.0009161428929507951,0.9994085077287762
8.0,10111,matched_local_probe,mixture,3,0,0.9884126455050313,0.9999996877596129,0.04962390649283566,0.0009451423397148722,0.9214056450336202
8.0,10111,matched_local_probe,mixture,3,1,0.9877305984500382,0.9999994933783114,0.04967208351560168,0.000945974706760308,0.9214056450336202
8.0,10111,matched_local_probe,mixture,3,2,0.9943550291925033,0.9999999665797883,0.049794427435175835,0.0009302729279056541,0.9214056450336202
8.0,10111,matched_local_probe,mixture,3,3,1.0062950879578,0.9999999929409079,0.05035143081632298,0.0008981224076058446,0.9214056450336202
8.0,10111,matched_local_probe,mixture,3,4,0.9912805470428673,0.9999998571251097,0.04970982318628329,0.000937854949145618,0.9214056450336202
8.0,10111,matched_local_probe,mixture,3,5,1.0037229052909935,0.9999999754621296,0.05025115495604302,0.0009047635476890022,0.9214056450336202
8.0,10111,matched_local_probe,mixture,3,6,0.9993235703824196,0.9999998815129634,0.05010229556958215,0.0009157292520102916,0.9214056450336202
8.0,10111,matched_local_probe,mixture,3,7,0.9960683108706798,0.9999998593830425,0.049949632061350425,0.0009246225520671971,0.9214056450336202
8.0,10128,seed_relaxation,pure,0,-1,0.9998517685704071,1.0,3.690246169482102e-05,6.762930497336924e-07,0.999850257558891
8.0,10128,seed_relaxation,pure,1,-1,0.9995433625859083,0.9999999999999999,0.00012197905074121552,2.238209117216913e-06,0.9995524848944782
8.0,10128,seed_relaxation,pure,2,-1,0.9998517685704069,1.0,3.690246169482102e-05,6.762930497336924e-07,0.999850257558889
8.0,10128,seed_relaxation,mixture,3,-1,0.7860790470892686,0.9999818741941322,0.11381347621665765,0.005261948059115187,0.3875594099056089
8.0,10128,matched_local_probe,pure,0,0,0.9999742486000108,0.9999999999999984,0.04999877080339605,0.0009158519236890538,0.999850257558891
8.0,10128,matched_local_probe,pure,0,1,1.000013054165677,1.0,0.050000657242158755,0.0009157460227977158,0.999850257558891
8.0,10128,matched_local_probe,pure,0,2,1.0000118572732486,1.0,0.050000603335438966,0.0009157492342613562,0.999850257558891
8.0,10128,matched_local_probe,pure,0,3,0.9999998021463079,1.0,0.04999999869160883,0.0009157823760690272,0.999850257558891
8.0,10128,matched_local_probe,pure,0,4,1.0000055477670828,1.0,0.050000271641238755,0.0009157667781881445,0.999850257558891
8.0,10128,matched_local_probe,pure,0,5,0.999991506084864,1.0,0.049999562397757026,0.0009158054467730018,0.999850257558891
8.0,10128,matched_local_probe,pure,0,6,1.000003873868719,1.0,0.05000020268805188,0.0009157711859511896,0.999850257558891
8.0,10128,matched_local_probe,pure,0,7,1.0000053504101447,0.9999999999999999,0.05000028034373306,0.0009157670796314807,0.999850257558891
8.0,10128,matched_local_probe,pure,1,0,0.9998693036474895,0.999999999999955,0.04999376145697242,0.0009161371479534628,0.9995524848944782
8.0,10128,matched_local_probe,pure,1,1,1.000008654861187,1.0,0.0500004333314986,0.0009157581590050551,0.9995524848944782
8.0,10128,matched_local_probe,pure,1,2,1.000018535298382,0.9999999999999999,0.05000091356167077,0.00091573119938788,0.9995524848944782
8.0,10128,matched_local_probe,pure,1,3,0.9999697112653247,0.9999999999999991,0.04999852063782614,0.0009158646970498563,0.9995524848944782
8.0,10128,matched_local_probe,pure,1,4,0.9999881286307304,0.9999999999999999,0.04999941323229368,0.0009158144733309094,0.9995524848944782
8.0,10128,matched_local_probe,pure,1,5,0.9999845986587454,0.9999999999999997,0.049999255086831736,0.0009158239227667825,0.9995524848944782
8.0,10128,matched_local_probe,pure,1,6,1.000002964275204,0.9999999999999986,0.0500001906329839,0.0009157732515994271,0.9995524848944782
8.0,10128,matched_local_probe,pure,1,7,0.9999961188933858,0.9999999999999999,0.049999817732214985,0.0009157924567043454,0.9995524848944782
8.0,10128,matched_local_probe,pure,2,0,0.9999810647397858,0.9999999999999994,0.04999908856511537,0.0009158335002983325,0.999850257558889
8.0,10128,matched_local_probe,pure,2,1,1.000010248787079,1.0,0.05000050845221839,0.0009157538404974945,0.999850257558889
8.0,10128,matched_local_probe,pure,2,2,1.0000009653194262,1.0,0.05000004277739851,0.0009157793645322821,0.999850257558889
8.0,10128,matched_local_probe,pure,2,3,0.9999951423025865,1.0,0.04999975323112136,0.0009157953422892474,0.999850257558889
8.0,10128,matched_local_probe,pure,2,4,0.9999922526138741,1.0,0.0499996130440619,0.0009158032242373587,0.999850257558889
8.0,10128,matched_local_probe,pure,2,5,0.9999533322654426,0.9999999999999922,0.04999779832310778,0.0009159084182339625,0.999850257558889
8.0,10128,matched_local_probe,pure,2,6,1.0000052296024409,1.0,0.050000262943639844,0.0009157675598780432,0.999850257558889
8.0,10128,matched_local_probe,pure,2,7,1.0000021051156454,1.0,0.05000010593149491,0.000915776152936732,0.999850257558889
8.0,10128,matched_local_probe,mixture,3,0,0.9186951247843715,0.9995164759007116,0.0520029495546935,0.001061574979544569,0.3875594099056089
8.0,10128,matched_local_probe,mixture,3,1,1.0629271159729783,0.9999973735507155,0.05376389999192995,0.0007493885727086443,0.3875594099056089
8.0,10128,matched_local_probe,mixture,3,2,0.8460046460003269,0.997815652332292,0.05216139082751354,0.0012299253515247316,0.3875594099056089
8.0,10128,matched_local_probe,mixture,3,3,0.8489562681162767,0.9973003616558335,0.051908297333524325,0.0012099847722146142,0.3875594099056089
8.0,10128,matched_local_probe,mixture,3,4,0.8671621362878693,0.9983681124225594,0.05143225811708256,0.0011818501157965127,0.3875594099056089
8.0,10128,matched_local_probe,mixture,3,5,0.5724932750403053,0.9957967123505718,0.04351397900872258,0.002355015097236002,0.3875594099056089
8.0,10128,matched_local_probe,mixture,3,6,1.0191524632306708,0.9999959480292677,0.05163607637520113,0.0008553107803818615,0.3875594099056089
8.0,10128,matched_local_probe,mixture,3,7,0.9676968664412335,0.9996450709317698,0.05183968062512929,0.0009521921348980289,0.3875594099056089
8.0,10133,seed_relaxation,pure,0,-1,0.9993668388220777,0.9999999999999993,0.00017214723843679035,3.1609833823468705e-06,0.9993666418756184
8.0,10133,seed_relaxation,pure,1,-1,0.9993668388220777,0.9999999999999993,0.00017214723843679035,3.1609833823468705e-06,0.9993666418756184
8.0,10133,seed_relaxation,pure,2,-1,0.999966257630878,1.0,1.1095311534288534e-05,2.0324515007094029e-07,0.9999583180622958
8.0,10133,seed_relaxation,mixture,3,-1,0.8479088115448887,0.9999969662576954,0.1017454774794725,0.0035163288542511537,0.5675432120653254
8.0,10133,matched_local_probe,pure,0,0,0.9999902513731761,0.9999999999999998,0.04999951425519651,0.0009158086964278747,0.9993666418756184
8.0,10133,matched_local_probe,pure,0,1,1.0000761287840003,0.9999999999999988,0.05000386005356929,0.0009155721283946914,0.9993666418756184
8.0,10133,matched_local_probe,pure,0,2,0.9999773503248763,0.9999999999999984,0.049998899372597466,0.0009158437678229468,0.9993666418756184
8.0,10133,matched_local_probe,pure,0,3,1.0000005940773196,0.9999999999999983,0.050000076042259665,0.0009157797102584421,0.9993666418756184
8.0,10133,matched_local_probe,pure,0,4,0.999902867675962,0.9999999999999865,0.049995275007139885,0.0009160470846308576,0.9993666418756184
8.0,10133,matched_local_probe,pure,0,5,0.9999066150977368,0.9999999999999856,0.049995472259902994,0.0009160366544398403,0.9993666418756184
8.0,10133,matched_local_probe,pure,0,6,1.0000836449158585,0.9999999999999986,0.050004119852724606,0.0009155530036854607,0.9993666418756184
8.0,10133,matched_local_probe,pure,0,7,1.0000312736200099,0.9999999999999987,0.05000160863263128,0.000915695461028146,0.9993666418756184
8.0,10133,matched_local_probe,pure,1,0,0.9999902799457833,0.9999999999999994,0.04999953007398517,0.0009158084337811802,0.9993666418756184
8.0,10133,matched_local_probe,pure,1,1,1.0000758861759198,0.9999999999999993,0.05000374932832511,0.0009155740787243471,0.9993666418756184
8.0,10133,matched_local_probe,pure,1,2,0.9999772982985314,0.9999999999999994,0.04999886871284374,0.0009158442656542543,0.9993666418756184
8.0,10133,matched_local_probe,pure,1,3,1.000000420687522,1.0,0.049999994658598605,0.0009157811308301611,0.9993666418756184
8.0,10133,matched_local_probe,pure,1,4,0.9999022823300409,0.9999999999999991,0.04999501906965693,0.0009160516611012353,0.9993666418756184
8.0,10133,matched_local_probe,pure,1,5,0.9999059684606737,0.9999999999999982,0.04999518639615716,0.0009160417461942685,0.9993666418756184
8.0,10133,matched_local_probe,pure,1,6,1.0000839861649218,0.9999999999999976,0.050004275388739,0.0009155502631798493,0.9993666418756184
8.0,10133,matched_local_probe,pure,1,7,1.0000310909528136,0.9999999999999999,0.05000152669138385,0.0009156969133483222,0.9993666418756184
8.0,10133,matched_local_probe,pure,2,0,0.9999917070283052,1.0,0.049999591232217824,0.000915804649789247,0.9999583180622958
8.0,10133,matched_local_probe,pure,2,1,1.0000023715340292,1.0,0.050000112131519586,0.0009157755139269098,0.9999583180622958
8.0,10133,matched_local_probe,pure,2,2,0.9999999857520133,1.0,0.050000000645770454,0.0009157819670424117,0.9999583180622958
8.0,10133,matched_local_probe,pure,2,3,1.0000015228958274,1.0,0.05000007521500743,0.0009157777735541512,0.9999583180622958
8.0,10133,matched_local_probe,pure,2,4,0.9999981182737322,1.0,0.04999990689469068,0.000915787101596466,0.9999583180622958
8.0,10133,matched_local_probe,pure,2,5,0.9999974827097997,1.0,0.049999871285844585,0.0009157888976955084,0.9999583180622958
8.0,10133,matched_local_probe,pure,2,6,1.0000045167618865,1.0,0.05000021985073604,0.0009157696144882733,0.9999583180622958
8.0,10133,matched_local_probe,pure,2,7,1.0000013834896042,1.0,0.05000007599354154,0.0009157780560329471,0.9999583180622958
8.0,10133,matched_local_probe,mixture,3,0,0.8858615003042056,0.999360800000578,0.05017750735941208,0.0011609348358886762,0.5675432120653254
8.0,10133,matched_local_probe,mixture,3,1,1.0235826980039036,0.9999618213123739,0.05283027993049681,0.000832185068411959,0.5675432120653254
8.0,10133,matched_local_probe,mixture,3,2,0.8367917243126095,0.9991169895222123,0.05005148613704543,0.0012945603846905628,0.5675432120653254
8.0,10133,matched_local_probe,mixture,3,3,0.8941060626993141,0.9993631521327635,0.05050061439014866,0.0011362342561723217,0.5675432120653254
8.0,10133,matched_local_probe,mixture,3,4,0.7640347961405474,0.9987909932284817,0.047759334044488566,0.0015519618464860366,0.5675432120653254
8.0,10133,matched_local_probe,mixture,3,5,0.7735868075391863,0.9988554736902051,0.04769790707720757,0.0015239954480802543,0.5675432120653254
8.0,10133,matched_local_probe,mixture,3,6,1.0287935041022684,0.9999717851606218,0.052921174685139905,0.0008207633010835112,0.5675432120653254
8.0,10133,matched_local_probe,mixture,3,7,0.9450256055941706,0.9998003626865714,0.05171252874225035,0.001012776298943277,0.5675432120653254
8.0,10139,seed_relaxation,pure,0,-1,0.9998517685704071,1.0,3.690246169482102e-05,6.762930497336924e-07,0.9998502575588927
8.0,10139,seed_relaxation,pure,1,-1,0.9995433625859085,0.9999999999999999,0.0001219790507412155,2.238209117216913e-06,0.9995524848944765
8.0,10139,seed_relaxation,pure,2,-1,0.9998517685704071,1.0,3.690246169482102e-05,6.762930497336924e-07,0.9998502575588907
8.0,10139,seed_relaxation,mixture,3,-1,0.7860790470892682,0.9999818741941322,0.11381347621665766,0.005261948059115257,0.38755940990560883
8.0,10139,matched_local_probe,pure,0,0,1.0000142718213467,1.0,0.05000071375877996,0.0009157427365399996,0.9998502575588927
8.0,10139,matched_local_probe,pure,0,1,0.9999745591551664,0.9999999999999992,0.049998681494995055,0.0009158524401861477,0.9998502575588927
8.0,10139,matched_local_probe,pure,0,2,0.9999889709961742,0.9999999999999999,0.049999428443278614,0.0009158125052132762,0.9998502575588927
8.0,10139,matched_local_probe,pure,0,3,0.9999970430192965,1.0,0.04999985131065221,0.000915790079703151,0.9998502575588927
8.0,10139,matched_local_probe,pure,0,4,1.0000035766913316,1.0,0.05000018296687002,0.000915772064746077,0.9998502575588927
8.0,10139,matched_local_probe,pure,0,5,0.9999901567343843,0.9999999999999999,0.04999952365107634,0.0009158087793745734,0.9998502575588927
8.0,10139,matched_local_probe,pure,0,6,0.9999990914569558,1.0,0.04999995409824873,0.0009157844483017119,0.9998502575588927
8.0,10139,matched_local_probe,pure,0,7,0.9999971666834081,1.0,0.04999985481879111,0.0009157897737693264,0.9998502575588927
8.0,10139,matched_local_probe,pure,1,0,1.0000465986787284,0.999999999999999,0.05000227766377921,0.0009156546177798804,0.9995524848944765
8.0,10139,matched_local_probe,pure,1,1,0.9999775938772653,0.9999999999999999,0.049998878071871894,0.0009158435305852387,0.9995524848944765
8.0,10139,matched_local_probe,pure,1,2,1.0000077232771158,0.9999999999999999,0.05000039499045053,0.0009157606111548795,0.9995524848944765
8.0,10139,matched_local_probe,pure,1,3,1.000002866632701,1.0,0.05000014619805498,0.0009157740303751657,0.9995524848944765
8.0,10139,matched_local_probe,pure,1,4,0.9999866682738746,1.0,0.04999931982316019,0.0009158187484759394,0.9995524848944765
8.0,10139,matched_local_probe,pure,1,5,0.9999904241957811,0.9999999999999999,0.04999953453052197,0.000915808074061664,0.9995524848944765
8.0,10139,matched_local_probe,pure,1,6,0.9999736380255037,0.9999999999999999,0.04999868384738684,0.0009158543488460268,0.9995524848944765
8.0,10139,matched_local_probe,pure,1,7,0.9999559489395764,0.9999999999999992,0.049997730944818984,0.0009159038377410269,0.9995524848944765
8.0,10139,matched_local_probe,pure,2,0,1.0000139884948254,0.9999999999999999,0.0500006824188369,0.0009157437376324977,0.9998502575588907
8.0,10139,matched_local_probe,pure,2,1,1.0000003357480016,1.0,0.050000018177724974,0.0009157810049593738,0.9998502575588907
8.0,10139,matched_local_probe,pure,2,2,1.000000658647524,1.0,0.05000003580101683,0.0009157800980869745,0.9998502575588907
8.0,10139,matched_local_probe,pure,2,3,1.0000114530174662,1.0,0.050000580441534645,0.0009157503792612905,0.9998502575588907
8.0,10139,matched_local_probe,pure,2,4,1.0000039976567445,0.9999999999999998,0.05000017591851296,0.0009157712776245522,0.9998502575588907
8.0,10139,matched_local_probe,pure,2,5,1.0000027957726925,1.0,0.05000014835401967,0.0009157741527894544,0.9998502575588907
8.0,10139,matched_local_probe,pure,2,6,0.9999700683958693,0.9999999999999987,0.04999843976280607,0.0009158649988701159,0.9998502575588907
8.0,10139,matched_local_probe,pure,2,7,0.999990431558905,0.9999999999999998,0.04999949687178302,0.0009158085538880334,0.9998502575588907
8.0,10139,matched_local_probe,mixture,3,0,0.9575781610240317,0.9994166359479911,0.05202595631971585,0.0009695777261491449,0.38755940990560883
8.0,10139,matched_local_probe,mixture,3,1,0.7465005777794775,0.9982469062597579,0.04809184923240857,0.0016132876878050314,0.38755940990560883
8.0,10139,matched_local_probe,mixture,3,2,0.8199469266703195,0.9994116261221384,0.04839795000907261,0.0013920246391104852,0.38755940990560883
8.0,10139,matched_local_probe,mixture,3,3,0.9096805703671619,0.9990217032546052,0.05189734526285363,0.001071946522675043,0.38755940990560883
8.0,10139,matched_local_probe,mixture,3,4,0.9334815948931866,0.9987605533767885,0.052839844335789685,0.0010028433587618104,0.38755940990560883
8.0,10139,matched_local_probe,mixture,3,5,0.7315495725364022,0.9948454503687113,0.05069677924485639,0.00155467715519224,0.38755940990560883
8.0,10139,matched_local_probe,mixture,3,6,0.665275148513803,0.9963635414467686,0.04786440516561854,0.0018895517040500704,0.38755940990560883
8.0,10139,matched_local_probe,mixture,3,7,0.8811688732528671,0.9980256731747859,0.05191018320621183,0.0011360057578259596,0.38755940990560883
8.0,10155,seed_relaxation,pure,0,-1,0.9890653247985466,0.9999999999434035,0.002985976781857216,5.7141635720002445e-05,0.9890797173410985
8.0,10155,seed_relaxation,pure,1,-1,0.9970731176226697,0.9999999999997133,0.000674333936606665,1.249640467294894e-05,0.9970850940519029
8.0,10155,seed_relaxation,pure,2,-1,0.9640677777971676,0.9999999928778645,0.0127626050987948,0.0002702328383073512,0.9634322627964724
8.0,10155,seed_relaxation,mixture,3,-1,0.8195792157005659,0.999992417418946,0.06237762781264654,0.002458816402836806,0.7908185031109417
8.0,10155,matched_local_probe,pure,0,0,1.0002748539781714,0.9999999999904987,0.05001557691199396,0.0009150034637073351,0.9890797173410985
8.0,10155,matched_local_probe,pure,0,1,1.0016159263506033,0.9999999999955698,0.0500826078875074,0.0009113294996525136,0.9890797173410985
8.0,10155,matched_local_probe,pure,0,2,1.0001989757647494,0.9999999999999936,0.05000996931075031,0.0009152356802455577,0.9890797173410985
8.0,10155,matched_local_probe,pure,0,3,1.0008564626376906,0.9999999999986132,0.050043107756415864,0.0009134271762488502,0.9890797173410985
8.0,10155,matched_local_probe,pure,0,4,0.9992571688880229,0.9999999998573199,0.04996825450299612,0.0009177542754824225,0.9890797173410985
8.0,10155,matched_local_probe,pure,0,5,1.0005560963728604,0.9999999999207849,0.050033518757124584,0.000914184222526778,0.9890797173410985
8.0,10155,matched_local_probe,pure,0,6,1.0006845378318718,0.9999999999984458,0.05003486537199325,0.0009138940422365088,0.9890797173410985
8.0,10155,matched_local_probe,pure,0,7,1.0002761347699654,0.9999999999991115,0.05001403824682424,0.0009150201589937829,0.9890797173410985
8.0,10155,matched_local_probe,pure,1,0,1.0001144514991693,0.9999999999998853,0.050006103224565834,0.0009154626505325362,0.9970850940519029
8.0,10155,matched_local_probe,pure,1,1,0.9997945275647819,0.9999999999998342,0.049990043091251046,0.0009163422008327206,0.9970850940519029
8.0,10155,matched_local_probe,pure,1,2,1.0000533706007646,0.9999999999999484,0.050002635628499686,0.0009156354557913676,0.9970850940519029
8.0,10155,matched_local_probe,pure,1,3,1.000077083169511,0.9999999999999256,0.05000413609127698,0.0009155666758171129,0.9970850940519029
8.0,10155,matched_local_probe,pure,1,4,1.0001781938247944,0.9999999999999984,0.05000891420734571,0.0009152924208854391,0.9970850940519029
8.0,10155,matched_local_probe,pure,1,5,0.9999016229014571,0.9999999999998987,0.04999512036842639,0.0009160514589551148,0.9970850940519029
8.0,10155,matched_local_probe,pure,1,6,1.0001892702544073,0.9999999999999996,0.05000931856040756,0.0009152638919842601,0.9970850940519029
8.0,10155,matched_local_probe,pure,1,7,1.0001178832408917,0.9999999999999996,0.05000582828208302,0.0009154589651304407,0.9970850940519029
8.0,10155,matched_local_probe,pure,2,0,1.000254297584261,0.9999999987831029,0.05002826040048265,0.0009148847138748019,0.9634322627964724
8.0,10155,matched_local_probe,pure,2,1,1.0008112111964098,0.9999999982933776,0.050059902030235665,0.0009133488581746632,0.9634322627964724
8.0,10155,matched_local_probe,pure,2,2,1.0025436142866444,0.9999999999988476,0.0501295183700973,0.0009088333460232795,0.9634322627964724
8.0,10155,matched_local_probe,pure,2,3,0.9943059270227278,0.9999999937613301,0.04974973217393392,0.000931015463270914,0.9634322627964724
8.0,10155,matched_local_probe,pure,2,4,1.000142414424402,0.9999999994718499,0.050016645987985164,0.0009152507770464273,0.9634322627964724
8.0,10155,matched_local_probe,pure,2,5,1.0008013589346387,0.9999999969173753,0.05006579531250678,0.0009132887286867914,0.9634322627964724
8.0,10155,matched_local_probe,pure,2,6,0.9946720183158111,0.9999999745470122,0.04979757135481364,0.0009297143777307575,0.9634322627964724
8.0,10155,matched_local_probe,pure,2,7,0.999260783341152,0.9999999870560651,0.050012067586684396,0.0009171370510792879,0.9634322627964724
8.0,10155,matched_local_probe,mixture,3,0,0.9927948743195201,0.999996205385212,0.050215504594146594,0.0009277098659708163,0.7908185031109417
8.0,10155,matched_local_probe,mixture,3,1,0.9933176470982857,0.9999906309818704,0.050473087002957676,0.0009240392106046786,0.7908185031109417
8.0,10155,matched_local_probe,mixture,3,2,1.0138896266860702,0.9999999260101946,0.05074433409214918,0.0008792099330952719,0.7908185031109417
8.0,10155,matched_local_probe,mixture,3,3,0.9504906855981454,0.9999870271082788,0.04863682199579667,0.0010412248608196394,0.7908185031109417
8.0,10155,matched_local_probe,mixture,3,4,0.994537138243419,0.9999987898337107,0.050094950916934194,0.0009252650208126267,0.7908185031109417
8.0,10155,matched_local_probe,mixture,3,5,0.9894057210648828,0.9999867330333295,0.050474024922427405,0.0009320133529964671,0.7908185031109417
8.0,10155,matched_local_probe,mixture,3,6,0.9326439404520065,0.9999306535672267,0.04922286883194704,0.0010764210198083348,0.7908185031109417
8.0,10155,matched_local_probe,mixture,3,7,0.9699014523134417,0.9999714599610173,0.05020288461137401,0.0009749205243954114,0.7908185031109417
8.0,10167,seed_relaxation,pure,0,-1,0.9998517685704071,1.0,3.6902461694821026e-05,6.762930497336924e-07,0.9998502575588902
8.0,10167,seed_relaxation,pure,1,-1,0.9995433625859085,0.9999999999999999,0.00012197905074121552,2.238209117216913e-06,0.9995524848944759
8.0,10167,seed_relaxation,pure,2,-1,0.9998517685704071,1.0,3.690246169482102e-05,6.762930497336924e-07,0.9998502575588923
8.0,10167,seed_relaxation,mixture,3,-1,0.7198817075221267,0.9999368420474559,0.07209939210314947,0.004605652049001178,0.6374711797074906
8.0,10167,matched_local_probe,pure,0,0,0.999951287017867,0.9999999999999946,0.04999744017441922,0.0009159173790336258,0.9998502575588902
8.0,10167,matched_local_probe,pure,0,1,1.0000157335715594,0.9999999999999994,0.050000749717048584,0.0009157392102897118,0.9998502575588902
8.0,10167,matched_local_probe,pure,0,2,1.0000018912436928,1.0,0.05000008783917389,0.0009157768370130227,0.9998502575588902
8.0,10167,matched_local_probe,pure,0,3,0.9999943682464302,1.0,0.049999728668302885,0.0009157972862004036,0.9998502575588902
8.0,10167,matched_local_probe,pure,0,4,1.0000100910116658,1.0,0.05000050763482274,0.0009157541819110699,0.9998502575588902
8.0,10167,matched_local_probe,pure,0,5,1.0000070667919376,0.9999999999999999,0.050000336165059146,0.0009157627560463201,0.9998502575588902
8.0,10167,matched_local_probe,pure,0,6,0.9999732421703739,0.9999999999999982,0.04999859210721054,0.0009158563596187196,0.9998502575588902
8.0,10167,matched_local_probe,pure,0,7,1.0000096040866502,1.0,0.05000047448799497,0.000915755634265592,0.9998502575588902
8.0,10167,matched_local_probe,pure,1,0,0.9999487376647539,0.9999999999999877,0.04999757726926236,0.0009159209415642421,0.9995524848944759
8.0,10167,matched_local_probe,pure,1,1,1.0000568022500853,0.9999999999999818,0.05000305224104024,0.0009156231921967349,0.9995524848944759
8.0,10167,matched_local_probe,pure,1,2,0.9999983601350699,0.9999999999999998,0.04999993475054811,0.000915786232213387,0.9995524848944759
8.0,10167,matched_local_probe,pure,1,3,0.9999900869861199,1.0,0.04999948778647619,0.0009158094018871569,0.9995524848944759
8.0,10167,matched_local_probe,pure,1,4,1.0000085274845882,1.0,0.0500004189579371,0.0009157586175498575,0.9995524848944759
8.0,10167,matched_local_probe,pure,1,5,0.9999930796985383,0.9999999999999998,0.049999671731827074,0.0009158007230188063,0.9995524848944759
8.0,10167,matched_local_probe,pure,1,6,1.000006728732271,1.0,0.050000340296218276,0.0009157634069188655,0.9995524848944759
8.0,10167,matched_local_probe,pure,1,7,1.0000082985908045,1.0,0.0500004120739647,0.0009157591830906292,0.9995524848944759
8.0,10167,matched_local_probe,pure,2,0,0.9999958616032775,0.9999999999999997,0.049999763614101814,0.0009157936953429042,0.9998502575588923
8.0,10167,matched_local_probe,pure,2,1,1.0000134227461421,0.9999999999999994,0.0500006349086754,0.0009157455490402678,0.9998502575588923
8.0,10167,matched_local_probe,pure,2,2,1.0000063204629943,1.0,0.05000031948796373,0.0009157645361403508,0.9998502575588923
8.0,10167,matched_local_probe,pure,2,3,0.9999976296681486,1.0,0.04999988544980695,0.0009157884074535678,0.9998502575588923
8.0,10167,matched_local_probe,pure,2,4,1.0000017604991553,1.0,0.05000008902939243,0.0009157770946816536,0.9998502575588923
8.0,10167,matched_local_probe,pure,2,5,1.0000055025216599,1.0,0.050000267507756935,0.0009157669275355984,0.9998502575588923
8.0,10167,matched_local_probe,pure,2,6,1.0000017474665261,1.0,0.05000009221883212,0.0009157770804401271,0.9998502575588923
8.0,10167,matched_local_probe,pure,2,7,1.0000084910881393,1.0,0.05000043482270625,0.0009157584841324893,0.9998502575588923
8.0,10167,matched_local_probe,mixture,3,0,0.7686278481724945,0.9986160495389982,0.049537043779001914,0.0015356495550132682,0.6374711797074906
8.0,10167,matched_local_probe,mixture,3,1,0.9416093298263822,0.9992871377811099,0.052598991358890256,0.0010006467810553632,0.6374711797074906
8.0,10167,matched_local_probe,mixture,3,2,0.950409829982875,0.9998825855581541,0.05008817837300272,0.001017046014826142,0.6374711797074906
8.0,10167,matched_local_probe,mixture,3,3,0.8835041310687988,0.9994230371705274,0.050247066403923735,0.0011750197003202807,0.6374711797074906
8.0,10167,matched_local_probe,mixture,3,4,0.9736860169129733,0.9999152157164924,0.05051074920645563,0.0009652410112754677,0.6374711797074906
8.0,10167,matched_local_probe,mixture,3,5,0.9432023076980308,0.9998884055291656,0.04984208511227971,0.0010344546941479797,0.6374711797074906
8.0,10167,matched_local_probe,mixture,3,6,0.99746567828268,0.9999945928728868,0.05044113317807608,0.0009154633006423391,0.6374711797074906
8.0,10167,matched_local_probe,mixture,3,7,1.002273388788425,0.9999995959798692,0.05031298957935793,0.0009067399125885781,0.6374711797074906
8.0,10175,seed_relaxation,pure,0,-1,0.9998517685704071,1.0,3.690246169482102e-05,6.762930497336924e-07,0.9998502575588895
8.0,10175,seed_relaxation,pure,1,-1,0.9998517685704071,1.0,3.690246169482102e-05,6.762930497336924e-07,0.9998502575588907
8.0,10175,seed_relaxation,pure,2,-1,0.9995433625859085,0.9999999999999999,0.00012197905074121552,2.238209117216913e-06,0.999552484894476
8.0,10175,seed_relaxation,mixture,3,-1,0.7860790470892679,0.9999818741941322,0.1138134762166576,0.005261948059115222,0.387559409905609
8.0,10175,matched_local_probe,pure,0,0,1.0000142356884218,0.9999999999999997,0.05000073880293477,0.0009157424867954945,0.9998502575588895
8.0,10175,matched_local_probe,pure,0,1,0.9999986658796146,1.0,0.04999993212350985,0.0009157856252011735,0.9998502575588895
8.0,10175,matched_local_probe,pure,0,2,1.0000028121469797,1.0,0.05000012889128938,0.0009157743738653083,0.9998502575588895
8.0,10175,matched_local_probe,pure,0,3,0.9999995847603707,1.0,0.04999997062508179,0.0009157831989954793,0.9998502575588895
8.0,10175,matched_local_probe,pure,0,4,1.0000054405441476,1.0,0.050000282450668586,0.000915766863491559,0.9998502575588895
8.0,10175,matched_local_probe,pure,0,5,1.000008965941486,0.9999999999999998,0.050000470354662055,0.0009157570304304287,0.9998502575588895
8.0,10175,matched_local_probe,pure,0,6,1.0000092272622259,1.0,0.050000454207935904,0.0009157566892244634,0.9998502575588895
8.0,10175,matched_local_probe,pure,0,7,1.000015255108708,1.0,0.050000753392385265,0.0009157401578795153,0.9998502575588895
8.0,10175,matched_local_probe,pure,1,0,0.999999125961781,1.0,0.04999995792389576,0.0009157843252251034,0.9998502575588907
8.0,10175,matched_local_probe,pure,1,1,1.0000016760934725,1.0,0.05000007373442322,0.0009157774725015924,0.9998502575588907
8.0,10175,matched_local_probe,pure,1,2,1.0000087638242738,0.9999999999999997,0.05000040953365279,0.0009157582462415979,0.9998502575588907
8.0,10175,matched_local_probe,pure,1,3,1.000008530273981,1.0,0.05000043127363276,0.0009157584487501669,0.9998502575588907
8.0,10175,matched_local_probe,pure,1,4,0.9999988531061771,1.0,0.04999994288644382,0.0009157850929836083,0.9998502575588907
8.0,10175,matched_local_probe,pure,1,5,0.999998574764306,1.0,0.049999926754675246,0.0009157858869276367,0.9998502575588907
8.0,10175,matched_local_probe,pure,1,6,1.0000040862823791,0.9999999999999999,0.05000018869494561,0.0009157709242178635,0.9998502575588907
8.0,10175,matched_local_probe,pure,1,7,1.0000071732982825,1.0,0.05000035307380725,0.0009157623110397397,0.9998502575588907
8.0,10175,matched_local_probe,pure,2,0,1.0000216496343934,0.9999999999999993,0.05000112139054987,0.0009157219691105229,0.999552484894476
8.0,10175,matched_local_probe,pure,2,1,0.9999848734971154,1.0,0.049999244582556036,0.0009158234831885,0.999552484894476
8.0,10175,matched_local_probe,pure,2,2,1.000008928866863,0.9999999999999991,0.050000391433602936,0.0009157581444593599,0.999552484894476
8.0,10175,matched_local_probe,pure,2,3,1.0000052351979543,1.0,0.05000024446441779,0.0009157677895806289,0.999552484894476
8.0,10175,matched_local_probe,pure,2,4,1.0000120471694538,1.0,0.05000060960114663,0.0009157487522037716,0.999552484894476
8.0,10175,matched_local_probe,pure,2,5,1.00002003923968,1.0,0.05000099380080442,0.0009157269993768762,0.999552484894476
8.0,10175,matched_local_probe,pure,2,6,1.0000031234886018,0.9999999999999999,0.0500001299229474,0.0009157737034781113,0.999552484894476
8.0,10175,matched_local_probe,pure,2,7,1.0000536754431315,0.9999999999999992,0.0500026390753545,0.0009156350785684939,0.999552484894476
8.0,10175,matched_local_probe,mixture,3,0,0.9367871746475948,0.9998278873428046,0.05127553749537129,0.001027066706978243,0.387559409905609
8.0,10175,matched_local_probe,mixture,3,1,0.9122893512031218,0.9987090486262156,0.051494906221105925,0.001078124710152627,0.387559409905609
8.0,10175,matched_local_probe,mixture,3,2,0.9494985803847447,0.9997970844859809,0.05176984060376567,0.0009908903509815718,0.387559409905609
8.0,10175,matched_local_probe,mixture,3,3,0.8933484132663619,0.9987240256258411,0.05154757775810046,0.0011158994875488184,0.387559409905609
8.0,10175,matched_local_probe,mixture,3,4,0.8118045731212284,0.9966761356406347,0.05050532427151287,0.0013334950652099168,0.387559409905609
8.0,10175,matched_local_probe,mixture,3,5,0.6942780115374021,0.9929213437355228,0.0514590611457814,0.0016349212088746098,0.387559409905609
8.0,10175,matched_local_probe,mixture,3,6,0.9784574012954101,0.9997173167631468,0.05251117962569323,0.0009223843183920649,0.387559409905609
8.0,10175,matched_local_probe,mixture,3,7,0.9390894403536709,0.999734854887961,0.05030831399624914,0.0010375453618706426,0.387559409905609
8.0,10179,seed_relaxation,pure,0,-1,0.999401158115884,0.9999999999999996,0.000136275115391252,2.5019525325471787e-06,0.9994085077287755
8.0,10179,seed_relaxation,pure,1,-1,0.9977883323758457,0.999999999999908,0.0006033432389334415,1.1148861762692372e-05,0.9978063102859501
8.0,10179,seed_relaxation,pure,2,-1,0.9977883323758457,0.999999999999908,0.0006033432389334415,1.1148861762692372e-05,0.9978063102859495
8.0,10179,seed_relaxation,mixture,3,-1,0.9714254311395016,0.9999999956817994,0.020852103697507413,0.00042870672995063216,0.9214056450336213
8.0,10179,matched_local_probe,pure,0,0,0.9999233954815903,0.9999999999999993,0.04999608255374828,0.0009159935655173003,0.9994085077287755
8.0,10179,matched_local_probe,pure,0,1,0.9999940662946192,1.0,0.04999970239938671,0.000915798258291024,0.9994085077287755
8.0,10179,matched_local_probe,pure,0,2,0.9999292607825283,0.9999999999999974,0.049996346621068576,0.0009159778046360179,0.9994085077287755
8.0,10179,matched_local_probe,pure,0,3,1.0000370267734913,0.9999999999999986,0.05000178422709506,0.0009156811101504827,0.9994085077287755
8.0,10179,matched_local_probe,pure,0,4,1.0000133627403676,1.0,0.05000065874806701,0.0009157453572019434,0.9994085077287755
8.0,10179,matched_local_probe,pure,0,5,1.0000213298756806,0.9999999999999999,0.05000104508333932,0.0009157236288918268,0.9994085077287755
8.0,10179,matched_local_probe,pure,0,6,0.9999752895836915,1.0,0.04999874296425652,0.0009158501097215931,0.9994085077287755
8.0,10179,matched_local_probe,pure,0,7,0.9999631802040811,1.0,0.0499981416276461,0.000915883318633823,0.9994085077287755
8.0,10179,matched_local_probe,pure,1,0,0.9998068508158979,0.9999999999998637,0.04999066111363239,0.0009163084300428631,0.9978063102859501
8.0,10179,matched_local_probe,pure,1,1,1.0000991468041849,1.0,0.05000492452435886,0.0009155100015760329,0.9978063102859501
8.0,10179,matched_local_probe,pure,1,2,1.0001272373171,0.9999999999999994,0.05000620418336383,0.0009154344651632115,0.9978063102859501
8.0,10179,matched_local_probe,pure,1,3,1.0000777050241687,1.0,0.050003865045122935,0.0009155687612196664,0.9978063102859501
8.0,10179,matched_local_probe,pure,1,4,1.0001649802529082,0.9999999999999765,0.050008377381449344,0.0009153270569075795,0.9978063102859501
8.0,10179,matched_local_probe,pure,1,5,1.0000442741661066,0.9999999999999901,0.05000228999121836,0.0009156592693587924,0.9978063102859501
8.0,10179,matched_local_probe,pure,1,6,1.0002994441343982,0.9999999999999999,0.05001490641233738,0.0009149604410237281,0.9978063102859501
8.0,10179,matched_local_probe,pure,1,7,0.9996324119036661,0.9999999999979781,0.04998295179629429,0.0009167748207024447,0.9978063102859501
8.0,10179,matched_local_probe,pure,2,0,1.0000208229633443,0.9999999999997367,0.05000151679389554,0.0009157186039489816,0.9978063102859495
8.0,10179,matched_local_probe,pure,2,1,1.0001415307732702,0.9999999999999967,0.050007122181347154,0.0009153925732223726,0.9978063102859495
8.0,10179,matched_local_probe,pure,2,2,1.0000750870591395,0.9999999999999958,0.05000373462842605,0.0009155759014972816,0.9978063102859495
8.0,10179,matched_local_probe,pure,2,3,1.0003498016002261,0.9999999999999356,0.0500170270205583,0.0009148274476708092,0.9978063102859495
8.0,10179,matched_local_probe,pure,2,4,1.000051170058011,0.9999999999998203,0.05000290216175198,0.0009156367699484472,0.9978063102859495
8.0,10179,matched_local_probe,pure,2,5,0.9999384137845946,0.999999999999863,0.049996912038201,0.0009159512957084414,0.9978063102859495
8.0,10179,matched_local_probe,pure,2,6,1.000168199284281,0.9999999999999984,0.05000824798387315,0.0009153220426113557,0.9978063102859495
8.0,10179,matched_local_probe,pure,2,7,1.0000564820376674,0.9999999999999993,0.050002715891303534,0.0009156283078114505,0.9978063102859495
8.0,10179,matched_local_probe,mixture,3,0,0.9922719826231503,0.9999997723743167,0.04978376178682923,0.000934671707163689,0.9214056450336213
8.0,10179,matched_local_probe,mixture,3,1,1.0054565621789155,0.9999999983870591,0.0502909108384908,0.0009006463793269516,0.9214056450336213
8.0,10179,matched_local_probe,mixture,3,2,1.0034939368276616,0.999999974672328,0.0502486482681167,0.0009052413384225596,0.9214056450336213
8.0,10179,matched_local_probe,mixture,3,3,1.0101680639772654,0.9999999971982061,0.05054300752938326,0.0008877862275367673,0.9214056450336213
8.0,10179,matched_local_probe,mixture,3,4,1.0035895941730126,0.9999999462616339,0.05026702789934906,0.0009046981308395007,0.9214056450336213
8.0,10179,matched_local_probe,mixture,3,5,0.9961704434746944,0.9999997264804319,0.0500226771705164,0.0009233843697877204,0.9214056450336213
8.0,10179,matched_local_probe,mixture,3,6,1.0105465114340364,0.9999999913015961,0.0505720124764443,0.0008866106275276543,0.9214056450336213
8.0,10179,matched_local_probe,mixture,3,7,0.9878708594191458,0.9999996462177996,0.04964324315296044,0.0009465701828436406,0.9214056450336213
8.0,10197,seed_relaxation,pure,0,-1,0.8116692778213881,0.999992426173747,0.06234177939209566,0.002526982902995378,0.7900104137050856
8.0,10197,seed_relaxation,pure,1,-1,0.5548339125249906,0.9995430192400018,0.23524849011185553,0.03442291464128502,0.31786086309773076
8.0,10197,seed_relaxation,pure,2,-1,0.9963571809510781,0.9999999999993047,0.0007385319574346037,1.3725401084599476e-05,0.9963618168648186
8.0,10197,seed_relaxation,mixture,3,-1,0.5718275821074242,0.9995361925251748,0.23559385183341608,0.03278809736348642,0.327696263434058
8.0,10197,matched_local_probe,pure,0,0,1.0057540634927267,0.9999999660716928,0.05040161704890645,0.000898670075324441,0.7900104137050856
8.0,10197,matched_local_probe,pure,0,1,0.9865167275507107,0.9999965832418418,0.04989161251159798,0.0009446661332878055,0.7900104137050856
8.0,10197,matched_local_probe,pure,0,2,0.9535560550773117,0.9999021094141409,0.05105535241092409,0.0009991231448354637,0.7900104137050856
8.0,10197,matched_local_probe,pure,0,3,1.0071857028278521,0.9999990171192786,0.05065810217140385,0.0008932749532445485,0.7900104137050856
8.0,10197,matched_local_probe,pure,0,4,0.9196353323241953,0.9999214160391583,0.049193199600246255,0.0011073981598372924,0.7900104137050856
8.0,10197,matched_local_probe,pure,0,5,1.0245055142609971,0.9999999659390604,0.05117067342570076,0.0008532311404063018,0.7900104137050856
8.0,10197,matched_local_probe,pure,0,6,0.8619306355068381,0.999778463332964,0.04872652346979292,0.0012721792623108423,0.7900104137050856
8.0,10197,matched_local_probe,pure,0,7,0.9677435957409037,0.9999774020702074,0.049899432847318924,0.0009841046996570707,0.7900104137050856
8.0,10197,matched_local_probe,pure,1,0,0.3085788217616351,0.943058758922893,0.06035442205531698,0.003424440112068099,0.31786086309773076
8.0,10197,matched_local_probe,pure,1,1,1.0003678379860435,0.999994536145748,0.051529117513808134,0.0009042875600130787,0.31786086309773076
8.0,10197,matched_local_probe,pure,1,2,1.0028935493613347,0.9999999741712902,0.05060859714704795,0.0009053035084513338,0.31786086309773076
8.0,10197,matched_local_probe,pure,1,3,0.48772284496191637,0.9571598249569352,0.0568711650366514,0.0024301564938410385,0.31786086309773076
8.0,10197,matched_local_probe,pure,1,4,0.7935226843806561,0.994684774744072,0.05254158602684485,0.0013814124555933131,0.31786086309773076
8.0,10197,matched_local_probe,pure,1,5,0.7155504620991335,0.9462169700034099,0.0613010342699838,0.001529238296136845,0.31786086309773076
8.0,10197,matched_local_probe,pure,1,6,0.514537037129075,0.9464862206889755,0.06251406110667496,0.0021353292572375377,0.31786086309773076
8.0,10197,matched_local_probe,pure,1,7,0.5726828722060292,0.9840896987154492,0.04915637440529625,0.002195749751219032,0.31786086309773076
8.0,10197,matched_local_probe,pure,2,0,1.000341220149251,0.9999999999998666,0.0500176102946881,0.00091483787439794,0.9963618168648186
8.0,10197,matched_local_probe,pure,2,1,1.0001223394416967,0.999999999999999,0.050006002045746296,0.0009154473268480462,0.9963618168648186
8.0,10197,matched_local_probe,pure,2,2,0.9990655341971273,0.9999999999885082,0.04995655827031418,0.0009183080724562299,0.9963618168648186
8.0,10197,matched_local_probe,pure,2,3,1.0000763435632218,0.9999999999999686,0.05000399850502472,0.0009155700335417275,0.9963618168648186
8.0,10197,matched_local_probe,pure,2,4,1.0001814044093695,0.9999999999999856,0.05000898271634591,0.0009152847719280251,0.9963618168648186
8.0,10197,matched_local_probe,pure,2,5,1.0002350719732394,0.999999999999965,0.05001147659924901,0.0009151400712949095,0.9963618168648186
8.0,10197,matched_local_probe,pure,2,6,1.0001811734561,1.0,0.05000902852124599,0.000915284730698561,0.9963618168648186
8.0,10197,matched_local_probe,pure,2,7,1.000214102966738,0.9999999999999929,0.05001049336578398,0.0009151966371525222,0.9963618168648186
8.0,10197,matched_local_probe,mixture,3,0,0.35495657337798936,0.9590396514654764,0.058902068928876665,0.003165974394587851,0.327696263434058
8.0,10197,matched_local_probe,mixture,3,1,0.9999639734783751,0.9999940062592714,0.051456106199166504,0.0009055847907558382,0.327696263434058
8.0,10197,matched_local_probe,mixture,3,2,1.0018543068643075,0.9999998845369106,0.050635001564677415,0.0009058797143113552,0.327696263434058
8.0,10197,matched_local_probe,mixture,3,3,0.5230332638744907,0.9666285267323305,0.05619141291323569,0.0022834895167765062,0.327696263434058
8.0,10197,matched_local_probe,mixture,3,4,0.7873908094411353,0.9944648131778271,0.05247076617396533,0.0013999634299835765,0.327696263434058
8.0,10197,matched_local_probe,mixture,3,5,0.7073884832226708,0.9451673515514363,0.06157093532317433,0.001536883151011837,0.327696263434058
8.0,10197,matched_local_probe,mixture,3,6,0.516105374413942,0.9523725369928584,0.06290253259713739,0.002143040375184844,0.327696263434058
8.0,10197,matched_local_probe,mixture,3,7,0.5934664184335239,0.9865587805850751,0.049028109482013645,0.002115482611379457,0.327696263434058
8.0,10207,seed_relaxation,pure,0,-1,0.9998517685704071,1.0,3.690246169482102e-05,6.762930497336924e-07,0.9998502575588916
8.0,10207,seed_relaxation,pure,1,-1,0.9998517685704071,1.0,3.690246169482102e-05,6.762930497336924e-07,0.99985025755889
8.0,10207,seed_relaxation,pure,2,-1,0.9995433625859085,0.9999999999999999,0.00012197905074121552,2.238209117216913e-06,0.9995524848944761
8.0,10207,seed_relaxation,mixture,3,-1,0.7198817075221259,0.9999368420474559,0.07209939210314947,0.004605652049001067,0.637471179707491
8.0,10207,matched_local_probe,pure,0,0,1.0000024480033418,1.0,0.05000012345338681,0.0009157752053213678,0.9998502575588916
8.0,10207,matched_local_probe,pure,0,1,0.9999990401824682,0.9999999999999998,0.049999973826005066,0.0009157842928265561,0.9998502575588916
8.0,10207,matched_local_probe,pure,0,2,0.9999863284390231,0.9999999999999999,0.049999300786845044,0.0009158197083713681,0.9998502575588916
8.0,10207,matched_local_probe,pure,0,3,0.9999986982356341,1.0,0.04999993791158298,0.0009157854842142838,0.9998502575588916
8.0,10207,matched_local_probe,pure,0,4,1.0000061543621348,1.0,0.05000030897906186,0.0009157650204076047,0.9998502575588916
8.0,10207,matched_local_probe,pure,0,5,0.999995855771202,0.9999999999999999,0.04999981065847783,0.0009157930967520186,0.9998502575588916
8.0,10207,matched_local_probe,pure,0,6,0.999989790289069,0.9999999999999998,0.04999946578133045,0.0009158103004832554,0.9998502575588916
8.0,10207,matched_local_probe,pure,0,7,0.9999784353483167,0.9999999999999994,0.04999895561789189,0.0009158407463194732,0.9998502575588916
8.0,10207,matched_local_probe,pure,1,0,0.9999832499681722,0.9999999999999992,0.0499992019428522,0.0009158274432830013,0.99985025755889
8.0,10207,matched_local_probe,pure,1,1,1.0000175052922073,1.0,0.050000863716046805,0.0009157340050039839,0.99985025755889
8.0,10207,matched_local_probe,pure,1,2,1.000002304625819,1.0,0.05000012418669817,0.0009157754977911405,0.99985025755889
8.0,10207,matched_local_probe,pure,1,3,1.0000126427925802,0.9999999999999998,0.05000060959164751,0.0009157475085914545,0.99985025755889
8.0,10207,matched_local_probe,pure,1,4,0.999999747558502,1.0,0.04999999810064716,0.000915782497956124,0.99985025755889
8.0,10207,matched_local_probe,pure,1,5,0.9999915634713622,1.0,0.04999957866478109,0.0009158051173622339,0.99985025755889
8.0,10207,matched_local_probe,pure,1,6,1.0000095380711185,0.9999999999999999,0.05000049461703571,0.0009157555112924242,0.99985025755889
8.0,10207,matched_local_probe,pure,1,7,0.9999864163900142,0.9999999999999996,0.04999928622958131,0.0009158197115214489,0.99985025755889
8.0,10207,matched_local_probe,pure,2,0,1.0000037557375676,0.9999999999999999,0.050000174999779774,0.000915771792207739,0.9995524848944761
8.0,10207,matched_local_probe,pure,2,1,1.0000673890750442,0.9999999999999986,0.05000342528072554,0.0009155960989918018,0.9995524848944761
8.0,10207,matched_local_probe,pure,2,2,1.0000015838618552,0.9999999999999999,0.05000005630018648,0.0009157778976355107,0.9995524848944761
8.0,10207,matched_local_probe,pure,2,3,1.0000206530903049,1.0,0.050001039518337634,0.000915725116657102,0.9995524848944761
8.0,10207,matched_local_probe,pure,2,4,0.9999676590214805,0.9999999999999998,0.0499983491786839,0.0009158712326896,0.9995524848944761
8.0,10207,matched_local_probe,pure,2,5,0.9999495889278459,0.9999999999999993,0.04999742487000028,0.0009159211502245308,0.9995524848944761
8.0,10207,matched_local_probe,pure,2,6,1.0000228534102282,1.0,0.050001137226483076,0.0009157192303898159,0.9995524848944761
8.0,10207,matched_local_probe,pure,2,7,0.9999975442190038,0.9999999999999994,0.04999990468241465,0.0009157883357938265,0.9995524848944761
8.0,10207,matched_local_probe,mixture,3,0,1.001895946347572,0.9999998575977932,0.05022846459342319,0.0009092271971926877,0.637471179707491
8.0,10207,matched_local_probe,mixture,3,1,1.0252247472328646,0.9999718407195144,0.05284732581249045,0.0008258644132184573,0.637471179707491
8.0,10207,matched_local_probe,mixture,3,2,0.9271780633041915,0.9996736407628278,0.050524908667934645,0.001065694777614687,0.637471179707491
8.0,10207,matched_local_probe,mixture,3,3,1.0105149085298752,0.999999456308587,0.050879311859507295,0.0008827315649564651,0.637471179707491
8.0,10207,matched_local_probe,mixture,3,4,0.9168096090726058,0.9998440030192591,0.0488717488081823,0.001111867976031191,0.637471179707491
8.0,10207,matched_local_probe,mixture,3,5,0.8897707172486284,0.9997786045985448,0.04825867667435496,0.001187690604573115,0.637471179707491
8.0,10207,matched_local_probe,mixture,3,6,1.0011769736767586,0.9999885549408428,0.05106601081825417,0.0008977458315334555,0.637471179707491
8.0,10207,matched_local_probe,mixture,3,7,0.9221277686620644,0.9996820025797799,0.05036355024850733,0.001077850044940498,0.637471179707491
8.0,10211,seed_relaxation,pure,0,-1,0.9993668388220774,0.9999999999999993,0.00017214723843679032,3.1609833823468705e-06,0.9993666418756183
8.0,10211,seed_relaxation,pure,1,-1,0.999966257630878,1.0,1.1095311534288534e-05,2.0324515007094029e-07,0.9999583180622957
8.0,10211,seed_relaxation,pure,2,-1,0.9993668388220774,0.9999999999999993,0.00017214723843679032,3.1609833823468705e-06,0.9993666418756183
8.0,10211,seed_relaxation,mixture,3,-1,0.8479088115448883,0.9999969662576954,0.1017454774794725,0.0035163288542511537,0.5675432120653258
8.0,10211,matched_local_probe,pure,0,0,1.0000194338956707,0.9999999999999993,0.050000918754026534,0.0009157292602570934,0.9993666418756183
8.0,10211,matched_local_probe,pure,0,1,1.0000050744668083,1.0,0.050000261209084546,0.0009157679051187174,0.9993666418756183
8.0,10211,matched_local_probe,pure,0,2,0.9998573911623739,0.9999999999999769,0.04999257466028301,0.0009161775951022513,0.9993666418756183
8.0,10211,matched_local_probe,pure,0,3,1.0000242707286984,0.9999999999999999,0.050001193919435374,0.0009157155246615673,0.9993666418756183
8.0,10211,matched_local_probe,pure,0,4,1.0000342525973254,0.9999999999999999,0.05000172134745399,0.0009156877510278403,0.9993666418756183
8.0,10211,matched_local_probe,pure,0,5,1.0000435565283396,1.0,0.05000216307143561,0.0009156624791897263,0.9993666418756183
8.0,10211,matched_local_probe,pure,0,6,1.000096358013659,0.9999999999999903,0.05000497103541539,0.0009155152881758255,0.9993666418756183
8.0,10211,matched_local_probe,pure,0,7,1.0000064779849127,1.0,0.05000030707000048,0.000915764362049725,0.9993666418756183
8.0,10211,matched_local_probe,pure,1,0,1.0000017087283928,1.0,0.05000007981174328,0.0009157773242857916,0.9999583180622957
8.0,10211,matched_local_probe,pure,1,1,0.9999954795875657,1.0,0.049999777791922446,0.0009157943151762843,0.9999583180622957
8.0,10211,matched_local_probe,pure,1,2,0.9999969445929108,1.0,0.04999984067940196,0.0009157904226749969,0.9999583180622957
8.0,10211,matched_local_probe,pure,1,3,1.0000041210843258,1.0,0.05000020810598716,0.0009157705968288585,0.9999583180622957
8.0,10211,matched_local_probe,pure,1,4,1.0000023830331115,1.0,0.050000124890701894,0.0009157753236304274,0.9999583180622957
8.0,10211,matched_local_probe,pure,1,5,1.0000047136768166,1.0,0.05000023521023417,0.0009157690015545953,0.9999583180622957
8.0,10211,matched_local_probe,pure,1,6,1.0000030164419664,1.0,0.05000015573389213,0.0009157735945003105,0.9999583180622957
8.0,10211,matched_local_probe,pure,1,7,1.0000021520137605,1.0,0.05000010770476606,0.0009157760312615586,0.9999583180622957
8.0,10211,matched_local_probe,pure,2,0,1.0000197380328224,0.9999999999999973,0.050001056749120205,0.000915726824455491,0.9993666418756183
8.0,10211,matched_local_probe,pure,2,1,1.0000050443942319,1.0,0.050000247404566565,0.0009157681479135684,0.9993666418756183
8.0,10211,matched_local_probe,pure,2,2,0.9998589038036744,0.9999999999999469,0.04999325304152894,0.0009161655698593205,0.9993666418756183
8.0,10211,matched_local_probe,pure,2,3,1.0000243777651077,0.9999999999999997,0.05000124289049519,0.0009157146625744531,0.9993666418756183
8.0,10211,matched_local_probe,pure,2,4,1.000034244168921,0.9999999999999999,0.05000171755639715,0.0009156878181369128,0.9993666418756183
8.0,10211,matched_local_probe,pure,2,5,1.0000436423846628,0.9999999999999998,0.050002202311692286,0.0009156617880724317,0.9993666418756183
8.0,10211,matched_local_probe,pure,2,6,1.0000956540907715,0.9999999999999932,0.050004649787675985,0.000915520945849045,0.9993666418756183
8.0,10211,matched_local_probe,pure,2,7,1.0000066039093582,0.9999999999999989,0.050000361820310806,0.0009157633815198908,0.9993666418756183
8.0,10211,matched_local_probe,mixture,3,0,0.9520535670399302,0.9998836069192759,0.05105808425727306,0.0010042253010525538,0.5675432120653258
8.0,10211,matched_local_probe,mixture,3,1,0.9882769138835832,0.9999852904446296,0.05023036311432038,0.0009357509572344921,0.5675432120653258
8.0,10211,matched_local_probe,mixture,3,2,0.7484582010450457,0.9990816578584386,0.04612569222757125,0.0016530818646284262,0.5675432120653258
8.0,10211,matched_local_probe,mixture,3,3,0.9960249936176448,0.999985556741879,0.05097843419976216,0.0009104185547795043,0.5675432120653258
8.0,10211,matched_local_probe,mixture,3,4,0.9676873046942827,0.9998936959948308,0.051677887866090816,0.0009633366832549134,0.5675432120653258
8.0,10211,matched_local_probe,mixture,3,5,1.0072098417759356,0.9999768546465587,0.051574704733770724,0.0008783695239528297,0.5675432120653258
8.0,10211,matched_local_probe,mixture,3,6,1.0091616924532547,0.9998274266747047,0.05369778661624129,0.000845918713721082,0.5675432120653258
8.0,10211,matched_local_probe,mixture,3,7,0.9118754131844262,0.9996226564542179,0.050645725431780204,0.0010963088857053958,0.5675432120653258
8.0,10216,seed_relaxation,pure,0,-1,0.9998517685704071,1.0,3.690246169482102e-05,6.762930497336924e-07,0.9998502575588907
8.0,10216,seed_relaxation,pure,1,-1,0.9995433625859085,0.9999999999999999,0.00012197905074121552,2.238209117216913e-06,0.9995524848944769
8.0,10216,seed_relaxation,pure,2,-1,0.9998517685704071,1.0,3.690246169482102e-05,6.762930497336924e-07,0.9998502575588906
8.0,10216,seed_relaxation,mixture,3,-1,0.7860790470892675,0.9999818741941322,0.11381347621665769,0.005261948059115116,0.3875594099056096
8.0,10216,matched_local_probe,pure,0,0,0.9999843893371442,0.9999999999999998,0.049999241012525134,0.0009158245495733371,0.9998502575588907
8.0,10216,matched_local_probe,pure,0,1,0.9999973410719616,1.0,0.04999986857006058,0.0009157892294620554,0.9998502575588907
8.0,10216,matched_local_probe,pure,0,2,0.9999965467940326,1.0,0.049999822633745944,0.0009157914939594414,0.9998502575588907
8.0,10216,matched_local_probe,pure,0,3,1.0000156489471677,0.9999999999999999,0.050000796143724435,0.0009157387779066139,0.9998502575588907
8.0,10216,matched_local_probe,pure,0,4,0.9999871509540376,0.9999999999999999,0.049999372652010265,0.0009158170468376588,0.9998502575588907
8.0,10216,matched_local_probe,pure,0,5,0.9999754491961421,0.9999999999999989,0.049998821050236855,0.0009158487542350191,0.9998502575588907
8.0,10216,matched_local_probe,pure,0,6,1.0000077073432363,1.0,0.050000383546847674,0.0009157607942954355,0.9998502575588907
8.0,10216,matched_local_probe,pure,0,7,1.0000091786045735,1.0,0.05000045960210382,0.0009157567200141712,0.9998502575588907
8.0,10216,matched_local_probe,pure,1,0,0.999916959435448,0.9999999999999883,0.04999599408572926,0.0009160081757895088,0.9995524848944769
8.0,10216,matched_local_probe,pure,1,1,1.0000204086481266,0.9999999999999999,0.05000100526882662,0.0009157260774637379,0.9995524848944769
8.0,10216,matched_local_probe,pure,1,2,0.9999971840926086,1.0,0.049999844293878895,0.0009157898759390561,0.9995524848944769
8.0,10216,matched_local_probe,pure,1,3,1.0000175714956252,0.9999999999999998,0.05000084865621118,0.0009157340682131206,0.9995524848944769
8.0,10216,matched_local_probe,pure,1,4,0.9999366385554432,0.9999999999999888,0.04999697038274801,0.0009159542070727743,0.9995524848944769
8.0,10216,matched_local_probe,pure,1,5,0.999888316162466,0.9999999999999629,0.04999468009373437,0.0009160853229263488,0.9995524848944769
8.0,10216,matched_local_probe,pure,1,6,1.000023583925912,1.0,0.05000117100980581,0.0009157172615875375,0.9995524848944769
8.0,10216,matched_local_probe,pure,1,7,1.0000109163179562,0.9999999999999999,0.050000563214303635,0.0009157517326955595,0.9995524848944769
8.0,10216,matched_local_probe,pure,2,0,0.999980227673283,0.9999999999999996,0.04999904276187142,0.0009158358540781609,0.9998502575588906
8.0,10216,matched_local_probe,pure,2,1,1.000003171547729,1.0,0.05000015384960442,0.0009157732934880507,0.9998502575588906
8.0,10216,matched_local_probe,pure,2,2,1.000007954287069,1.0,0.050000402447056655,0.0009157600313984409,0.9998502575588906
8.0,10216,matched_local_probe,pure,2,3,1.0000025431101507,1.0,0.05000011907972907,0.0009157750640690053,0.9998502575588906
8.0,10216,matched_local_probe,pure,2,4,0.9999899233226658,0.9999999999999996,0.04999952791819601,0.0009158092117811323,0.9998502575588906
8.0,10216,matched_local_probe,pure,2,5,0.9999796705408138,0.999999999999999,0.04999902981576941,0.0009158371855882357,0.9998502575588906
8.0,10216,matched_local_probe,pure,2,6,1.0000003893430947,1.0,0.05000002258537272,0.0009157808343154103,0.9998502575588906
8.0,10216,matched_local_probe,pure,2,7,1.0000089101022018,0.9999999999999999,0.05000046488761592,0.000915757215623393,0.9998502575588906
8.0,10216,matched_local_probe,mixture,3,0,0.850966184769027,0.9993805566725916,0.05059334917397321,0.0012632336542064138,0.3875594099056096
8.0,10216,matched_local_probe,mixture,3,1,0.7171558812684738,0.9943907874565537,0.04975717676422252,0.0016234347243832274,0.3875594099056096
8.0,10216,matched_local_probe,mixture,3,2,0.9395689641410083,0.9994339700523915,0.05158322350237642,0.0010159001023336831,0.3875594099056096
8.0,10216,matched_local_probe,mixture,3,3,0.9760845371586158,0.9995656566375857,0.05236458029882815,0.0009277435294297058,0.3875594099056096
8.0,10216,matched_local_probe,mixture,3,4,0.8588201436307055,0.9978934340929927,0.0510289820770199,0.001204557651703707,0.3875594099056096
8.0,10216,matched_local_probe,mixture,3,5,0.8797855808408854,0.9995699498925602,0.050677932519046356,0.0011795754650670077,0.3875594099056096
8.0,10216,matched_local_probe,mixture,3,6,0.9365530434805813,0.9998972292897869,0.049931805934644656,0.0010499808986657582,0.3875594099056096
8.0,10216,matched_local_probe,mixture,3,7,0.9648621217481224,0.9994780511635152,0.05287358627501196,0.0009396153756334148,0.3875594099056096
8.0,10225,seed_relaxation,pure,0,-1,0.5408659674285401,0.999466005200623,0.23547859462306506,0.03716272981095925,0.27365183412919725
8.0,10225,seed_relaxation,pure,1,-1,0.54086596742854,0.999466005200623,0.23547859462306509,0.03716272981095932,0.273651834129197
8.0,10225,seed_relaxation,pure,2,-1,0.9991165032379303,0.9999999999999977,0.00016110538037334777,2.9611964974771167e-06,0.9991194612283472
8.0,10225,seed_relaxation,mixture,3,-1,0.8705271262434802,0.9999987484095983,0.33269078597569374,0.010400976805425372,0.3082766652511053
8.0,10225,matched_local_probe,pure,0,0,0.2509231172668952,0.9618702266745647,0.05215908571599031,0.004107116444446755,0.27365183412919725
8.0,10225,matched_local_probe,pure,0,1,0.9943415717585569,0.9999995398742663,0.050281617622900746,0.000925472091730667,0.27365183412919725
8.0,10225,matched_local_probe,pure,0,2,0.6509235713835783,0.9892889267204469,0.04796789735454238,0.0018812832553489083,0.27365183412919725
8.0,10225,matched_local_probe,pure,0,3,0.967804787152271,0.9999612055023366,0.05058595710253223,0.0009798934634035288,0.27365183412919725
8.0,10225,matched_local_probe,pure,0,4,0.7556636765567966,0.9929080203493759,0.04915345115831214,0.0015298415206670046,0.27365183412919725
8.0,10225,matched_local_probe,pure,0,5,0.276817236672606,0.9467542004167883,0.05777031204849328,0.0037838601521107858,0.27365183412919725
8.0,10225,matched_local_probe,pure,0,6,0.8977902517484557,0.999211913242883,0.04918587193995595,0.0011458972382404078,0.27365183412919725
8.0,10225,matched_local_probe,pure,0,7,0.9754476266850043,0.9997039800671434,0.05239247569151157,0.0009553432060487628,0.27365183412919725
8.0,10225,matched_local_probe,pure,1,0,0.9941105159829166,0.9999990973886813,0.05176581615666637,0.0009150380473418609,0.273651834129197
8.0,10225,matched_local_probe,pure,1,1,0.4098219519163642,0.967243864228466,0.05166630579588272,0.0029307169887523923,0.273651834129197
8.0,10225,matched_local_probe,pure,1,2,0.9475804925782334,0.9994847707711003,0.05052121826502392,0.0010301980665813298,0.273651834129197
8.0,10225,matched_local_probe,pure,1,3,0.27158470228489895,0.9789805978353416,0.046573059761151364,0.004074063896544597,0.273651834129197
8.0,10225,matched_local_probe,pure,1,4,0.6423851360699715,0.9869187219419778,0.0485936481243212,0.0019095282598497502,0.273651834129197
8.0,10225,matched_local_probe,pure,1,5,0.6626134772689306,0.9697040406050138,0.056090918423991,0.0017854596759052737,0.273651834129197
8.0,10225,matched_local_probe,pure,1,6,0.2816484391675299,0.9828792322347697,0.048753192632999945,0.0040031406458508854,0.273651834129197
8.0,10225,matched_local_probe,pure,1,7,0.841230587741208,0.9974752585219391,0.05144641744990695,0.0012564199230843964,0.273651834129197
8.0,10225,matched_local_probe,pure,2,0,1.0000124727128397,0.9999999999999896,0.050000753327598124,0.0009157460221754453,0.9991194612283472
8.0,10225,matched_local_probe,pure,2,1,0.9999511979663221,0.9999999999999968,0.04999759480362705,0.0009159155572259587,0.9991194612283472
8.0,10225,matched_local_probe,pure,2,2,0.999897937266763,0.9999999999999956,0.04999470846773994,0.0009160648076499765,0.9991194612283472
8.0,10225,matched_local_probe,pure,2,3,1.0000170273648996,0.9999999999999977,0.05000091673555566,0.0009157343208826211,0.9991194612283472
8.0,10225,matched_local_probe,pure,2,4,1.000000859525536,0.9999999999999992,0.05000007387325057,0.0009157791813059097,0.9991194612283472
8.0,10225,matched_local_probe,pure,2,5,1.0000039305355968,0.9999999999999982,0.05000024732931463,0.0009157704776180059,0.9991194612283472
8.0,10225,matched_local_probe,pure,2,6,1.0000032698325294,0.999999999999999,0.050000194641394304,0.0009157725493826515,0.9991194612283472
8.0,10225,matched_local_probe,pure,2,7,1.0000138027070649,1.0,0.05000067849559734,0.0009157441774990138,0.9991194612283472
8.0,10225,matched_local_probe,mixture,3,0,0.5855174711936239,0.9955910872013393,0.04890407316275587,0.0022435216387698144,0.3082766652511053
8.0,10225,matched_local_probe,mixture,3,1,0.7057648974611234,0.9961335549638656,0.04942216653817804,0.0017213908288810102,0.3082766652511053
8.0,10225,matched_local_probe,mixture,3,2,0.809361404179598,0.997510220216132,0.04863050216576383,0.001392470895061144,0.3082766652511053
8.0,10225,matched_local_probe,mixture,3,3,0.5935059829615948,0.9964522112580433,0.045424846233962354,0.002303959905961891,0.3082766652511053
8.0,10225,matched_local_probe,mixture,3,4,0.7332237909453193,0.9944789293711281,0.047999396005831266,0.0016108371430714414,0.3082766652511053
8.0,10225,matched_local_probe,mixture,3,5,0.642361120385463,0.9988606703297355,0.05507503933865323,0.0020259877650208613,0.3082766652511053
8.0,10225,matched_local_probe,mixture,3,6,0.5358233869978208,0.9954310311386277,0.04596270658766855,0.0025547421040123283,0.3082766652511053
8.0,10225,matched_local_probe,mixture,3,7,0.9239281199792666,0.9992817650814477,0.0517575504356783,0.0010559496827253542,0.3082766652511053
8.0,10238,seed_relaxation,pure,0,-1,0.9993668388220774,0.9999999999999993,0.00017214723843679035,3.1609833823468705e-06,0.9993666418756171
8.0,10238,seed_relaxation,pure,1,-1,0.999966257630878,1.0,1.1095311534288534e-05,2.0324515007094029e-07,0.9999583180622958
8.0,10238,seed_relaxation,pure,2,-1,0.9993668388220774,0.9999999999999993,0.00017214723843679035,3.1609833823468705e-06,0.9993666418756171
8.0,10238,seed_relaxation,mixture,3,-1,0.8479088115448897,0.9999969662576954,0.10174547747947246,0.0035163288542511537,0.5675432120653252
8.0,10238,matched_local_probe,pure,0,0,1.0000241674010193,0.9999999999999999,0.050001220642976914,0.0009157153892172727,0.9993666418756171
8.0,10238,matched_local_probe,pure,0,1,1.0000302915221166,1.0,0.05000150449991455,0.0009156988582878392,0.9993666418756171
8.0,10238,matched_local_probe,pure,0,2,1.000021144220616,0.9999999999999949,0.05000115641163804,0.0009157225728332733,0.9993666418756171
8.0,10238,matched_local_probe,pure,0,3,1.0000112025769703,0.9999999999999974,0.05000062088312096,0.0009157503762300907,0.9993666418756171
8.0,10238,matched_local_probe,pure,0,4,0.9999612500484408,0.9999999999999996,0.049998085154404834,0.0009158881079131345,0.9993666418756171
8.0,10238,matched_local_probe,pure,0,5,0.9999395181832648,0.999999999999997,0.04999702285089401,0.0009159474955740135,0.9993666418756171
8.0,10238,matched_local_probe,pure,0,6,0.9999243572528081,1.0,0.049996179898463416,0.0009159902713381965,0.9993666418756171
8.0,10238,matched_local_probe,pure,0,7,1.0000015552937251,0.9999999999999996,0.05000010122390687,0.0009157773672071112,0.9993666418756171
8.0,10238,matched_local_probe,pure,1,0,0.9999984720385556,1.0,0.04999992450112706,0.000915786131037176,0.9999583180622958
8.0,10238,matched_local_probe,pure,1,1,1.0000050387584936,1.0,0.050000252386447994,0.0009157680966002355,0.9999583180622958
8.0,10238,matched_local_probe,pure,1,2,1.0000041895307001,1.0,0.05000021305512253,0.0009157703888570128,0.9999583180622958
8.0,10238,matched_local_probe,pure,1,3,1.0000026576735883,1.0,0.05000013141678694,0.0009157746630179031,0.9999583180622958
8.0,10238,matched_local_probe,pure,1,4,1.0000024812407489,1.0,0.05000011622859199,0.000915775231236832,0.9999583180622958
8.0,10238,matched_local_probe,pure,1,5,0.999999855996901,1.0,0.04999999658790136,0.0009157822913843809,0.9999583180622958
8.0,10238,matched_local_probe,pure,1,6,0.9999975175175215,1.0,0.04999988288752329,0.000915788674323759,0.9999583180622958
8.0,10238,matched_local_probe,pure,1,7,1.0000030707210972,1.0,0.05000014895257229,0.0009157735691495309,0.9999583180622958
8.0,10238,matched_local_probe,pure,2,0,1.0000241169887234,1.0,0.05000119761198729,0.0009157157949142452,0.9993666418756171
8.0,10238,matched_local_probe,pure,2,1,1.0000303461248008,0.9999999999999999,0.05000152933974127,0.0009156984202089365,0.9993666418756171
8.0,10238,matched_local_probe,pure,2,2,1.0000207079354828,0.9999999999999982,0.050000956073830954,0.0009157260949242245,0.9993666418756171
8.0,10238,matched_local_probe,pure,2,3,1.000010958496235,0.9999999999999998,0.05000050743359825,0.0009157523631881284,0.9993666418756171
8.0,10238,matched_local_probe,pure,2,4,0.9999611501481337,1.0,0.04999804042021082,0.0009158889011931918,0.9993666418756171
8.0,10238,matched_local_probe,pure,2,5,0.9999393531272027,0.9999999999999997,0.0499969547817893,0.0009159487384070157,0.9993666418756171
8.0,10238,matched_local_probe,pure,2,6,0.9999246405791473,0.9999999999999953,0.04999630203193442,0.0009159880757440958,0.9993666418756171
8.0,10238,matched_local_probe,pure,2,7,1.0000014706311828,1.0,0.050000061249759226,0.0009157780636557686,0.9993666418756171
8.0,10238,matched_local_probe,mixture,3,0,0.9963290439590186,0.9999803590799985,0.05092262449716203,0.000909117279619155,0.5675432120653252
8.0,10238,matched_local_probe,mixture,3,1,1.013765959142698,0.9999993522212731,0.05108488494414943,0.0008732809207658646,0.5675432120653252
8.0,10238,matched_local_probe,mixture,3,2,0.9281179011171352,0.999565182082003,0.05113267894120554,0.0010462436783537506,0.5675432120653252
8.0,10238,matched_local_probe,mixture,3,3,0.8989827515461213,0.9993445279020541,0.0508079906633325,0.0011173694938602485,0.5675432120653252
8.0,10238,matched_local_probe,mixture,3,4,0.9431726615962643,0.9999726064036024,0.04885981667731143,0.0010552597930938038,0.5675432120653252
8.0,10238,matched_local_probe,mixture,3,5,0.7971981553586939,0.9987819997268144,0.048927667096498956,0.0014249156294503813,0.5675432120653252
8.0,10238,matched_local_probe,mixture,3,6,0.7969257967167649,0.9988675502153054,0.04845722457464339,0.001435670770334716,0.5675432120653252
8.0,10238,matched_local_probe,mixture,3,7,0.9478670287178154,0.9998634125007895,0.05028738095131768,0.001020360225350082,0.5675432120653252
8.0,10243,seed_relaxation,pure,0,-1,0.999966257630878,1.0,1.1095311534288534e-05,2.0324515007094029e-07,0.9999583180622952
8.0,10243,seed_relaxation,pure,1,-1,0.9993668388220777,0.9999999999999993,0.00017214723843679035,3.1609833823468705e-06,0.9993666418756181
8.0,10243,seed_relaxation,pure,2,-1,0.9993668388220777,0.9999999999999993,0.00017214723843679035,3.1609833823468705e-06,0.9993666418756181
8.0,10243,seed_relaxation,mixture,3,-1,0.847908811544889,0.9999969662576954,0.10174547747947252,0.0035163288542511537,0.5675432120653247
8.0,10243,matched_local_probe,pure,0,0,1.00000547832288,1.0,0.05000027783796885,0.0009157668435371154,0.9999583180622952
8.0,10243,matched_local_probe,pure,0,1,1.0000049717826471,1.0,0.050000249665938176,0.0009157682719887854,0.9999583180622952
8.0,10243,matched_local_probe,pure,0,2,0.9999902307364017,0.9999999999999999,0.04999949093516255,0.0009158090501209505,0.9999583180622952
8.0,10243,matched_local_probe,pure,0,3,1.0000036504229237,1.0,0.05000018247341817,0.0009157719166699826,0.9999583180622952
8.0,10243,matched_local_probe,pure,0,4,0.9999950901562035,0.9999999999999999,0.04999973432448824,0.0009157956957537417,0.9999583180622952
8.0,10243,matched_local_probe,pure,0,5,1.0000022857603852,1.0,0.050000121528051895,0.0009157755714709621,0.9999583180622952
8.0,10243,matched_local_probe,pure,0,6,0.999993132046923,1.0,0.0499996665033693,0.0009158006834094569,0.9999583180622952
8.0,10243,matched_local_probe,pure,0,7,0.9999998097460313,1.0,0.04999999378522164,0.0009157824243229427,0.9999583180622952
8.0,10243,matched_local_probe,pure,1,0,1.000020630709104,1.0,0.05000101818933468,0.0009157254408144647,0.9993666418756181
8.0,10243,matched_local_probe,pure,1,1,1.0000322064868892,0.9999999999999996,0.05000164227998776,0.0009156930547755861,0.9993666418756181
8.0,10243,matched_local_probe,pure,1,2,0.9998715026630549,0.9999999999999626,0.04999382543909756,0.000916131707940414,0.9993666418756181
8.0,10243,matched_local_probe,pure,1,3,1.000029192746203,0.9999999999999986,0.050001501821178226,0.0009157011947208945,0.9993666418756181
8.0,10243,matched_local_probe,pure,1,4,0.9999880630205777,0.9999999999999994,0.04999942959822353,0.0009158143928297253,0.9993666418756181
8.0,10243,matched_local_probe,pure,1,5,0.9999992423064331,0.9999999999999998,0.04999992678761052,0.0009157844875016061,0.9993666418756181
8.0,10243,matched_local_probe,pure,1,6,0.9998799854964077,0.999999999999975,0.049994189717826244,0.0009161091888058506,0.9993666418756181
8.0,10243,matched_local_probe,pure,1,7,0.9999659372796911,0.9999999999999999,0.04999826885261634,0.0009158758768037319,0.9993666418756181
8.0,10243,matched_local_probe,pure,2,0,1.0000207023934649,0.9999999999999999,0.05000105084760253,0.0009157248650481963,0.9993666418756181
8.0,10243,matched_local_probe,pure,2,1,1.0000320609240292,0.9999999999999998,0.050001575860069966,0.0009156942249951319,0.9993666418756181
8.0,10243,matched_local_probe,pure,2,2,0.9998702919798568,0.9999999999999876,0.04999328518928705,0.0009161413009930435,0.9993666418756181
8.0,10243,matched_local_probe,pure,2,3,1.0000290291177127,1.0,0.050001425691072,0.0009157025277548037,0.9993666418756181
8.0,10243,matched_local_probe,pure,2,4,0.9999879454077162,1.0,0.049999376989216325,0.0009158153261448132,0.9993666418756181
8.0,10243,matched_local_probe,pure,2,5,0.999999447165915,0.9999999999999987,0.050000020324101356,0.0009157828397633844,0.9993666418756181
8.0,10243,matched_local_probe,pure,2,6,0.999879104892322,0.9999999999999962,0.049993801725988725,0.0009161161087216307,0.9993666418756181
8.0,10243,matched_local_probe,pure,2,7,0.9999661643804879,0.9999999999999961,0.049998365203533464,0.0009158741372062665,0.9993666418756181
8.0,10243,matched_local_probe,mixture,3,0,1.0053944110947028,0.9999966309326173,0.05073393287911677,0.0008945819824896221,0.5675432120653247
8.0,10243,matched_local_probe,mixture,3,1,0.9969115013575703,0.9999564642450313,0.051197253830394,0.0009053707568249723,0.5675432120653247
8.0,10243,matched_local_probe,mixture,3,2,0.7503373891049818,0.9990230727634172,0.04663766987018587,0.0016337467335862154,0.5675432120653247
8.0,10243,matched_local_probe,mixture,3,3,0.9234239875458964,0.9994511539592359,0.051364971121450165,0.0010520393509155291,0.5675432120653247
8.0,10243,matched_local_probe,mixture,3,4,0.9498416140620024,0.9999274598644687,0.04983940511463823,0.0010255751208023878,0.5675432120653247
8.0,10243,matched_local_probe,mixture,3,5,0.9576003520200878,0.9999646827767017,0.050264134583701964,0.0010009835049396717,0.5675432120653247
8.0,10243,matched_local_probe,mixture,3,6,0.7442906046149201,0.9988228713493424,0.04711445345792829,0.0016337403742246767,0.5675432120653247
8.0,10243,matched_local_probe,mixture,3,7,0.8238160012624539,0.9989486484745987,0.049702671427264145,0.0013299822109168655,0.5675432120653247
8.0,10248,seed_relaxation,pure,0,-1,0.9995433625859085,0.9999999999999999,0.00012197905074121552,2.238209117216913e-06,0.9995524848944771
8.0,10248,seed_relaxation,pure,1,-1,0.9998517685704071,1.0,3.690246169482102e-05,6.762930497336924e-07,0.9998502575588906
8.0,10248,seed_relaxation,pure,2,-1,0.9998517685704071,1.0,3.690246169482102e-05,6.762930497336924e-07,0.9998502575588911
8.0,10248,seed_relaxation,mixture,3,-1,0.7860790470892677,0.9999818741941322,0.11381347621665769,0.0052619480591151865,0.38755940990560966
8.0,10248,matched_local_probe,pure,0,0,1.0000161207452443,0.9999999999999998,0.05000078062948741,0.0009157379933838212,0.9995524848944771
8.0,10248,matched_local_probe,pure,0,1,1.0000217206193998,0.9999999999999991,0.05000103153494668,0.0009157229852306801,0.9995524848944771
8.0,10248,matched_local_probe,pure,0,2,0.9999986329120804,1.0,0.0499999289524598,0.0009157857350342432,0.9995524848944771
8.0,10248,matched_local_probe,pure,0,3,1.000009812507917,1.0,0.05000047430510885,0.0009157552007625339,0.9995524848944771
8.0,10248,matched_local_probe,pure,0,4,1.00000634286635,1.0,0.05000031671327885,0.0009157645234169242,0.9995524848944771
8.0,10248,matched_local_probe,pure,0,5,1.0000159886638222,1.0,0.050000795332337915,0.0009157380728480733,0.9995524848944771
8.0,10248,matched_local_probe,pure,0,6,1.0000161846764186,0.9999999999999997,0.05000083528954611,0.0009157371441020035,0.9995524848944771
8.0,10248,matched_local_probe,pure,0,7,0.9999896296836372,0.9999999999999999,0.04999948951729011,0.0009158103290524482,0.9995524848944771
8.0,10248,matched_local_probe,pure,1,0,1.000006140816778,1.0,0.05000030221941203,0.0009157651374678623,0.9998502575588906
8.0,10248,matched_local_probe,pure,1,1,1.0000095940483704,0.9999999999999998,0.05000045702422356,0.0009157558855402934,0.9998502575588906
8.0,10248,matched_local_probe,pure,1,2,1.000002192404182,1.0,0.05000010920690768,0.000915775927102922,0.9998502575588906
8.0,10248,matched_local_probe,pure,1,3,1.0000049171216774,1.0,0.05000024097492569,0.0009157684997377284,0.9998502575588906
8.0,10248,matched_local_probe,pure,1,4,0.9999996085622408,1.0,0.04999997474689716,0.000915783095963885,0.9998502575588906
8.0,10248,matched_local_probe,pure,1,5,1.0000039005650152,1.0,0.05000019672034029,0.0009157712071711594,0.9998502575588906
8.0,10248,matched_local_probe,pure,1,6,1.000006558611393,1.0,0.050000329171402624,0.0009157639105905177,0.9998502575588906
8.0,10248,matched_local_probe,pure,1,7,1.000002025234963,1.0,0.05000009677018368,0.0009157764397271035,0.9998502575588906
8.0,10248,matched_local_probe,pure,2,0,1.0000054340919542,0.9999999999999999,0.05000025638217801,0.0009157672176678806,0.9998502575588911
8.0,10248,matched_local_probe,pure,2,1,1.000000459073596,1.0,0.05000001218025468,0.0009157808259188816,0.9998502575588911
8.0,10248,matched_local_probe,pure,2,2,1.0000030414883483,1.0,0.05000014271436595,0.0009157737121798855,0.9998502575588911
8.0,10248,matched_local_probe,pure,2,3,1.0000050835474015,0.9999999999999998,0.05000023309237925,0.0009157682567607088,0.9998502575588911
8.0,10248,matched_local_probe,pure,2,4,0.9999878226011438,0.9999999999999999,0.049999377096717604,0.0009158155843063197,0.9998502575588911
8.0,10248,matched_local_probe,pure,2,5,1.0000110059674063,1.0,0.05000055634135819,0.0009157516303401319,0.9998502575588911
8.0,10248,matched_local_probe,pure,2,6,1.0000133231575086,0.9999999999999998,0.05000069223041376,0.0009157450054581025,0.9998502575588911
8.0,10248,matched_local_probe,pure,2,7,1.000001010398218,1.0,0.05000004871199398,0.0009157791924165112,0.9998502575588911
8.0,10248,matched_local_probe,mixture,3,0,0.9435084105566643,0.9997811040827845,0.05112974900735211,0.0010135534841441644,0.38755940990560966
8.0,10248,matched_local_probe,mixture,3,1,0.8658862744713208,0.9981013803513418,0.05068217650460943,0.0011949632542120525,0.38755940990560966
8.0,10248,matched_local_probe,mixture,3,2,0.9375014052612812,0.9996117111724518,0.05140291506747476,0.0010225579974382406,0.38755940990560966
8.0,10248,matched_local_probe,mixture,3,3,0.9037372889909674,0.9994339292104382,0.05165605973757221,0.0010954839344859862,0.38755940990560966
8.0,10248,matched_local_probe,mixture,3,4,0.6300917886941825,0.9939519680966236,0.04915700977453116,0.001945698815060222,0.38755940990560966
8.0,10248,matched_local_probe,mixture,3,5,0.9643340095169659,0.9998235561787403,0.05205295647855727,0.0009581381940589255,0.38755940990560966
8.0,10248,matched_local_probe,mixture,3,6,0.9716048229255794,0.9994316486826038,0.0527529609185829,0.0009290922677696353,0.38755940990560966
8.0,10248,matched_local_probe,mixture,3,7,0.9357265666629172,0.9996749341444469,0.05167278433460604,0.0010244692178809779,0.38755940990560966
8.0,10253,seed_relaxation,pure,0,-1,0.9998517685704069,1.0,3.690246169482102e-05,6.762930497336924e-07,0.9998502575588915
8.0,10253,seed_relaxation,pure,1,-1,0.9995433625859083,0.9999999999999999,0.00012197905074121552,2.238209117216913e-06,0.999552484894478
8.0,10253,seed_relaxation,pure,2,-1,0.9998517685704071,1.0,3.690246169482102e-05,6.762930497336924e-07,0.9998502575588903
8.0,10253,seed_relaxation,mixture,3,-1,0.7860790470892675,0.9999818741941322,0.11381347621665769,0.005261948059115116,0.3875594099056096
8.0,10253,matched_local_probe,pure,0,0,1.000002235683233,0.9999999999999999,0.05000009624697663,0.000915776007395074,0.9998502575588915
8.0,10253,matched_local_probe,pure,0,1,1.0000123367405385,1.0,0.050000611934360124,0.0009157481169885088,0.9998502575588915
8.0,10253,matched_local_probe,pure,0,2,1.0000116137387667,1.0,0.05000057626818744,0.0009157500963788615,0.9998502575588915
8.0,10253,matched_local_probe,pure,0,3,1.000003500805938,1.0,0.05000017480147889,0.0009157723302840435,0.9998502575588915
8.0,10253,matched_local_probe,pure,0,4,0.9999749171090252,0.9999999999999991,0.04999869552464162,0.0009158515050599938,0.9998502575588915
8.0,10253,matched_local_probe,pure,0,5,1.0000082313471113,0.9999999999999999,0.05000043008588963,0.0009157590915586887,0.9998502575588915
8.0,10253,matched_local_probe,pure,0,6,1.000005200776328,1.0,0.05000025646209912,0.0009157677033817264,0.9998502575588915
8.0,10253,matched_local_probe,pure,0,7,1.0000010936454087,1.0,0.05000005094171843,0.0009157789888808891,0.9998502575588915
8.0,10253,matched_local_probe,pure,1,0,1.000003158696451,1.0,0.050000153355562564,0.000915773326278401,0.999552484894478
8.0,10253,matched_local_probe,pure,1,1,1.000020551068095,0.9999999999999999,0.05000104255483534,0.0009157252906966388,0.999552484894478
8.0,10253,matched_local_probe,pure,1,2,1.000034337545154,1.0,0.050001718438091196,0.0009156875908866604,0.999552484894478
8.0,10253,matched_local_probe,pure,1,3,0.9999900192915381,0.9999999999999999,0.04999949941038042,0.0009158093821237809,0.999552484894478
8.0,10253,matched_local_probe,pure,1,4,0.9999164537764011,0.9999999999999906,0.049995635849633714,0.0009160139071500777,0.999552484894478
8.0,10253,matched_local_probe,pure,1,5,1.0000002070605662,0.999999999999999,0.05000004925238184,0.0009157808725488284,0.999552484894478
8.0,10253,matched_local_probe,pure,1,6,1.0000102323159084,1.0,0.05000050018475059,0.0009157539801906251,0.999552484894478
8.0,10253,matched_local_probe,pure,1,7,1.0000029855191146,1.0,0.05000013815066018,0.0009157738877019445,0.999552484894478
8.0,10253,matched_local_probe,pure,2,0,1.0000008601219983,1.0,0.050000037887960654,0.00091577964865943,0.9998502575588903
8.0,10253,matched_local_probe,pure,2,1,0.9999959853085731,1.0,0.0499997945542058,0.0009157930352607277,0.9998502575588903
8.0,10253,matched_local_probe,pure,2,2,1.0000118927921935,1.0,0.050000594009412355,0.0009157492801688479,0.9998502575588903
8.0,10253,matched_local_probe,pure,2,3,0.9999990346901839,1.0,0.04999994005462786,0.000915784750979433,0.9998502575588903
8.0,10253,matched_local_probe,pure,2,4,0.9999807421632673,0.9999999999999993,0.04999899404772934,0.000915835409881649,0.9998502575588903
8.0,10253,matched_local_probe,pure,2,5,1.000004517265693,0.9999999999999999,0.05000024306016137,0.0009157693125027428,0.9998502575588903
8.0,10253,matched_local_probe,pure,2,6,0.9999915654586735,0.9999999999999999,0.049999595376593486,0.0009158048917120167,0.9998502575588903
8.0,10253,matched_local_probe,pure,2,7,1.0000052158692945,1.0,0.050000259447154596,0.0009157676329079739,0.9998502575588903
8.0,10253,matched_local_probe,mixture,3,0,0.8644386774630779,0.9993506027706756,0.05143671367778514,0.0012047341179657182,0.3875594099056096
8.0,10253,matched_local_probe,mixture,3,1,0.7677610206241662,0.9958374589442666,0.050930008855206675,0.0014442354603696383,0.3875594099056096
8.0,10253,matched_local_probe,mixture,3,2,1.0158013366078769,0.9999764703420232,0.05178582885290042,0.0008601291533104705,0.3875594099056096
8.0,10253,matched_local_probe,mixture,3,3,0.9044260029376394,0.9990125246681683,0.05162960618434095,0.0010923323923359412,0.3875594099056096
8.0,10253,matched_local_probe,mixture,3,4,0.6906892555530979,0.9942394424534868,0.049535056421471484,0.0017080401955391284,0.3875594099056096
8.0,10253,matched_local_probe,mixture,3,5,0.9698675804086697,0.9997596596961968,0.05282861349355781,0.000934349424235021,0.3875594099056096
8.0,10253,matched_local_probe,mixture,3,6,0.7749666074596809,0.9974896984217954,0.04988833955580707,0.0014696935772510545,0.3875594099056096
8.0,10253,matched_local_probe,mixture,3,7,0.9219846016614462,0.9994183864194589,0.051240299132142814,0.0010599354780629162,0.3875594099056096
6.0,10028,seed_relaxation,pure,0,-1,0.8844084239681298,0.9999991364847759,0.05139466015241631,0.0015150783268534484,0.8788323926315236
6.0,10028,seed_relaxation,pure,1,-1,0.9924038299042875,0.9999999999869043,0.0020147969807412665,3.804281041907927e-05,0.9924546210610902
6.0,10028,seed_relaxation,pure,2,-1,0.8844084239681296,0.9999991364847758,0.05139466015241624,0.0015150783268534482,0.8788323926315239
6.0,10028,seed_relaxation,mixture,3,-1,0.8232790481846379,0.9999945091847819,0.23233845113633028,0.008939826774604337,0.4124022846034034
6.0,10028,matched_local_probe,pure,0,0,1.0040563590072111,0.9999999863595855,0.05026063131096987,0.0009039304190653347,0.8788323926315236
6.0,10028,matched_local_probe,pure,0,1,1.0080314780650466,0.9999998647697268,0.05055848877463546,0.0008917849310453739,0.8788323926315236
6.0,10028,matched_local_probe,pure,0,2,1.0046392829897597,0.999999903965112,0.05036071905414171,0.0009012299368936369,0.8788323926315236
6.0,10028,matched_local_probe,pure,0,3,0.9931868431580811,0.9999994129289574,0.04995298884993276,0.0009302408820088181,0.8788323926315236
6.0,10028,matched_local_probe,pure,0,4,0.9925990382695997,0.999999789631936,0.049783014139889226,0.0009340742266414813,0.8788323926315236
6.0,10028,matched_local_probe,pure,0,5,1.0051387624386703,0.9999994984695181,0.0505200658178982,0.0008985707396607669,0.8788323926315236
6.0,10028,matched_local_probe,pure,0,6,0.9887701936989731,0.9999973026707042,0.050054887072015886,0.0009387710943183952,0.8788323926315236
6.0,10028,matched_local_probe,pure,0,7,0.9939112469344125,0.99999968243759,0.049893826935301276,0.000929815027995135,0.8788323926315236
6.0,10028,matched_local_probe,pure,1,0,0.9999102561493881,0.999999999989313,0.049997333026763326,0.0009160034729644065,0.9924546210610902
6.0,10028,matched_local_probe,pure,1,1,1.000232492351028,0.9999999999995344,0.05001209471279098,0.0009151370943396189,0.9924546210610902
6.0,10028,matched_local_probe,pure,1,2,0.9998774931085189,0.9999999999948674,0.04999463304300336,0.0009161072300209384,0.9924546210610902
6.0,10028,matched_local_probe,pure,1,3,1.0001810229347161,0.9999999999998628,0.050009014254154355,0.0009152853780323958,0.9924546210610902
6.0,10028,matched_local_probe,pure,1,4,0.9998115792608063,0.9999999999972025,0.04999130520087697,0.0009162898713961296,0.9924546210610902
6.0,10028,matched_local_probe,pure,1,5,1.0002698662116078,0.9999999999982789,0.05001435987148018,0.0009150301266118721,0.9924546210610902
6.0,10028,matched_local_probe,pure,1,6,1.0000937781585297,0.9999999999999653,0.05000473817346942,0.0009155235116427614,0.9924546210610902
6.0,10028,matched_local_probe,pure,1,7,1.0000421886496575,0.999999999995708,0.05000331734050981,0.0009156497575895413,0.9924546210610902
6.0,10028,matched_local_probe,pure,2,0,0.9869394644462891,0.9999977936785284,0.04986118358076777,0.0009451110239433798,0.8788323926315239
6.0,10028,matched_local_probe,pure,2,1,0.9946818767935882,0.9999994677647999,0.04999256304213618,0.0009267523779264782,0.8788323926315239
6.0,10028,matched_local_probe,pure,2,2,1.0012741827983698,0.9999981646112824,0.05057567380504347,0.0009053779487733206,0.8788323926315239
6.0,10028,matched_local_probe,pure,2,3,0.9963117881568185,0.9999998952099526,0.049937402961746515,0.0009240961083434266,0.8788323926315239
6.0,10028,matched_local_probe,pure,2,4,0.9628044553266306,0.9999950396533529,0.04897177014207919,0.0010103043858038356,0.8788323926315239
6.0,10028,matched_local_probe,pure,2,5,1.0119489708378624,0.9999998814273287,0.05075151506475465,0.0008816853974640619,0.8788323926315239
6.0,10028,matched_local_probe,pure,2,6,0.9684766662054496,0.9999927180037054,0.049447354087759035,0.0009916676926562265,0.8788323926315239
6.0,10028,matched_local_probe,pure,2,7,0.9952566137256812,0.999998934185673,0.050139340272629715,0.0009234939343755277,0.8788323926315239
6.0,10028,matched_local_probe,mixture,3,0,0.8551816841602039,0.9986581774083881,0.050988653570115935,0.0012315294213505802,0.4124022846034034
6.0,10028,matched_local_probe,mixture,3,1,0.9440331168501965,0.9997535125996238,0.052088640400104365,0.0010039011976725352,0.4124022846034034
6.0,10028,matched_local_probe,mixture,3,2,0.8830911267544006,0.9980245414949085,0.05316631320226672,0.0011101685895687308,0.4124022846034034
6.0,10028,matched_local_probe,mixture,3,3,0.9301825245595883,0.9999152175814792,0.049932488529311495,0.0010695281611646952,0.4124022846034034
6.0,10028,matched_local_probe,mixture,3,4,0.7106036774557603,0.9970366665639793,0.04708107109106666,0.0017371594362452334,0.4124022846034034
6.0,10028,matched_local_probe,mixture,3,5,0.9780308006669308,0.9996364164195306,0.05406446252641195,0.000904224560286686,0.4124022846034034
6.0,10028,matched_local_probe,mixture,3,6,0.7745416100929189,0.9995615894926067,0.05008078082645961,0.001541309865576192,0.4124022846034034
6.0,10028,matched_local_probe,mixture,3,7,0.9044832505565366,0.9998033538512354,0.05066928136273691,0.001124849041652203,0.4124022846034034
6.0,10032,seed_relaxation,pure,0,-1,0.9846418313139214,0.9999999997851188,0.00545668199890516,0.00010629741640675709,0.9848032512423386
6.0,10032,seed_relaxation,pure,1,-1,0.9938033788514035,0.9999999999943875,0.0018437550218257976,3.461822569195729e-05,0.9939067274219403
6.0,10032,seed_relaxation,pure,2,-1,0.98464183131392,0.9999999997851188,0.00545668199890516,0.00010629741640675709,0.9848032512423391
6.0,10032,seed_relaxation,mixture,3,-1,0.9169446179547749,0.9999994488132901,0.08379508296003406,0.0021740115393024916,0.7523008481173332
6.0,10032,matched_local_probe,pure,0,0,0.9983835333847929,0.9999999989357679,0.04993308411759591,0.0009200590378925301,0.9848032512423386
6.0,10032,matched_local_probe,pure,0,1,1.001584915831281,0.9999999999056566,0.05007993474217831,0.0009114293590445949,0.9848032512423386
6.0,10032,matched_local_probe,pure,0,2,1.0007475161648915,0.9999999999804133,0.05003990073171153,0.0009136975733572081,0.9848032512423386
6.0,10032,matched_local_probe,pure,0,3,0.9999391241749777,0.9999999999766509,0.04999905790503476,0.000915922819641586,0.9848032512423386
6.0,10032,matched_local_probe,pure,0,4,0.9995905453353532,0.9999999999814374,0.049981335532099345,0.0009168815645829678,0.9848032512423386
6.0,10032,matched_local_probe,pure,0,5,1.0001040752761372,0.9999999999998589,0.05000533699932827,0.0009154944513888275,0.9848032512423386
6.0,10032,matched_local_probe,pure,0,6,0.9999551923667086,0.9999999999560852,0.050000450009445335,0.0009158702514958588,0.9848032512423386
6.0,10032,matched_local_probe,pure,0,7,1.0007375564475756,0.9999999999924213,0.05003795813864322,0.0009137415785414059,0.9848032512423386
6.0,10032,matched_local_probe,pure,1,0,1.0001530150833906,0.9999999999993304,0.05000832511108329,0.0009153533588937472,0.9939067274219403
6.0,10032,matched_local_probe,pure,1,1,1.0000626334056002,0.9999999999998865,0.05000338554988861,0.0009156063353064418,0.9939067274219403
6.0,10032,matched_local_probe,pure,1,2,1.0001641798251544,0.9999999999989674,0.050008538067692475,0.0009153260386359178,0.9939067274219403
6.0,10032,matched_local_probe,pure,1,3,1.0003301910493778,0.9999999999992464,0.05001704446317069,0.0009148677577631124,0.9939067274219403
6.0,10032,matched_local_probe,pure,1,4,1.0001613519885577,0.9999999999992223,0.05000815750384254,0.0009153373357088774,0.9939067274219403
6.0,10032,matched_local_probe,pure,1,5,1.0003789886090235,0.9999999999999595,0.05001904266349034,0.0009147399648264599,0.9939067274219403
6.0,10032,matched_local_probe,pure,1,6,1.0002112537339618,0.9999999999962937,0.05001185741940978,0.0009151841279227179,0.9939067274219403
6.0,10032,matched_local_probe,pure,1,7,1.0001209404257851,0.9999999999997868,0.050005986075962565,0.0009154507824835909,0.9939067274219403
6.0,10032,matched_local_probe,pure,2,0,1.0001720009791801,0.9999999999961062,0.05000982386793882,0.0009152970333183246,0.9848032512423391
6.0,10032,matched_local_probe,pure,2,1,1.0001079339933858,0.9999999999588361,0.05000852762482934,0.0009154480235753768,0.9848032512423391
6.0,10032,matched_local_probe,pure,2,2,1.0007626390682545,0.9999999999660174,0.050040199127118254,0.000913657802917185,0.9848032512423391
6.0,10032,matched_local_probe,pure,2,3,1.0005241464821337,0.9999999999990344,0.050026568347857805,0.0009143383037897229,0.9848032512423391
6.0,10032,matched_local_probe,pure,2,4,1.0002018721142865,0.9999999997375483,0.0500156035520846,0.000915149918908232,0.9848032512423391
6.0,10032,matched_local_probe,pure,2,5,1.0006874872642482,0.9999999999886553,0.050036142126729556,0.0009138702088820468,0.9848032512423391
6.0,10032,matched_local_probe,pure,2,6,1.0003775302771007,0.9999999999903147,0.05002047251495105,0.0009147223171758457,0.9848032512423391
6.0,10032,matched_local_probe,pure,2,7,0.9983593861699462,0.9999999994008367,0.04993009455147223,0.0009201397653780975,0.9848032512423391
6.0,10032,matched_local_probe,mixture,3,0,0.9494608619825937,0.9999591191549367,0.04972735293700922,0.0010302544702560175,0.7523008481173332
6.0,10032,matched_local_probe,mixture,3,1,0.9962863248875558,0.9999857950428768,0.05123102619072847,0.0009074712892765823,0.7523008481173332
6.0,10032,matched_local_probe,mixture,3,2,1.002673575883126,0.9999927222713799,0.05091421771931954,0.0008967351314289223,0.7523008481173332
6.0,10032,matched_local_probe,mixture,3,3,0.997697217986806,0.9999978044633862,0.0503596567918519,0.0009155640475671684,0.7523008481173332
6.0,10032,matched_local_probe,mixture,3,4,0.968028500982359,0.9999647491519431,0.050186346592150904,0.0009786456144253433,0.7523008481173332
6.0,10032,matched_local_probe,mixture,3,5,1.0049728725506966,0.9999994252573662,0.050486721514278125,0.0008986972257509145,0.7523008481173332
6.0,10032,matched_local_probe,mixture,3,6,0.9895494585267028,0.9999916119220942,0.05030789003963685,0.0009322521271613447,0.7523008481173332
6.0,10032,matched_local_probe,mixture,3,7,0.9556259375305659,0.9999580681252894,0.04984922447391355,0.0010126322002429545,0.7523008481173332
6.0,10042,seed_relaxation,pure,0,-1,0.6090676780959452,0.9997518174328974,0.1642941707135201,0.01807942182060041,0.44906394755520873
6.0,10042,seed_relaxation,pure,1,-1,0.9330546439532651,0.9999999081854135,0.020108769401482138,0.0004836050015632183,0.9308228874366467
6.0,10042,seed_relaxation,pure,2,-1,0.6090676780959446,0.9997518174328974,0.1642941707135201,0.018079421820600468,0.44906394755520834
6.0,10042,seed_relaxation,mixture,3,-1,0.9468512990385042,0.9999999592383192,0.07237978187173369,0.001645243152014458,0.8341042888171957
6.0,10042,matched_local_probe,pure,0,0,0.5985947947945803,0.9950661936434886,0.04739767484332386,0.0021929019273165457,0.44906394755520873
6.0,10042,matched_local_probe,pure,0,1,0.9774683692538884,0.999899762395223,0.05101010677923193,0.0009493454227215187,0.44906394755520873
6.0,10042,matched_local_probe,pure,0,2,0.7334082160481581,0.9938717211864901,0.05123341918648198,0.0015835685053080075,0.44906394755520873
6.0,10042,matched_local_probe,pure,0,3,0.9762302405014766,0.9998796989331359,0.050335476890465615,0.0009649204326241916,0.44906394755520873
6.0,10042,matched_local_probe,pure,0,4,0.8902954206551653,0.9985626362399153,0.050505256046353725,0.0011582254686131376,0.44906394755520873
6.0,10042,matched_local_probe,pure,0,5,0.8220084145758386,0.9987614182599434,0.047888536355418336,0.0013599300704670103,0.44906394755520873
6.0,10042,matched_local_probe,pure,0,6,0.6678570443407739,0.9917575516118439,0.05354706867333059,0.0017296403944110795,0.44906394755520873
6.0,10042,matched_local_probe,pure,0,7,1.0007941263192026,0.9995690233778616,0.05224522709218062,0.0009069305009581028,0.44906394755520873
6.0,10042,matched_local_probe,pure,1,0,0.9985406604062692,0.9999999569258582,0.050003955730888575,0.0009186797258062579,0.9308228874366467
6.0,10042,matched_local_probe,pure,1,1,0.9955543837660992,0.9999998199357658,0.04994768126266709,0.0009257001954228792,0.9308228874366467
6.0,10042,matched_local_probe,pure,1,2,1.001645153146103,0.9999999890748111,0.05012039500133466,0.0009106841554384057,0.9308228874366467
6.0,10042,matched_local_probe,pure,1,3,1.0047502669719752,0.9999999954152559,0.05026384634865375,0.0009024241019504108,0.9308228874366467
6.0,10042,matched_local_probe,pure,1,4,1.0016705920298297,0.9999999140418027,0.050200528063716936,0.0009095010400543679,0.9308228874366467
6.0,10042,matched_local_probe,pure,1,5,0.9986337514182116,0.9999998273571842,0.05010382149806469,0.0009172924505885742,0.9308228874366467
6.0,10042,matched_local_probe,pure,1,6,0.9983656446187779,0.9999999798194759,0.04997394493877531,0.0009194476532122999,0.9308228874366467
6.0,10042,matched_local_probe,pure,1,7,1.000165812435117,0.9999998949421348,0.050125354649416066,0.0009139172117072962,0.9308228874366467
6.0,10042,matched_local_probe,pure,2,0,0.8683883650036326,0.998592623292521,0.0500224156596749,0.0012136261625258112,0.44906394755520834
6.0,10042,matched_local_probe,pure,2,1,0.9862263192876821,0.9999062245331887,0.05206149154922437,0.0009154663807365767,0.44906394755520834
6.0,10042,matched_local_probe,pure,2,2,0.9391161207385955,0.9991803546457656,0.051372300886387376,0.0010353930920321463,0.44906394755520834
6.0,10042,matched_local_probe,pure,2,3,0.8209037978448348,0.9984438065797689,0.048794922839997014,0.001349929548895552,0.44906394755520834
6.0,10042,matched_local_probe,pure,2,4,0.9832468979977169,0.9998559708327366,0.051313941695395285,0.0009376946676328025,0.44906394755520834
6.0,10042,matched_local_probe,pure,2,5,0.7930994771288777,0.9946122015725963,0.05320628058000406,0.001359720061784444,0.44906394755520834
6.0,10042,matched_local_probe,pure,2,6,0.8918237030811367,0.9994163949179011,0.04907217255855355,0.0011621959806704138,0.44906394755520834
6.0,10042,matched_local_probe,pure,2,7,0.5720628867329803,0.9872465917066402,0.05336275295789546,0.0021676399729261783,0.44906394755520834
6.0,10042,matched_local_probe,mixture,3,0,0.9644939348150132,0.9999967518730636,0.04899076339640768,0.0010073393151676733,0.8341042888171957
6.0,10042,matched_local_probe,mixture,3,1,1.0070127754225981,0.9999997640692025,0.05054163000463417,0.0008939888096864825,0.8341042888171957
6.0,10042,matched_local_probe,mixture,3,2,0.9944938741297141,0.9999983909290661,0.0502047745774258,0.0009248748397135021,0.8341042888171957
6.0,10042,matched_local_probe,mixture,3,3,0.9875898962952779,0.9999989912230207,0.049709162147438986,0.0009453755375483484,0.8341042888171957
6.0,10042,matched_local_probe,mixture,3,4,1.001348662199294,0.9999997631690745,0.050261083976812206,0.0009096941450691925,0.8341042888171957
6.0,10042,matched_local_probe,mixture,3,5,0.983388965337083,0.9999947195158386,0.04991418008668193,0.0009508747323496035,0.8341042888171957
6.0,10042,matched_local_probe,mixture,3,6,0.9814313804484108,0.9999896863201939,0.05021126002124609,0.0009509371684633258,0.8341042888171957
6.0,10042,matched_local_probe,mixture,3,7,0.9869343803045361,0.9999896226990254,0.050544965897749455,0.0009367510431034426,0.8341042888171957
6.0,10070,seed_relaxation,pure,0,-1,0.9846418313140126,0.9999999997851188,0.00545668199890516,0.00010629741640675709,0.98480325124234
6.0,10070,seed_relaxation,pure,1,-1,0.98464183131392,0.9999999997851188,0.00545668199890516,0.00010629741640675709,0.9848032512423395
6.0,10070,seed_relaxation,pure,2,-1,0.9938033788514035,0.9999999999943875,0.0018437550218257976,3.4618225691957296e-05,0.9939067274219398
6.0,10070,seed_relaxation,mixture,3,-1,0.9169446179547753,0.9999994488132901,0.08379508296003402,0.0021740115393024916,0.7523008481173323
6.0,10070,matched_local_probe,pure,0,0,1.0013997707676794,0.9999999999932807,0.050071891901549155,0.0009119188806379087,0.98480325124234
6.0,10070,matched_local_probe,pure,0,1,1.001423881398183,0.9999999999825249,0.050072433284514335,0.0009118626903048651,0.98480325124234
6.0,10070,matched_local_probe,pure,0,2,0.9981167079143357,0.9999999998858015,0.04990933280798365,0.0009209092889023758,0.98480325124234
6.0,10070,matched_local_probe,pure,0,3,1.0015397690976269,0.9999999999947987,0.05007693289087304,0.000911562652895345,0.98480325124234
6.0,10070,matched_local_probe,pure,0,4,0.9992761650597138,0.9999999996654254,0.04997189646306801,0.0009176625820771032,0.98480325124234
6.0,10070,matched_local_probe,pure,0,5,0.9998740876914759,0.9999999996956912,0.05000020088321309,0.0009160376323033702,0.98480325124234
6.0,10070,matched_local_probe,pure,0,6,1.0006832215852335,0.9999999999977537,0.05003464129532491,0.0009138993075015573,0.98480325124234
6.0,10070,matched_local_probe,pure,0,7,0.9986047578080472,0.9999999993097339,0.0499412489181366,0.0009194748818603681,0.98480325124234
6.0,10070,matched_local_probe,pure,1,0,1.0004005183138918,0.9999999999810685,0.050021348327002876,0.0009146608033805386,0.9848032512423395
6.0,10070,matched_local_probe,pure,1,1,1.0009849040736258,0.9999999999972958,0.050049833552019904,0.0009130731101079365,0.9848032512423395
6.0,10070,matched_local_probe,pure,1,2,1.000211806957945,0.9999999996855491,0.0500178178251713,0.0009151203624207928,0.9848032512423395
6.0,10070,matched_local_probe,pure,1,3,1.0003696705948757,0.9999999999956767,0.05001946267019245,0.0009147522132367455,0.9848032512423395
6.0,10070,matched_local_probe,pure,1,4,0.9996924031492456,0.9999999995584976,0.049992958266936297,0.00091650834694838,0.9848032512423395
6.0,10070,matched_local_probe,pure,1,5,1.0001253205354506,0.9999999999906951,0.05000756548046062,0.000915420497439008,0.9848032512423395
6.0,10070,matched_local_probe,pure,1,6,1.0003969933727088,0.9999999999969464,0.05002048372129896,0.000914686668797394,0.9848032512423395
6.0,10070,matched_local_probe,pure,1,7,1.0007948589171844,0.9999999999915675,0.05004072706338107,0.0009135857476125523,0.9848032512423395
6.0,10070,matched_local_probe,pure,2,0,1.0005952176553705,0.9999999999967145,0.050031340262433305,0.0009141278115127639,0.9939067274219398
6.0,10070,matched_local_probe,pure,2,1,1.0000013201082498,0.9999999999994608,0.05000040219527131,0.0009157733647760642,0.9939067274219398
6.0,10070,matched_local_probe,pure,2,2,1.000221306650462,0.9999999999999848,0.050010966299042996,0.0009151759447976693,0.9939067274219398
6.0,10070,matched_local_probe,pure,2,3,0.9988076098625065,0.999999999994034,0.04994012751289222,0.0009190645255990999,0.9939067274219398
6.0,10070,matched_local_probe,pure,2,4,0.9997451769574502,0.9999999999990266,0.049987828065936886,0.0009164744888035541,0.9939067274219398
6.0,10070,matched_local_probe,pure,2,5,1.0002033422784211,0.9999999999998598,0.050010416070188426,0.0009152200304801955,0.9939067274219398
6.0,10070,matched_local_probe,pure,2,6,0.9999245081383005,0.9999999999972545,0.04999697688333993,0.0009159799155116831,0.9939067274219398
6.0,10070,matched_local_probe,pure,2,7,0.9999899162807127,0.9999999999994007,0.04999975151902763,0.0009158058637858455,0.9939067274219398
6.0,10070,matched_local_probe,mixture,3,0,1.012607691642969,0.9999981275010197,0.05107042424884553,0.0008752533444078801,0.7523008481173323
6.0,10070,matched_local_probe,mixture,3,1,1.0179612158425315,0.9999982641655322,0.05136801236332339,0.0008616930941880708,0.7523008481173323
6.0,10070,matched_local_probe,mixture,3,2,0.9365360841780609,0.9999169952524851,0.04957211512385825,0.0010586102881142818,0.7523008481173323
6.0,10070,matched_local_probe,mixture,3,3,1.009945787645727,0.999997919952816,0.05096716713351665,0.0008822896317534521,0.7523008481173323
6.0,10070,matched_local_probe,mixture,3,4,0.9371251567047295,0.9999050812970524,0.04986529583024728,0.0010508809176554786,0.7523008481173323
6.0,10070,matched_local_probe,mixture,3,5,0.978626937441535,0.9999862497198251,0.05029364472772843,0.0009566278512862071,0.7523008481173323
6.0,10070,matched_local_probe,mixture,3,6,1.0054642043326234,0.9999987792673749,0.05062191019301601,0.0008961095765721084,0.7523008481173323
6.0,10070,matched_local_probe,mixture,3,7,0.95709793220735,0.9999520537439316,0.05003258708503547,0.0010048907811099727,0.7523008481173323
6.0,10094,seed_relaxation,pure,0,-1,0.9992414853130961,0.9999999999999987,0.0003324490800542366,6.107523152182027e-06,0.9992412063382665
6.0,10094,seed_relaxation,pure,1,-1,0.9992414853130961,0.9999999999999987,0.0003324490800542366,6.107523152182027e-06,0.9992412063382665
6.0,10094,seed_relaxation,pure,2,-1,0.9992414853130961,0.9999999999999987,0.0003324490800542366,6.107523152182027e-06,0.9992412063382665
6.0,10094,seed_relaxation,mixture,3,-1,0.9644325805150412,0.9999999933065908,0.11443915740951605,0.0024194890709263585,0.692282746000104
6.0,10094,matched_local_probe,pure,0,0,1.0000256384260586,0.9999999999999928,0.05000136800569075,0.0009157103736492819,0.9992412063382665
6.0,10094,matched_local_probe,pure,0,1,1.000025982580475,0.9999999999999999,0.050001263431996824,0.0009157110185891585,0.9992412063382665
6.0,10094,matched_local_probe,pure,0,2,1.0000875464110688,0.9999999999999994,0.0500043915996723,0.0009155412635225764,0.9992412063382665
6.0,10094,matched_local_probe,pure,0,3,0.9999775506561489,0.9999999999999967,0.04999889999184729,0.0009158432967075949,0.9992412063382665
6.0,10094,matched_local_probe,pure,0,4,1.0000113377042879,0.9999999999999958,0.050000615761782594,0.0009157501429052154,0.9992412063382665
6.0,10094,matched_local_probe,pure,0,5,1.0000484283358282,0.9999999999999982,0.05000244781777521,0.0009156485488646389,0.9992412063382665
6.0,10094,matched_local_probe,pure,0,6,1.0000540493086936,0.9999999999999996,0.05000263635171236,0.0009156343148454583,0.9992412063382665
6.0,10094,matched_local_probe,pure,0,7,1.0000312699807758,0.9999999999999982,0.050001453381461274,0.0009156974679136781,0.9992412063382665
6.0,10094,matched_local_probe,pure,1,0,1.0000253666178336,0.9999999999999998,0.05000124281024247,0.0009157125725821307,0.9992412063382665
6.0,10094,matched_local_probe,pure,1,1,1.0000263326750478,0.9999999999999905,0.050001423739804894,0.000915708197068664,0.9992412063382665
6.0,10094,matched_local_probe,pure,1,2,1.000087436243459,1.0,0.05000434090859711,0.0009155421542533217,0.9992412063382665
6.0,10094,matched_local_probe,pure,1,3,0.9999773067562152,0.9999999999999999,0.049998796028598844,0.0009158451711294301,0.9992412063382665
6.0,10094,matched_local_probe,pure,1,4,1.0000112558148297,0.9999999999999982,0.05000057366394417,0.0009157508574363284,0.9992412063382665
6.0,10094,matched_local_probe,pure,1,5,1.0000484665128413,0.9999999999999974,0.0500024642705464,0.0009156482533200854,0.9992412063382665
6.0,10094,matched_local_probe,pure,1,6,1.000054399912404,0.9999999999999949,0.05000279689830134,0.00091563148930317,0.9992412063382665
6.0,10094,matched_local_probe,pure,1,7,1.000031808428127,0.9999999999999905,0.05000170095157578,0.0009156931167216584,0.9992412063382665
6.0,10094,matched_local_probe,pure,2,0,1.0000255165967544,0.9999999999999969,0.050001316542183705,0.0009157113042551646,0.9992412063382665
6.0,10094,matched_local_probe,pure,2,1,1.0000260074484746,0.9999999999999998,0.05000127452491106,0.0009157108217710618,0.9992412063382665
6.0,10094,matched_local_probe,pure,2,2,1.000087372805949,0.9999999999999994,0.050004312015099216,0.0009155426634855237,0.9992412063382665
6.0,10094,matched_local_probe,pure,2,3,0.9999779164698896,0.9999999999999769,0.04999906838353203,0.0009158403376961199,0.9992412063382665
6.0,10094,matched_local_probe,pure,2,4,1.0000112497489462,0.9999999999999981,0.050000577358683136,0.0009157508298666232,0.9992412063382665
6.0,10094,matched_local_probe,pure,2,5,1.0000482407699713,0.9999999999999999,0.05000236139039676,0.0009156500667947358,0.9992412063382665
6.0,10094,matched_local_probe,pure,2,6,1.000054305451431,0.9999999999999977,0.050002755889893086,0.0009156322240172454,0.9992412063382665
6.0,10094,matched_local_probe,pure,2,7,1.0000317523475803,0.9999999999999931,0.050001674778461624,0.0009156935744588459,0.9992412063382665
6.0,10094,matched_local_probe,mixture,3,0,0.9263321240920258,0.999800614347838,0.05017456861800878,0.0010684134890454095,0.692282746000104
6.0,10094,matched_local_probe,mixture,3,1,0.984094176030441,0.9999345460491688,0.051439131300193376,0.0009259958433847005,0.692282746000104
6.0,10094,matched_local_probe,mixture,3,2,1.0111596375848817,0.999985249539268,0.05158666362578978,0.0008703558937012675,0.692282746000104
6.0,10094,matched_local_probe,mixture,3,3,0.9126460849482877,0.9997441536377807,0.05015882348039302,0.0011001041790210998,0.692282746000104
6.0,10094,matched_local_probe,mixture,3,4,0.9123944884092638,0.9997410958605616,0.05013790718909507,0.0011014164825947402,0.692282746000104
6.0,10094,matched_local_probe,mixture,3,5,0.9949441701342299,0.9999755946641802,0.05112476664653114,0.0009086826551016574,0.692282746000104
6.0,10094,matched_local_probe,mixture,3,6,0.9569962116183506,0.9998556245563783,0.05099309208071597,0.0009868520429181908,0.692282746000104
6.0,10094,matched_local_probe,mixture,3,7,0.9561423977201642,0.9998318178093394,0.05123158528869113,0.0009850318528886943,0.692282746000104
6.0,10102,seed_relaxation,pure,0,-1,0.9846418313139209,0.9999999997851188,0.00545668199890516,0.00010629741640675709,0.9848032512423387
6.0,10102,seed_relaxation,pure,1,-1,0.9938033788514035,0.9999999999943875,0.0018437550218257976,3.4618225691957296e-05,0.9939067274219391
6.0,10102,seed_relaxation,pure,2,-1,0.9846418313139219,0.9999999997851188,0.00545668199890516,0.00010629741640675709,0.9848032512423387
6.0,10102,seed_relaxation,mixture,3,-1,0.9169446179547746,0.9999994488132901,0.0837950829600342,0.0021740115393024916,0.7523008481173334
6.0,10102,matched_local_probe,pure,0,0,1.0016040712899112,0.9999999997648372,0.05009051260429939,0.0009112629716274196,0.9848032512423387
6.0,10102,matched_local_probe,pure,0,1,1.0002580441527604,0.9999999999850941,0.05001393205100404,0.0009150592656594002,0.9848032512423387
6.0,10102,matched_local_probe,pure,0,2,0.9994647929426815,0.9999999999613138,0.04997602155940308,0.0009172131359278932,0.9848032512423387
6.0,10102,matched_local_probe,pure,0,3,1.000619676381246,0.9999999999860356,0.050032395604897764,0.0009140626009824534,0.9848032512423387
6.0,10102,matched_local_probe,pure,0,4,1.0008035193981537,0.9999999998558953,0.0500468166880499,0.000913492031969459,0.9848032512423387
6.0,10102,matched_local_probe,pure,0,5,0.9998638002540927,0.9999999999938782,0.049994242561591615,0.0009161420447747211,0.9848032512423387
6.0,10102,matched_local_probe,pure,0,6,0.9997082155825615,0.9999999999075188,0.04998915274496956,0.000916528979016059,0.9848032512423387
6.0,10102,matched_local_probe,pure,0,7,1.000703682099126,0.9999999998694838,0.05004148861301402,0.0009137707594122065,0.9848032512423387
6.0,10102,matched_local_probe,pure,1,0,1.0002790975043119,0.9999999999999672,0.05001401222147393,0.0009150145604297718,0.9939067274219391
6.0,10102,matched_local_probe,pure,1,1,0.9995889819299535,0.999999999991223,0.049980697877492146,0.0009168944599079376,0.9939067274219391
6.0,10102,matched_local_probe,pure,1,2,1.0002015644011792,0.9999999999953214,0.050011551307713537,0.0009152091297672661,0.9939067274219391
6.0,10102,matched_local_probe,pure,1,3,1.0005858349546655,0.99999999999963,0.05002988766501116,0.0009141658267133529,0.9939067274219391
6.0,10102,matched_local_probe,pure,1,4,0.9997622036356988,0.9999999999989878,0.04998845148569356,0.0009164301869158013,0.9939067274219391
6.0,10102,matched_local_probe,pure,1,5,1.0003574504500006,0.999999999998554,0.050017334703190426,0.0009148066010304025,0.9939067274219391
6.0,10102,matched_local_probe,pure,1,6,1.00010809890459,0.9999999999999888,0.0500054661452284,0.0009154841607187922,0.9939067274219391
6.0,10102,matched_local_probe,pure,1,7,1.0002443471396376,0.9999999999997442,0.0500123135934646,0.0009151091169398623,0.9939067274219391
6.0,10102,matched_local_probe,pure,2,0,1.0007167717103735,0.9999999999999765,0.05003577251311584,0.0009138165102051272,0.9848032512423387
6.0,10102,matched_local_probe,pure,2,1,0.9971316189050893,0.9999999990445017,0.04987275048010725,0.0009234728903381543,0.9848032512423387
6.0,10102,matched_local_probe,pure,2,2,1.000651238447205,0.999999999971507,0.050034380247444186,0.0009139670165617858,0.9848032512423387
6.0,10102,matched_local_probe,pure,2,3,0.9978029386310863,0.9999999997204343,0.049895684640974984,0.0009217544974269029,0.9848032512423387
6.0,10102,matched_local_probe,pure,2,4,0.9966050135163994,0.9999999994191989,0.04984332034982901,0.0009249642073785187,0.9848032512423387
6.0,10102,matched_local_probe,pure,2,5,0.9983860469160905,0.9999999997163682,0.04992746433405767,0.0009201113687188048,0.9848032512423387
6.0,10102,matched_local_probe,pure,2,6,0.9999929394470333,0.9999999998419428,0.05000581805651129,0.0009157198757197583,0.9848032512423387
6.0,10102,matched_local_probe,pure,2,7,1.0019222104072691,0.9999999999911166,0.050097882974001,0.0009104910028150802,0.9848032512423387
6.0,10102,matched_local_probe,mixture,3,0,1.0032995995990674,0.9999798918558577,0.05137763208803291,0.0008898779516413228,0.7523008481173334
6.0,10102,matched_local_probe,mixture,3,1,0.938650341313485,0.9999720614858771,0.04894365248372694,0.0010678884089630912,0.7523008481173334
6.0,10102,matched_local_probe,mixture,3,2,0.9903959092041432,0.9999967296305967,0.05020652736628825,0.0009324430832170643,0.7523008481173334
6.0,10102,matched_local_probe,mixture,3,3,0.9556321569499705,0.9999670761808324,0.04951584690610972,0.0010158837501715106,0.7523008481173334
6.0,10102,matched_local_probe,mixture,3,4,0.9278729211496051,0.9999342813174968,0.04889139698097194,0.0010894971359522692,0.7523008481173334
6.0,10102,matched_local_probe,mixture,3,5,0.9581371235572501,0.9999772909734066,0.049315122244739475,0.0010142042009849519,0.7523008481173334
6.0,10102,matched_local_probe,mixture,3,6,0.9664352936574676,0.999962796101314,0.05008010792814957,0.0009831984420728222,0.7523008481173334
6.0,10102,matched_local_probe,mixture,3,7,1.0113246496351773,0.9999892945892442,0.05152552759716955,0.000871675811289467,0.7523008481173334
6.0,10111,seed_relaxation,pure,0,-1,0.98464183131392,0.9999999997851188,0.0054566819989051605,0.00010629741640675709,0.9848032512423386
6.0,10111,seed_relaxation,pure,1,-1,0.9846418313139199,0.9999999997851188,0.00545668199890516,0.00010629741640675709,0.9848032512423393
6.0,10111,seed_relaxation,pure,2,-1,0.9938033788514037,0.9999999999943875,0.0018437550218257978,3.4618225691957296e-05,0.9939067274219385
6.0,10111,seed_relaxation,mixture,3,-1,0.9169446179547758,0.9999994488132901,0.0837950829600342,0.0021740115393024916,0.752300848117333
6.0,10111,matched_local_probe,pure,0,0,0.9958126252095068,0.9999999990256271,0.04980839296819897,0.0009270998513546951,0.9848032512423386
6.0,10111,matched_local_probe,pure,0,1,0.999998838390014,0.999999999999306,0.05000052802006398,0.0009157776780561204,0.9848032512423386
6.0,10111,matched_local_probe,pure,0,2,0.9982263653235892,0.999999999885187,0.04991472829559734,0.0009206128431579176,0.9848032512423386
6.0,10111,matched_local_probe,pure,0,3,1.001759452234257,0.9999999999916005,0.05008906730320655,0.0009109436279043422,0.9848032512423386
6.0,10111,matched_local_probe,pure,0,4,0.9989223573206554,0.9999999997846205,0.04995277377416464,0.0009186532225328684,0.9848032512423386
6.0,10111,matched_local_probe,pure,0,5,1.0008384194558455,0.9999999999962684,0.05004271188552177,0.0009134695347983035,0.9848032512423386
6.0,10111,matched_local_probe,pure,0,6,1.0011759402957408,0.999999999993081,0.05005961584951602,0.0009125438838094027,0.9848032512423386
6.0,10111,matched_local_probe,pure,0,7,0.9997695417693665,0.9999999997962948,0.04999482967312709,0.0009163399543354909,0.9848032512423386
6.0,10111,matched_local_probe,pure,1,0,1.0017927457580391,0.9999999999827198,0.050091482089589565,0.0009108437443140607,0.9848032512423393
6.0,10111,matched_local_probe,pure,1,1,0.9974542156084947,0.9999999981014287,0.04989085093149157,0.0009225689459370861,0.9848032512423393
6.0,10111,matched_local_probe,pure,1,2,1.0003250706125666,0.999999999996951,0.05001715215536609,0.0009148765522173093,0.9848032512423393
6.0,10111,matched_local_probe,pure,1,3,1.0002510998680108,0.9999999999893239,0.05001388150389257,0.0009150730256628043,0.9848032512423393
6.0,10111,matched_local_probe,pure,1,4,0.9992507047301223,0.9999999999499082,0.049965395682113244,0.0009178036324904211,0.9848032512423393
6.0,10111,matched_local_probe,pure,1,5,1.0005094373663745,0.999999999969609,0.050027545330288165,0.0009143618966578233,0.9848032512423393
6.0,10111,matched_local_probe,pure,1,6,0.9991774577334461,0.9999999997365333,0.04996567091782008,0.0009179569883303992,0.9848032512423393
6.0,10111,matched_local_probe,pure,1,7,0.9997852767877853,0.9999999999765606,0.049991275104396916,0.0009163403800623965,0.9848032512423393
6.0,10111,matched_local_probe,pure,2,0,1.0002169888077959,0.9999999999998734,0.050011065824976046,0.0009151832298407165,0.9939067274219385
6.0,10111,matched_local_probe,pure,2,1,0.9993769865808264,0.9999999999933955,0.049970355043075336,0.0009174736471405035,0.9939067274219385
6.0,10111,matched_local_probe,pure,2,2,1.0003234003211878,0.9999999999999727,0.05001619008147552,0.0009148934938569965,0.9939067274219385
6.0,10111,matched_local_probe,pure,2,3,1.00006524976539,0.9999999999996151,0.05000350797582242,0.0009155991571777355,0.9939067274219385
6.0,10111,matched_local_probe,pure,2,4,0.99784627412878,0.9999999999932035,0.0498896355067883,0.0009217504825985301,0.9939067274219385
6.0,10111,matched_local_probe,pure,2,5,1.0001683731965811,0.9999999999998717,0.050008498847481514,0.0009153190566374677,0.9939067274219385
6.0,10111,matched_local_probe,pure,2,6,0.9997524251737587,0.9999999999952606,0.049988531243113275,0.0009164490984851125,0.9939067274219385
6.0,10111,matched_local_probe,pure,2,7,0.9986556899585854,0.9999999999951978,0.04993231053251635,0.0009194856533692551,0.9939067274219385
6.0,10111,matched_local_probe,mixture,3,0,0.931874140076197,0.999947200519786,0.049057344719333894,0.0010787899237623536,0.752300848117333
6.0,10111,matched_local_probe,mixture,3,1,0.9245154212186022,0.999928004575581,0.049161934969988635,0.0010958292245639978,0.752300848117333
6.0,10111,matched_local_probe,mixture,3,2,0.9727433249293659,0.999994493894535,0.049420652625701195,0.0009809162684584136,0.752300848117333
6.0,10111,matched_local_probe,mixture,3,3,1.015100299713174,0.9999989850824441,0.051132871855370986,0.0008698832947411831,0.752300848117333
6.0,10111,matched_local_probe,mixture,3,4,0.9476848990394257,0.9999684411269328,0.04905014500522296,0.0010413678831562296,0.752300848117333
6.0,10111,matched_local_probe,mixture,3,5,1.0014329115872314,0.9999929045722973,0.05085448073735862,0.0009009264394848664,0.752300848117333
6.0,10111,matched_local_probe,mixture,3,6,0.9767192169782919,0.9999738368433578,0.050404946655689356,0.0009575253135177754,0.752300848117333
6.0,10111,matched_local_probe,mixture,3,7,0.9623126382605373,0.9999638815141574,0.04987451066845485,0.0009967825153508348,0.752300848117333
6.0,10155,seed_relaxation,pure,0,-1,0.9490430420860883,0.9999999712777297,0.018040973669928465,0.0004061502568628273,0.948353406280189
6.0,10155,seed_relaxation,pure,1,-1,0.9798259783546929,0.9999999993367904,0.006090671732758323,0.00012097575356282637,0.9798426310278007
6.0,10155,seed_relaxation,pure,2,-1,0.8885521334715457,0.999999230202705,0.05118115157185605,0.0014834554251354074,0.8818744016191022
6.0,10155,seed_relaxation,mixture,3,-1,0.6374263042001604,0.9997511807617296,0.16527970178613427,0.01662433312882015,0.4606564868534838
6.0,10155,matched_local_probe,pure,0,0,1.0009250257671283,0.9999999951869312,0.05007650921839697,0.0009128471870270016,0.948353406280189
6.0,10155,matched_local_probe,pure,0,1,1.0074309535750163,0.9999999987576177,0.05039033968680935,0.0008953455651583588,0.948353406280189
6.0,10155,matched_local_probe,pure,0,2,1.0010606022775552,0.9999999999939782,0.050052512361389384,0.0009128901729119765,0.948353406280189
6.0,10155,matched_local_probe,pure,0,3,1.0036020391095164,0.9999999991389674,0.05019211859982911,0.0009057620063912972,0.948353406280189
6.0,10155,matched_local_probe,pure,0,4,0.9947932730655211,0.9999999085204576,0.049864964778633857,0.0009284839922384433,0.948353406280189
6.0,10155,matched_local_probe,pure,0,5,1.0015391086406846,0.9999999586624516,0.05016656521231207,0.0009104325806426187,0.948353406280189
6.0,10155,matched_local_probe,pure,0,6,1.0028600580795684,0.9999999992405705,0.05015560578190658,0.0009077754956813039,0.948353406280189
6.0,10155,matched_local_probe,pure,0,7,1.001144550115726,0.9999999992975758,0.05006751375171683,0.0009124966161235734,0.948353406280189
6.0,10155,matched_local_probe,pure,1,0,1.0007462355507202,0.9999999999309476,0.05004212136528981,0.0009136714082138671,0.9798426310278007
6.0,10155,matched_local_probe,pure,1,1,0.9985291957102519,0.9999999997864557,0.0499330923019691,0.0009197310380532476,0.9798426310278007
6.0,10155,matched_local_probe,pure,1,2,1.0002986779545195,0.9999999997475103,0.05002068763827747,0.0009148709761664257,0.9798426310278007
6.0,10155,matched_local_probe,pure,1,3,1.0004199526368076,0.9999999999318104,0.05002548553303877,0.0009145753526661309,0.9798426310278007
6.0,10155,matched_local_probe,pure,1,4,1.0012077040648613,0.9999999999947138,0.050061321934369025,0.0009124559242195012,0.9798426310278007
6.0,10155,matched_local_probe,pure,1,5,0.9992190462455354,0.9999999996162943,0.049968373758365624,0.0009178165723718394,0.9798426310278007
6.0,10155,matched_local_probe,pure,1,6,1.0012095207227638,0.9999999999627157,0.05006228869997681,0.0009124354627292421,0.9798426310278007
6.0,10155,matched_local_probe,pure,1,7,1.0007894866742497,0.9999999999860762,0.050040674220915904,0.000913597926293625,0.9798426310278007
6.0,10155,matched_local_probe,pure,2,0,0.9986837730901524,0.9999997725332693,0.05010758791421325,0.0009170964620930645,0.8818744016191022
6.0,10155,matched_local_probe,pure,2,1,0.9999514928772272,0.9999995586076211,0.05022548186329736,0.0009132662550325342,0.8818744016191022
6.0,10155,matched_local_probe,pure,2,2,1.0082290655915174,0.9999999997157203,0.05042514200222373,0.0008937352821219086,0.8818744016191022
6.0,10155,matched_local_probe,pure,2,3,0.9773681018833722,0.9999990706885548,0.04921185454881443,0.000974182599769866,0.8818744016191022
6.0,10155,matched_local_probe,pure,2,4,0.9990505734116423,0.9999999235331704,0.050057549045123224,0.0009168249153997625,0.8818744016191022
6.0,10155,matched_local_probe,pure,2,5,0.9989761176499296,0.9999992909570309,0.05024411629984851,0.000914992243666615,0.8818744016191022
6.0,10155,matched_local_probe,pure,2,6,0.972821037441184,0.999995141075854,0.04943759839246892,0.0009820859098677805,0.8818744016191022
6.0,10155,matched_local_probe,pure,2,7,0.990816906583199,0.9999979363374525,0.050081027710969714,0.0009334986729010101,0.8818744016191022
6.0,10155,matched_local_probe,mixture,3,0,0.9140258204594361,0.999176438082003,0.05084188596273394,0.0010925543275776878,0.4606564868534838
6.0,10155,matched_local_probe,mixture,3,1,0.8714262863633161,0.9974490531699259,0.051732270254869185,0.0011874393002574437,0.4606564868534838
6.0,10155,matched_local_probe,mixture,3,2,1.0069868948569791,0.9997863542026469,0.05207521331523397,0.0008905331915133169,0.4606564868534838
6.0,10155,matched_local_probe,mixture,3,3,0.7838305234507292,0.9985326510629863,0.046963872018778684,0.0014881641870798296,0.4606564868534838
6.0,10155,matched_local_probe,mixture,3,4,0.9465470970179235,0.9997719143252355,0.05034566721142435,0.0010209168793347866,0.4606564868534838
6.0,10155,matched_local_probe,mixture,3,5,0.8514253441546781,0.9971831098645944,0.05177042248565831,0.001236622148447246,0.4606564868534838
6.0,10155,matched_local_probe,mixture,3,6,0.662949846415389,0.9944883217542828,0.04936302078359901,0.001877255127487068,0.4606564868534838
6.0,10155,matched_local_probe,mixture,3,7,0.7861663766959421,0.9970149360190723,0.05122054067763345,0.0014026163913505405,0.4606564868534838
6.0,10179,seed_relaxation,pure,0,-1,0.9938033788514035,0.9999999999943875,0.0018437550218257978,3.461822569195729e-05,0.9939067274219406
6.0,10179,seed_relaxation,pure,1,-1,0.9846418313139205,0.9999999997851188,0.00545668199890516,0.00010629741640675709,0.9848032512423387
6.0,10179,seed_relaxation,pure,2,-1,0.98464183131392,0.9999999997851188,0.00545668199890516,0.00010629741640675709,0.9848032512423388
6.0,10179,seed_relaxation,mixture,3,-1,0.9169446179547749,0.9999994488132901,0.08379508296003405,0.0021740115393024916,0.7523008481173323
6.0,10179,matched_local_probe,pure,0,0,0.9991645032149411,0.9999999999822516,0.049959549161991364,0.0009180625135964225,0.9939067274219406
6.0,10179,matched_local_probe,pure,0,1,0.9999642652469435,0.9999999999996569,0.04999845382627054,0.000915876919691377,0.9939067274219406
6.0,10179,matched_local_probe,pure,0,2,0.9992826102065787,0.9999999999926478,0.049964651842273125,0.000917747191077262,0.9939067274219406
6.0,10179,matched_local_probe,pure,0,3,1.0004108352822254,0.9999999999997706,0.05002039362365863,0.0009146558522824229,0.9939067274219406
6.0,10179,matched_local_probe,pure,0,4,1.0001554043937944,0.9999999999999998,0.050007700051125925,0.0009153560885333091,0.9939067274219406
6.0,10179,matched_local_probe,pure,0,5,1.000211017698941,0.9999999999999811,0.050010506197225656,0.0009152030941120647,0.9939067274219406
6.0,10179,matched_local_probe,pure,0,6,0.9997859338957801,0.999999999997956,0.049989791938790086,0.0009163633018277335,0.9939067274219406
6.0,10179,matched_local_probe,pure,0,7,0.9995790116668393,0.9999999999969789,0.049979497022474416,0.0009169305212995135,0.9939067274219406
6.0,10179,matched_local_probe,pure,1,0,0.9985953469917008,0.9999999998521453,0.049935597232723075,0.0009195652286762027,0.9848032512423387
6.0,10179,matched_local_probe,pure,1,1,1.0007149716913037,0.9999999999979683,0.05003618070938597,0.0009138130080442096,0.9848032512423387
6.0,10179,matched_local_probe,pure,1,2,1.0008383142240598,0.999999999964472,0.050043661401279714,0.0009134561392296648,0.9848032512423387
6.0,10179,matched_local_probe,pure,1,3,1.0006517639530512,0.9999999999993109,0.05003297084494092,0.0009139883015536963,0.9848032512423387
6.0,10179,matched_local_probe,pure,1,4,1.0011148849020306,0.9999999999748914,0.05005817252498997,0.0009126888039606967,0.9848032512423387
6.0,10179,matched_local_probe,pure,1,5,1.0002618510456418,0.9999999999845502,0.05001497464586803,0.0009150351350889537,0.9848032512423387
6.0,10179,matched_local_probe,pure,1,6,1.0020778678540172,0.9999999999928262,0.05010474895885322,0.0009100765837628567,0.9848032512423387
6.0,10179,matched_local_probe,pure,1,7,0.9972600115228962,0.9999999983083755,0.049884365851547166,0.0009230594811663043,0.9848032512423387
6.0,10179,matched_local_probe,pure,2,0,0.9999538433000094,0.9999999997229928,0.050006237521019535,0.0009157955802229834,0.9848032512423388
6.0,10179,matched_local_probe,pure,2,1,1.0009877271840533,0.999999999996089,0.05005036542280079,0.0009130582608606787,0.9848032512423388
6.0,10179,matched_local_probe,pure,2,2,1.0005091419184433,0.9999999999752779,0.050027391518748195,0.0009143570960744299,0.9848032512423388
6.0,10179,matched_local_probe,pure,2,3,1.0024039848148463,0.9999999999976358,0.05011904018731693,0.0009092129555167035,0.9848032512423388
6.0,10179,matched_local_probe,pure,2,4,1.0003143617577945,0.9999999997814962,0.050022840455514576,0.0009148176911705587,0.9848032512423388
6.0,10179,matched_local_probe,pure,2,5,0.9994348788741374,0.9999999993586947,0.04998155408915184,0.00091720405027612,0.9848032512423388
6.0,10179,matched_local_probe,pure,2,6,1.0012158837667506,0.9999999999840415,0.05006175574483244,0.0009124326651804309,0.9848032512423388
6.0,10179,matched_local_probe,pure,2,7,1.0002287850702152,0.9999999999900201,0.05001223551630418,0.0009151486253854803,0.9848032512423388
6.0,10179,matched_local_probe,mixture,3,0,0.9464006749204569,0.9999496347634141,0.049407625853461784,0.001037875043612812,0.7523008481173323
6.0,10179,matched_local_probe,mixture,3,1,1.014897337709939,0.9999998350035021,0.050923695819200886,0.0008732053800461004,0.7523008481173323
6.0,10179,matched_local_probe,mixture,3,2,1.0002748473067011,0.9999958900683357,0.05078369941143466,0.000904249259123411,0.7523008481173323
6.0,10179,matched_local_probe,mixture,3,3,1.0300186870061803,0.9999997469205735,0.05173964731109232,0.0008336256133118485,0.7523008481173323
6.0,10179,matched_local_probe,mixture,3,4,0.9979723605430206,0.9999914254392867,0.05092331718258944,0.000906112145294373,0.7523008481173323
6.0,10179,matched_local_probe,mixture,3,5,0.9568327629437442,0.9999419982429713,0.05024729553120066,0.001002779393176864,0.7523008481173323
6.0,10179,matched_local_probe,mixture,3,6,1.0269044228628084,0.9999982984009749,0.05180299566635325,0.0008382546292020482,0.7523008481173323
6.0,10179,matched_local_probe,mixture,3,7,0.9284126898605788,0.9999506522922559,0.04918573189309688,0.0010914588528163208,0.7523008481173323
10.0,10009,seed_relaxation,pure,0,-1,0.9999585135962256,1.0,9.045088448277415e-06,1.656940683208687e-07,0.9999589388459004
10.0,10009,seed_relaxation,pure,1,-1,0.9999907611451636,1.0,1.8357895921041228e-06,3.3624902348585815e-08,0.9999906866242921
10.0,10009,seed_relaxation,pure,2,-1,0.9999907611451636,1.0,1.8357895921041228e-06,3.3624902348585815e-08,0.9999906866242911
10.0,10009,seed_relaxation,mixture,3,-1,0.9036315780228696,0.9999995098895729,0.04233362220624651,0.0011531529719972314,0.7499416117170284
10.0,10009,matched_local_probe,pure,0,0,1.000001383160485,1.0,0.050000064376212634,0.0009157782078796262,0.9999589388459004
10.0,10009,matched_local_probe,pure,0,1,1.0000016726751058,1.0,0.050000081500051495,0.0009157773773833421,0.9999589388459004
10.0,10009,matched_local_probe,pure,0,2,1.0000024379959818,1.0,0.05000012247858795,0.0009157752391328389,0.9999589388459004
10.0,10009,matched_local_probe,pure,0,3,1.0000015872182226,1.0,0.05000008029485021,0.0009157775719474984,0.9999589388459004
10.0,10009,matched_local_probe,pure,0,4,0.999996309425008,1.0,0.049999819156578466,0.0009157920355809708,0.9999589388459004
10.0,10009,matched_local_probe,pure,0,5,0.9999995847693954,1.0,0.04999997937045624,0.0009157830836575093,0.9999589388459004
10.0,10009,matched_local_probe,pure,0,6,0.9999897231541718,0.9999999999999998,0.04999951027606569,0.0009158098617180236,0.9999589388459004
10.0,10009,matched_local_probe,pure,0,7,1.0000022597539948,1.0,0.0500001089749232,0.0009157757891139008,0.9999589388459004
10.0,10009,matched_local_probe,pure,1,0,1.000000167463735,1.0,0.05000000789807622,0.00091578149101978,0.9999906866242921
10.0,10009,matched_local_probe,pure,1,1,1.0000005636564304,1.0,0.05000002843099221,0.0009157803928556566,0.9999906866242921
10.0,10009,matched_local_probe,pure,1,2,1.0000006990806816,1.0,0.050000034832327435,0.000915780025575406,0.9999906866242921
10.0,10009,matched_local_probe,pure,1,3,1.00000013433774,1.0,0.05000000526409717,0.0009157815951240898,0.9999906866242921
10.0,10009,matched_local_probe,pure,1,4,0.9999998015249273,1.0,0.049999989870199685,0.0009157824926148911,0.9999906866242921
10.0,10009,matched_local_probe,pure,1,5,1.000000396040611,1.0,0.05000001987424886,0.0009157808556053416,0.9999906866242921
10.0,10009,matched_local_probe,pure,1,6,0.9999975018656249,1.0,0.049999880929011566,0.0009157887309434895,0.9999906866242921
10.0,10009,matched_local_probe,pure,1,7,1.0000005696157477,1.0,0.05000002879542762,0.0009157803756756846,0.9999906866242921
10.0,10009,matched_local_probe,pure,2,0,0.9999972614902656,1.0,0.04999987308489812,0.0009157893348763838,0.9999906866242911
10.0,10009,matched_local_probe,pure,2,1,1.0000005483040013,1.0,0.050000029307468816,0.0009157804141789775,0.9999906866242911
10.0,10009,matched_local_probe,pure,2,2,1.000000298859686,1.0,0.05000001497746193,0.0009157811230691775,0.9999906866242911
10.0,10009,matched_local_probe,pure,2,3,1.0000005819152396,1.0,0.05000002941515447,0.0009157803417348455,0.9999906866242911
10.0,10009,matched_local_probe,pure,2,4,0.9999992488295686,1.0,0.04999996277035621,0.0009157840042337261,0.9999906866242911
10.0,10009,matched_local_probe,pure,2,5,0.9999995140827641,1.0,0.049999975885924204,0.0009157832774047426,0.9999906866242911
10.0,10009,matched_local_probe,pure,2,6,0.9999987254898987,1.0,0.04999993904790342,0.0009157854096204274,0.9999906866242911
10.0,10009,matched_local_probe,pure,2,7,1.0000000058719054,1.0,0.04999999954579328,0.0009157819382148097,0.9999906866242911
10.0,10009,matched_local_probe,mixture,3,0,0.8723637769378944,0.9999090591728598,0.04700940767554219,0.0012637029659143318,0.7499416117170284
10.0,10009,matched_local_probe,mixture,3,1,0.997507234917922,0.9999874699203849,0.051079588759314426,0.0009068545611774239,0.7499416117170284
10.0,10009,matched_local_probe,mixture,3,2,1.001694316087891,0.9999988793501078,0.05042011651264773,0.0009060341960902711,0.7499416117170284
10.0,10009,matched_local_probe,mixture,3,3,0.9778586797018944,0.999970280078377,0.050494138075182035,0.0009532800894738132,0.7499416117170284
10.0,10009,matched_local_probe,mixture,3,4,0.9712870138863848,0.9999732348528309,0.050262138726536294,0.0009730149177132618,0.7499416117170284
10.0,10009,matched_local_probe,mixture,3,5,0.9767440500134418,0.9999838700489511,0.05019888637271765,0.0009610204760891934,0.7499416117170284
10.0,10009,matched_local_probe,mixture,3,6,0.9512724515409685,0.9999846506010577,0.04900412052605953,0.0010359279398769545,0.7499416117170284
10.0,10009,matched_local_probe,mixture,3,7,0.9766780208011987,0.9999842997840253,0.05022495523827709,0.0009626400607367268,0.7499416117170284
10.0,10011,seed_relaxation,pure,0,-1,0.9999907611451636,1.0,1.8357895921041228e-06,3.362490234858582e-08,0.9999906866242916
10.0,10011,seed_relaxation,pure,1,-1,0.9999585135962256,1.0,9.045088448277415e-06,1.6569406832086866e-07,0.9999589388458993
10.0,10011,seed_relaxation,pure,2,-1,0.9999907611451638,1.0,1.8357895921041228e-06,3.362490234858582e-08,0.9999906866242915
10.0,10011,seed_relaxation,mixture,3,-1,0.9036315780228708,0.9999995098895729,0.04233362220624651,0.0011531529719972665,0.7499416117170286
10.0,10011,matched_local_probe,pure,0,0,1.0000006678403648,1.0,0.050000033717105145,0.0009157801056066766,0.9999906866242916
10.0,10011,matched_local_probe,pure,0,1,1.0000005537282473,1.0,0.050000027153857075,0.0009157804302967716,0.9999906866242916
10.0,10011,matched_local_probe,pure,0,2,0.9999996294928751,1.0,0.04999998079510678,0.0009157829717122937,0.9999906866242916
10.0,10011,matched_local_probe,pure,0,3,1.0000007068725487,1.0,0.05000003568318783,0.00091577999817833,0.9999906866242916
10.0,10011,matched_local_probe,pure,0,4,0.9999998747782252,1.0,0.04999999327377622,0.0009157822948069014,0.9999906866242916
10.0,10011,matched_local_probe,pure,0,5,1.0000007706549172,1.0,0.05000004061149002,0.0009157798006005146,0.9999906866242916
10.0,10011,matched_local_probe,pure,0,6,1.0000009932892986,1.0,0.050000052062927305,0.0009157791849824472,0.9999906866242916
10.0,10011,matched_local_probe,pure,0,7,1.0000006789703066,1.0,0.05000003408615714,0.0009157800775552703,0.9999906866242916
10.0,10011,matched_local_probe,pure,1,0,1.0000020928786197,1.0,0.05000010422188203,0.0009157762003404549,0.9999589388458993
10.0,10011,matched_local_probe,pure,1,1,1.0000034770649864,1.0,0.050000170350023306,0.0009157724380427347,0.9999589388458993
10.0,10011,matched_local_probe,pure,1,2,1.0000026764742702,0.9999999999999999,0.050000119449296075,0.0009157747827067569,0.9999589388458993
10.0,10011,matched_local_probe,pure,1,3,1.000003417508098,1.0,0.05000017148179233,0.0009157725478923785,0.9999589388458993
10.0,10011,matched_local_probe,pure,1,4,1.0000027435647991,1.0,0.050000129019440384,0.0009157745150107576,0.9999589388458993
10.0,10011,matched_local_probe,pure,1,5,1.0000052009071663,0.9999999999999999,0.05000027351048702,0.000915767482931012,0.9999589388458993
10.0,10011,matched_local_probe,pure,1,6,1.0000022722038944,1.0,0.050000118515325,0.0009157756388776292,0.9999589388458993
10.0,10011,matched_local_probe,pure,1,7,1.0000024278701822,1.0,0.05000011824633487,0.0009157753158562216,0.9999589388458993
10.0,10011,matched_local_probe,pure,2,0,1.0000012205018372,1.0,0.050000059690061105,0.0009157786090882359,0.9999906866242915
10.0,10011,matched_local_probe,pure,2,1,1.0000013500194245,1.0,0.050000067564155246,0.0009157782349465643,0.9999906866242915
10.0,10011,matched_local_probe,pure,2,2,1.000000474885906,1.0,0.05000002178893047,0.0009157806659228174,0.9999906866242915
10.0,10011,matched_local_probe,pure,2,3,1.0000009929438765,1.0,0.050000048980769124,0.0009157792254777632,0.9999906866242915
10.0,10011,matched_local_probe,pure,2,4,1.0000005076518712,1.0,0.05000002433849768,0.0009157805637016718,0.9999906866242915
10.0,10011,matched_local_probe,pure,2,5,1.0000007601602776,1.0,0.0500000397066012,0.0009157798343411738,0.9999906866242915
10.0,10011,matched_local_probe,pure,2,6,1.0000003265684596,1.0,0.05000001687620977,0.0009157810403406585,0.9999906866242915
10.0,10011,matched_local_probe,pure,2,7,1.0000003894564204,1.0,0.050000018586592816,0.0009157808863045623,0.9999906866242915
10.0,10011,matched_local_probe,mixture,3,0,1.0299902056709411,0.9999998812615895,0.05160174622618342,0.0008351995347708696,0.7499416117170286
10.0,10011,matched_local_probe,mixture,3,1,1.0209372676302597,0.9999998821299835,0.051193704988354606,0.0008578349435263664,0.7499416117170286
10.0,10011,matched_local_probe,mixture,3,2,0.969163143285969,0.9999937244826236,0.04935088943665899,0.0009900591629176374,0.7499416117170286
10.0,10011,matched_local_probe,mixture,3,3,1.0097668291384456,0.9999972588870548,0.05096996731293018,0.0008821987946828837,0.7499416117170286
10.0,10011,matched_local_probe,mixture,3,4,0.9765462835438434,0.9999932173072882,0.04961897017757406,0.0009694536785936428,0.7499416117170286
10.0,10011,matched_local_probe,mixture,3,5,0.99650988004112,0.999999180088589,0.05017234879211936,0.0009201344045756455,0.7499416117170286
10.0,10011,matched_local_probe,mixture,3,6,0.9940573909132624,0.9999794481930826,0.051000377984573096,0.0009121852514077687,0.7499416117170286
10.0,10011,matched_local_probe,mixture,3,7,0.9862277257603141,0.9999785494120805,0.05059960164521389,0.0009338720074491356,0.7499416117170286
10.0,10026,seed_relaxation,pure,0,-1,0.9999585135962258,1.0,9.045088448277415e-06,1.656940683208687e-07,0.9999589388459004
10.0,10026,seed_relaxation,pure,1,-1,0.9999907611451636,1.0,1.8357895921041228e-06,3.362490234858582e-08,0.9999906866242927
10.0,10026,seed_relaxation,pure,2,-1,0.9999907611451636,1.0,1.8357895921041228e-06,3.3624902348585815e-08,0.9999906866242912
10.0,10026,seed_relaxation,mixture,3,-1,0.8749959685496803,0.9999985392512355,0.02678277627077747,0.0008246935102117926,0.8621994999229278
10.0,10026,matched_local_probe,pure,0,0,1.0000007342748132,1.0,0.050000035639747004,0.0009157799413372134,0.9999589388459004
10.0,10026,matched_local_probe,pure,0,1,0.9999946445766752,1.0,0.049999721643081016,0.0009157967942864826,0.9999589388459004
10.0,10026,matched_local_probe,pure,0,2,0.9999908432518901,0.9999999999999998,0.04999956560523434,0.0009158067913456512,0.9999589388459004
10.0,10026,matched_local_probe,pure,0,3,1.000000395667348,1.0,0.05000001988267661,0.0009157808563463793,0.9999589388459004
10.0,10026,matched_local_probe,pure,0,4,0.9999980579176639,1.0,0.049999903197543945,0.0009157872771134145,0.9999589388459004
10.0,10026,matched_local_probe,pure,0,5,1.0000012622027714,1.0,0.05000006463767231,0.0009157784571640205,0.9999589388459004
10.0,10026,matched_local_probe,pure,0,6,0.9999932052515916,0.9999999999999999,0.04999967705570081,0.0009158003902062271,0.9999589388459004
10.0,10026,matched_local_probe,pure,0,7,1.0000021257958756,1.0,0.050000104976077216,0.0009157761215877163,0.9999589388459004
10.0,10026,matched_local_probe,pure,1,0,0.9999985722346149,1.0,0.049999923902429834,0.0009157859274341035,0.9999906866242927
10.0,10026,matched_local_probe,pure,1,1,0.9999990855817232,1.0,0.049999955663807785,0.0009157844385442609,0.9999906866242927
10.0,10026,matched_local_probe,pure,1,2,0.9999990132770473,1.0,0.04999994870644478,0.0009157846805847771,0.9999906866242927
10.0,10026,matched_local_probe,pure,1,3,1.0000000438605945,1.0,0.05000000216483792,0.0009157818244474668,0.9999906866242927
10.0,10026,matched_local_probe,pure,1,4,0.9999993392434143,1.0,0.049999966832137754,0.0009157837618047291,0.9999906866242927
10.0,10026,matched_local_probe,pure,1,5,1.0000008828255245,1.0,0.05000004507946451,0.0009157795071313672,0.9999906866242927
10.0,10026,matched_local_probe,pure,1,6,0.9999993587694265,1.0,0.04999996571925413,0.0009157837347392783,0.9999906866242927
10.0,10026,matched_local_probe,pure,1,7,1.0000004328565337,1.0,0.05000002168437092,0.0009157807548698597,0.9999906866242927
10.0,10026,matched_local_probe,pure,2,0,1.0000001980014377,1.0,0.05000001001537477,0.0009157813991289943,0.9999906866242912
10.0,10026,matched_local_probe,pure,2,1,0.999999762069269,1.0,0.04999998922557284,0.0009157825834613932,0.9999906866242912
10.0,10026,matched_local_probe,pure,2,2,0.9999975280362049,1.0,0.049999869354718174,0.0009157888263603529,0.9999906866242912
10.0,10026,matched_local_probe,pure,2,3,1.0000001845715045,1.0,0.05000000759922155,0.0009157814594015727,0.9999906866242912
10.0,10026,matched_local_probe,pure,2,4,1.0000002467946856,1.0,0.05000001232005222,0.0009157812669737136,0.9999906866242912
10.0,10026,matched_local_probe,pure,2,5,1.000000382246096,1.0,0.05000001904587817,0.0009157808953163535,0.9999906866242912
10.0,10026,matched_local_probe,pure,2,6,0.9999975390377268,1.0,0.04999986983837286,0.0009157887969866287,0.9999906866242912
10.0,10026,matched_local_probe,pure,2,7,1.0000004741335273,1.0,0.05000002328653599,0.0009157806475847503,0.9999906866242912
10.0,10026,matched_local_probe,mixture,3,0,0.9960154314899365,0.9999988740607595,0.050179026732686975,0.0009213774119697657,0.8621994999229278
10.0,10026,matched_local_probe,mixture,3,1,0.9689414248307172,0.9999951571682729,0.049217830622831575,0.0009925790418898745,0.8621994999229278
10.0,10026,matched_local_probe,mixture,3,2,0.9476731286346063,0.9999906245828851,0.04852093115966708,0.0010523442905271125,0.8621994999229278
10.0,10026,matched_local_probe,mixture,3,3,1.0009489486443166,0.999999997595825,0.05006930068708189,0.0009128488093808436,0.8621994999229278
10.0,10026,matched_local_probe,mixture,3,4,0.9766181279087646,0.999992628452516,0.04980192999043347,0.0009683283467191781,0.8621994999229278
10.0,10026,matched_local_probe,mixture,3,5,0.999530888607294,0.9999994273661216,0.050229300399620404,0.0009134714824072194,0.8621994999229278
10.0,10026,matched_local_probe,mixture,3,6,0.9593847156853109,0.9999927739379949,0.048922360504894354,0.0010192652726775356,0.8621994999229278
10.0,10026,matched_local_probe,mixture,3,7,1.0051757968328128,0.9999999162609634,0.05037601912847167,0.0009000614704067846,0.8621994999229278
10.0,10028,seed_relaxation,pure,0,-1,0.9889164270908625,0.9999999999397896,0.0031565041732473016,6.0441206864082314e-05,0.9889039490607422
10.0,10028,seed_relaxation,pure,1,-1,0.9999317169810825,1.0,1.1075140385452391e-05,2.0290368465653293e-07,0.99993198216938
10.0,10028,seed_relaxation,pure,2,-1,0.9889164270908659,0.9999999999397896,0.0031565041732473016,6.044120686408232e-05,0.9889039490607403
10.0,10028,seed_relaxation,mixture,3,-1,0.9592772483715764,0.9999999881581193,0.03278813937865254,0.000707945305875371,0.8752906827457576
10.0,10028,matched_local_probe,pure,0,0,1.0004949968879622,0.9999999999989061,0.05002517270326879,0.0009144171181125076,0.9889039490607422
10.0,10028,matched_local_probe,pure,0,1,1.0010011553213907,0.9999999999919974,0.0500508494410387,0.0009130232896854873,0.9889039490607422
10.0,10028,matched_local_probe,pure,0,2,1.0005716885087,0.9999999999934034,0.050029746776037866,0.000914195655806663,0.9889039490607422
10.0,10028,matched_local_probe,pure,0,3,0.9998215379602289,0.9999999999662237,0.04999384328726377,0.0009162327302750415,0.9889039490607422
10.0,10028,matched_local_probe,pure,0,4,0.9997021667497363,0.9999999999949958,0.0499859116140186,0.0009165896651365922,0.9889039490607422
10.0,10028,matched_local_probe,pure,0,5,1.0007609041413013,0.9999999999749265,0.05004177518303293,0.0009136486493800584,0.9889039490607422
10.0,10028,matched_local_probe,pure,0,6,0.9999434659137925,0.9999999998800584,0.05000305438946491,0.0009158632243745681,0.9889039490607422
10.0,10028,matched_local_probe,pure,0,7,0.9997168916102565,0.9999999999870545,0.0499874951935643,0.0009165374996358213,0.9889039490607422
10.0,10028,matched_local_probe,pure,1,0,0.9999993394873252,1.0,0.049999975564077544,0.000915783650266192,0.99993198216938
10.0,10028,matched_local_probe,pure,1,1,1.0000019617299183,1.0,0.0500001015127087,0.0009157765108341831,0.99993198216938
10.0,10028,matched_local_probe,pure,1,2,0.9999987657138982,1.0,0.04999993505157392,0.0009157853788850961,0.99993198216938
10.0,10028,matched_local_probe,pure,1,3,1.0000016792872661,1.0,0.05000007992926811,0.0009157773842010395,0.99993198216938
10.0,10028,matched_local_probe,pure,1,4,0.9999987497997566,1.0,0.0499999379918793,0.0009157853731235466,0.99993198216938
10.0,10028,matched_local_probe,pure,1,5,1.000002234951643,1.0,0.050000118016672486,0.0009157757238848878,0.99993198216938
10.0,10028,matched_local_probe,pure,1,6,1.0000011960676907,1.0,0.050000058730639396,0.0009157786726288373,0.99993198216938
10.0,10028,matched_local_probe,pure,1,7,1.0000004807101421,1.0,0.050000030271081644,0.0009157805440652805,0.99993198216938
10.0,10028,matched_local_probe,pure,2,0,0.999516759533557,0.9999999999218098,0.04997994320361236,0.0009170572095648301,0.9889039490607403
10.0,10028,matched_local_probe,pure,2,1,0.9998271596671119,0.9999999999790025,0.049993243848009315,0.000916230579535783,0.9889039490607403
10.0,10028,matched_local_probe,pure,2,2,1.0008226278508943,0.9999999998975571,0.050048139655046446,0.0009134347177678978,0.9889039490607403
10.0,10028,matched_local_probe,pure,2,3,0.9998549134751383,0.9999999999943545,0.04999368332138493,0.0009161663845502081,0.9889039490607403
10.0,10028,matched_local_probe,pure,2,4,0.9977666176176535,0.9999999996806287,0.04989876030132406,0.0009217928519248188,0.9889039490607403
10.0,10028,matched_local_probe,pure,2,5,1.0012669982982632,0.9999999999866406,0.050066508545028685,0.0009122678078883482,0.9889039490607403
10.0,10028,matched_local_probe,pure,2,6,0.9985753124007981,0.9999999997260657,0.04993482368408078,0.0009196285863609357,0.9889039490607403
10.0,10028,matched_local_probe,pure,2,7,1.0001527230829945,0.9999999999548825,0.050010160782655355,0.0009153269177634509,0.9889039490607403
10.0,10028,matched_local_probe,mixture,3,0,0.9953199742268085,0.9999993827668281,0.05006775709572272,0.0009246191772036575,0.8752906827457576
10.0,10028,matched_local_probe,mixture,3,1,1.0031498714778313,0.9999997796308236,0.050359809746633635,0.0009044383742662836,0.8752906827457576
10.0,10028,matched_local_probe,mixture,3,2,1.0053184658179393,0.9999993040893305,0.050547446677727655,0.0008972033826226653,0.8752906827457576
10.0,10028,matched_local_probe,mixture,3,3,0.9953111543536665,0.9999998642639945,0.04991845379781221,0.0009265363715216485,0.8752906827457576
10.0,10028,matched_local_probe,mixture,3,4,0.9726883292598028,0.9999980668994983,0.04913464700227848,0.0009859770462046786,0.8752906827457576
10.0,10028,matched_local_probe,mixture,3,5,1.0123814193033314,0.9999998410689198,0.05075807178902295,0.000880647876711939,0.8752906827457576
10.0,10028,matched_local_probe,mixture,3,6,0.9803521451642557,0.9999979312776093,0.04963957259963883,0.000962965072559741,0.8752906827457576
10.0,10028,matched_local_probe,mixture,3,7,0.9955168986330281,0.9999996969243818,0.05001880163724254,0.0009249935125870435,0.8752906827457576
10.0,10032,seed_relaxation,pure,0,-1,0.999696885567059,1.0,6.681689692631818e-05,1.2252789593788644e-06,0.9996981593487011
10.0,10032,seed_relaxation,pure,1,-1,0.9999451163236208,1.0,1.011119081994401e-05,1.8523358169359244e-07,0.9999454683850666
10.0,10032,seed_relaxation,pure,2,-1,0.999696885567059,1.0,6.681689692631818e-05,1.2252789593788644e-06,0.9996981593487021
10.0,10032,seed_relaxation,mixture,3,-1,0.9910251345646665,0.9999999999680943,0.005154225031179633,9.786306647557068e-05,0.9761200121796393
10.0,10032,matched_local_probe,pure,0,0,0.9999719720243957,0.9999999999999997,0.049998557346441895,0.0009158594916378914,0.9996981593487011
10.0,10032,matched_local_probe,pure,0,1,1.0000337329792826,0.9999999999999898,0.0500015300763158,0.0009156913581670066,0.9996981593487011
10.0,10032,matched_local_probe,pure,0,2,1.0000145629749968,0.9999999999999997,0.050000753832239814,0.0009157416040866511,0.9996981593487011
10.0,10032,matched_local_probe,pure,0,3,0.9999985014641974,1.0,0.049999925474897636,0.0009157860571079695,0.9996981593487011
10.0,10032,matched_local_probe,pure,0,4,0.9999917466131374,1.0,0.049999582059898295,0.0009158046875900708,0.9996981593487011
10.0,10032,matched_local_probe,pure,0,5,1.0000009233593325,1.0,0.05000004564927434,0.0009157794146664025,0.9996981593487011
10.0,10032,matched_local_probe,pure,0,6,0.9999993725174697,1.0,0.049999963467075345,0.0009157837373915,0.9996981593487011
10.0,10032,matched_local_probe,pure,0,7,1.0000175956673432,1.0,0.050000881207375406,0.0009157335862137824,0.9996981593487011
10.0,10032,matched_local_probe,pure,1,0,1.0000018663566408,1.0,0.05000009833739263,0.0009157767523997781,0.9999454683850666
10.0,10032,matched_local_probe,pure,1,1,1.000000283269501,1.0,0.050000014752119765,0.0009157811587740453,0.9999454683850666
10.0,10032,matched_local_probe,pure,1,2,1.0000012773299682,1.0,0.05000006183537633,0.0009157784621165282,0.9999454683850666
10.0,10032,matched_local_probe,pure,1,3,1.0000029335434149,1.0,0.05000015006986805,0.0009157738414198261,0.9999454683850666
10.0,10032,matched_local_probe,pure,1,4,1.0000015748608047,1.0,0.05000007207359795,0.0009157777062498202,0.9999454683850666
10.0,10032,matched_local_probe,pure,1,5,1.000003275296305,1.0,0.05000016400165299,0.0009157729433240901,0.9999454683850666
10.0,10032,matched_local_probe,pure,1,6,1.0000019454900397,1.0,0.05000010716641021,0.0009157764730992146,0.9999454683850666
10.0,10032,matched_local_probe,pure,1,7,1.0000013643577217,1.0,0.05000006358443335,0.0009157782573819696,0.9999454683850666
10.0,10032,matched_local_probe,pure,2,0,1.0000057809712861,1.0,0.05000029764360858,0.0009157659524141776,0.9996981593487021
10.0,10032,matched_local_probe,pure,2,1,1.0000006131408226,1.0,0.050000031889084674,0.0009157802469688545,0.9996981593487021
10.0,10032,matched_local_probe,pure,2,2,1.000015214420522,0.9999999999999999,0.05000074626436497,0.0009157403351538981,0.9996981593487021
10.0,10032,matched_local_probe,pure,2,3,1.000010668403316,1.0,0.050000529716102166,0.0009157526838561134,0.9996981593487021
10.0,10032,matched_local_probe,pure,2,4,1.0000070787415622,0.9999999999999989,0.05000029719992525,0.0009157632501093059,0.9996981593487021
10.0,10032,matched_local_probe,pure,2,5,1.0000141021196514,0.9999999999999999,0.05000072025805126,0.0009157430056391098,0.9996981593487021
10.0,10032,matched_local_probe,pure,2,6,1.0000080010723615,0.9999999999999999,0.05000041325048209,0.0009157597916037828,0.9996981593487021
10.0,10032,matched_local_probe,pure,2,7,0.9999689260004905,0.9999999999999966,0.049998526983052,0.0009158662529130768,0.9996981593487021
10.0,10032,matched_local_probe,mixture,3,0,0.9985161857298308,0.9999999979982519,0.0499461805172091,0.0009195994412918325,0.9761200121796393
10.0,10032,matched_local_probe,mixture,3,1,1.0017321210819614,0.999999999196552,0.050107182853102415,0.0009107820492183851,0.9761200121796393
10.0,10032,matched_local_probe,mixture,3,2,1.0015168701335915,0.9999999998323705,0.05008099035333341,0.0009115493108641896,0.9761200121796393
10.0,10032,matched_local_probe,mixture,3,3,1.0004588620237664,0.9999999999381874,0.05002664257707344,0.0009144752368244027,0.9761200121796393
10.0,10032,matched_local_probe,mixture,3,4,0.9997420743174875,0.9999999989323215,0.0500041805657186,0.000916256570128991,0.9761200121796393
10.0,10032,matched_local_probe,mixture,3,5,1.0007968625020296,0.9999999999836835,0.05004100138711976,0.0009135774280028915,0.9761200121796393
10.0,10032,matched_local_probe,mixture,3,6,1.0003094904750842,0.9999999998222684,0.0500209183854007,0.0009148568326011465,0.9761200121796393
10.0,10032,matched_local_probe,mixture,3,7,0.9989853718535743,0.9999999988805608,0.04996085964436405,0.0009184202707370522,0.9761200121796393
10.0,10042,seed_relaxation,pure,0,-1,0.9167841180221435,0.9999997708260445,0.023184717018872765,0.0005966801097222673,0.9130165898108078
10.0,10042,seed_relaxation,pure,1,-1,0.9970338709574079,0.9999999999996915,0.000551837357189935,1.0227971948986468e-05,0.9970298805662968
10.0,10042,seed_relaxation,pure,2,-1,0.9167841180221441,0.9999997708260445,0.02318471701887276,0.0005966801097222032,0.9130165898108074
10.0,10042,seed_relaxation,mixture,3,-1,0.9945262981063996,0.99999999999638,0.004463221321330171,8.35587455823714e-05,0.9835259332564462
10.0,10042,matched_local_probe,pure,0,0,0.9747272288696589,0.9999985758310882,0.04919721462047018,0.000981104164970561,0.9130165898108078
10.0,10042,matched_local_probe,pure,0,1,1.0017732510192177,0.9999999900378914,0.050131893920407025,0.0009103313452311026,0.9130165898108078
10.0,10042,matched_local_probe,pure,0,2,0.9945805965793549,0.9999995278113744,0.049991271826161615,0.0009274555681296987,0.9130165898108078
10.0,10042,matched_local_probe,pure,0,3,1.0005012437156433,0.9999999987330009,0.05003858351019338,0.0009142841228532133,0.9130165898108078
10.0,10042,matched_local_probe,pure,0,4,0.9987436106828971,0.9999999546010911,0.05001363293782167,0.0009182945509028958,0.9130165898108078
10.0,10042,matched_local_probe,pure,0,5,0.9891896282564955,0.9999998488223926,0.04960593224143969,0.0009435779899359591,0.9130165898108078
10.0,10042,matched_local_probe,pure,0,6,0.9967800838692152,0.9999985610711569,0.05025241157479377,0.0009189180319850269,0.9130165898108078
10.0,10042,matched_local_probe,pure,0,7,1.0064869797106963,0.9999999993713815,0.050313756329166286,0.0008985832531979299,0.9130165898108078
10.0,10042,matched_local_probe,pure,1,0,0.999997874839539,0.9999999999999536,0.04999987670527459,0.0009157878832678151,0.9970298805662968
10.0,10042,matched_local_probe,pure,1,1,0.9999290382093391,0.9999999999994337,0.04999696312442131,0.0009159702998128032,0.9970298805662968
10.0,10042,matched_local_probe,pure,1,2,1.0001013535867371,0.9999999999999982,0.05000492715592646,0.0009155052457516548,0.9970298805662968
10.0,10042,matched_local_probe,pure,1,3,1.0002255967707177,0.9999999999999973,0.05001122776680488,0.0009151629551901478,0.9970298805662968
10.0,10042,matched_local_probe,pure,1,4,1.0001556651026224,0.9999999999996221,0.05000826696759054,0.0009153479082281636,0.9970298805662968
10.0,10042,matched_local_probe,pure,1,5,1.0000566650008884,0.9999999999988829,0.05000393802861247,0.0009156123854727123,0.9970298805662968
10.0,10042,matched_local_probe,pure,1,6,0.999970626236485,0.999999999999934,0.04999869065928451,0.0009158604400043185,0.9970298805662968
10.0,10042,matched_local_probe,pure,1,7,1.0000917042937798,0.9999999999999781,0.05000434765265726,0.0009155335506872949,0.9970298805662968
10.0,10042,matched_local_probe,pure,2,0,0.9966190122530725,0.9999999184214986,0.049938370416514034,0.0009236338612285363,0.9130165898108074
10.0,10042,matched_local_probe,pure,2,1,1.0044721771564467,0.9999999770523071,0.05028430418582168,0.0009026996110414052,0.9130165898108074
10.0,10042,matched_local_probe,pure,2,2,1.0022812547047983,0.9999999829447428,0.050168028204256455,0.0009089569965405841,0.9130165898108074
10.0,10042,matched_local_probe,pure,2,3,0.9913585926887414,0.9999998141356635,0.04972999036672329,0.0009373092497928794,0.9130165898108074
10.0,10042,matched_local_probe,pure,2,4,1.0029268719069464,0.9999999942526094,0.050176582967437156,0.0009074220423089112,0.9130165898108074
10.0,10042,matched_local_probe,pure,2,5,1.0023808352973103,0.999999663665492,0.05035638232029554,0.0009062955620862687,0.9130165898108074
10.0,10042,matched_local_probe,pure,2,6,0.9946930606937102,0.9999999518096818,0.049814467438767586,0.0009292120006652667,0.9130165898108074
10.0,10042,matched_local_probe,pure,2,7,0.9894543640800553,0.9999974048688077,0.05004978206049471,0.0009377514186954428,0.9130165898108074
10.0,10042,matched_local_probe,mixture,3,0,0.997603447886923,0.9999999996335932,0.049891632307233175,0.0009222369069679469,0.9835259332564462
10.0,10042,matched_local_probe,mixture,3,1,1.001003460002569,0.9999999999808807,0.050052536204469394,0.0009129961448760925,0.9835259332564462
10.0,10042,matched_local_probe,mixture,3,2,1.0001923654566005,0.999999999917969,0.050013304796677156,0.0009152093896149082,0.9835259332564462
10.0,10042,matched_local_probe,mixture,3,3,0.9993062772486709,0.9999999999625584,0.04996745963457278,0.0009176582409478674,0.9835259332564462
10.0,10042,matched_local_probe,mixture,3,4,1.00041850553748,0.9999999999849899,0.050023035758324265,0.0009146075457955971,0.9835259332564462
10.0,10042,matched_local_probe,mixture,3,5,0.9996046155575737,0.9999999998261107,0.049983614866409266,0.0009168170187729371,0.9835259332564462
10.0,10042,matched_local_probe,mixture,3,6,0.9999662719733615,0.9999999993900156,0.05001310475773389,0.0009156773810176017,0.9835259332564462
10.0,10042,matched_local_probe,mixture,3,7,1.0005390250259383,0.9999999995253954,0.05003809669736358,0.0009141732309874644,0.9835259332564462
10.0,10053,seed_relaxation,pure,0,-1,0.9999412297897178,1.0,1.2786326188983699e-05,2.342447941341046e-07,0.9999412282470808
10.0,10053,seed_relaxation,pure,1,-1,0.9999412297897178,1.0,1.2786326188983699e-05,2.342447941341046e-07,0.9999412282470808
10.0,10053,seed_relaxation,pure,2,-1,0.9999986175227812,0.9999999999999999,3.7028727122686524e-07,6.782086193459782e-09,0.9999982612238539
10.0,10053,seed_relaxation,mixture,3,-1,0.9311864781162812,0.9999998961825081,0.03786048381159435,0.0009176570987856578,0.8144584680253382
10.0,10053,matched_local_probe,pure,0,0,0.9999975950474554,1.0,0.04999987734259859,0.0009157885833416684,0.9999412282470808
10.0,10053,matched_local_probe,pure,0,1,1.0000023459182936,0.9999999999999999,0.05000009960282111,0.0009157757343863247,0.9999412282470808
10.0,10053,matched_local_probe,pure,0,2,1.0000022112500622,1.0,0.05000011730775154,0.000915775782712631,0.9999412282470808
10.0,10053,matched_local_probe,pure,0,3,1.0000032263505865,1.0,0.05000017009928332,0.0009157729678304487,0.9999412282470808
10.0,10053,matched_local_probe,pure,0,4,0.9999878919473815,0.9999999999999998,0.049999369806661045,0.0009158155295547565,0.9999412282470808
10.0,10053,matched_local_probe,pure,0,5,1.0000058819091528,1.0,0.05000029922845271,0.0009157657201129752,0.9999412282470808
10.0,10053,matched_local_probe,pure,0,6,1.0000017421763234,1.0,0.050000090019679075,0.0009157771206944294,0.9999412282470808
10.0,10053,matched_local_probe,pure,0,7,1.0000058615274292,0.9999999999999999,0.05000028152055944,0.0009157659938665114,0.9999412282470808
10.0,10053,matched_local_probe,pure,1,0,0.9999976073357437,1.0,0.04999988290807956,0.0009157884850039992,0.9999412282470808
10.0,10053,matched_local_probe,pure,1,1,1.000002438700412,0.9999999999999999,0.05000014184118519,0.0009157749898922626,0.9999412282470808
10.0,10053,matched_local_probe,pure,1,2,1.0000021795387046,1.0,0.05000010286262128,0.0009157760373408703,0.9999412282470808
10.0,10053,matched_local_probe,pure,1,3,1.0000031850265105,1.0,0.05000015127979784,0.0009157732995679448,0.9999412282470808
10.0,10053,matched_local_probe,pure,1,4,0.999988011739791,0.9999999999999998,0.049999424163875636,0.0009158145700479258,0.9999412282470808
10.0,10053,matched_local_probe,pure,1,5,1.0000058589191887,1.0,0.05000028877526218,0.0009157659045115552,0.9999412282470808
10.0,10053,matched_local_probe,pure,1,6,1.0000017285255316,1.0,0.050000083802238075,0.0009157772303048063,0.9999412282470808
10.0,10053,matched_local_probe,pure,1,7,1.0000059214402228,0.9999999999999999,0.05000030879891163,0.0009157655129906596,0.9999412282470808
10.0,10053,matched_local_probe,pure,2,0,0.9999999039483826,1.0,0.04999999453530337,0.0009157822170103074,0.9999982612238539
10.0,10053,matched_local_probe,pure,2,1,0.9999999297485102,1.0,0.0499999966014761,0.0009157821361429476,0.9999982612238539
10.0,10053,matched_local_probe,pure,2,2,1.0000001603328026,1.0,0.05000000803493094,0.0009157815038736592,0.9999982612238539
10.0,10053,matched_local_probe,pure,2,3,1.0000001688672293,1.0,0.05000000836792416,0.0009157814816571722,0.9999982612238539
10.0,10053,matched_local_probe,pure,2,4,0.9999995178318528,1.0,0.04999997575834302,0.0009157832708318445,0.9999982612238539
10.0,10053,matched_local_probe,pure,2,5,1.0000001554865876,1.0,0.05000000750266516,0.0009157815209785118,0.9999982612238539
10.0,10053,matched_local_probe,pure,2,6,1.0000001302453132,1.0,0.050000006354155246,0.0009157815888773233,0.9999982612238539
10.0,10053,matched_local_probe,pure,2,7,1.0000001846068836,1.0,0.05000000896194407,0.0009157814409437986,0.9999982612238539
10.0,10053,matched_local_probe,mixture,3,0,0.9829220502977761,0.9999980670281025,0.04969202142832684,0.0009562482957671284,0.8144584680253382
10.0,10053,matched_local_probe,mixture,3,1,0.9895877431334559,0.9999930224715827,0.0505958037695526,0.0009302109017730748,0.8144584680253382
10.0,10053,matched_local_probe,mixture,3,2,0.9938490531923431,0.9999946992185685,0.0504039396773327,0.0009220317587473897,0.8144584680253382
10.0,10053,matched_local_probe,mixture,3,3,0.9996115336093391,0.9999967499997017,0.05053650032552025,0.0009084880928829375,0.8144584680253382
10.0,10053,matched_local_probe,mixture,3,4,0.9267171010432841,0.999969281366669,0.048302590327005755,0.0011034768698632476,0.8144584680253382
10.0,10053,matched_local_probe,mixture,3,5,1.0114708864628947,0.9999989019946555,0.05093353683782897,0.0008799626635275201,0.8144584680253382
10.0,10053,matched_local_probe,mixture,3,6,0.9976757536261058,0.9999982129586957,0.050311728623238364,0.0009158134423259681,0.8144584680253382
10.0,10053,matched_local_probe,mixture,3,7,1.0085308955985177,0.9999971061142001,0.050945770071971666,0.0008848973707415362,0.8144584680253382
10.0,10069,seed_relaxation,pure,0,-1,0.9999907611451636,1.0,1.8357895921041228e-06,3.3624902348585815e-08,0.9999906866242927
10.0,10069,seed_relaxation,pure,1,-1,0.9999907611451636,1.0,1.8357895921041228e-06,3.3624902348585815e-08,0.9999906866242924
10.0,10069,seed_relaxation,pure,2,-1,0.9999585135962256,1.0,9.045088448277415e-06,1.656940683208687e-07,0.9999589388459008
10.0,10069,seed_relaxation,mixture,3,-1,0.8749959685496789,0.9999985392512355,0.026782776270777468,0.0008246935102117927,0.8621994999229282
10.0,10069,matched_local_probe,pure,0,0,1.0000000461082443,1.0,0.05000000237541654,0.0009157818170125974,0.9999906866242927
10.0,10069,matched_local_probe,pure,0,1,1.0000006497045946,1.0,0.05000003234937143,0.0009157801614266966,0.9999906866242927
10.0,10069,matched_local_probe,pure,0,2,1.0000005511408967,1.0,0.05000002873007875,0.0009157804153137908,0.9999906866242927
10.0,10069,matched_local_probe,pure,0,3,1.0000001419079998,1.0,0.05000000625415975,0.000915781565881327,0.9999906866242927
10.0,10069,matched_local_probe,pure,0,4,0.9999997270100494,1.0,0.04999998867783552,0.0009157826645415384,0.9999906866242927
10.0,10069,matched_local_probe,pure,0,5,1.00000035901941,1.0,0.05000001603152463,0.0009157809836696288,0.9999906866242927
10.0,10069,matched_local_probe,pure,0,6,1.0000005849761946,1.0,0.050000030636185085,0.0009157803200157867,0.9999906866242927
10.0,10069,matched_local_probe,pure,0,7,1.0000007891613083,1.0,0.0500000433586061,0.0009157797267504552,0.9999906866242927
10.0,10069,matched_local_probe,pure,1,0,1.0000009442217639,1.0,0.05000004823218716,0.0009157793373643218,0.9999906866242924
10.0,10069,matched_local_probe,pure,1,1,1.000001194466325,1.0,0.05000006029543271,0.0009157786556281136,0.9999906866242924
10.0,10069,matched_local_probe,pure,1,2,1.000000322749784,1.0,0.050000017023335834,0.0009157810464878248,0.9999906866242924
10.0,10069,matched_local_probe,pure,1,3,1.000000027292471,1.0,0.050000001115269796,0.0009157818729142656,0.9999906866242924
10.0,10069,matched_local_probe,pure,1,4,0.9999994396137988,1.0,0.04999997245600456,0.0009157834779387607,0.9999906866242924
10.0,10069,matched_local_probe,pure,1,5,1.0000008104845006,1.0,0.05000003942250994,0.0009157797327765365,0.9999906866242924
10.0,10069,matched_local_probe,pure,1,6,1.0000005078281284,1.0,0.05000002787328594,0.0009157805176532223,0.9999906866242924
10.0,10069,matched_local_probe,pure,1,7,0.999999907731412,1.0,0.049999995304246994,0.0009157821991684025,0.9999906866242924
10.0,10069,matched_local_probe,pure,2,0,1.0000002215652344,1.0,0.05000001058004315,0.0009157813424898725,0.9999589388459008
10.0,10069,matched_local_probe,pure,2,1,1.0000037537612319,1.0,0.050000188029507196,0.0009157716275877126,0.9999589388459008
10.0,10069,matched_local_probe,pure,2,2,1.0000017056876553,1.0,0.05000007964106202,0.0009157773331415814,0.9999589388459008
10.0,10069,matched_local_probe,pure,2,3,1.0000001423173825,1.0,0.050000007633692,0.0009157815469000301,0.9999589388459008
10.0,10069,matched_local_probe,pure,2,4,0.9999964634364332,1.0,0.04999981747399578,0.0009157917342826823,0.9999589388459008
10.0,10069,matched_local_probe,pure,2,5,1.000004917138014,0.9999999999999999,0.050000260333615945,0.0009157682498312879,0.9999589388459008
10.0,10069,matched_local_probe,pure,2,6,1.0000027458612581,0.9999999999999999,0.05000012393917085,0.000915774578407463,0.9999589388459008
10.0,10069,matched_local_probe,pure,2,7,1.000000512636361,1.0,0.05000002560261131,0.0009157805367295873,0.9999589388459008
10.0,10069,matched_local_probe,mixture,3,0,0.9925657314719302,0.999998504235333,0.050074463635206845,0.0009295092728739579,0.8621994999229282
10.0,10069,matched_local_probe,mixture,3,1,1.0113137830537822,0.9999999797498152,0.0506359559656029,0.0008842763282492973,0.8621994999229282
10.0,10069,matched_local_probe,mixture,3,2,0.9958497176692429,0.9999970786847374,0.05038779077634281,0.0009193685925431564,0.8621994999229282
10.0,10069,matched_local_probe,mixture,3,3,0.9989550416036538,0.9999999315425254,0.050032604154033086,0.000917492290583374,0.8621994999229282
10.0,10069,matched_local_probe,mixture,3,4,0.9737544562864985,0.9999944952825554,0.04950635614355541,0.0009775706181928204,0.8621994999229282
10.0,10069,matched_local_probe,mixture,3,5,1.0126731000784963,0.9999995760370282,0.050807363587661525,0.0008797440159421324,0.8621994999229282
10.0,10069,matched_local_probe,mixture,3,6,0.9968013373654361,0.999995453881602,0.050615109879499694,0.0009141621048887525,0.8621994999229282
10.0,10069,matched_local_probe,mixture,3,7,1.0009071489642862,0.9999999823284437,0.05008788502309163,0.000912779812245704,0.8621994999229282
10.0,10070,seed_relaxation,pure,0,-1,0.9996968855670588,1.0,6.681689692631818e-05,1.2252789593788644e-06,0.9996981593487023
10.0,10070,seed_relaxation,pure,1,-1,0.9996968855670587,1.0,6.681689692631818e-05,1.2252789593788644e-06,0.9996981593487022
10.0,10070,seed_relaxation,pure,2,-1,0.9999451163236208,1.0,1.011119081994401e-05,1.8523358169359247e-07,0.9999454683850658
10.0,10070,seed_relaxation,mixture,3,-1,0.9910251345646615,0.9999999999680943,0.005154225031179633,9.786306647557068e-05,0.976120012179641
10.0,10070,matched_local_probe,pure,0,0,1.0000278944558423,0.9999999999999996,0.05000142885158837,0.0009157048711218795,0.9996981593487023
10.0,10070,matched_local_probe,pure,0,1,1.000028177451094,0.9999999999999997,0.050001379880172975,0.0009157049164870079,0.9996981593487023
10.0,10070,matched_local_probe,pure,0,2,0.9999627422326862,0.9999999999999994,0.04999809628462874,0.0009158848329799776,0.9996981593487023
10.0,10070,matched_local_probe,pure,0,3,1.0000318012682088,0.9999999999999989,0.05000153808457747,0.0009156952648111944,0.9996981593487023
10.0,10070,matched_local_probe,pure,0,4,0.9999883773958033,0.9999999999999999,0.0499994241078296,0.0009158138107196179,0.9996981593487023
10.0,10070,matched_local_probe,pure,0,5,0.9999997679126065,0.9999999999999997,0.04999995272155161,0.0009157830568158548,0.9996981593487023
10.0,10070,matched_local_probe,pure,0,6,1.0000135868012028,1.0,0.05000067112049952,0.0009157447251563088,0.9996981593487023
10.0,10070,matched_local_probe,pure,0,7,0.9999744820037971,0.9999999999999999,0.04999869639764981,0.0009158524130592997,0.9996981593487023
10.0,10070,matched_local_probe,pure,1,0,1.0000065030169858,0.9999999999999999,0.050000307837645225,0.0009157643051968166,0.9996981593487022
10.0,10070,matched_local_probe,pure,1,1,1.0000181540721387,1.0,0.05000089747902118,0.0009157322050925488,0.9996981593487022
10.0,10070,matched_local_probe,pure,1,2,1.0000093983231413,0.9999999999999998,0.050000439129747554,0.0009157565404801163,0.9996981593487022
10.0,10070,matched_local_probe,pure,1,3,1.0000061297502265,1.0,0.05000030619106922,0.000915765107477225,0.9996981593487022
10.0,10070,matched_local_probe,pure,1,4,0.9999978469733569,1.0,0.049999876775263144,0.000915788064510459,0.9996981593487022
10.0,10070,matched_local_probe,pure,1,5,1.0000028906131162,1.0,0.05000014072912239,0.0009157740532074887,0.9996981593487022
10.0,10070,matched_local_probe,pure,1,6,1.000007374235615,1.0,0.050000358866209856,0.0009157618159152607,0.9996981593487022
10.0,10070,matched_local_probe,pure,1,7,1.0000183502875304,0.9999999999999999,0.05000090404745621,0.0009157317078995961,0.9996981593487022
10.0,10070,matched_local_probe,pure,2,0,1.0000052129820116,0.9999999999999999,0.05000027706252193,0.0009157674122518736,0.9999454683850658
10.0,10070,matched_local_probe,pure,2,1,0.9999995744939932,1.0,0.0499999788713023,0.0009157831116627166,0.9999454683850658
10.0,10070,matched_local_probe,pure,2,2,1.0000022507503323,1.0,0.050000110451033246,0.0009157757884249002,0.9999454683850658
10.0,10070,matched_local_probe,pure,2,3,0.9999889829274715,0.9999999999999997,0.04999942030819066,0.000915812582931716,0.9999454683850658
10.0,10070,matched_local_probe,pure,2,4,0.999997847791363,1.0,0.04999989521979943,0.0009157878202960631,0.9999454683850658
10.0,10070,matched_local_probe,pure,2,5,1.0000018650553464,1.0,0.050000094570087375,0.0009157768035837659,0.9999454683850658
10.0,10070,matched_local_probe,pure,2,6,0.9999992275733824,1.0,0.04999996155155951,0.0009157840647468822,0.9999454683850658
10.0,10070,matched_local_probe,pure,2,7,1.0000000073184687,1.0,0.04999999849690232,0.0009157819492088825,0.9999454683850658
10.0,10070,matched_local_probe,mixture,3,0,1.0018288097004513,0.9999999999447501,0.05009402181865427,0.000910731926181347,0.976120012179641
10.0,10070,matched_local_probe,mixture,3,1,1.0024543531355221,0.9999999999226623,0.05012846160961157,0.0009089900436434177,0.976120012179641
10.0,10070,matched_local_probe,mixture,3,2,0.9981878659010783,0.9999999975280981,0.04993398047582381,0.0009204393547581348,0.976120012179641
10.0,10070,matched_local_probe,mixture,3,3,1.0019332660245244,0.9999999999159083,0.050103117090534985,0.0009103992504148454,0.976120012179641
10.0,10070,matched_local_probe,mixture,3,4,0.9988396156277342,0.9999999968417067,0.049966333629695686,0.00091862688515043,0.976120012179641
10.0,10070,matched_local_probe,mixture,3,5,0.9999846994076703,0.9999999993334632,0.05001299431015166,0.000915646974613986,0.976120012179641
10.0,10070,matched_local_probe,mixture,3,6,1.0010916311495761,0.9999999999642218,0.05005803911082678,0.0009127431358375272,0.976120012179641
10.0,10070,matched_local_probe,mixture,3,7,0.9993390181219711,0.9999999982396496,0.04998600879534564,0.00091733066467481,0.976120012179641
10.0,10079,seed_relaxation,pure,0,-1,0.9999907611451636,1.0,1.8357895921041228e-06,3.3624902348585815e-08,0.9999906866242918
10.0,10079,seed_relaxation,pure,1,-1,0.9999585135962258,1.0,9.045088448277415e-06,1.656940683208687e-07,0.9999589388459007
10.0,10079,seed_relaxation,pure,2,-1,0.9999907611451636,1.0,1.8357895921041228e-06,3.3624902348585815e-08,0.9999906866242919
10.0,10079,seed_relaxation,mixture,3,-1,0.9036315780228705,0.9999995098895729,0.04233362220624651,0.0011531529719972663,0.7499416117170291
10.0,10079,matched_local_probe,pure,0,0,0.9999985242171661,1.0,0.049999929745072946,0.000915785952372262,0.9999906866242918
10.0,10079,matched_local_probe,pure,0,1,1.000000015766197,1.0,0.050000002441624364,0.0009157818799469685,0.9999906866242918
10.0,10079,matched_local_probe,pure,0,2,0.9999989703984453,1.0,0.04999995298456556,0.0009157847144321606,0.9999906866242918
10.0,10079,matched_local_probe,pure,0,3,1.0000004608090567,1.0,0.0500000224312635,0.0009157806866269386,0.9999906866242918
10.0,10079,matched_local_probe,pure,0,4,0.9999999275647866,1.0,0.04999999672358517,0.0009157821390775246,0.9999906866242918
10.0,10079,matched_local_probe,pure,0,5,1.0000000329064906,1.0,0.05000000266192484,0.000915781840804686,0.9999906866242918
10.0,10079,matched_local_probe,pure,0,6,0.9999992894607163,1.0,0.0499999630413282,0.0009157839152568946,0.9999906866242918
10.0,10079,matched_local_probe,pure,0,7,0.9999996987746477,1.0,0.04999998416141484,0.000915782782180657,0.9999906866242918
10.0,10079,matched_local_probe,pure,1,0,1.0000009590594716,1.0,0.050000047541454665,0.0009157793150551072,0.9999589388459007
10.0,10079,matched_local_probe,pure,1,1,1.0000040168909046,1.0,0.05000021064453508,0.0009157707828762889,0.9999589388459007
10.0,10079,matched_local_probe,pure,1,2,0.9999909984476532,0.9999999999999997,0.04999957779373421,0.0009158063053898101,0.9999589388459007
10.0,10079,matched_local_probe,pure,1,3,1.000004486670937,1.0,0.050000220228935924,0.000915769672375278,0.9999589388459007
10.0,10079,matched_local_probe,pure,1,4,0.9999973712456692,1.0,0.04999987083384494,0.0009157891368931827,0.9999589388459007
10.0,10079,matched_local_probe,pure,1,5,0.9999957455293648,1.0,0.049999795865884544,0.000915793519862877,0.9999589388459007
10.0,10079,matched_local_probe,pure,1,6,0.9999991689824466,1.0,0.04999995658882216,0.0009157842525774547,0.9999589388459007
10.0,10079,matched_local_probe,pure,1,7,1.000002354452482,1.0,0.05000012051297952,0.0009157754400708127,0.9999589388459007
10.0,10079,matched_local_probe,pure,2,0,0.9999999492979235,1.0,0.049999997297899605,0.0009157820860230298,0.9999906866242919
10.0,10079,matched_local_probe,pure,2,1,1.0000006979039158,1.0,0.050000036203194397,0.0009157800103534961,0.9999906866242919
10.0,10079,matched_local_probe,pure,2,2,0.9999961088331717,0.9999999999999999,0.04999981871614565,0.0009157924584549032,0.9999906866242919
10.0,10079,matched_local_probe,pure,2,3,1.0000010960108396,1.0,0.050000054658965315,0.0009157789354344914,0.9999906866242919
10.0,10079,matched_local_probe,pure,2,4,1.0000000393877237,1.0,0.05000000121501799,0.0009157818463556241,0.9999906866242919
10.0,10079,matched_local_probe,pure,2,5,0.9999994172449586,1.0,0.04999997178128842,0.00091578353349267,0.9999906866242919
10.0,10079,matched_local_probe,pure,2,6,0.9999995895656839,1.0,0.049999979572537885,0.000915783071017796,0.9999906866242919
10.0,10079,matched_local_probe,pure,2,7,1.000000801165537,1.0,0.050000040466362757,0.0009157797382544289,0.9999906866242919
10.0,10079,matched_local_probe,mixture,3,0,0.9339127876690757,0.9999864296246854,0.04808069191316396,0.0010906103779349684,0.7499416117170291
10.0,10079,matched_local_probe,mixture,3,1,0.9637767293588435,0.9999737722748867,0.04975982925633642,0.0009948753851434682,0.7499416117170291
10.0,10079,matched_local_probe,mixture,3,2,0.8880343934583429,0.9999195805039285,0.047525086700255945,0.0012124245487326823,0.7499416117170291
10.0,10079,matched_local_probe,mixture,3,3,0.9968110895511102,0.9999956359181679,0.05046652890749344,0.0009149019538409763,0.7499416117170291
10.0,10079,matched_local_probe,mixture,3,4,1.0079878651880856,0.9999974223984809,0.05083440468163243,0.000887876485281862,0.7499416117170291
10.0,10079,matched_local_probe,mixture,3,5,1.0065872010767338,0.9999982972790343,0.050763139791775755,0.0008914911069836234,0.7499416117170291
10.0,10079,matched_local_probe,mixture,3,6,0.939286548259671,0.999948901703931,0.04912195638331187,0.0010597321363170157,0.7499416117170291
10.0,10079,matched_local_probe,mixture,3,7,0.975187619591376,0.9999865511055076,0.04990544812944259,0.000968445559098971,0.7499416117170291
10.0,10092,seed_relaxation,pure,0,-1,0.9999907611451636,1.0,1.8357895921041228e-06,3.362490234858582e-08,0.999990686624292
10.0,10092,seed_relaxation,pure,1,-1,0.9999585135962256,1.0,9.045088448277416e-06,1.656940683208687e-07,0.9999589388458996
10.0,10092,seed_relaxation,pure,2,-1,0.9999907611451636,1.0,1.8357895921041228e-06,3.362490234858582e-08,0.9999906866242906
10.0,10092,seed_relaxation,mixture,3,-1,0.9036315780228708,0.9999995098895729,0.04233362220624651,0.0011531529719973719,0.7499416117170282
10.0,10092,matched_local_probe,pure,0,0,1.0000005963199992,1.0,0.05000003070600688,0.0009157802949946699,0.999990686624292
10.0,10092,matched_local_probe,pure,0,1,1.000000359360506,1.0,0.05000001873634598,0.0009157809473781357,0.999990686624292
10.0,10092,matched_local_probe,pure,0,2,0.9999998323723005,1.0,0.04999999223486573,0.0009157823971990435,0.999990686624292
10.0,10092,matched_local_probe,pure,0,3,1.0000002501936074,1.0,0.050000012106249325,0.000915781262508375,0.999990686624292
10.0,10092,matched_local_probe,pure,0,4,0.9999995963647992,1.0,0.04999998034733816,0.0009157830465769172,0.999990686624292
10.0,10092,matched_local_probe,pure,0,5,0.9999989154078823,1.0,0.04999994436168076,0.0009157849426363166,0.999990686624292
10.0,10092,matched_local_probe,pure,0,6,0.9999994215596271,1.0,0.04999997029847219,0.0009157835438376849,0.999990686624292
10.0,10092,matched_local_probe,pure,0,7,0.9999991550930551,1.0,0.049999954713870906,0.0009157843048571303,0.999990686624292
10.0,10092,matched_local_probe,pure,1,0,1.0000026671564068,1.0,0.050000143214610326,0.0009157744905447594,0.9999589388458996
10.0,10092,matched_local_probe,pure,1,1,0.9999999438024111,1.0,0.049999997331447436,0.0009157820971464872,0.9999589388458996
10.0,10092,matched_local_probe,pure,1,2,0.9999991151963723,1.0,0.049999955738054214,0.0009157843758716194,0.9999589388458996
10.0,10092,matched_local_probe,pure,1,3,0.9999998531223763,1.0,0.04999999242012727,0.0009157823512024066,0.9999589388458996
10.0,10092,matched_local_probe,pure,1,4,0.9999954696459943,1.0,0.04999977872664295,0.0009157943223896479,0.9999589388458996
10.0,10092,matched_local_probe,pure,1,5,0.9999981992130381,1.0,0.049999911649801096,0.0009157868712615659,0.9999589388458996
10.0,10092,matched_local_probe,pure,1,6,0.9999975885057505,1.0,0.04999987707185065,0.0009157886003106568,0.9999589388458996
10.0,10092,matched_local_probe,pure,1,7,0.9999911619418932,0.9999999999999998,0.04999953454197172,0.0009158065285309164,0.9999589388458996
10.0,10092,matched_local_probe,pure,2,0,1.0000005895515873,1.0,0.05000003039005719,0.0009157803132963,0.9999906866242906
10.0,10092,matched_local_probe,pure,2,1,1.0000004196155514,1.0,0.050000020712423446,0.0009157807953165618,0.9999906866242906
10.0,10092,matched_local_probe,pure,2,2,0.9999999986583724,1.0,0.05000000039508613,0.0009157819422820405,0.9999906866242906
10.0,10092,matched_local_probe,pure,2,3,1.00000032834103,1.0,0.0500000163020751,0.0009157810440287202,0.9999906866242906
10.0,10092,matched_local_probe,pure,2,4,0.9999991888328136,1.0,0.0499999603147276,0.0009157841617232457,0.9999906866242906
10.0,10092,matched_local_probe,pure,2,5,0.9999996163292564,1.0,0.04999998103088012,0.0009157829960976301,0.9999906866242906
10.0,10092,matched_local_probe,pure,2,6,1.0000006013901894,1.0,0.050000031151590574,0.0009157802784594382,0.9999906866242906
10.0,10092,matched_local_probe,pure,2,7,0.9999988552455455,1.0,0.04999993951351405,0.0009157851313286723,0.9999906866242906
10.0,10092,matched_local_probe,mixture,3,0,1.0053465199650886,0.9999990529634769,0.05060770086807382,0.0008962836928182051,0.7499416117170282
10.0,10092,matched_local_probe,mixture,3,1,1.009194185395353,0.999996285363647,0.05101342879387741,0.0008826106871980063,0.7499416117170282
10.0,10092,matched_local_probe,mixture,3,2,0.986375856467015,0.9999935763910337,0.05027212238664948,0.0009403363163172274,0.7499416117170282
10.0,10092,matched_local_probe,mixture,3,3,1.0080888640440349,0.9999986374663522,0.05075522481946808,0.0008886325618412044,0.7499416117170282
10.0,10092,matched_local_probe,mixture,3,4,0.9776457989941341,0.999982495734142,0.050119199264245566,0.0009601240131059182,0.7499416117170282
10.0,10092,matched_local_probe,mixture,3,5,0.930167894010036,0.9999340924619754,0.04899399012043935,0.0010825060064062221,0.7499416117170282
10.0,10092,matched_local_probe,mixture,3,6,0.9999468212048617,0.9999910909620126,0.050924917620505154,0.000902559367297735,0.7499416117170282
10.0,10092,matched_local_probe,mixture,3,7,1.008350105190892,0.9999999118291859,0.050537585558421534,0.0008914207279820836,0.7499416117170282
10.0,10094,seed_relaxation,pure,0,-1,0.9999986175227812,0.9999999999999999,3.7028727122686524e-07,6.782086193459782e-09,0.9999985924193099
10.0,10094,seed_relaxation,pure,1,-1,0.9999986175227812,0.9999999999999999,3.7028727122686524e-07,6.782086193459782e-09,0.9999985924193099
10.0,10094,seed_relaxation,pure,2,-1,0.9999986175227812,0.9999999999999999,3.7028727122686524e-07,6.782086193459782e-09,0.9999985924193099
10.0,10094,seed_relaxation,mixture,3,-1,0.9963522729606193,0.999999999999294,0.00705697220691225,0.0001311543730797471,0.9689392880443671
10.0,10094,matched_local_probe,pure,0,0,1.000000048300268,1.0,0.050000002632021465,0.0009157818090981743,0.9999985924193099
10.0,10094,matched_local_probe,pure,0,1,1.0000000485712592,1.0,0.05000000226824462,0.0009157818132723007,0.9999985924193099
10.0,10094,matched_local_probe,pure,0,2,1.0000001626190742,1.0,0.05000000815587988,0.0009157814975140078,0.9999985924193099
10.0,10094,matched_local_probe,pure,0,3,0.9999999590976153,1.0,0.04999999795186381,0.0009157820569953814,0.9999985924193099
10.0,10094,matched_local_probe,pure,0,4,1.0000000217320408,1.0,0.05000000117928261,0.0009157818836950996,0.9999985924193099
10.0,10094,matched_local_probe,pure,0,5,1.0000000902885742,1.0,0.050000004556762415,0.0009157816960073182,0.9999985924193099
10.0,10094,matched_local_probe,pure,0,6,1.0000001004009869,1.0,0.0500000047800359,0.0009157816719091172,0.9999985924193099
10.0,10094,matched_local_probe,pure,0,7,1.0000000581123671,1.0,0.05000000252254563,0.0009157817899988962,0.9999985924193099
10.0,10094,matched_local_probe,pure,1,0,1.000000047449643,1.0,0.05000000224467788,0.0009157818159245299,0.9999985924193099
10.0,10094,matched_local_probe,pure,1,1,1.0000000496610773,1.0,0.050000002763989845,0.0009157818045298327,0.9999985924193099
10.0,10094,matched_local_probe,pure,1,2,1.000000162274523,1.0,0.050000007999187794,0.0009157815002778009,0.9999985924193099
10.0,10094,matched_local_probe,pure,1,3,0.9999999583883596,1.0,0.0499999976293744,0.0009157820626844476,0.9999985924193099
10.0,10094,matched_local_probe,pure,1,4,1.0000000214482927,1.0,0.050000001049371516,0.0009157818859777944,0.9999985924193099
10.0,10094,matched_local_probe,pure,1,5,1.0000000904003956,1.0,0.050000004607741615,0.000915781695108417,0.9999985924193099
10.0,10094,matched_local_probe,pure,1,6,1.0000001014920707,1.0,0.050000005276537654,0.0009157816631544482,0.9999985924193099
10.0,10094,matched_local_probe,pure,1,7,1.0000000597939833,1.0,0.050000003288349866,0.0009157817765012753,0.9999985924193099
10.0,10094,matched_local_probe,pure,2,0,1.0000000479487978,1.0,0.05000000247242369,0.0009157818119161239,0.9999985924193099
10.0,10094,matched_local_probe,pure,2,1,1.0000000486471432,1.0,0.050000002302641317,0.0009157818126658542,0.9999985924193099
10.0,10094,matched_local_probe,pure,2,2,1.0000001620782708,1.0,0.05000000790981921,0.0009157815018538786,0.9999985924193099
10.0,10094,matched_local_probe,pure,2,3,0.9999999602419773,1.0,0.04999999847257295,0.0009157820478146512,0.9999985924193099
10.0,10094,matched_local_probe,pure,2,4,1.0000000214704832,1.0,0.05000000106034601,0.0009157818857933318,0.9999985924193099
10.0,10094,matched_local_probe,pure,2,5,1.0000000897011705,1.0,0.05000000428958656,0.000915781700719722,0.9999985924193099
10.0,10094,matched_local_probe,pure,2,6,1.0000001012120752,1.0,0.0500000051495069,0.0009157816653968139,0.9999985924193099
10.0,10094,matched_local_probe,pure,2,7,1.0000000596166327,1.0,0.05000000320737571,0.0009157817779268746,0.9999985924193099
10.0,10094,matched_local_probe,mixture,3,0,0.9991421285281743,0.9999999942147076,0.04999093437614732,0.0009176581699142724,0.9689392880443671
10.0,10094,matched_local_probe,mixture,3,1,1.0021972805167716,0.9999999984147638,0.05012908286864244,0.0009095057518564354,0.9689392880443671
10.0,10094,matched_local_probe,mixture,3,2,1.0029161531155961,0.9999999996762065,0.05015309416030284,0.0009076975739714205,0.9689392880443671
10.0,10094,matched_local_probe,mixture,3,3,0.9988582814044753,0.9999999914694178,0.0499826958188508,0.0009183495303018757,0.9689392880443671
10.0,10094,matched_local_probe,mixture,3,4,0.9988239950901576,0.9999999922725863,0.04998029978108061,0.0009184662948443285,0.9689392880443671
10.0,10094,matched_local_probe,mixture,3,5,1.0018471424829545,0.9999999993091769,0.05010436417038299,0.0009105503696286485,0.9689392880443671
10.0,10094,matched_local_probe,mixture,3,6,1.0010946135065946,0.9999999966110543,0.050081301148832476,0.0009124012204337629,0.9689392880443671
10.0,10094,matched_local_probe,mixture,3,7,1.0015115057800785,0.9999999963283839,0.05010093564121041,0.000911279926017371,0.9689392880443671
10.0,10097,seed_relaxation,pure,0,-1,0.9999412297897176,1.0,1.2786326188983699e-05,2.342447941341046e-07,0.99994122824708
10.0,10097,seed_relaxation,pure,1,-1,0.9999986175227812,0.9999999999999999,3.7028727122686524e-07,6.782086193459782e-09,0.9999982612238543
10.0,10097,seed_relaxation,pure,2,-1,0.9999412297897176,1.0,1.2786326188983699e-05,2.342447941341046e-07,0.99994122824708
10.0,10097,seed_relaxation,mixture,3,-1,0.9311864781162817,0.9999998961825081,0.037860483811594355,0.0009176570987856578,0.8144584680253386
10.0,10097,matched_local_probe,pure,0,0,0.999998577342675,1.0,0.049999925006389445,0.0009157859043732374,0.99994122824708
10.0,10097,matched_local_probe,pure,0,1,0.9999962548333517,1.0,0.049999810472674454,0.0009157922640115314,0.99994122824708
10.0,10097,matched_local_probe,pure,0,2,0.9999929065166208,0.9999999999999997,0.04999967309691153,0.0009158010639825485,0.99994122824708
10.0,10097,matched_local_probe,pure,0,3,1.0000061131897549,1.0,0.05000029654289767,0.0009157652708121982,0.99994122824708
10.0,10097,matched_local_probe,pure,0,4,1.0000020048992624,1.0,0.050000101807232966,0.0009157764162064855,0.99994122824708
10.0,10097,matched_local_probe,pure,0,5,1.0000029983187848,1.0,0.05000015172996442,0.0009157736842415896,0.99994122824708
10.0,10097,matched_local_probe,pure,0,6,1.0000020712616355,1.0,0.050000109368793955,0.000915776179412018,0.99994122824708
10.0,10097,matched_local_probe,pure,0,7,1.0000051842624682,1.0,0.05000026053694303,0.0009157676853934526,0.99994122824708
10.0,10097,matched_local_probe,pure,1,0,0.9999999556305434,1.0,0.049999997864780966,0.0009157820654269094,0.9999982612238543
10.0,10097,matched_local_probe,pure,1,1,0.9999998873492266,1.0,0.04999999520499375,0.0009157822431514857,0.9999982612238543
10.0,10097,matched_local_probe,pure,1,2,0.9999998465125512,1.0,0.049999991711311975,0.0009157823741363338,0.9999982612238543
10.0,10097,matched_local_probe,pure,1,3,1.000000112708778,1.0,0.05000000561001346,0.0009157816352924415,0.9999982612238543
10.0,10097,matched_local_probe,pure,1,4,1.0000002022315582,1.0,0.05000001038455863,0.0009157813854769226,0.9999982612238543
10.0,10097,matched_local_probe,pure,1,5,1.0000000731518544,1.0,0.050000003576352564,0.0009157817446961261,0.9999982612238543
10.0,10097,matched_local_probe,pure,1,6,1.000000085457599,1.0,0.05000000429685572,0.0009157817095040562,0.9999982612238543
10.0,10097,matched_local_probe,pure,1,7,1.0000001879550107,1.0,0.05000000913622111,0.0009157814316351465,0.9999982612238543
10.0,10097,matched_local_probe,pure,2,0,0.9999985981058791,1.0,0.04999993433636801,0.0009157857389086653,0.99994122824708
10.0,10097,matched_local_probe,pure,2,1,0.999996267787442,1.0,0.04999981623718071,0.0009157921614432442,0.99994122824708
10.0,10097,matched_local_probe,pure,2,2,0.9999927619005186,0.9999999999999997,0.049999607355661016,0.0009158022232086177,0.99994122824708
10.0,10097,matched_local_probe,pure,2,3,1.0000061611497764,1.0,0.0500003183937057,0.0009157648857477066,0.99994122824708
10.0,10097,matched_local_probe,pure,2,4,1.000001997453549,1.0,0.050000098420292384,0.0009157764759492716,0.99994122824708
10.0,10097,matched_local_probe,pure,2,5,1.000002990346152,1.0,0.050000148087005626,0.000915773748366249,0.99994122824708
10.0,10097,matched_local_probe,pure,2,6,1.0000020442498296,1.0,0.05000009703850814,0.0009157763965985125,0.99994122824708
10.0,10097,matched_local_probe,pure,2,7,1.000005178887935,1.0,0.050000258095133816,0.000915767728479199,0.99994122824708
10.0,10097,matched_local_probe,mixture,3,0,0.9719354928037547,0.9999864829397428,0.049962749088532925,0.0009765966697408604,0.8144584680253386
10.0,10097,matched_local_probe,mixture,3,1,0.9570397985016171,0.99997235248359,0.049719687641971475,0.0010101633886973808,0.8144584680253386
10.0,10097,matched_local_probe,mixture,3,2,0.9419451501637711,0.9999727919735186,0.048998789506612773,0.0010580282438420866,0.8144584680253386
10.0,10097,matched_local_probe,mixture,3,3,1.0070841677725917,0.9999950823687577,0.05099687061295348,0.0008874714858683024,0.8144584680253386
10.0,10097,matched_local_probe,mixture,3,4,1.0039054776776952,0.9999998517646627,0.0503347950318702,0.0009031406701562107,0.8144584680253386
10.0,10097,matched_local_probe,mixture,3,5,1.0002574407077789,0.9999973956019863,0.05054808143127984,0.0009077156866240189,0.8144584680253386
10.0,10097,matched_local_probe,mixture,3,6,0.9874471734985754,0.9999904451835487,0.050417513607666394,0.0009349640413596334,0.8144584680253386
10.0,10097,matched_local_probe,mixture,3,7,1.0116180130651813,0.9999994805488597,0.05083255464707721,0.0008812333475651662,0.8144584680253386
10.0,10102,seed_relaxation,pure,0,-1,0.9996968855670588,1.0,6.681689692631818e-05,1.2252789593788644e-06,0.9996981593487025
10.0,10102,seed_relaxation,pure,1,-1,0.9999451163236208,1.0,1.011119081994401e-05,1.8523358169359247e-07,0.9999454683850668
10.0,10102,seed_relaxation,pure,2,-1,0.999696885567059,1.0,6.681689692631818e-05,1.2252789593788644e-06,0.9996981593487024
10.0,10102,seed_relaxation,mixture,3,-1,0.9910251345646596,0.9999999999680943,0.005154225031179633,9.786306647557068e-05,0.9761200121796411
10.0,10102,matched_local_probe,pure,0,0,1.000033495879738,0.9999999999999908,0.05000182960411069,0.0009156879539419437,0.9996981593487025
10.0,10102,matched_local_probe,pure,0,1,1.0000099853952962,0.9999999999999999,0.05000048074708254,0.0009157547541935513,0.9996981593487025
10.0,10102,matched_local_probe,pure,0,2,0.999988876903349,0.9999999999999999,0.04999945327879766,0.0009158123792297497,0.9996981593487025
10.0,10102,matched_local_probe,pure,0,3,1.0000158716343026,0.9999999999999999,0.05000077849159898,0.0009157385391476326,0.9996981593487025
10.0,10102,matched_local_probe,pure,0,4,1.0000229362425141,0.9999999999999977,0.05000122091105673,0.00091571798260513,0.9996981593487025
10.0,10102,matched_local_probe,pure,0,5,0.9999996489406293,1.0,0.04999998449102376,0.0009157828826004468,0.9996981593487025
10.0,10102,matched_local_probe,pure,0,6,0.9999953098694443,1.0,0.04999975777585113,0.0009157949312135284,0.9996981593487025
10.0,10102,matched_local_probe,pure,0,7,1.0000130047711766,0.9999999999999984,0.05000070989682089,0.000915745453678951,0.9996981593487025
10.0,10102,matched_local_probe,pure,1,0,1.0000021366869518,1.0,0.050000107869252984,0.0009157760610900721,0.9999454683850668
10.0,10102,matched_local_probe,pure,1,1,0.9999968750168242,1.0,0.04999984381969097,0.0009157905302722285,0.9999454683850668
10.0,10102,matched_local_probe,pure,1,2,1.0000019084501923,1.0,0.050000106100563414,0.0009157765647710614,0.9999454683850668
10.0,10102,matched_local_probe,pure,1,3,1.0000056436262514,1.0,0.05000028828696813,0.0009157663611659954,0.9999454683850668
10.0,10102,matched_local_probe,pure,1,4,0.9999983459283811,1.0,0.049999917957695275,0.0009157864801052877,0.9999454683850668
10.0,10102,matched_local_probe,pure,1,5,1.0000037646432043,0.9999999999999998,0.05000016777580191,0.0009157718744270811,0.9999454683850668
10.0,10102,matched_local_probe,pure,1,6,1.000000966137098,1.0,0.050000048777229994,0.0009157792841864909,0.9999454683850668
10.0,10102,matched_local_probe,pure,1,7,1.0000017795969718,1.0,0.05000008740607316,0.0009157770761869428,0.9999454683850668
10.0,10102,matched_local_probe,pure,2,0,1.0000120618168538,1.0,0.050000605222931954,0.0009157487808709813,0.9996981593487024
10.0,10102,matched_local_probe,pure,2,1,0.9999456422209964,0.9999999999999892,0.04999742856291042,0.0009159293542567659,0.9996981593487024
10.0,10102,matched_local_probe,pure,2,2,1.0000146873163107,0.9999999999999999,0.0500007170470411,0.0009157418215375146,0.9996981593487024
10.0,10102,matched_local_probe,pure,2,3,0.9999567506317598,0.9999999999999982,0.04999776046480483,0.0009159017636169094,0.9996981593487024
10.0,10102,matched_local_probe,pure,2,4,0.9999330433108735,0.9999999999999889,0.04999680450174579,0.0009159638973071952,0.9996981593487024
10.0,10102,matched_local_probe,pure,2,5,0.9999695652134817,0.9999999999999984,0.049998531636708955,0.0009158648577064082,0.9996981593487024
10.0,10102,matched_local_probe,pure,2,6,1.000001938507058,0.9999999999999996,0.050000128124354386,0.0009157762193146195,0.9996981593487024
10.0,10102,matched_local_probe,pure,2,7,1.0000382956509843,0.9999999999999998,0.05000194009573351,0.0009156764142386042,0.9996981593487024
10.0,10102,matched_local_probe,mixture,3,0,1.0023022424452672,0.9999999998113822,0.05011538636522836,0.0009094784333457394,0.9761200121796411
10.0,10102,matched_local_probe,mixture,3,1,0.9972503404704065,0.9999999988466732,0.049872885766601524,0.0009232339551706485,0.9761200121796411
10.0,10102,matched_local_probe,mixture,3,2,1.0001118342269024,0.9999999998301728,0.05001176008516556,0.00091539056190686,0.9761200121796411
10.0,10102,matched_local_probe,mixture,3,3,0.9983615564314929,0.9999999987878471,0.04993600141075904,0.0009200381114578257,0.9761200121796411
10.0,10102,matched_local_probe,mixture,3,4,0.9971856658078634,0.9999999983168391,0.04986740950694818,0.0009234111943282913,0.9761200121796411
10.0,10102,matched_local_probe,mixture,3,5,0.9981658769890809,0.9999999994727092,0.049916036217568585,0.0009207218920736253,0.9761200121796411
10.0,10102,matched_local_probe,mixture,3,6,0.9996298362489272,0.999999999091938,0.04999333561313592,0.0009166282590762982,0.9761200121796411
10.0,10102,matched_local_probe,mixture,3,7,1.0026460096685403,0.9999999998243733,0.050134852283492334,0.0009085034048694731,0.9761200121796411
10.0,10107,seed_relaxation,pure,0,-1,0.9999412297897176,1.0,1.2786326188983699e-05,2.342447941341046e-07,0.9999412282470802
10.0,10107,seed_relaxation,pure,1,-1,0.9999412297897176,1.0,1.2786326188983699e-05,2.342447941341046e-07,0.9999412282470802
10.0,10107,seed_relaxation,pure,2,-1,0.9999986175227812,0.9999999999999999,3.7028727122686524e-07,6.782086193459782e-09,0.9999982612238543
10.0,10107,seed_relaxation,mixture,3,-1,0.9311864781162809,0.9999998961825081,0.037860483811594355,0.0009176570987856578,0.8144584680253392
10.0,10107,matched_local_probe,pure,0,0,0.9999993287746267,1.0,0.04999996510860657,0.0009157838060294814,0.9999412282470802
10.0,10107,matched_local_probe,pure,0,1,1.000001850396202,1.0,0.05000008928959842,0.0009157769034406327,0.9999412282470802
10.0,10107,matched_local_probe,pure,0,2,0.9999792375645563,0.9999999999999978,0.04999888326816787,0.0009158399903847934,0.9999412282470802
10.0,10107,matched_local_probe,pure,0,3,1.000001067697083,1.0,0.05000005060912403,0.0009157790484268518,0.9999412282470802
10.0,10107,matched_local_probe,pure,0,4,0.9999959998269489,0.9999999999999999,0.049999818701399044,0.0009157926870536182,0.9999412282470802
10.0,10107,matched_local_probe,pure,0,5,1.0000050881522136,1.0,0.05000025476325281,0.0009157679628244398,0.9999412282470802
10.0,10107,matched_local_probe,pure,0,6,1.0000049116566367,1.0,0.05000024197952797,0.0009157684985765426,0.9999412282470802
10.0,10107,matched_local_probe,pure,0,7,1.0000018064450236,1.0,0.050000091426077115,0.0009157769674518469,0.9999412282470802
10.0,10107,matched_local_probe,pure,1,0,0.9999993359671415,1.0,0.049999968341465195,0.0009157837487578674,0.9999412282470802
10.0,10107,matched_local_probe,pure,1,1,1.000001867064619,1.0,0.050000096876173544,0.0009157767696586963,0.9999412282470802
10.0,10107,matched_local_probe,pure,1,2,0.9999796035295825,0.9999999999999978,0.049999049856654536,0.0009158370545514696,0.9999412282470802
10.0,10107,matched_local_probe,pure,1,3,1.0000010828339252,1.0,0.05000005748033043,0.0009157789271305466,0.9999412282470802
10.0,10107,matched_local_probe,pure,1,4,0.9999959037820553,0.9999999999999999,0.049999775070284275,0.0009157934567439242,0.9999412282470802
10.0,10107,matched_local_probe,pure,1,5,1.000005088551897,1.0,0.050000254917421,0.0009157679598611797,0.9999412282470802
10.0,10107,matched_local_probe,pure,1,6,1.0000049307688166,1.0,0.05000025067480966,0.0009157683452349548,0.9999412282470802
10.0,10107,matched_local_probe,pure,1,7,1.000001801404314,1.0,0.05000008912789632,0.0009157770079557002,0.9999412282470802
10.0,10107,matched_local_probe,pure,2,0,1.0000000585667859,1.0,0.05000000278022298,0.0009157817856485404,0.9999982612238543
10.0,10107,matched_local_probe,pure,2,1,1.000000041272858,1.0,0.05000000220812478,0.0009157818293249025,0.9999982612238543
10.0,10107,matched_local_probe,pure,2,2,0.9999996974476619,1.0,0.04999998615231541,0.0009157827587832342,0.9999982612238543
10.0,10107,matched_local_probe,pure,2,3,1.0000000634178206,1.0,0.05000000288596413,0.0009157817741063534,0.9999982612238543
10.0,10107,matched_local_probe,pure,2,4,0.9999998290821908,1.0,0.049999991016162565,0.0009157824198146074,0.9999982612238543
10.0,10107,matched_local_probe,pure,2,5,1.00000015243562,1.0,0.05000000786605237,0.0009157815226346366,0.9999982612238543
10.0,10107,matched_local_probe,pure,2,6,1.000000176200661,1.0,0.050000009128899785,0.000915781456375119,0.9999982612238543
10.0,10107,matched_local_probe,pure,2,7,1.000000205521431,1.0,0.050000010455380536,0.0009157813776237323,0.9999982612238543
10.0,10107,matched_local_probe,mixture,3,0,0.9787011379499062,0.9999898064900614,0.04994802545701341,0.0009601183516720186,0.8144584680253392
10.0,10107,matched_local_probe,mixture,3,1,0.9997083358248811,0.9999988930885276,0.05034756402860858,0.0009111361951010509,0.8144584680253392
10.0,10107,matched_local_probe,mixture,3,2,0.9032967950871686,0.9999733777072572,0.04725014173183981,0.0011800158223181452,0.8144584680253392
10.0,10107,matched_local_probe,mixture,3,3,0.9931256949107137,0.9999976250949643,0.05022888892560488,0.0009270232623873527,0.8144584680253392
10.0,10107,matched_local_probe,mixture,3,4,0.9598271066674466,0.9999825215680357,0.049506761663524385,0.0010096243593644492,0.8144584680253392
10.0,10107,matched_local_probe,mixture,3,5,1.0061691619702122,0.9999973132557493,0.050904245647358175,0.0008910262624037622,0.8144584680253392
10.0,10107,matched_local_probe,mixture,3,6,1.0097850726248039,0.9999993186064723,0.05083618684455025,0.0008845042749929637,0.8144584680253392
10.0,10107,matched_local_probe,mixture,3,7,0.9985958266813136,0.9999984180554767,0.05031217374070175,0.0009139689049502122,0.8144584680253392
10.0,10111,seed_relaxation,pure,0,-1,0.999696885567059,1.0,6.681689692631818e-05,1.2252789593788644e-06,0.9996981593487018
10.0,10111,seed_relaxation,pure,1,-1,0.9996968855670587,1.0,6.681689692631818e-05,1.2252789593788644e-06,0.9996981593487023
10.0,10111,seed_relaxation,pure,2,-1,0.9999451163236208,1.0,1.011119081994401e-05,1.852335816935925e-07,0.9999454683850665
10.0,10111,seed_relaxation,mixture,3,-1,0.9910251345646675,0.9999999999680943,0.005154225031179633,9.786306647557068e-05,0.9761200121796393
10.0,10111,matched_local_probe,pure,0,0,0.9999162152560177,0.9999999999999757,0.04999603685636003,0.0009160091574957222,0.9996981593487018
10.0,10111,matched_local_probe,pure,0,1,1.0000035506149523,1.0,0.050000181854029824,0.0009157721337992643,0.9996981593487018
10.0,10111,matched_local_probe,pure,0,2,0.9999649738458173,0.9999999999999992,0.049998199352965636,0.0009158788122159918,0.9996981593487018
10.0,10111,matched_local_probe,pure,0,3,1.0000358281888613,1.0,0.05000178439771517,0.0009156836109843008,0.9996981593487018
10.0,10111,matched_local_probe,pure,0,4,0.9999822718232438,0.9999999999999997,0.04999913467596328,0.0009158303727501013,0.9996981593487018
10.0,10111,matched_local_probe,pure,0,5,1.0000164718461209,1.0,0.05000082006029508,0.0009157367382689123,0.9996981593487018
10.0,10111,matched_local_probe,pure,0,6,1.0000254648748375,0.9999999999999999,0.050001257973937153,0.0009157121871853659,0.9996981593487018
10.0,10111,matched_local_probe,pure,0,7,0.9999982631217508,1.0,0.049999917023304474,0.0009157866694840345,0.9996981593487018
10.0,10111,matched_local_probe,pure,1,0,1.0000428920365194,0.9999999999999999,0.050002163246331964,0.0009156638743095932,0.9996981593487023
10.0,10111,matched_local_probe,pure,1,1,0.9999553916540331,0.9999999999999987,0.04999769173900925,0.0009159055223502404,0.9996981593487023
10.0,10111,matched_local_probe,pure,1,2,1.0000091436587044,1.0,0.050000460337344066,0.0009157567827651305,0.9996981593487023
10.0,10111,matched_local_probe,pure,1,3,1.0000029719863084,1.0,0.05000014634366453,0.00091577380852185,0.9996981593487023
10.0,10111,matched_local_probe,pure,1,4,0.9999883313410924,1.0,0.04999940466100445,0.00091581415669498,0.9996981593487023
10.0,10111,matched_local_probe,pure,1,5,1.0000098799617663,0.9999999999999999,0.050000474152801615,0.0009157550653758818,0.9996981593487023
10.0,10111,matched_local_probe,pure,1,6,0.9999841094085907,0.9999999999999999,0.04999918579514774,0.00091582585870025,0.9996981593487023
10.0,10111,matched_local_probe,pure,1,7,0.9999971804192698,1.0,0.04999985928379786,0.0009157896855587143,0.9996981593487023
10.0,10111,matched_local_probe,pure,2,0,1.0000024289199139,1.0,0.05000012519116108,0.0009157752231430057,0.9999454683850665
10.0,10111,matched_local_probe,pure,2,1,0.9999948433488495,1.0,0.049999750497750343,0.0009157960020275652,0.9999454683850665
10.0,10111,matched_local_probe,pure,2,2,1.0000032089413886,1.0,0.05000015902521899,0.000915773147323813,0.9999454683850665
10.0,10111,matched_local_probe,pure,2,3,1.0000002599722526,1.0,0.05000001245902585,0.000915781237441958,0.9999454683850665
10.0,10111,matched_local_probe,pure,2,4,0.999981016104559,0.9999999999999974,0.04999896627969509,0.0009158351767079438,0.9999454683850665
10.0,10111,matched_local_probe,pure,2,5,1.0000013118910553,1.0,0.0500000632642015,0.0009157783711226288,0.9999454683850665
10.0,10111,matched_local_probe,pure,2,6,0.9999977593292064,1.0,0.04999988764647578,0.0009157881052673986,0.9999454683850665
10.0,10111,matched_local_probe,pure,2,7,0.9999879310123194,0.9999999999999997,0.04999936657917886,0.0009158154877519694,0.9999454683850665
10.0,10111,matched_local_probe,mixture,3,0,0.9973664819118526,0.9999999984055853,0.049875476859566385,0.0009229308910678076,0.9761200121796393
10.0,10111,matched_local_probe,mixture,3,1,0.9973547229375938,0.9999999961632017,0.04989625107120775,0.0009226817525178757,0.9761200121796393
10.0,10111,matched_local_probe,mixture,3,2,0.9985293215597164,0.9999999997181699,0.04993527162588806,0.0009197046721384368,0.9761200121796393
10.0,10111,matched_local_probe,mixture,3,3,1.002044076823975,0.9999999999412017,0.05010604879093148,0.0009101285310593435,0.9761200121796393
10.0,10111,matched_local_probe,mixture,3,4,0.9980620120369077,0.9999999991040917,0.049915825477953694,0.0009209379157937123,0.9761200121796393
10.0,10111,matched_local_probe,mixture,3,5,1.0013520160436842,0.999999999840598,0.05007430852012724,0.0009119895436550702,0.9761200121796393
10.0,10111,matched_local_probe,mixture,3,6,1.0003180597132335,0.9999999991938641,0.050029282309347854,0.0009147250908502121,0.9761200121796393
10.0,10111,matched_local_probe,mixture,3,7,0.9994581741383941,0.9999999991726093,0.04998555113422199,0.0009171037619507273,0.9761200121796393
10.0,10128,seed_relaxation,pure,0,-1,0.9999907611451636,1.0,1.8357895921041228e-06,3.362490234858582e-08,0.9999906866242927
10.0,10128,seed_relaxation,pure,1,-1,0.9999585135962256,1.0,9.045088448277415e-06,1.656940683208687e-07,0.999958938845902
10.0,10128,seed_relaxation,pure,2,-1,0.9999907611451636,1.0,1.8357895921041228e-06,3.362490234858582e-08,0.9999906866242928
10.0,10128,seed_relaxation,mixture,3,-1,0.9036315780228696,0.9999995098895729,0.04233362220624651,0.0011531529719971962,0.7499416117170288
10.0,10128,matched_local_probe,pure,0,0,0.9999983795609827,1.0,0.049999923401979465,0.0009157863378986934,0.9999906866242927
10.0,10128,matched_local_probe,pure,0,1,1.0000007897234924,1.0,0.050000039857269946,0.00091577977019033,0.9999906866242927
10.0,10128,matched_local_probe,pure,0,2,1.0000007617203852,1.0,0.05000003887644352,0.0009157798417136825,0.9999906866242927
10.0,10128,matched_local_probe,pure,0,3,0.9999999749136156,1.0,0.04999999939237372,0.0009157820050538239,0.9999906866242927
10.0,10128,matched_local_probe,pure,0,4,1.0000003919876836,1.0,0.05000001927514003,0.0009157808719356616,0.9999906866242927
10.0,10128,matched_local_probe,pure,0,5,0.9999995419713771,1.0,0.04999997630336888,0.0009157832131753224,0.9999906866242927
10.0,10128,matched_local_probe,pure,0,6,1.0000002450216463,1.0,0.050000012939280525,0.0009157812625977156,0.9999906866242927
10.0,10128,matched_local_probe,pure,0,7,1.000000312815522,1.0,0.050000016596805225,0.0009157810728672498,0.9999906866242927
10.0,10128,matched_local_probe,pure,1,0,0.9999878188170123,0.9999999999999996,0.049999424176500815,0.0009158149707018357,0.999958938845902
10.0,10128,matched_local_probe,pure,1,1,1.0000005923059185,1.0,0.05000002962901411,0.0009157803171400306,0.999958938845902
10.0,10128,matched_local_probe,pure,1,2,1.0000016587067233,1.0,0.0500000812707343,0.0009157774094206043,0.999958938845902
10.0,10128,matched_local_probe,pure,1,3,0.9999971217741634,1.0,0.04999985982438433,0.0009157898030067616,0.999958938845902
10.0,10128,matched_local_probe,pure,1,4,0.9999988704022595,1.0,0.049999943774911626,0.0009157850449531706,0.999958938845902
10.0,10128,matched_local_probe,pure,1,5,0.999999097353972,1.0,0.049999956101314635,0.0009157844079806278,0.999958938845902
10.0,10128,matched_local_probe,pure,1,6,1.0000002024649952,1.0,0.0500000142726234,0.0009157813353131031,0.999958938845902
10.0,10128,matched_local_probe,pure,1,7,0.9999995506736462,1.0,0.0499999784734013,0.0009157831670981267,0.999958938845902
10.0,10128,matched_local_probe,pure,2,0,0.9999988131280473,1.0,0.04999994333113846,0.0009157851699251459,0.9999906866242928
10.0,10128,matched_local_probe,pure,2,1,1.0000006108072088,1.0,0.05000003026089108,0.000915780270166138,0.9999906866242928
10.0,10128,matched_local_probe,pure,2,2,1.0000000679814047,1.0,0.05000000293993843,0.0009157817637876896,0.9999906866242928
10.0,10128,matched_local_probe,pure,2,3,0.9999996781353588,1.0,0.049999983590448056,0.0009157828331544191,0.9999906866242928
10.0,10128,matched_local_probe,pure,2,4,0.9999995457155508,1.0,0.04999997741431292,0.0009157831910011101,0.9999906866242928
10.0,10128,matched_local_probe,pure,2,5,0.9999971159822508,1.0,0.04999986584215057,0.0009157897343233153,0.9999906866242928
10.0,10128,matched_local_probe,pure,2,6,1.000000331123961,1.0,0.0500000166729962,0.0009157810335283815,0.9999906866242928
10.0,10128,matched_local_probe,pure,2,7,1.000000105633968,1.0,0.050000005316957676,0.0009157816539479588,0.9999906866242928
10.0,10128,matched_local_probe,mixture,3,0,0.9967824038883588,0.9999940157839783,0.05064693684874421,0.0009137132362378489,0.7499416117170288
10.0,10128,matched_local_probe,mixture,3,1,1.0284056325889714,0.9999999489812093,0.05151907171382262,0.0008393511102969264,0.7499416117170288
10.0,10128,matched_local_probe,mixture,3,2,0.9858885020133527,0.9999807501622767,0.0506747843058662,0.0009358743038163882,0.7499416117170288
10.0,10128,matched_local_probe,mixture,3,3,0.9854082584448037,0.9999769185414371,0.05060928365744553,0.0009355475160750894,0.7499416117170288
10.0,10128,matched_local_probe,mixture,3,4,0.9857613904253734,0.9999844518620787,0.050448734330515284,0.0009377372834187955,0.7499416117170288
10.0,10128,matched_local_probe,mixture,3,5,0.8691196032489178,0.9999104166315018,0.04679318758414347,0.001276516408182743,0.7499416117170288
10.0,10128,matched_local_probe,mixture,3,6,1.011067961586108,0.9999999331312557,0.05065471729120419,0.0008843956513399429,0.7499416117170288
10.0,10128,matched_local_probe,mixture,3,7,1.0047756631186706,0.9999978300432151,0.05069621242557026,0.0008959899457589476,0.7499416117170288
10.0,10133,seed_relaxation,pure,0,-1,0.9999412297897176,1.0,1.2786326188983699e-05,2.342447941341046e-07,0.999941228247081
10.0,10133,seed_relaxation,pure,1,-1,0.9999412297897176,1.0,1.2786326188983699e-05,2.342447941341046e-07,0.999941228247081
10.0,10133,seed_relaxation,pure,2,-1,0.9999986175227812,0.9999999999999999,3.7028727122686524e-07,6.782086193459782e-09,0.9999982612238539
10.0,10133,seed_relaxation,mixture,3,-1,0.931186478116281,0.9999998961825081,0.037860483811594355,0.0009176570987856578,0.8144584680253397
10.0,10133,matched_local_probe,pure,0,0,0.9999991320188691,1.0,0.04999995594709816,0.000915784338020129,0.999941228247081
10.0,10133,matched_local_probe,pure,0,1,1.0000070719912924,1.0,0.05000035966494805,0.0009157624379892863,0.999941228247081
10.0,10133,matched_local_probe,pure,0,2,0.999997917120285,1.0,0.049999898168031257,0.0009157876396905481,0.999941228247081
10.0,10133,matched_local_probe,pure,0,3,1.000000064757051,1.0,0.05000000777448433,0.0009157817086801487,0.999941228247081
10.0,10133,matched_local_probe,pure,0,4,0.999991014905163,0.9999999999999999,0.04999956398175358,0.0009158064564754407,0.999941228247081
10.0,10133,matched_local_probe,pure,0,5,0.9999913631249552,0.9999999999999999,0.049999582662556295,0.0009158054822062428,0.999941228247081
10.0,10133,matched_local_probe,pure,0,6,1.0000077575115451,1.0,0.05000038052827379,0.0009157607308310609,0.999941228247081
10.0,10133,matched_local_probe,pure,0,7,1.0000029124441534,1.0,0.05000015017885758,0.0009157738849384131,0.999941228247081
10.0,10133,matched_local_probe,pure,1,0,0.999999135948226,1.0,0.049999957769668826,0.0009157843061093999,0.999941228247081
10.0,10133,matched_local_probe,pure,1,1,1.0000070437665134,1.0,0.050000346819893744,0.0009157626644747197,0.999941228247081
10.0,10133,matched_local_probe,pure,1,2,0.9999979096390879,1.0,0.049999894619367644,0.0009157877009950425,0.999941228247081
10.0,10133,matched_local_probe,pure,1,3,1.0000000441031187,1.0,0.04999999834211768,0.0009157818747537542,0.999941228247081
10.0,10133,matched_local_probe,pure,1,4,0.9999909492231948,0.9999999999999999,0.04999953425182472,0.0009158069818928675,0.999941228247081
10.0,10133,matched_local_probe,pure,1,5,0.9999912899167059,0.9999999999999999,0.049999549457071336,0.0009158060684358094,0.999941228247081
10.0,10133,matched_local_probe,pure,1,6,1.000007797159026,1.0,0.05000039857644401,0.0009157604126765471,0.999941228247081
10.0,10133,matched_local_probe,pure,1,7,1.0000028914911279,1.0,0.0500001406650333,0.000915774052860163,0.999941228247081
10.0,10133,matched_local_probe,pure,2,0,0.9999996542019973,1.0,0.04999998301020519,0.0009157828905591455,0.9999982612238539
10.0,10133,matched_local_probe,pure,2,1,1.0000000987022457,1.0,0.05000000460358744,0.0009157816777711868,0.9999982612238539
10.0,10133,matched_local_probe,pure,2,2,0.9999999993833825,1.0,0.05000000004514703,0.000915781945343219,0.9999982612238539
10.0,10133,matched_local_probe,pure,2,3,1.00000006344353,1.0,0.05000000312835459,0.000915781770891328,0.9999982612238539
10.0,10133,matched_local_probe,pure,2,4,0.9999999214774411,1.0,0.049999996127085326,0.0009157821596099762,0.9999982612238539
10.0,10133,matched_local_probe,pure,2,5,0.9999998948706099,1.0,0.04999999459678053,0.0009157822353174608,0.9999982612238539
10.0,10133,matched_local_probe,pure,2,6,1.0000001881873934,1.0,0.05000000910323949,0.0009157814316030843,0.9999982612238539
10.0,10133,matched_local_probe,pure,2,7,1.0000000578270443,1.0,0.05000000325297869,0.0009157817810694977,0.9999982612238539
10.0,10133,matched_local_probe,mixture,3,0,0.9805321734123266,0.999991465099311,0.04997163334569061,0.0009557799803534932,0.8144584680253397
10.0,10133,matched_local_probe,mixture,3,1,1.0186271348837288,0.9999996131709545,0.05117990785320067,0.0008628953346531055,0.8144584680253397
10.0,10133,matched_local_probe,mixture,3,2,0.967845089610204,0.999983769362546,0.049825115621081384,0.0009858117809450884,0.8144584680253397
10.0,10133,matched_local_probe,mixture,3,3,0.9841975965043301,0.9999923375646739,0.0501062393164889,0.0009464088271700276,0.8144584680253397
10.0,10133,matched_local_probe,mixture,3,4,0.9391584386008277,0.9999717813646621,0.04878775060085601,0.001065562347583023,0.8144584680253397
10.0,10133,matched_local_probe,mixture,3,5,0.9421952726214733,0.9999756384066731,0.04876632396492296,0.0010591037614167082,0.8144584680253397
10.0,10133,matched_local_probe,mixture,3,6,1.020508780076891,0.9999996633565065,0.05120049684048623,0.0008588119184360864,0.8144584680253397
10.0,10133,matched_local_probe,mixture,3,7,0.9976264700414216,0.9999966816854531,0.0505978001911173,0.0009136126165875209,0.8144584680253397
10.0,10139,seed_relaxation,pure,0,-1,0.9999907611451636,1.0,1.8357895921041228e-06,3.362490234858582e-08,0.999990686624293
10.0,10139,seed_relaxation,pure,1,-1,0.9999585135962256,1.0,9.045088448277415e-06,1.656940683208687e-07,0.9999589388459013
10.0,10139,seed_relaxation,pure,2,-1,0.9999907611451638,1.0,1.8357895921041228e-06,3.362490234858582e-08,0.9999906866242934
10.0,10139,seed_relaxation,mixture,3,-1,0.9036315780228726,0.9999995098895729,0.04233362220624651,0.0011531529719972665,0.7499416117170282
10.0,10139,matched_local_probe,pure,0,0,1.000000875507597,1.0,0.05000004379344194,0.000915779539309018,0.999990686624293
10.0,10139,matched_local_probe,pure,0,1,0.9999984003605098,1.0,0.049999916328593054,0.0009157863868034375,0.999990686624293
10.0,10139,matched_local_probe,pure,0,2,0.9999993179701662,1.0,0.04999996433402949,0.0009157838385168851,0.999990686624293
10.0,10139,matched_local_probe,pure,0,3,0.9999998053095629,1.0,0.049999990197058135,0.0009157824804001578,0.999990686624293
10.0,10139,matched_local_probe,pure,0,4,1.0000002212006085,1.0,0.05000001133398972,0.0009157813333276073,0.999990686624293
10.0,10139,matched_local_probe,pure,0,5,0.9999993735620829,1.0,0.04999996987143992,0.0009157836499000295,0.999990686624293
10.0,10139,matched_local_probe,pure,0,6,0.999999971741224,1.0,0.04999999844291272,0.0009157820242585025,0.999990686624293
10.0,10139,matched_local_probe,pure,0,7,0.99999986717964,1.0,0.04999999317608176,0.0009157823118359327,0.999990686624293
10.0,10139,matched_local_probe,pure,1,0,1.0000042231323238,1.0,0.050000204907769984,0.0009157704247648605,0.9999589388459013
10.0,10139,matched_local_probe,pure,1,1,0.999998104672389,1.0,0.049999904929665495,0.0009157871563741156,0.9999589388459013
10.0,10139,matched_local_probe,pure,1,2,1.0000008636575297,1.0,0.050000044322292485,0.0009157795570632092,0.9999589388459013
10.0,10139,matched_local_probe,pure,1,3,1.0000001874671136,1.0,0.05000000954291472,0.0009157814273379152,0.9999589388459013
10.0,10139,matched_local_probe,pure,1,4,0.9999986250818501,1.0,0.04999992959051299,0.0009157857435781367,0.9999589388459013
10.0,10139,matched_local_probe,pure,1,5,0.9999991506450729,1.0,0.049999958561200035,0.0009157842645310755,0.9999589388459013
10.0,10139,matched_local_probe,pure,1,6,0.9999977819246584,1.0,0.04999988958209597,0.0009157880329757129,0.9999589388459013
10.0,10139,matched_local_probe,pure,1,7,0.9999958559560682,1.0,0.049999783817928085,0.0009157934455060974,0.9999589388459013
10.0,10139,matched_local_probe,pure,2,0,1.0000008569217138,1.0,0.05000004155368537,0.0009157796073518224,0.9999906866242934
10.0,10139,matched_local_probe,pure,2,1,1.0000000425005704,1.0,0.05000000217084947,0.0009157818273171252,0.9999906866242934
10.0,10139,matched_local_probe,pure,2,2,1.0000000625598742,1.0,0.05000000335345821,0.0009157817698001452,0.9999906866242934
10.0,10139,matched_local_probe,pure,2,3,1.0000007230180512,1.0,0.05000003675639229,0.0009157799504157573,0.9999906866242934
10.0,10139,matched_local_probe,pure,2,4,1.000000247226617,1.0,0.05000001050606709,0.0009157812898830648,0.9999906866242934
10.0,10139,matched_local_probe,pure,2,5,1.0000001777040535,1.0,0.05000000957558556,0.0009157814474619342,0.9999906866242934
10.0,10139,matched_local_probe,pure,2,6,0.9999981226174638,1.0,0.04999990104465111,0.0009157871676631758,0.9999906866242934
10.0,10139,matched_local_probe,pure,2,7,0.9999994376084294,1.0,0.04999997008062724,0.0009157835130144255,0.9999906866242934
10.0,10139,matched_local_probe,mixture,3,0,1.0048330517272888,0.9999967355623497,0.05076809712949169,0.0008947835020521484,0.7499416117170282
10.0,10139,matched_local_probe,mixture,3,1,0.9397821341854969,0.9999713563512432,0.04885637367845352,0.0010648837416618547,0.7499416117170282
10.0,10139,matched_local_probe,mixture,3,2,0.9574990634280555,0.9999894679568582,0.04909004058820815,0.0010214112967653513,0.7499416117170282
10.0,10139,matched_local_probe,mixture,3,3,0.9953558568963475,0.9999911967144767,0.050675817736201056,0.0009146081989808149,0.7499416117170282
10.0,10139,matched_local_probe,mixture,3,4,1.006256685709049,0.9999922165240958,0.05107134941484595,0.000887272221160357,0.7499416117170282
10.0,10139,matched_local_probe,mixture,3,5,0.9514141673387035,0.9999335809480999,0.04997431154455112,0.001017530934892669,0.7499416117170282
10.0,10139,matched_local_probe,mixture,3,6,0.9182947271181547,0.9999372649270605,0.048598677020959206,0.0011203319411631507,0.7499416117170282
10.0,10139,matched_local_probe,mixture,3,7,0.9920302063743422,0.9999854536696668,0.0506780294048022,0.0009214000885870345,0.7499416117170282
10.0,10155,seed_relaxation,pure,0,-1,0.997763346377542,0.9999999999999016,0.000493640406498433,9.122634782731172e-06,0.9977680987574333
10.0,10155,seed_relaxation,pure,1,-1,0.999597257353075,0.9999999999999999,7.469854919370707e-05,1.3703576902497204e-06,0.9995982214852401
10.0,10155,seed_relaxation,pure,2,-1,0.989012971455902,0.9999999999409025,0.003155974151299877,6.0407749176767145e-05,0.9889548733614997
10.0,10155,seed_relaxation,mixture,3,-1,0.9178437938896712,0.999999765339117,0.023189971187128493,0.0005945458999556849,0.9126228765984681
10.0,10155,matched_local_probe,pure,0,0,1.0000593686570094,0.9999999999999564,0.050003179860220986,0.0009156161303042307,0.9977680987574333
10.0,10155,matched_local_probe,pure,0,1,1.0003323090157685,0.9999999999999413,0.05001694481769237,0.0009148651812103879,0.9977680987574333
10.0,10155,matched_local_probe,pure,0,2,1.0000384031142575,1.0,0.05000193485753641,0.0009156762745486638,0.9977680987574333
10.0,10155,matched_local_probe,pure,0,3,1.0001820035271458,0.9999999999999998,0.05000905300115213,0.0009152826360695241,0.9977680987574333
10.0,10155,matched_local_probe,pure,0,4,0.9998625818058806,0.9999999999997724,0.04999334896997803,0.0009161567625542936,0.9977680987574333
10.0,10155,matched_local_probe,pure,0,5,1.0001227461007383,0.9999999999995719,0.05000686370330199,0.0009154355920511158,0.9977680987574333
10.0,10155,matched_local_probe,pure,0,6,1.000145571186872,0.9999999999999959,0.050007326187479946,0.000915381447754664,0.9977680987574333
10.0,10155,matched_local_probe,pure,0,7,1.0000578633969346,0.9999999999999999,0.050002852264851155,0.0009156235080725407,0.9977680987574333
10.0,10155,matched_local_probe,pure,1,0,1.0000159082662567,0.9999999999999987,0.050000851477905756,0.0009157375197427624,0.9995982214852401
10.0,10155,matched_local_probe,pure,1,1,0.9999716800947662,0.9999999999999992,0.049998621184515965,0.0009158592592090509,0.9995982214852401
10.0,10155,matched_local_probe,pure,1,2,1.0000073474522273,0.9999999999999999,0.05000034096842727,0.0009157621024104602,0.9995982214852401
10.0,10155,matched_local_probe,pure,1,3,1.000011402932314,0.9999999999999993,0.05000060935236392,0.0009157501159703457,0.9995982214852401
10.0,10155,matched_local_probe,pure,1,4,1.0000246531709978,1.0,0.05000123016345655,0.0009157142491712048,0.9995982214852401
10.0,10155,matched_local_probe,pure,1,5,0.999986588427636,1.0,0.04999931139136393,0.0009158190296730414,0.9995982214852401
10.0,10155,matched_local_probe,pure,1,6,1.000026734997956,0.9999999999999996,0.050001302301712666,0.0009157089493100877,0.9995982214852401
10.0,10155,matched_local_probe,pure,1,7,1.0000163302657994,0.9999999999999999,0.050000799935198244,0.0009157372980938476,0.9995982214852401
10.0,10155,matched_local_probe,pure,2,0,1.000130149490837,0.9999999999906207,0.0500081161611866,0.0009154040815704164,0.9889548733614997
10.0,10155,matched_local_probe,pure,2,1,1.0003035025007325,0.9999999999876859,0.05001729808718322,0.0009149253897788201,0.9889548733614997
10.0,10155,matched_local_probe,pure,2,2,1.0007643976702625,0.9999999999999406,0.050039046343756784,0.0009136775161199202,0.9889548733614997
10.0,10155,matched_local_probe,pure,2,3,0.9983947246465271,0.999999999941339,0.04992417563128082,0.0009201370671580335,0.9889548733614997
10.0,10155,matched_local_probe,pure,2,4,1.0000807035570773,0.9999999999959017,0.05000489309294269,0.0009155476871302241,0.9889548733614997
10.0,10155,matched_local_probe,pure,2,5,1.000324730167243,0.9999999999769171,0.050019066026211874,0.0009148576720567096,0.9889548733614997
10.0,10155,matched_local_probe,pure,2,6,0.9986441533933015,0.9999999998578994,0.049935769868732945,0.0009194714449672621,0.9889548733614997
10.0,10155,matched_local_probe,pure,2,7,0.9999561957112322,0.9999999999017962,0.05000245631845225,0.0009158391088805054,0.9889548733614997
10.0,10155,matched_local_probe,mixture,3,0,0.9997481962725882,0.9999999482181763,0.05007112775220942,0.0009153591499313696,0.9126228765984681
10.0,10155,matched_local_probe,mixture,3,1,1.001069157447369,0.9999999114193272,0.05015732288667201,0.000911669043111753,0.9126228765984681
10.0,10155,matched_local_probe,mixture,3,2,1.0060721965350146,0.999999999948639,0.0503003618040501,0.0008995320315680523,0.9126228765984681
10.0,10155,matched_local_probe,mixture,3,3,0.9844984474895531,0.9999997717385612,0.049393606916024846,0.0009565414261802328,0.9126228765984681
10.0,10155,matched_local_probe,mixture,3,4,0.9995892391519234,0.9999999787876808,0.050037358734412854,0.0009160556682023734,0.9126228765984681
10.0,10155,matched_local_probe,mixture,3,5,1.0005225204911303,0.99999985330926,0.05016126210749014,0.0009127169744180615,0.9126228765984681
10.0,10155,matched_local_probe,mixture,3,6,0.9834906414037445,0.9999987850928072,0.049593535646348205,0.0009563127981375627,0.9126228765984681
10.0,10155,matched_local_probe,mixture,3,7,0.9954487345510968,0.9999994866343023,0.05004088355543906,0.0009244501730693068,0.9126228765984681
10.0,10167,seed_relaxation,pure,0,-1,0.9999907611451636,1.0,1.8357895921041228e-06,3.3624902348585815e-08,0.9999906866242928
10.0,10167,seed_relaxation,pure,1,-1,0.9999585135962256,1.0,9.045088448277415e-06,1.656940683208687e-07,0.9999589388459011
10.0,10167,seed_relaxation,pure,2,-1,0.9999907611451634,1.0,1.8357895921041228e-06,3.362490234858582e-08,0.9999906866242905
10.0,10167,seed_relaxation,mixture,3,-1,0.8749959685496803,0.9999985392512355,0.02678277627077747,0.0008246935102117926,0.8621994999229277
10.0,10167,matched_local_probe,pure,0,0,0.9999969513037315,1.0,0.04999983767862911,0.0009157904469943476,0.9999906866242928
10.0,10167,matched_local_probe,pure,0,1,1.0000009718842517,1.0,0.05000004574750351,0.0009157793124009905,0.9999906866242928
10.0,10167,matched_local_probe,pure,0,2,1.0000000882595506,1.0,0.050000003919965785,0.0009157817086005344,0.9999906866242928
10.0,10167,matched_local_probe,pure,0,3,0.9999996500471313,1.0,0.04999998325105949,0.0009157828965981091,0.9999906866242928
10.0,10167,matched_local_probe,pure,0,4,1.0000006183918928,1.0,0.050000031179201175,0.0009157802423102414,0.9999906866242928
10.0,10167,matched_local_probe,pure,0,5,1.0000004196662595,1.0,0.050000019629569833,0.0009157808095035455,0.9999906866242928
10.0,10167,matched_local_probe,pure,0,6,0.9999983458741518,1.0,0.04999991174150289,0.0009157865601422727,0.9999906866242928
10.0,10167,matched_local_probe,pure,0,7,1.0000005731812014,1.0,0.05000002825067223,0.0009157803752238926,0.9999906866242928
10.0,10167,matched_local_probe,pure,1,0,0.9999956055382486,0.9999999999999999,0.04999979377510379,0.0009157938388461196,0.9999589388459011
10.0,10167,matched_local_probe,pure,1,1,1.0000052187431585,0.9999999999999998,0.05000028541267499,0.0009157672948938917,0.9999589388459011
10.0,10167,matched_local_probe,pure,1,2,0.9999997605334521,1.0,0.04999998974286512,0.0009157825804851506,0.9999589388459011
10.0,10167,matched_local_probe,pure,1,3,0.999999130900786,1.0,0.04999995408058332,0.0009157843655564057,0.9999589388459011
10.0,10167,matched_local_probe,pure,1,4,1.000000703845631,1.0,0.05000003423672186,0.0009157800234553297,0.9999589388459011
10.0,10167,matched_local_probe,pure,1,5,0.9999991983263827,1.0,0.04999996134151283,0.0009157841287909136,0.9999589388459011
10.0,10167,matched_local_probe,pure,1,6,1.0000009172803648,1.0,0.05000004539221501,0.0009157794305765533,0.9999589388459011
10.0,10167,matched_local_probe,pure,1,7,1.0000006144685947,1.0,0.050000030424443974,0.000915780260344273,0.9999589388459011
10.0,10167,matched_local_probe,pure,2,0,0.999999791773426,1.0,0.049999987074965994,0.0009157825490713936,0.9999906866242905
10.0,10167,matched_local_probe,pure,2,1,1.0000008247549403,1.0,0.05000003844618314,0.0009157797158889685,0.9999906866242905
10.0,10167,matched_local_probe,pure,2,2,1.0000003705817009,1.0,0.050000018816041096,0.0009157809228256051,0.9999906866242905
10.0,10167,matched_local_probe,pure,2,3,0.9999998571530799,1.0,0.04999999314706911,0.0009157823334601936,0.9999906866242905
10.0,10167,matched_local_probe,pure,2,4,1.0000000881022213,1.0,0.050000004486110194,0.000915781701490949,0.9999906866242905
10.0,10167,matched_local_probe,pure,2,5,1.0000003202264143,1.0,0.05000001538552494,0.0009157810730563575,0.9999906866242905
10.0,10167,matched_local_probe,pure,2,6,1.0000001625740265,1.0,0.05000000839638755,0.0009157814944386766,0.9999906866242905
10.0,10167,matched_local_probe,pure,2,7,1.0000005028624348,1.0,0.05000002594921991,0.0009157805526389674,0.9999906866242905
10.0,10167,matched_local_probe,mixture,3,0,0.9586846265708812,0.9999825687562716,0.04945931655929374,0.0010146162196782893,0.8621994999229277
10.0,10167,matched_local_probe,mixture,3,1,1.0075678835878432,0.9999970252611405,0.05085611062642871,0.0008891649104992048,0.8621994999229277
10.0,10167,matched_local_probe,mixture,3,2,0.9937244688720985,0.9999992175580474,0.04997919110138472,0.0009287428545746915,0.8621994999229277
10.0,10167,matched_local_probe,mixture,3,3,0.9844544978764449,0.9999957128835005,0.049958786688696036,0.0009490262862502547,0.8621994999229277
10.0,10167,matched_local_probe,mixture,3,4,0.9996328049557205,0.999999739752742,0.05014723357204317,0.0009148446316122161,0.8621994999229277
10.0,10167,matched_local_probe,mixture,3,5,0.9910970257708638,0.9999990712079905,0.04988352070721961,0.0009352635430560848,0.8621994999229277
10.0,10167,matched_local_probe,mixture,3,6,1.0022508523796663,0.9999999751064782,0.05017674271967528,0.0009088213435178633,0.8621994999229277
10.0,10167,matched_local_probe,mixture,3,7,1.0015342871415935,0.9999999958900774,0.05010359960364536,0.0009111974569702117,0.8621994999229277
10.0,10175,seed_relaxation,pure,0,-1,0.9999907611451636,1.0,1.8357895921041228e-06,3.3624902348585815e-08,0.999990686624292
10.0,10175,seed_relaxation,pure,1,-1,0.9999907611451636,1.0,1.8357895921041228e-06,3.3624902348585815e-08,0.9999906866242917
10.0,10175,seed_relaxation,pure,2,-1,0.9999585135962256,1.0,9.045088448277415e-06,1.656940683208687e-07,0.9999589388459014
10.0,10175,seed_relaxation,mixture,3,-1,0.90363157802287,0.9999995098895729,0.04233362220624651,0.0011531529719972663,0.7499416117170282
10.0,10175,matched_local_probe,pure,0,0,1.0000008882165736,1.0,0.05000004653460092,0.000915779477064449,0.999990686624292
10.0,10175,matched_local_probe,pure,0,1,0.999999893966532,1.0,0.04999999460725861,0.0009157822370994497,0.999990686624292
10.0,10175,matched_local_probe,pure,0,2,1.0000001590244085,1.0,0.05000000698483142,0.0009157815205474667,0.999990686624292
10.0,10175,matched_local_probe,pure,0,3,0.9999999520235127,1.0,0.04999999691086418,0.0009157820855648563,0.999990686624292
10.0,10175,matched_local_probe,pure,0,4,1.0000003255171783,1.0,0.050000017065867125,0.0009157810401288671,0.999990686624292
10.0,10175,matched_local_probe,pure,0,5,1.0000005676243187,1.0,0.050000030088565565,0.0009157803634224936,0.999990686624292
10.0,10175,matched_local_probe,pure,0,6,1.0000005640382785,1.0,0.050000027624853075,0.0009157804026665219,0.999990686624292
10.0,10175,matched_local_probe,pure,0,7,1.0000009440626383,1.0,0.05000004645518833,0.0009157793607953393,0.999990686624292
10.0,10175,matched_local_probe,pure,1,0,0.9999999251947889,1.0,0.04999999643614536,0.0009157821478472745,0.9999906866242917
10.0,10175,matched_local_probe,pure,1,1,1.0000000855851303,1.0,0.05000000350342188,0.000915781719720937,0.9999906866242917
10.0,10175,matched_local_probe,pure,1,2,1.000000537491185,1.0,0.050000024633212924,0.0009157804976439367,0.9999906866242917
10.0,10175,matched_local_probe,pure,1,3,1.0000005217826335,1.0,0.05000002643588502,0.0009157805066865316,0.9999906866242917
10.0,10175,matched_local_probe,pure,1,4,0.9999999056750549,1.0,0.04999999529702572,0.0009157822036153956,0.9999906866242917
10.0,10175,matched_local_probe,pure,1,5,0.9999999050304588,1.0,0.04999999511708444,0.0009157822073487507,0.9999906866242917
10.0,10175,matched_local_probe,pure,1,6,1.0000002365141383,1.0,0.0500000106012846,0.0009157813110273106,0.9999906866242917
10.0,10175,matched_local_probe,pure,1,7,1.0000004296931824,1.0,0.0500000210105468,0.0009157807703478307,0.9999906866242917
10.0,10175,matched_local_probe,pure,2,0,1.0000019641005466,1.0,0.05000010239634782,0.0009157764945277462,0.9999589388459014
10.0,10175,matched_local_probe,pure,2,1,0.9999985355867476,1.0,0.049999926608110895,0.0009157859701963087,0.9999589388459014
10.0,10175,matched_local_probe,pure,2,2,1.000000747405028,1.0,0.0500000308374383,0.0009157799782336908,0.9999589388459014
10.0,10175,matched_local_probe,pure,2,3,1.0000004272335752,1.0,0.0500000189622507,0.000915780802581899,0.9999589388459014
10.0,10175,matched_local_probe,pure,2,4,1.0000011289778317,1.0,0.05000005710677154,0.0009157788343978587,0.9999589388459014
10.0,10175,matched_local_probe,pure,2,5,1.0000018656743908,1.0,0.05000009194873836,0.0009157768365651418,0.9999589388459014
10.0,10175,matched_local_probe,pure,2,6,1.0000001683769848,1.0,0.05000000494258955,0.0009157815282308612,0.9999589388459014
10.0,10175,matched_local_probe,pure,2,7,1.000004973792601,1.0,0.050000243436757734,0.0009157683493102945,0.9999589388459014
10.0,10175,matched_local_probe,mixture,3,0,0.9945753792269627,0.9999968943205569,0.050433937255296026,0.0009203586463728314,0.7499416117170282
10.0,10175,matched_local_probe,mixture,3,1,0.9954966591468053,0.9999925054909669,0.05049277908475217,0.0009177704679156792,0.7499416117170282
10.0,10175,matched_local_probe,mixture,3,2,1.0004348184909777,0.999996977307555,0.050622813787975396,0.0009056790235465964,0.7499416117170282
10.0,10175,matched_local_probe,mixture,3,3,0.9907555153276608,0.9999891329115808,0.050512132713340256,0.0009263753203654079,0.7499416117170282
10.0,10175,matched_local_probe,mixture,3,4,0.9711049181491457,0.9999727136188145,0.050024985511155126,0.0009743886152745479,0.7499416117170282
10.0,10175,matched_local_probe,mixture,3,5,0.9472177011338662,0.9999078196292996,0.050260078051873526,0.0010215883916110363,0.7499416117170282
10.0,10175,matched_local_probe,mixture,3,6,1.0103402292121206,0.9999980106818197,0.050946913475033065,0.0008819217699797183,0.7499416117170282
10.0,10175,matched_local_probe,mixture,3,7,0.991856717661604,0.9999977335361157,0.050064321080019764,0.000931058941584617,0.7499416117170282
10.0,10179,seed_relaxation,pure,0,-1,0.9999451163236206,1.0,1.011119081994401e-05,1.8523358169359247e-07,0.9999454683850663
10.0,10179,seed_relaxation,pure,1,-1,0.999696885567059,1.0,6.681689692631818e-05,1.2252789593788644e-06,0.9996981593487027
10.0,10179,seed_relaxation,pure,2,-1,0.999696885567059,1.0,6.681689692631818e-05,1.2252789593788644e-06,0.9996981593487014
10.0,10179,seed_relaxation,mixture,3,-1,0.9910251345646658,0.9999999999680943,0.005154225031179633,9.786306647557068e-05,0.9761200121796404
10.0,10179,matched_local_probe,pure,0,0,0.9999930001262276,1.0,0.049999637863247216,0.0009158013342444355,0.9999454683850663
10.0,10179,matched_local_probe,pure,0,1,0.9999993460364422,1.0,0.04999996692103818,0.0009157837461975321,0.9999454683850663
10.0,10179,matched_local_probe,pure,0,2,0.9999933603691585,0.9999999999999999,0.04999965270934027,0.0009158003830474771,0.9999454683850663
10.0,10179,matched_local_probe,pure,0,3,1.0000032665171592,1.0,0.05000015495126321,0.0009157730810780637,0.9999454683850663
10.0,10179,matched_local_probe,pure,0,4,1.0000011541523848,1.0,0.05000005675375614,0.0009157787862334912,0.9999454683850663
10.0,10179,matched_local_probe,pure,0,5,1.0000019891717635,1.0,0.05000009676096691,0.0009157765151510607,0.9999454683850663
10.0,10179,matched_local_probe,pure,0,6,0.9999975223984813,1.0,0.049999872741737124,0.0009157887950779474,0.9999454683850663
10.0,10179,matched_local_probe,pure,0,7,0.9999967257678417,1.0,0.04999983397973116,0.0009157909700510147,0.9999454683850663
10.0,10179,matched_local_probe,pure,1,0,0.9999734956068635,0.9999999999999991,0.04999871589629764,0.0009158542213430396,0.9996981593487027
10.0,10179,matched_local_probe,pure,1,1,1.0000133133264941,1.0,0.050000657865769384,0.0009157454711056275,0.9996981593487027
10.0,10179,matched_local_probe,pure,1,2,1.0000175402253177,0.9999999999999996,0.050000840462321845,0.0009157342377317956,0.9996981593487027
10.0,10179,matched_local_probe,pure,1,3,1.0000096432925665,1.0,0.05000047529838929,0.0009157555420589708,0.9996981593487027
10.0,10179,matched_local_probe,pure,1,4,1.0000227628074136,0.9999999999999999,0.05000115445994912,0.0009157191977221613,0.9996981593487027
10.0,10179,matched_local_probe,pure,1,5,1.0000063548232174,1.0,0.0500003251475965,0.0009157643892413785,0.9996981593487027
10.0,10179,matched_local_probe,pure,1,6,1.0000409906451986,0.9999999999999999,0.05000203319079664,0.000915669552130763,0.9996981593487027
10.0,10179,matched_local_probe,pure,1,7,0.9999497471528542,0.9999999999999838,0.04999766354599739,0.0009159176759554347,0.9996981593487027
10.0,10179,matched_local_probe,pure,2,0,1.0000038727505156,0.9999999999999983,0.05000025536331537,0.0009157705176116147,0.9996981593487014
10.0,10179,matched_local_probe,pure,2,1,1.0000193226986867,1.0,0.050000971129113475,0.0009157287951743449,0.9996981593487014
10.0,10179,matched_local_probe,pure,2,2,1.0000101424046854,1.0,0.050000495665648896,0.0009157542305086779,0.9996981593487014
10.0,10179,matched_local_probe,pure,2,3,1.0000481597613426,0.9999999999999971,0.05000232384204567,0.0009156507527483068,0.9996981593487014
10.0,10179,matched_local_probe,pure,2,4,1.0000068516308027,0.9999999999999992,0.050000382886500314,0.0009157626019114515,0.9996981593487014
10.0,10179,matched_local_probe,pure,2,5,0.9999917695764582,0.9999999999999997,0.049999552970564895,0.0009158050393404809,0.9996981593487014
10.0,10179,matched_local_probe,pure,2,6,1.0000224415337775,0.9999999999999996,0.05000108733762405,0.0009157207489360276,0.9996981593487014
10.0,10179,matched_local_probe,pure,2,7,1.000009041875447,0.9999999999999999,0.05000043236978809,0.0009157573640329877,0.9996981593487014
10.0,10179,matched_local_probe,mixture,3,0,0.998424088057963,0.9999999987600345,0.0499319872987255,0.0009199580569582544,0.9761200121796404
10.0,10179,matched_local_probe,mixture,3,1,1.0017300097388335,0.9999999999855521,0.05008833942235066,0.0009110142839202926,0.9761200121796404
10.0,10179,matched_local_probe,mixture,3,2,1.0013648496541936,0.9999999997822563,0.050077097010250635,0.0009119231374381539,0.9761200121796404
10.0,10179,matched_local_probe,mixture,3,3,1.0031383522228465,0.9999999999454899,0.050164363010597755,0.0009071007961670536,0.9761200121796404
10.0,10179,matched_local_probe,mixture,3,4,1.001445851683441,0.9999999996589349,0.05007800854743378,0.000911731992641468,0.9761200121796404
10.0,10179,matched_local_probe,mixture,3,5,0.9996130749388166,0.9999999981972925,0.05000130086243434,0.0009165706571737601,0.9761200121796404
10.0,10179,matched_local_probe,mixture,3,6,1.003367363367619,0.9999999999166838,0.050174718575982456,0.0009064883138345341,0.9761200121796404
10.0,10179,matched_local_probe,mixture,3,7,0.9973093664582227,0.9999999978924508,0.049880781745347796,0.0009230293112692939,0.9761200121796404
10.0,10197,seed_relaxation,pure,0,-1,0.9162889577841983,0.9999997675423362,0.023187342489113933,0.0005979302188781287,0.9127170047987063
10.0,10197,seed_relaxation,pure,1,-1,0.6861568335967453,0.9999197702541632,0.13414063858684683,0.009842171965654536,0.6055239032392046
10.0,10197,seed_relaxation,pure,2,-1,0.9994976140003431,0.9999999999999998,8.182449992775466e-05,1.501683020926401e-06,0.9994982089111817
10.0,10197,seed_relaxation,mixture,3,-1,0.6913981582420833,0.9999182133227227,0.13417774683077585,0.009695525939211707,0.6051909343652669
10.0,10197,matched_local_probe,pure,0,0,1.0028231947012265,0.9999999983314164,0.05016331325632728,0.0009077667621362919,0.9127170047987063
10.0,10197,matched_local_probe,pure,0,1,0.9970970050613581,0.9999999463723391,0.04994126615383187,0.0009225034657161131,0.9127170047987063
10.0,10197,matched_local_probe,pure,0,2,0.9960691550659806,0.9999982614909477,0.050362109274052574,0.000919104954833543,0.9127170047987063
10.0,10197,matched_local_probe,pure,0,3,1.0043236891186362,0.9999999911073176,0.05026076314311434,0.0009035637374567863,0.9127170047987063
10.0,10197,matched_local_probe,pure,0,4,0.9806420256470072,0.9999982769522863,0.049564993386132565,0.0009627317823295318,0.9127170047987063
10.0,10197,matched_local_probe,pure,0,5,1.0096722070006972,0.9999999975377035,0.05046436782559758,0.0008900981486118342,0.9127170047987063
10.0,10197,matched_local_probe,pure,0,6,0.9646384730010062,0.999993468518459,0.04925632464296647,0.0010030398795309453,0.9127170047987063
10.0,10197,matched_local_probe,pure,0,7,0.9938293683349992,0.9999996066003687,0.04992779611624335,0.0009293920930536486,0.9127170047987063
10.0,10197,matched_local_probe,pure,1,0,0.6457872398958558,0.9961274621230967,0.054017315862400016,0.0019055754754034781,0.6055239032392046
10.0,10197,matched_local_probe,pure,1,1,1.0033126286569904,0.9999994581272831,0.05080179951444714,0.0009003505203614867,0.6055239032392046
10.0,10197,matched_local_probe,pure,1,2,1.0021133047871513,0.999999992032309,0.05031692548911317,0.0009080452169079887,0.6055239032392046
10.0,10197,matched_local_probe,pure,1,3,0.7756376604756079,0.9967988071082372,0.05293674164773105,0.0014369003515252033,0.6055239032392046
10.0,10197,matched_local_probe,pure,1,4,0.9270710643832125,0.9996776126958123,0.05110675692412992,0.001058730527620863,0.6055239032392046
10.0,10197,matched_local_probe,pure,1,5,0.972283254645671,0.9972636044944553,0.056006873290785186,0.0009128230577267074,0.6055239032392046
10.0,10197,matched_local_probe,pure,1,6,0.8178389925024258,0.9955714444753634,0.05619689493243481,0.0012414476244030077,0.6055239032392046
10.0,10197,matched_local_probe,pure,1,7,0.804463745233383,0.9988807864873058,0.048766068330491116,0.0014235290855180987,0.6055239032392046
10.0,10197,matched_local_probe,pure,2,0,1.0000471505583146,0.9999999999999967,0.05000245056036059,0.0009156512172020813,0.9994982089111817
10.0,10197,matched_local_probe,pure,2,1,1.0000169288836362,0.9999999999999997,0.05000081795295182,0.0009157358104106354,0.9994982089111817
10.0,10197,matched_local_probe,pure,2,2,0.9998726070084508,0.9999999999998943,0.049994084496922934,0.0009161259380399712,0.9994982089111817
10.0,10197,matched_local_probe,pure,2,3,1.0000104997104589,0.9999999999999998,0.050000549417011736,0.0009157527867933483,0.9994982089111817
10.0,10197,matched_local_probe,pure,2,4,1.0000252125666615,0.9999999999999997,0.0500012295582783,0.0009157130880728311,0.9994982089111817
10.0,10197,matched_local_probe,pure,2,5,1.0000317832194316,0.999999999999999,0.050001540582378115,0.0009156952702968798,0.9994982089111817
10.0,10197,matched_local_probe,pure,2,6,1.0000245514477384,1.0,0.050001219092468574,0.0009157146076415946,0.9994982089111817
10.0,10197,matched_local_probe,pure,2,7,1.0000298676937482,0.9999999999999993,0.050001451923004765,0.0009157004365006801,0.9994982089111817
10.0,10197,matched_local_probe,mixture,3,0,0.6716198815244977,0.9960592023758988,0.05328070958546049,0.0018000371659217642,0.6051909343652669
10.0,10197,matched_local_probe,mixture,3,1,1.00319427987383,0.9999994443034291,0.050777968202133365,0.0009008134957294443,0.6051909343652669
10.0,10197,matched_local_probe,mixture,3,2,1.0020231508252424,0.9999999676266629,0.05032997907576771,0.0009078474255918544,0.6051909343652669
10.0,10197,matched_local_probe,mixture,3,3,0.7934482644753819,0.997085829196188,0.05260797356632321,0.001386067406613811,0.6051909343652669
10.0,10197,matched_local_probe,mixture,3,4,0.9225359157184546,0.9996494119683749,0.05113595200352101,0.0010695210016087597,0.6051909343652669
10.0,10197,matched_local_probe,mixture,3,5,0.9635142273093039,0.9969001592424823,0.05643291891663303,0.0009240483627815389,0.6051909343652669
10.0,10197,matched_local_probe,mixture,3,6,0.805695429420675,0.9955919963849175,0.05682790515052436,0.0012699352286737156,0.6051909343652669
10.0,10197,matched_local_probe,mixture,3,7,0.8128500262514982,0.9989347633882304,0.048766879816939036,0.0013962015026264846,0.6051909343652669
10.0,10207,seed_relaxation,pure,0,-1,0.9999907611451636,1.0,1.8357895921041228e-06,3.362490234858582e-08,0.9999906866242918
10.0,10207,seed_relaxation,pure,1,-1,0.9999907611451636,1.0,1.8357895921041228e-06,3.3624902348585815e-08,0.9999906866242917
10.0,10207,seed_relaxation,pure,2,-1,0.9999585135962258,1.0,9.045088448277415e-06,1.6569406832086866e-07,0.9999589388459007
10.0,10207,seed_relaxation,mixture,3,-1,0.8749959685496791,0.9999985392512355,0.02678277627077747,0.0008246935102117926,0.8621994999229285
10.0,10207,matched_local_probe,pure,0,0,1.0000001959022837,1.0,0.050000009964502164,0.000915781404161669,0.9999906866242918
10.0,10207,matched_local_probe,pure,0,1,0.9999999467700199,1.0,0.04999999898299494,0.0009157820690338419,0.9999906866242918
10.0,10207,matched_local_probe,pure,0,2,0.9999991405560388,1.0,0.04999995581228819,0.0009157843215366096,0.9999906866242918
10.0,10207,matched_local_probe,pure,0,3,0.9999999105161194,1.0,0.04999999569010034,0.0009157821885041696,0.9999906866242918
10.0,10207,matched_local_probe,pure,0,4,1.0000003713491532,1.0,0.05000001867178728,0.0009157809230428634,0.9999906866242918
10.0,10207,matched_local_probe,pure,0,5,0.9999997342339632,1.0,0.04999998807339688,0.0009157826569418215,0.9999906866242918
10.0,10207,matched_local_probe,pure,0,6,0.9999993825394118,1.0,0.04999996718172778,0.0009157836660004078,0.9999906866242918
10.0,10207,matched_local_probe,pure,0,7,0.9999986791320543,1.0,0.04999993645065825,0.000915785540711627,0.9999906866242918
10.0,10207,matched_local_probe,pure,1,0,0.9999989753348567,1.0,0.049999951772082954,0.000915784719951456,0.9999906866242917
10.0,10207,matched_local_probe,pure,1,1,1.0000011208845225,1.0,0.05000005522915069,0.0009157788759502864,0.9999906866242917
10.0,10207,matched_local_probe,pure,1,2,1.000000158224809,1.0,0.050000008611395995,0.0009157815009058283,0.9999906866242917
10.0,10207,matched_local_probe,pure,1,3,1.0000007973843688,1.0,0.05000003812203257,0.0009157797770243957,0.9999906866242917
10.0,10207,matched_local_probe,pure,1,4,0.9999999635834201,1.0,0.04999999900408253,0.0009157820338461611,0.9999906866242917
10.0,10207,matched_local_probe,pure,1,5,0.9999994606694518,1.0,0.049999973060333776,0.0009157834261003554,0.9999906866242917
10.0,10207,matched_local_probe,pure,1,6,1.000000640743746,1.0,0.05000003331601072,0.000915780167745887,0.9999906866242917
10.0,10207,matched_local_probe,pure,1,7,0.9999991846966566,1.0,0.04999995655040056,0.0009157842191163333,0.9999906866242917
10.0,10207,matched_local_probe,pure,2,0,1.0000005175483657,1.0,0.050000024933455636,0.0009157805349389614,0.9999589388459007
10.0,10207,matched_local_probe,pure,2,1,1.0000063739879677,1.0,0.050000325506299265,0.0009157643458893929,0.9999589388459007
10.0,10207,matched_local_probe,pure,2,2,1.0000002801652599,1.0,0.050000010801672316,0.0009157812175029566,0.9999589388459007
10.0,10207,matched_local_probe,pure,2,3,1.000001883572653,1.0,0.05000009461838207,0.0009157767641758746,0.9999589388459007
10.0,10207,matched_local_probe,pure,2,4,0.9999967988731991,1.0,0.04999983560254857,0.0009157907953322241,0.9999589388459007
10.0,10207,matched_local_probe,pure,2,5,0.9999952436598817,1.0,0.0499997552338579,0.000915795101769198,0.9999589388459007
10.0,10207,matched_local_probe,pure,2,6,1.0000022238120778,1.0,0.05000011023746514,0.000915775847582241,0.9999589388459007
10.0,10207,matched_local_probe,pure,2,7,1.0000001473514022,1.0,0.05000001022608019,0.0009157815029767108,0.9999589388459007
10.0,10207,matched_local_probe,mixture,3,0,1.0015670146521543,0.999999998800521,0.050095028786070084,0.0009113106946100251,0.8621994999229285
10.0,10207,matched_local_probe,mixture,3,1,1.0176921403077106,0.9999997376837727,0.05106308280946357,0.0008656964629137223,0.8621994999229285
10.0,10207,matched_local_probe,mixture,3,2,0.9932737570926503,0.9999982520649613,0.05012412439742644,0.000928182208050439,0.8621994999229285
10.0,10207,matched_local_probe,mixture,3,3,1.0053795758867898,0.999999986925867,0.05032239195149028,0.0009003859373669289,0.8621994999229285
10.0,10207,matched_local_probe,mixture,3,4,0.9824951441420866,0.9999987512307492,0.04950525758269529,0.0009588817217643297,0.8621994999229285
10.0,10207,matched_local_probe,mixture,3,5,0.9752925314787982,0.9999979075225179,0.04926620645042109,0.0009776809981120078,0.8621994999229285
10.0,10207,matched_local_probe,mixture,3,6,1.0053042670073609,0.9999998978480135,0.05039460734790433,0.0008994641245642403,0.8621994999229285
10.0,10207,matched_local_probe,mixture,3,7,0.9917507457574546,0.9999977940365087,0.05007535352238086,0.0009316224189864596,0.8621994999229285
10.0,10211,seed_relaxation,pure,0,-1,0.9999412297897176,1.0,1.27863261889837e-05,2.342447941341046e-07,0.9999412282470806
10.0,10211,seed_relaxation,pure,1,-1,0.9999986175227812,0.9999999999999999,3.7028727122686524e-07,6.782086193459782e-09,0.9999982612238533
10.0,10211,seed_relaxation,pure,2,-1,0.9999412297897176,1.0,1.27863261889837e-05,2.342447941341046e-07,0.9999412282470806
10.0,10211,seed_relaxation,mixture,3,-1,0.9311864781162812,0.9999998961825081,0.03786048381159435,0.0009176570987856578,0.8144584680253388
10.0,10211,matched_local_probe,pure,0,0,1.0000018054066586,1.0,0.050000083548506526,0.0009157770736437714,0.9999412282470806
10.0,10211,matched_local_probe,pure,0,1,1.0000004871074444,1.0,0.0500000250992746,0.0009157805966784306,0.9999412282470806
10.0,10211,matched_local_probe,pure,0,2,0.9999867684172803,0.9999999999999996,0.04999930185220341,0.0009158187657696485,0.9999412282470806
10.0,10211,matched_local_probe,pure,0,3,1.0000022441195446,1.0,0.05000010977477873,0.000915775811253151,0.9999412282470806
10.0,10211,matched_local_probe,pure,0,4,1.0000031818376056,1.0,0.05000015966071535,0.0009157731971014774,0.9999412282470806
10.0,10211,matched_local_probe,pure,0,5,1.0000040346034669,1.0,0.05000019981781869,0.0009157708854592205,0.9999412282470806
10.0,10211,matched_local_probe,pure,0,6,1.0000089572128,0.9999999999999999,0.05000046545020051,0.0009157571114934215,0.9999412282470806
10.0,10211,matched_local_probe,pure,0,7,1.0000006054446253,1.0,0.05000002746162647,0.0009157803175815912,0.9999412282470806
10.0,10211,matched_local_probe,pure,1,0,1.0000000710730457,1.0,0.050000003265327324,0.0009157817531228671,0.9999982612238533
10.0,10211,matched_local_probe,pure,1,1,0.9999998115006316,1.0,0.04999999077707614,0.0009157824598862923,0.9999982612238533
10.0,10211,matched_local_probe,pure,1,2,0.9999998723351455,1.0,0.04999999327200114,0.0009157822997016298,0.9999982612238533
10.0,10211,matched_local_probe,pure,1,3,1.0000001718920755,1.0,0.050000008707683286,0.0009157814709130796,0.9999982612238533
10.0,10211,matched_local_probe,pure,1,4,1.000000099493072,1.0,0.05000000527904761,0.0009157816673177729,0.9999982612238533
10.0,10211,matched_local_probe,pure,1,5,1.0000001965437926,1.0,0.0500000098083922,0.0009157814048952091,0.9999982612238533
10.0,10211,matched_local_probe,pure,1,6,1.0000001258907631,1.0,0.05000000655677299,0.00091578159536073,0.9999982612238533
10.0,10211,matched_local_probe,pure,1,7,1.000000089712144,1.0,0.05000000449469576,0.0009157816980049829,0.9999982612238533
10.0,10211,matched_local_probe,pure,2,0,1.000001840613446,1.0,0.05000009956430953,0.0009157767912199286,0.9999412282470806
10.0,10211,matched_local_probe,pure,2,1,1.0000004835901524,1.0,0.050000023498659917,0.0009157806249084756,0.9999412282470806
10.0,10211,matched_local_probe,pure,2,2,0.999986941715887,0.9999999999999996,0.04999938063184734,0.0009158173763729887,0.9999412282470806
10.0,10211,matched_local_probe,pure,2,3,1.0000022566013125,1.0,0.0500001154542496,0.0009157757110913253,0.9999412282470806
10.0,10211,matched_local_probe,pure,2,4,1.0000031808693464,1.0,0.05000015922033041,0.0009157732048665085,0.9999412282470806
10.0,10211,matched_local_probe,pure,2,5,1.0000040446060132,1.0,0.05000020436879774,0.0009157708051961066,0.9999412282470806
10.0,10211,matched_local_probe,pure,2,6,1.0000088753476057,0.9999999999999999,0.05000042817638592,0.0009157577684961619,0.9999412282470806
10.0,10211,matched_local_probe,pure,2,7,1.0000006195033342,1.0,0.050000033828218056,0.0009157802051257221,0.9999412282470806
10.0,10211,matched_local_probe,mixture,3,0,0.9959387862832921,0.9999977607323892,0.050341614576651844,0.0009198523095398356,0.8144584680253388
10.0,10211,matched_local_probe,mixture,3,1,0.9994346522909892,0.9999998705404333,0.05008481701895713,0.0009156418299988096,0.8144584680253388
10.0,10211,matched_local_probe,mixture,3,2,0.9278907441554165,0.9999782660534324,0.04803141696663182,0.0011061134953464695,0.8144584680253388
10.0,10211,matched_local_probe,mixture,3,3,1.0039420696269414,0.9999997730091835,0.050390820310776324,0.0009024571944555195,0.8144584680253388
10.0,10211,matched_local_probe,mixture,3,4,1.0018630875717203,0.9999983124087959,0.05061907062281586,0.0009044838915713508,0.8144584680253388
10.0,10211,matched_local_probe,mixture,3,5,1.0094001721363004,0.999999730980411,0.05065243295275229,0.0008876437520200807,0.8144584680253388
10.0,10211,matched_local_probe,mixture,3,6,1.0212617343555952,0.9999984304282776,0.05154297975898134,0.0008529885839573278,0.8144584680253388
10.0,10211,matched_local_probe,mixture,3,7,0.9874079342190323,0.9999947151898184,0.050154938907039544,0.0009394859363827544,0.8144584680253388
10.0,10216,seed_relaxation,pure,0,-1,0.9999907611451636,1.0,1.8357895921041228e-06,3.362490234858582e-08,0.9999906866242909
10.0,10216,seed_relaxation,pure,1,-1,0.9999585135962256,1.0,9.045088448277415e-06,1.656940683208687e-07,0.9999589388459009
10.0,10216,seed_relaxation,pure,2,-1,0.9999907611451636,1.0,1.8357895921041228e-06,3.362490234858582e-08,0.9999906866242927
10.0,10216,seed_relaxation,mixture,3,-1,0.9036315780228705,0.9999995098895729,0.04233362220624651,0.0011531529719972314,0.7499416117170291
10.0,10216,matched_local_probe,pure,0,0,0.9999990243946925,1.0,0.04999995282981233,0.0009157846037109947,0.9999906866242909
10.0,10216,matched_local_probe,pure,0,1,0.9999998233999656,1.0,0.049999991270571635,0.0009157824284525317,0.9999906866242909
10.0,10216,matched_local_probe,pure,0,2,0.9999997930891891,1.0,0.049999989243030216,0.0009157825184767293,0.9999906866242909
10.0,10216,matched_local_probe,pure,0,3,1.0000009701697197,1.0,0.050000049599372695,0.0009157792653368041,0.9999906866242909
10.0,10216,matched_local_probe,pure,0,4,0.9999991986014444,1.0,0.04999996106549655,0.0009157841313749046,0.9999906866242909
10.0,10216,matched_local_probe,pure,0,5,0.9999984603989068,1.0,0.04999992669711641,0.0009157861257377875,0.9999906866242909
10.0,10216,matched_local_probe,pure,0,6,1.0000004776439952,1.0,0.050000023685578245,0.0009157806349302571,0.9999906866242909
10.0,10216,matched_local_probe,pure,0,7,1.0000005523811464,1.0,0.05000002770854593,0.0009157804258746744,0.9999906866242909
10.0,10216,matched_local_probe,pure,1,0,0.9999923349366983,0.9999999999999999,0.04999963284378014,0.0009158027908302833,0.9999589388459009
10.0,10216,matched_local_probe,pure,1,1,1.0000019783180731,1.0,0.050000097120712364,0.0009157765330076846,0.9999589388459009
10.0,10216,matched_local_probe,pure,1,2,0.9999996815521015,1.0,0.049999981740089024,0.0009157828505963842,0.9999589388459009
10.0,10216,matched_local_probe,pure,1,3,1.0000015137561262,1.0,0.05000007170337713,0.0009157778384797972,0.9999589388459009
10.0,10216,matched_local_probe,pure,1,4,0.9999941127229315,0.9999999999999999,0.049999720636829816,0.0009157979206659415,0.9999589388459009
10.0,10216,matched_local_probe,pure,1,5,0.9999896673402335,0.9999999999999997,0.04999951262648102,0.0009158099444914452,0.9999589388459009
10.0,10216,matched_local_probe,pure,1,6,1.0000022055397857,1.0,0.05000010929486216,0.0009157758981265839,0.9999589388459009
10.0,10216,matched_local_probe,pure,1,7,1.0000008702844765,1.0,0.05000004517553066,0.0009157795321954823,0.9999589388459009
10.0,10216,matched_local_probe,pure,2,0,0.9999987597709353,1.0,0.049999940334084635,0.0009157853210132406,0.9999906866242927
10.0,10216,matched_local_probe,pure,2,1,1.0000001946339845,1.0,0.05000000934461001,0.0009157814148997288,0.9999906866242927
10.0,10216,matched_local_probe,pure,2,2,1.0000005197864783,1.0,0.05000002630362245,0.0009157805126133187,0.9999906866242927
10.0,10216,matched_local_probe,pure,2,3,1.0000001349275924,1.0,0.05000000616597941,0.0009157815815441868,0.9999906866242927
10.0,10216,matched_local_probe,pure,2,4,0.9999993753030014,1.0,0.04999997117978261,0.0009157836290203641,0.9999906866242927
10.0,10216,matched_local_probe,pure,2,5,0.9999987291525123,1.0,0.04999993995682603,0.0009157853896467214,0.9999906866242927
10.0,10216,matched_local_probe,pure,2,6,1.0000000118126027,1.0,0.050000000765413694,0.0009157819098484222,0.9999906866242927
10.0,10216,matched_local_probe,pure,2,7,1.0000005360467206,1.0,0.050000028314093115,0.000915780452435466,0.9999906866242927
10.0,10216,matched_local_probe,mixture,3,0,0.9742641072689022,0.9999877335033182,0.049976626328910354,0.0009712096351662888,0.7499416117170291
10.0,10216,matched_local_probe,mixture,3,1,0.9453749916544477,0.9999379507975457,0.04957820830318264,0.001038024470165223,0.7499416117170291
10.0,10216,matched_local_probe,mixture,3,2,0.9994753324740924,0.9999962072652231,0.05058185828879048,0.0009083358811999238,0.7499416117170291
10.0,10216,matched_local_probe,mixture,3,3,1.009187876840883,0.9999977234167695,0.05092249599585761,0.0008841837629839753,0.7499416117170291
10.0,10216,matched_local_probe,mixture,3,4,0.982657321637567,0.999982949599716,0.0502845482059387,0.0009460444659997783,0.7499416117170291
10.0,10216,matched_local_probe,mixture,3,5,0.9809043062068034,0.9999918312120623,0.05007765456149293,0.0009546894666119236,0.7499416117170291
10.0,10216,matched_local_probe,mixture,3,6,0.9886121217442455,0.99999836249105,0.04990534015459254,0.0009401999217778113,0.7499416117170291
10.0,10216,matched_local_probe,mixture,3,7,1.0097767710093315,0.9999963296280007,0.05111137694390386,0.0008801488349314279,0.7499416117170291
10.0,10225,seed_relaxation,pure,0,-1,0.6818962091550084,0.9999152308839959,0.13416537439841814,0.010041458917987892,0.599662627180359
10.0,10225,seed_relaxation,pure,1,-1,0.6818962091550083,0.9999152308839959,0.13416537439841814,0.010041458917987892,0.5996626271803592
10.0,10225,seed_relaxation,pure,2,-1,0.9999183169585707,1.0,1.196165913732861e-05,2.1915702387807375e-07,0.9999184878818212
10.0,10225,seed_relaxation,mixture,3,-1,0.9054298748208369,0.9999996414230796,0.18970349271026699,0.0051181986549829195,0.5035435234882931
10.0,10225,matched_local_probe,pure,0,0,0.5984233809556739,0.9987358873419865,0.04778608873549356,0.0023450257013135703,0.599662627180359
10.0,10225,matched_local_probe,pure,0,1,1.000610049706114,0.99999998968392,0.05020076769706213,0.0009124445933056632,0.599662627180359
10.0,10225,matched_local_probe,pure,0,2,0.8457127883753129,0.9993700610041628,0.04837181693110786,0.001304810408321293,0.599662627180359
10.0,10225,matched_local_probe,pure,0,3,0.9936654276863646,0.9999983262984775,0.05045158862404109,0.0009235877024920179,0.599662627180359
10.0,10225,matched_local_probe,pure,0,4,0.903869083680066,0.99964855547459,0.04930000404590041,0.0011387353304465983,0.599662627180359
10.0,10225,matched_local_probe,pure,0,5,0.618937050822158,0.997061485490653,0.05131379466810075,0.002107496950768705,0.599662627180359
10.0,10225,matched_local_probe,pure,0,6,0.9654493745373652,0.9999699894950573,0.049674257778086095,0.0009911050638233686,0.599662627180359
10.0,10225,matched_local_probe,pure,0,7,0.9992734865987445,0.9999892017515624,0.051176291887369496,0.0009046585510927308,0.599662627180359
10.0,10225,matched_local_probe,pure,1,0,1.005886176563814,0.9999998744354226,0.05102204295824627,0.0008930280796580017,0.5996626271803592
10.0,10225,matched_local_probe,pure,1,1,0.7071853138497253,0.9982157957900609,0.049233606588864005,0.0017617204004462094,0.5996626271803592
10.0,10225,matched_local_probe,pure,1,2,0.9863530616146031,0.9999830643050257,0.05027137897992543,0.000941191731974546,0.5996626271803592
10.0,10225,matched_local_probe,pure,1,3,0.6079515686718576,0.9992843134560296,0.04469536847731777,0.002372193065171123,0.5996626271803592
10.0,10225,matched_local_probe,pure,1,4,0.8453500965311307,0.9992448776994807,0.048715418032510796,0.001301112599139241,0.5996626271803592
10.0,10225,matched_local_probe,pure,1,5,0.8851944128976413,0.998008407866508,0.0527671212027637,0.0011406597192623426,0.5996626271803592
10.0,10225,matched_local_probe,pure,1,6,0.6122016214433948,0.9990535569774429,0.045983242514215594,0.002298671661206803,0.5996626271803592
10.0,10225,matched_local_probe,pure,1,7,0.9398507486907711,0.9998618617623872,0.05050274222921782,0.0010368688108929737,0.5996626271803592
10.0,10225,matched_local_probe,pure,2,0,1.0000013000165582,0.9999999999999999,0.05000007818488571,0.00091577820527849,0.9999184878818212
10.0,10225,matched_local_probe,pure,2,1,0.9999955378803481,1.0,0.04999977876238952,0.0009157941806052548,0.9999184878818212
10.0,10225,matched_local_probe,pure,2,2,0.9999905984670421,0.9999999999999998,0.049999504267376926,0.0009158081038184463,0.9999184878818212
10.0,10225,matched_local_probe,pure,2,3,1.0000017334213924,1.0,0.05000009339859935,0.0009157770956650852,0.9999184878818212
10.0,10225,matched_local_probe,pure,2,4,1.0000001236300229,1.0,0.050000009193590406,0.0009157815662781594,0.9999184878818212
10.0,10225,matched_local_probe,pure,2,5,1.0000003880206676,1.0,0.050000024671323605,0.000915780810839495,0.9999184878818212
10.0,10225,matched_local_probe,pure,2,6,1.000000438744899,1.0,0.05000002502058249,0.0009157806994721473,0.9999184878818212
10.0,10225,matched_local_probe,pure,2,7,1.0000012506251985,1.0,0.050000061096989984,0.0009157785274929131,0.9999184878818212
10.0,10225,matched_local_probe,mixture,3,0,0.7173330222632479,0.9987253236259469,0.0483183651091065,0.001739470734378176,0.5035435234882931
10.0,10225,matched_local_probe,mixture,3,1,0.8112417111328328,0.9990254804016204,0.04912694618839819,0.0013967978614276432,0.5035435234882931
10.0,10225,matched_local_probe,mixture,3,2,0.8824114934380656,0.99950057283566,0.04884492635335198,0.0011989576771955527,0.5035435234882931
10.0,10225,matched_local_probe,mixture,3,3,0.7167843321522421,0.9990721961953644,0.04592420263402167,0.0017982463750396327,0.5035435234882931
10.0,10225,matched_local_probe,mixture,3,4,0.8316059843055125,0.9989049580712396,0.048334106940288384,0.0013365815234689358,0.5035435234882931
10.0,10225,matched_local_probe,mixture,3,5,0.7620819468604271,0.9993217818001473,0.05258025515123218,0.0015557737209493851,0.5035435234882931
10.0,10225,matched_local_probe,mixture,3,6,0.6760934373174265,0.9989122425282174,0.04602470133903194,0.0019666426088055817,0.5035435234882931
10.0,10225,matched_local_probe,mixture,3,7,0.9603825580949512,0.9998583714797135,0.05114747672981227,0.0009819872034657511,0.5035435234882931
10.0,10238,seed_relaxation,pure,0,-1,0.9999412297897178,1.0,1.2786326188983699e-05,2.342447941341046e-07,0.999941228247081
10.0,10238,seed_relaxation,pure,1,-1,0.9999986175227812,0.9999999999999999,3.7028727122686524e-07,6.782086193459782e-09,0.999998261223854
10.0,10238,seed_relaxation,pure,2,-1,0.9999412297897178,1.0,1.2786326188983699e-05,2.342447941341046e-07,0.999941228247081
10.0,10238,seed_relaxation,mixture,3,-1,0.9311864781162806,0.9999998961825081,0.037860483811594355,0.0009176570987856578,0.8144584680253395
10.0,10238,matched_local_probe,pure,0,0,1.0000022532994137,1.0,0.050000113908226056,0.0009157757379223684,0.999941228247081
10.0,10238,matched_local_probe,pure,0,1,1.0000028000550496,1.0,0.05000013877708525,0.0009157742680649075,0.999941228247081
10.0,10238,matched_local_probe,pure,0,2,1.0000019667141915,1.0,0.05000010926774653,0.0009157764012361482,0.999941228247081
10.0,10238,matched_local_probe,pure,0,3,1.0000010483574553,1.0,0.05000005863407906,0.0009157789846070182,0.999941228247081
10.0,10238,matched_local_probe,pure,0,4,0.9999963978904335,1.0,0.049999822172311637,0.0009157918108575371,0.999941228247081
10.0,10238,matched_local_probe,pure,0,5,0.9999944048796325,1.0,0.049999724108229206,0.0009157972666573134,0.999941228247081
10.0,10238,matched_local_probe,pure,0,6,0.9999929985677538,1.0,0.04999964394795669,0.0009158012589663516,0.999941228247081
10.0,10238,matched_local_probe,pure,0,7,1.0000001429893526,1.0,0.050000009372155645,0.0009157815232543113,0.999941228247081
10.0,10238,matched_local_probe,pure,1,0,0.9999999362449955,1.0,0.049999996861147686,0.0009157821191157572,0.999998261223854
10.0,10238,matched_local_probe,pure,1,1,1.0000002101256282,1.0,0.0500000105362053,0.0009157813669565709,0.999998261223854
10.0,10238,matched_local_probe,pure,1,2,1.000000174783328,1.0,0.050000008932043594,0.0009157814619281966,0.999998261223854
10.0,10238,matched_local_probe,pure,1,3,1.0000001107603287,1.0,0.05000000546686551,0.0009157816412566081,0.999998261223854
10.0,10238,matched_local_probe,pure,1,4,1.000000103235146,1.0,0.05000000476001087,0.0009157816662731067,0.999998261223854
10.0,10238,matched_local_probe,pure,1,5,0.9999999940333993,1.0,0.04999999990309017,0.000915781958375999,0.999998261223854
10.0,10238,matched_local_probe,pure,1,6,0.9999998965754852,1.0,0.04999999519852052,0.0009157822239549047,0.999998261223854
10.0,10238,matched_local_probe,pure,1,7,1.0000001279077682,1.0,0.05000000616262349,0.0009157815962709808,0.999998261223854
10.0,10238,matched_local_probe,pure,2,0,1.0000022474276662,1.0,0.0500001112374352,0.000915775785034705,0.999941228247081
10.0,10238,matched_local_probe,pure,2,1,1.0000028063927113,1.0,0.05000014165862653,0.0009157742172305527,0.999941228247081
10.0,10238,matched_local_probe,pure,2,2,1.000001915701289,1.0,0.05000008602691754,0.0009157768108111456,0.999941228247081
10.0,10238,matched_local_probe,pure,2,3,1.000001019515204,1.0,0.05000004548144384,0.0009157792163396466,0.999941228247081
10.0,10238,matched_local_probe,pure,2,4,0.9999963864534841,1.0,0.04999981697936543,0.0009157919025091592,0.999941228247081
10.0,10238,matched_local_probe,pure,2,5,0.999994387227008,1.0,0.04999971618755716,0.0009157974071955429,0.999941228247081
10.0,10238,matched_local_probe,pure,2,6,0.9999930300134716,1.0,0.04999965813310249,0.0009158010078090363,0.999941228247081
10.0,10238,matched_local_probe,pure,2,7,1.0000001328504724,1.0,0.05000000474169191,0.0009157816047934223,0.999941228247081
10.0,10238,matched_local_probe,mixture,3,0,1.004089023339424,0.9999997659755588,0.05037762950152694,0.0009020564365180028,0.8144584680253395
10.0,10238,matched_local_probe,mixture,3,1,1.0075260391953458,0.9999999723812639,0.05045530740168497,0.00089421419253317,0.8144584680253395
10.0,10238,matched_local_probe,mixture,3,2,0.9936821563931296,0.9999951599570293,0.050417827753286765,0.0009221961408742086,0.8144584680253395
10.0,10238,matched_local_probe,mixture,3,3,0.9868959092060453,0.9999920647093254,0.05024208489443839,0.0009385272976403621,0.8144584680253395
10.0,10238,matched_local_probe,mixture,3,4,0.9833745565513321,0.9999993905488255,0.04947136420448287,0.0009578577640349848,0.8144584680253395
10.0,10238,matched_local_probe,mixture,3,5,0.9538274111772962,0.9999771570692002,0.04932837085906236,0.0010239483813794677,0.8144584680253395
10.0,10238,matched_local_probe,mixture,3,6,0.9512607766716449,0.9999789321049237,0.049151573312360156,0.0010324254908720002,0.8144584680253395
10.0,10238,matched_local_probe,mixture,3,7,0.9923396841771969,0.999998217140097,0.05005951622258544,0.0009304590409632974,0.8144584680253395
10.0,10243,seed_relaxation,pure,0,-1,0.9999986175227812,0.9999999999999999,3.7028727122686524e-07,6.782086193459782e-09,0.9999982612238535
10.0,10243,seed_relaxation,pure,1,-1,0.9999412297897176,1.0,1.2786326188983699e-05,2.3424479413410457e-07,0.9999412282470809
10.0,10243,seed_relaxation,pure,2,-1,0.9999412297897176,1.0,1.2786326188983699e-05,2.3424479413410457e-07,0.9999412282470809
10.0,10243,seed_relaxation,mixture,3,-1,0.9311864781162812,0.9999998961825081,0.03786048381159435,0.0009176570987856578,0.8144584680253403
10.0,10243,matched_local_probe,pure,0,0,1.0000002285500083,1.0,0.050000011638232054,0.0009157813139702233,0.9999982612238535
10.0,10243,matched_local_probe,pure,0,1,1.0000002073502778,1.0,0.05000001042892177,0.0009157813741431492,0.9999982612238535
10.0,10243,matched_local_probe,pure,0,2,0.9999995919326581,1.0,0.04999997851344709,0.0009157830796045853,0.9999982612238535
10.0,10243,matched_local_probe,pure,0,3,1.0000001522061768,1.0,0.05000000761222595,0.000915781526408116,0.9999982612238535
10.0,10243,matched_local_probe,pure,0,4,0.9999997946467628,1.0,0.04999998867647254,0.0009157825224427493,0.9999982612238535
10.0,10243,matched_local_probe,pure,0,5,1.0000000954732222,1.0,0.05000000515680724,0.0009157816773459845,0.9999982612238535
10.0,10243,matched_local_probe,pure,0,6,0.9999997137275914,1.0,0.04999998620071734,0.0009157827243009832,0.9999982612238535
10.0,10243,matched_local_probe,pure,0,7,0.9999999920941746,1.0,0.04999999977901247,0.000915781964022945,0.9999982612238535
10.0,10243,matched_local_probe,pure,1,0,1.0000019005882808,1.0,0.0500000933884278,0.0009157767445179892,0.9999412282470809
10.0,10243,matched_local_probe,pure,1,1,1.000002981308086,1.0,0.05000015260646789,0.0009157737081949534,0.9999412282470809
10.0,10243,matched_local_probe,pure,1,2,0.9999881303057812,0.9999999999999997,0.04999943345328193,0.000915814199100832,0.9999412282470809
10.0,10243,matched_local_probe,pure,1,3,1.0000027138394922,1.0,0.050000139852603515,0.0009157744352206528,0.9999412282470809
10.0,10243,matched_local_probe,pure,1,4,0.9999989120826872,1.0,0.04999994830855812,0.0009157848980154824,0.9999412282470809
10.0,10243,matched_local_probe,pure,1,5,0.9999999273920478,1.0,0.04999999183190786,0.0009157822042019412,0.9999412282470809
10.0,10243,matched_local_probe,pure,1,6,0.9999889102932185,0.9999999999999998,0.04999946529965169,0.0009158121520903077,0.9999412282470809
10.0,10243,matched_local_probe,pure,1,7,0.9999968568701127,1.0,0.04999983785360278,0.0009157906441564243,0.9999412282470809
10.0,10243,matched_local_probe,pure,2,0,1.0000019089183676,1.0,0.05000009717629095,0.0009157766776945428,0.9999412282470809
10.0,10243,matched_local_probe,pure,2,1,1.0000029643739239,1.0,0.050000144903676304,0.0009157738440582079,0.9999412282470809
10.0,10243,matched_local_probe,pure,2,2,0.9999879921665443,0.9999999999999997,0.04999937071131292,0.0009158153061153332,0.9999412282470809
10.0,10243,matched_local_probe,pure,2,3,1.000002694485823,1.0,0.050000131029890475,0.0009157745907066243,0.9999412282470809
10.0,10243,matched_local_probe,pure,2,4,0.9999988986281328,1.0,0.04999994220023903,0.0009157850058289105,0.9999412282470809
10.0,10243,matched_local_probe,pure,2,5,0.999999951235472,1.0,0.05000000268353871,0.0009157820128642304,0.9999412282470809
10.0,10243,matched_local_probe,pure,2,6,0.9999888108525417,0.9999999999999999,0.04999942023636394,0.0009158129480670452,0.9999412282470809
10.0,10243,matched_local_probe,pure,2,7,0.9999968816921753,1.0,0.04999984906745083,0.0009157904459283726,0.9999412282470809
10.0,10243,matched_local_probe,mixture,3,0,1.0046960393790603,0.999999961856193,0.050302463502136206,0.0009020185425708755,0.8144584680253403
10.0,10243,matched_local_probe,mixture,3,1,1.0062560721240643,0.9999996873370548,0.050479387399290754,0.0008965819074828227,0.8144584680253403
10.0,10243,matched_local_probe,mixture,3,2,0.9303320505713023,0.9999762913123177,0.0482515268883282,0.0010965151008953402,0.8144584680253403
10.0,10243,matched_local_probe,mixture,3,3,0.9946614798719664,0.9999940227546322,0.05049660163694165,0.0009189835494932678,0.8144584680253403
10.0,10243,matched_local_probe,mixture,3,4,0.9900182855244216,0.9999989746369871,0.04986839889697418,0.0009384304243024897,0.8144584680253403
10.0,10243,matched_local_probe,mixture,3,5,0.9922076538080872,0.9999989368739596,0.0500571008006698,0.0009309296237729972,0.8144584680253403
10.0,10243,matched_local_probe,mixture,3,6,0.9302277614382277,0.9999688428469612,0.04848074508497884,0.00109168550270652,0.8144584680253403
10.0,10243,matched_local_probe,mixture,3,7,0.9632300005242318,0.999979433850043,0.049693729342355365,0.0009966884793930827,0.8144584680253403
10.0,10248,seed_relaxation,pure,0,-1,0.9999585135962256,1.0,9.045088448277415e-06,1.656940683208687e-07,0.9999589388459006
10.0,10248,seed_relaxation,pure,1,-1,0.9999907611451636,1.0,1.8357895921041228e-06,3.362490234858582e-08,0.9999906866242927
10.0,10248,seed_relaxation,pure,2,-1,0.9999907611451638,1.0,1.8357895921041228e-06,3.362490234858582e-08,0.9999906866242916
10.0,10248,seed_relaxation,mixture,3,-1,0.9036315780228706,0.9999995098895729,0.04233362220624651,0.001153152971997442,0.7499416117170284
10.0,10248,matched_local_probe,pure,0,0,1.000001444271053,1.0,0.050000069337574324,0.000915778014562392,0.9999589388459006
10.0,10248,matched_local_probe,pure,0,1,1.0000020050136296,1.0,0.050000093711613146,0.0009157765227301226,0.9999589388459006
10.0,10248,matched_local_probe,pure,0,2,0.999999811727862,1.0,0.049999990400459216,0.0009157824642543408,0.9999589388459006
10.0,10248,matched_local_probe,pure,0,3,1.000000847804875,1.0,0.050000040581663234,0.000915779639172425,0.9999589388459006
10.0,10248,matched_local_probe,pure,0,4,1.0000007540370428,1.0,0.05000003778966752,0.0009157798718909263,0.9999589388459006
10.0,10248,matched_local_probe,pure,0,5,1.0000013927158033,1.0,0.05000006892051125,0.0009157781277277634,0.9999589388459006
10.0,10248,matched_local_probe,pure,0,6,1.0000013633842375,1.0,0.050000070860586006,0.0009157781641557023,0.9999589388459006
10.0,10248,matched_local_probe,pure,0,7,0.9999989665023737,1.0,0.0499999491477157,0.0009157847731710569,0.9999589388459006
10.0,10248,matched_local_probe,pure,1,0,1.0000003660494314,1.0,0.05000001785348971,0.0009157809448339864,0.9999906866242927
10.0,10248,matched_local_probe,pure,1,1,1.0000006012368163,1.0,0.05000002830552934,0.0009157803159965498,0.9999906866242927
10.0,10248,matched_local_probe,pure,1,2,1.0000001305691066,1.0,0.05000000643503596,0.0009157815870955332,0.9999906866242927
10.0,10248,matched_local_probe,pure,1,3,1.0000003013103798,1.0,0.05000001463479834,0.0009157811224386145,0.9999906866242927
10.0,10248,matched_local_probe,pure,1,4,0.9999999919347381,1.0,0.0499999991244046,0.0009157819730875265,0.9999906866242927
10.0,10248,matched_local_probe,pure,1,5,1.0000002371747028,1.0,0.05000001201881878,0.0009157812909518329,0.9999906866242927
10.0,10248,matched_local_probe,pure,1,6,1.0000003815812444,1.0,0.05000001919802846,0.0009157808947494378,0.9999906866242927
10.0,10248,matched_local_probe,pure,1,7,1.000000108145803,1.0,0.05000000500933145,0.0009157816527215498,0.9999906866242927
10.0,10248,matched_local_probe,pure,2,0,1.000000320881789,1.0,0.05000001479520072,0.0009157810795534365,0.9999906866242916
10.0,10248,matched_local_probe,pure,2,1,1.0000000199110577,1.0,0.05000000013765677,0.0009157819012850825,0.9999906866242916
10.0,10248,matched_local_probe,pure,2,2,1.0000001845493465,1.0,0.05000000844697403,0.0009157814478835546,0.9999906866242916
10.0,10248,matched_local_probe,pure,2,3,1.000000311660445,1.0,0.050000013918754006,0.0009157811104185692,0.9999906866242916
10.0,10248,matched_local_probe,pure,2,4,0.9999992418594155,1.0,0.04999996092819907,0.000915784042739102,0.9999906866242916
10.0,10248,matched_local_probe,pure,2,5,1.000000689791466,1.0,0.05000003498316184,0.0009157800431625296,0.9999906866242916
10.0,10248,matched_local_probe,pure,2,6,1.0000008131992932,1.0,0.050000042677325704,0.0009157796844835512,0.9999906866242916
10.0,10248,matched_local_probe,pure,2,7,1.000000043750541,1.0,0.05000000198241778,0.0009157818271015476,0.9999906866242916
10.0,10248,matched_local_probe,mixture,3,0,0.9961915164737123,0.9999971864914116,0.05037365212011376,0.0009176468056252946,0.7499416117170284
10.0,10248,matched_local_probe,mixture,3,1,0.982886780896543,0.9999865349008689,0.05015590588781704,0.0009477459441511822,0.7499416117170284
10.0,10248,matched_local_probe,mixture,3,2,0.9973211104953452,0.9999961887461966,0.05048267170048451,0.0009138759477751492,0.7499416117170284
10.0,10248,matched_local_probe,mixture,3,3,0.9919149827977446,0.9999920882820258,0.05052536346021784,0.0009243680783475624,0.7499416117170284
10.0,10248,matched_local_probe,mixture,3,4,0.9154732014469442,0.9998957901759049,0.049128228070313425,0.0011159307207388271,0.7499416117170284
10.0,10248,matched_local_probe,mixture,3,5,1.0045124046002154,0.9999979871830056,0.05076330490430804,0.0008961246399002361,0.7499416117170284
10.0,10248,matched_local_probe,mixture,3,6,1.0106262035847366,0.999996848253903,0.05107222045100806,0.000879099956918983,0.7499416117170284
10.0,10248,matched_local_probe,mixture,3,7,0.9977735216690474,0.9999960122006535,0.05056426727620337,0.0009121958168644709,0.7499416117170284
10.0,10253,seed_relaxation,pure,0,-1,0.9999907611451634,1.0,1.8357895921041228e-06,3.3624902348585815e-08,0.9999906866242925
10.0,10253,seed_relaxation,pure,1,-1,0.9999585135962256,1.0,9.045088448277415e-06,1.656940683208687e-07,0.9999589388459
10.0,10253,seed_relaxation,pure,2,-1,0.9999907611451636,1.0,1.8357895921041228e-06,3.3624902348585815e-08,0.9999906866242918
10.0,10253,seed_relaxation,mixture,3,-1,0.9036315780228695,0.9999995098895729,0.04233362220624651,0.0011531529719974068,0.749941611717029
10.0,10253,matched_local_probe,pure,0,0,1.0000001655658848,1.0,0.050000007112498523,0.0009157815051712276,0.9999906866242925
10.0,10253,matched_local_probe,pure,0,1,1.0000007722806667,1.0,0.05000003822533739,0.0009157798280400195,0.9999906866242925
10.0,10253,matched_local_probe,pure,0,2,1.000000699690315,1.0,0.0500000346674511,0.0009157800264799089,0.9999906866242925
10.0,10253,matched_local_probe,pure,0,3,1.0000002061007316,1.0,0.05000001025810955,0.0009157813790171104,0.9999906866242925
10.0,10253,matched_local_probe,pure,0,4,0.999998462799088,1.0,0.04999991915188431,0.0009157862189616535,0.9999906866242925
10.0,10253,matched_local_probe,pure,0,5,1.0000005006930155,1.0,0.05000002649093728,0.0009157805502795856,0.9999906866242925
10.0,10253,matched_local_probe,pure,0,6,1.0000003427051056,1.0,0.05000001685839589,0.0009157810066915942,0.9999906866242925
10.0,10253,matched_local_probe,pure,0,7,1.000000045682376,1.0,0.050000001952430304,0.0009157818234541776,0.9999906866242925
10.0,10253,matched_local_probe,pure,1,0,1.0000002690054364,1.0,0.05000001310358788,0.0009157812100859799,0.9999589388459
10.0,10253,matched_local_probe,pure,1,1,1.0000019109146627,1.0,0.05000009738397873,0.0009157766708894719,0.9999589388459
10.0,10253,matched_local_probe,pure,1,2,1.000003087839347,1.0,0.050000154489420544,0.0009157734602170712,0.9999589388459
10.0,10253,matched_local_probe,pure,1,3,0.9999990126530791,1.0,0.04999995004341204,0.0009157846651277016,0.9999589388459
10.0,10253,matched_local_probe,pure,1,4,0.9999923628988624,0.9999999999999998,0.049999595151465445,0.0009158032213468929,0.9999589388459
10.0,10253,matched_local_probe,pure,1,5,0.999999892720767,1.0,0.049999998380810776,0.0009157821914263724,0.9999589388459
10.0,10253,matched_local_probe,pure,1,6,1.000001029720303,1.0,0.05000004977048367,0.0009157791381152298,0.9999589388459
10.0,10253,matched_local_probe,pure,1,7,1.000000228800919,1.0,0.050000009847924305,0.0009157813370079264,0.9999589388459
10.0,10253,matched_local_probe,pure,2,0,1.0000000782231122,1.0,0.050000003532326934,0.0009157817346635045,0.9999906866242918
10.0,10253,matched_local_probe,pure,2,1,0.9999997314247075,1.0,0.04999998616096066,0.0009157826877726376,0.9999906866242918
10.0,10253,matched_local_probe,pure,2,2,1.000000717574806,1.0,0.05000003584946623,0.0009157799735780562,0.9999906866242918
10.0,10253,matched_local_probe,pure,2,3,0.999999921657368,1.0,0.04999999515406209,0.0009157821721863716,0.9999906866242918
10.0,10253,matched_local_probe,pure,2,4,0.9999988335262101,1.0,0.04999993828305123,0.0009157851929520075,0.9999906866242918
10.0,10253,matched_local_probe,pure,2,5,1.0000002641946466,1.0,0.050000014561741135,0.0009157812013895097,0.9999906866242918
10.0,10253,matched_local_probe,pure,2,6,0.9999994757549828,1.0,0.049999975020996394,0.0009157833685686653,0.9999906866242918
10.0,10253,matched_local_probe,pure,2,7,1.0000003080009576,1.0,0.05000001526804933,0.0009157811001608987,0.9999906866242918
10.0,10253,matched_local_probe,mixture,3,0,0.9822420856161939,0.9999874382619909,0.05036301496346122,0.0009477927467406384,0.749941611717029
10.0,10253,matched_local_probe,mixture,3,1,0.9631020649104604,0.999956238629765,0.05012057333702849,0.0009900609051010447,0.749941611717029
10.0,10253,matched_local_probe,mixture,3,2,1.0114359660282117,0.999999844082857,0.050698924686561876,0.0008830965757679993,0.749941611717029
10.0,10253,matched_local_probe,mixture,3,3,0.993167228263125,0.9999912610776986,0.05053395769512465,0.0009215630014782193,0.749941611717029
10.0,10253,matched_local_probe,mixture,3,4,0.9365431803628373,0.9999234663191634,0.04946079941252753,0.0010592268893162705,0.749941611717029
10.0,10253,matched_local_probe,mixture,3,5,1.0092742458996125,0.9999974218520302,0.05107589295445378,0.0008823643549843913,0.749941611717029
10.0,10253,matched_local_probe,mixture,3,6,0.9554858891262555,0.999962989147471,0.04966824727009226,0.0010148809034566345,0.749941611717029
10.0,10253,matched_local_probe,mixture,3,7,0.9936505350220424,0.9999946677012899,0.050402243116542046,0.0009225134656620762,0.749941611717029
